Date,Open,High,Low,Close,Volume
2003-10-06,1.6469,1.7251,1.6317,1.7142,3068800.0
2003-10-07,1.699,1.8022,1.699,1.7642,3391200.0
2003-10-08,1.775,1.775,1.7153,1.7479,3191200.0
2003-10-09,1.7273,1.7479,1.6936,1.6936,1222400.0
2003-10-10,1.6936,1.7305,1.6448,1.6741,2668000.0
2003-10-13,1.6806,1.6806,1.6556,1.6621,1512000.0
2003-10-14,1.6686,1.8076,1.6621,1.7696,2140000.0
2003-10-15,1.7707,1.8369,1.737,1.7381,784800.0
2003-10-16,1.7522,1.7642,1.737,1.7479,386400.0
2003-10-17,1.7381,1.7435,1.7208,1.7208,1601600.0
2003-10-20,1.7349,1.7392,1.711,1.7316,1348000.0
2003-10-21,1.7251,1.7349,1.7218,1.7316,884800.0
2003-10-22,1.737,1.737,1.7153,1.7197,710400.0
2003-10-23,1.711,1.711,1.6665,1.6828,918400.0
2003-10-24,1.6784,1.737,1.6784,1.7294,1616000.0
2003-10-27,1.737,1.8022,1.7099,1.737,799200.0
2003-10-28,1.7805,1.8022,1.7023,1.7186,1618400.0
2003-10-29,1.7121,1.7609,1.699,1.7479,1645600.0
2003-10-30,1.7479,1.8391,1.737,1.8065,1060000.0
2003-10-31,1.8076,1.8793,1.8022,1.8782,1458400.0
2003-11-03,1.8782,1.9401,1.8532,1.901,762400.0
2003-11-04,1.9227,1.9227,1.8456,1.8706,804000.0
2003-11-05,1.8445,1.851,1.813,1.8456,64800.0
2003-11-06,1.8434,1.8456,1.8087,1.8326,384000.0
2003-11-07,1.8456,1.8456,1.8141,1.8456,218400.0
2003-11-10,1.8109,1.8565,1.8109,1.8402,494400.0
2003-11-11,1.8185,1.8456,1.8185,1.8456,916000.0
2003-11-12,1.8239,1.8662,1.813,1.8445,598400.0
2003-11-13,1.813,1.8456,1.8033,1.8043,120800.0
2003-11-14,1.8033,1.8239,1.8033,1.8174,1995200.0
2003-11-17,1.8185,1.8293,1.7805,1.7815,1855200.0
2003-11-18,1.7815,1.7913,1.7696,1.7696,97600.0
2003-11-19,1.7663,1.8065,1.7587,1.7913,354400.0
2003-11-20,1.7913,1.8022,1.7642,1.7859,862400.0
2003-11-21,1.7642,1.8022,1.7587,1.8022,199200.0
2003-11-24,1.8022,1.813,1.7805,1.813,208000.0
2003-11-25,1.8239,1.8673,1.7913,1.8185,309600.0
2003-11-26,1.8326,1.9487,1.813,1.9325,590400.0
2003-11-28,1.9325,1.9379,1.889,1.9216,41600.0
2003-12-01,1.9433,1.9542,1.8999,1.9542,233600.0
2003-12-02,1.8999,1.9542,1.8999,1.9162,300000.0
2003-12-03,1.9335,1.9379,1.901,1.9368,182400.0
2003-12-04,1.9325,1.9509,1.927,1.9509,1028800.0
2003-12-05,1.927,1.9759,1.927,1.9281,403200.0
2003-12-08,1.9487,1.9487,1.8347,1.8347,228000.0
2003-12-09,1.9053,1.9053,1.6969,1.7425,550400.0
2003-12-10,1.7435,1.787,1.737,1.7696,119200.0
2003-12-11,1.7642,1.8608,1.737,1.8347,249600.0
2003-12-12,1.8662,1.889,1.8228,1.8825,837600.0
2003-12-15,1.825,1.9216,1.825,1.8727,245600.0
2003-12-16,1.8738,1.9325,1.8738,1.9183,208000.0
2003-12-17,1.8782,1.9639,1.8782,1.9542,199200.0
2003-12-18,1.9596,1.9596,1.9346,1.9542,40800.0
2003-12-19,1.9183,1.9542,1.9183,1.9542,520000.0
2003-12-22,1.901,1.9596,1.901,1.9542,76800.0
2003-12-23,1.9542,1.9813,1.9498,1.9802,197600.0
2003-12-24,1.9867,1.9867,1.9498,1.9813,73600.0
2003-12-26,1.9759,1.9813,1.9759,1.9813,3200.0
2003-12-29,1.9487,1.9856,1.9487,1.9813,222400.0
2003-12-30,1.9509,2.0084,1.9411,1.9411,602400.0
2003-12-31,1.9553,1.9704,1.9249,1.9487,360000.0
2004-01-02,1.9227,1.9542,1.914,1.9238,138400.0
2004-01-05,1.9704,1.9704,1.9107,1.9281,204000.0
2004-01-06,1.9021,1.9813,1.9021,1.9281,244800.0
2004-01-07,1.9542,1.9542,1.9325,1.9487,1112000.0
2004-01-08,1.9325,1.9509,1.889,1.9466,1521600.0
2004-01-09,1.9542,1.9596,1.9401,1.9466,216800.0
2004-01-12,1.9162,1.9542,1.9129,1.9433,1169600.0
2004-01-13,1.889,1.9487,1.8793,1.9162,859200.0
2004-01-14,1.9335,1.9422,1.8999,1.9162,1736800.0
2004-01-15,1.9368,1.9661,1.9216,1.9661,144000.0
2004-01-16,1.9661,2.0074,1.9466,1.9954,255200.0
2004-01-20,1.977,2.0454,1.9737,2.0454,292000.0
2004-01-21,2.0562,2.218,1.9694,2.1474,244000.0
2004-01-22,2.1496,2.1496,2.1105,2.1442,159200.0
2004-01-23,2.1496,2.1604,2.0779,2.1268,515200.0
2004-01-26,2.1366,2.1713,2.1192,2.1344,1143200.0
2004-01-27,2.1604,2.1604,2.003,2.0649,233600.0
2004-01-28,2.0899,2.0899,2.0497,2.0627,429600.0
2004-01-29,2.0616,2.066,2.0302,2.0323,172000.0
2004-01-30,2.041,2.041,1.9943,2.028,285600.0
2004-02-02,2.0356,2.0356,2.0084,2.0356,482400.0
2004-02-03,2.0356,2.0356,1.9867,1.9965,475200.0
2004-02-04,2.0334,2.0356,1.9422,1.9639,988800.0
2004-02-05,1.9976,1.9987,1.9433,1.9433,391200.0
2004-02-06,1.9422,1.9531,1.8456,1.8565,1800000.0
2004-02-09,1.9097,1.9314,1.8749,1.889,797600.0
2004-02-10,1.927,1.9542,1.8999,1.9422,271200.0
2004-02-11,1.8999,1.9466,1.8999,1.9205,132000.0
2004-02-12,1.9053,1.9509,1.8999,1.9401,270400.0
2004-02-13,1.9401,1.9509,1.9107,1.9477,120000.0
2004-02-17,1.9107,1.9455,1.9107,1.9107,81600.0
2004-02-18,1.9433,1.9444,1.9162,1.9433,88000.0
2004-02-19,1.9433,1.9433,1.9097,1.9118,636000.0
2004-02-20,1.889,1.9542,1.889,1.9216,174400.0
2004-02-23,1.8999,1.9325,1.8782,1.901,848800.0
2004-02-24,1.914,1.914,1.8836,1.914,112000.0
2004-02-25,1.9053,2.1746,1.9053,2.155,397600.0
2004-02-26,2.1604,2.1604,2.0106,2.0692,333600.0
2004-02-27,2.0627,2.1094,2.0182,2.041,863200.0
2004-03-01,2.0193,2.0758,1.9965,1.9965,327200.0
2004-03-02,2.0573,2.0627,1.9487,1.9487,242400.0
2004-03-03,1.9466,2.0084,1.9433,1.9824,296800.0
2004-03-04,2.0084,2.0084,1.9813,2.0074,132800.0
2004-03-05,1.9976,2.0084,1.9932,1.9932,438400.0
2004-03-08,2.003,2.003,1.965,1.9856,132000.0
2004-03-09,1.9976,1.9976,1.9791,1.9867,612800.0
2004-03-10,1.9759,1.9867,1.9325,1.9867,27200.0
2004-03-11,1.9911,1.9922,1.9498,1.9867,146400.0
2004-03-12,1.9922,1.9922,1.9542,1.9802,37600.0
2004-03-15,1.9563,1.9802,1.8999,1.9075,295200.0
2004-03-16,1.9379,1.9542,1.8727,1.8727,416800.0
2004-03-17,1.876,1.9444,1.8749,1.9042,495200.0
2004-03-18,1.8727,1.8955,1.8532,1.8771,401600.0
2004-03-19,1.8565,1.8565,1.8239,1.8402,103200.0
2004-03-22,1.8217,1.8304,1.7805,1.825,887200.0
2004-03-23,1.8293,1.8565,1.813,1.8423,876800.0
2004-03-24,1.7967,1.889,1.7967,1.8662,708800.0
2004-03-25,1.8945,1.8945,1.8315,1.8717,228000.0
2004-03-26,1.8575,1.8847,1.7881,1.7935,2520000.0
2004-03-29,1.7805,1.8109,1.7674,1.7924,526400.0
2004-03-30,1.7674,1.8673,1.7587,1.8456,1917600.0
2004-03-31,1.8456,1.8999,1.8239,1.8999,2280800.0
2004-04-01,1.8999,1.9509,1.8749,1.9107,642400.0
2004-04-02,1.9346,1.9433,1.9183,1.927,162400.0
2004-04-05,1.9531,1.9531,1.9107,1.9325,196800.0
2004-04-06,1.9107,1.9259,1.8966,1.9238,564800.0
2004-04-07,1.9216,1.9487,1.901,1.9379,492800.0
2004-04-08,1.9379,1.9542,1.9259,1.9325,544800.0
2004-04-12,1.9259,1.939,1.8673,1.927,982400.0
2004-04-13,1.927,1.9487,1.9107,1.9346,402400.0
2004-04-14,1.9346,1.9542,1.9227,1.9542,630400.0
2004-04-15,1.9531,1.9542,1.9346,1.9542,148000.0
2004-04-16,1.9346,1.9542,1.9325,1.9542,260000.0
2004-04-19,1.9194,2.0084,1.9194,2.0052,432000.0
2004-04-20,2.0052,2.0084,1.9672,2.0084,201600.0
2004-04-21,2.0084,2.0084,1.9715,1.9846,114400.0
2004-04-22,1.9748,1.9748,1.9444,1.9683,186400.0
2004-04-23,1.9607,1.9661,1.8749,1.9542,279200.0
2004-04-26,1.9259,1.9542,1.8988,1.9542,178400.0
2004-04-27,1.9531,1.9542,1.889,1.9314,76800.0
2004-04-28,1.8901,1.9433,1.889,1.9433,126400.0
2004-04-29,1.9433,1.9618,1.8901,1.8901,505600.0
2004-04-30,1.8977,1.9335,1.8369,1.9281,525600.0
2004-05-03,1.9097,1.9542,1.8879,1.9542,116000.0
2004-05-04,1.927,1.9401,1.9053,1.927,597600.0
2004-05-05,1.9542,1.9867,1.9216,1.952,555200.0
2004-05-06,1.952,1.965,1.9183,1.9325,1284800.0
2004-05-07,1.9585,1.9813,1.927,1.9748,1226400.0
2004-05-10,1.9542,1.9704,1.9325,1.9661,1436000.0
2004-05-11,1.9368,1.9813,1.9368,1.9813,1440000.0
2004-05-12,1.9444,1.9759,1.9411,1.9704,902400.0
2004-05-13,1.9433,1.9802,1.9433,1.9715,1196000.0
2004-05-14,1.9694,1.9813,1.9574,1.9672,137600.0
2004-05-17,1.9433,1.9618,1.9433,1.9531,89600.0
2004-05-18,1.9628,1.965,1.9401,1.9542,144800.0
2004-05-19,1.9433,1.9542,1.9433,1.9455,205600.0
2004-05-20,1.9466,1.965,1.927,1.927,1951200.0
2004-05-21,1.965,1.965,1.9118,1.9259,158400.0
2004-05-24,1.9259,1.9553,1.9107,1.9379,256800.0
2004-05-25,1.9542,1.9542,1.9335,1.9531,156800.0
2004-05-26,1.9379,1.9759,1.9379,1.9759,666400.0
2004-05-27,1.9759,1.9813,1.9585,1.9813,194400.0
2004-05-28,1.9813,2.0736,1.9791,2.0084,753600.0
2004-06-01,2.0519,2.0519,1.977,2.016,158400.0
2004-06-02,1.9846,2.0204,1.9672,2.0106,211200.0
2004-06-03,1.9943,2.0139,1.9704,2.0052,304800.0
2004-06-04,2.0128,2.0193,1.9813,2.0193,110400.0
2004-06-07,2.0193,2.0247,1.9672,2.0247,465600.0
2004-06-08,1.9661,2.0345,1.9661,2.0291,482400.0
2004-06-09,2.0302,2.0497,1.9813,2.0074,1204800.0
2004-06-10,2.015,2.015,1.977,2.0008,330400.0
2004-06-14,2.0084,2.0084,1.9542,2.0084,188000.0
2004-06-15,1.977,2.0084,1.977,2.0084,395200.0
2004-06-16,2.0084,2.0139,2.003,2.0084,953600.0
2004-06-17,1.9759,2.0182,1.9759,2.0182,1493600.0
2004-06-18,2.0084,2.0204,2.0084,2.0171,337600.0
2004-06-21,2.0128,2.0139,1.9976,2.0074,238400.0
2004-06-22,2.0171,2.1333,2.016,2.1192,1612800.0
2004-06-23,2.0627,2.1897,2.0627,2.1897,1256800.0
2004-06-24,2.193,2.193,2.1051,2.1561,1101600.0
2004-06-25,2.1311,2.1713,1.8673,2.1333,7465600.0
2004-06-28,2.1463,2.1604,2.0899,2.0899,547200.0
2004-06-29,2.1311,2.1322,2.0834,2.1007,881600.0
2004-06-30,2.1062,2.1062,2.0106,2.0193,484000.0
2004-07-01,2.0519,2.0519,1.9259,1.965,664800.0
2004-07-02,1.9846,2.0074,1.9607,1.9965,256000.0
2004-07-06,2.0193,2.0768,2.0084,2.0519,1627200.0
2004-07-07,2.0356,2.0627,2.0356,2.0595,515200.0
2004-07-08,2.0356,2.0692,2.0356,2.0692,607200.0
2004-07-09,2.0443,2.0475,1.9759,1.9987,244800.0
2004-07-12,1.9813,2.0302,1.9813,2.0291,299200.0
2004-07-13,2.016,2.041,1.9998,2.0291,662400.0
2004-07-14,1.9987,2.0095,1.9813,1.9813,498400.0
2004-07-15,1.978,2.0258,1.9726,1.9943,722400.0
2004-07-16,1.9856,1.9922,1.9672,1.9683,328800.0
2004-07-19,1.9704,2.0095,1.9704,1.9954,192000.0
2004-07-20,2.0084,2.0106,1.9683,2.0084,1772800.0
2004-07-21,2.0302,2.0302,1.8999,1.965,1550400.0
2004-07-22,1.9509,1.9759,1.9216,1.9487,968000.0
2004-07-23,1.9249,1.9379,1.7913,1.8499,1681600.0
2004-07-26,1.8456,1.8597,1.8293,1.8456,531200.0
2004-07-27,1.8467,1.8706,1.8195,1.8543,488800.0
2004-07-28,1.8456,1.8673,1.8456,1.8565,363200.0
2004-07-29,1.8521,1.8673,1.7967,1.8673,1346400.0
2004-07-30,1.8478,1.9357,1.8456,1.9292,2440800.0
2004-08-02,1.8847,1.9129,1.8413,1.9031,663200.0
2004-08-03,1.8793,1.8869,1.838,1.8478,384800.0
2004-08-04,1.8456,1.977,1.8423,1.9466,425600.0
2004-08-05,1.9053,1.9455,1.8185,1.9107,586400.0
2004-08-06,1.8185,1.9672,1.813,1.8565,412800.0
2004-08-09,1.8749,1.876,1.8119,1.863,654400.0
2004-08-10,1.8413,1.9433,1.8413,1.9433,799200.0
2004-08-11,1.9281,1.9726,1.8499,1.9553,1952000.0
2004-08-12,1.9314,1.9824,1.8879,1.8988,384000.0
2004-08-13,1.9759,1.9867,1.889,1.9205,205600.0
2004-08-16,1.9867,2.0204,1.9075,1.9802,906400.0
2004-08-17,2.0084,2.0084,1.9162,1.9639,435200.0
2004-08-18,1.889,1.9856,1.8413,1.9856,318400.0
2004-08-19,1.9238,1.9878,1.9086,1.9542,116000.0
2004-08-20,1.9661,2.0454,1.9335,2.0312,193600.0
2004-08-23,2.0421,2.0562,1.9824,1.99,174400.0
2004-08-24,2.0356,2.0356,1.9563,1.9835,162400.0
2004-08-25,1.9596,1.9824,1.9335,1.9813,159200.0
2004-08-26,1.9542,1.9954,1.9542,1.9694,163200.0
2004-08-27,1.9368,1.9813,1.9368,1.9422,75200.0
2004-08-30,1.939,1.9704,1.9303,1.9314,75200.0
2004-08-31,1.9542,1.9802,1.8934,1.9802,168000.0
2004-09-01,1.9542,2.0627,1.9129,1.9227,636000.0
2004-09-02,1.9563,1.965,1.889,1.9466,168000.0
2004-09-03,1.9824,1.9824,1.8912,1.9238,584000.0
2004-09-07,1.9107,1.965,1.9107,1.9531,778400.0
2004-09-08,1.9531,2.0084,1.9107,1.9368,224800.0
2004-09-09,1.9531,2.003,1.9422,2.003,139200.0
2004-09-10,1.9173,1.9911,1.9162,1.9542,236800.0
2004-09-13,1.9672,1.9932,1.9487,1.9585,110400.0
2004-09-14,1.9346,1.9639,1.9346,1.9455,140800.0
2004-09-15,1.9487,1.965,1.9433,1.965,125600.0
2004-09-16,2.0084,2.0269,1.9661,2.0084,196800.0
2004-09-17,1.9835,1.9943,1.8999,1.9216,861600.0
2004-09-20,1.9064,1.9542,1.9021,1.9238,75200.0
2004-09-21,1.9813,1.9965,1.9216,1.9683,96000.0
2004-09-22,1.9227,1.9433,1.9107,1.927,312800.0
2004-09-23,1.927,1.9509,1.9053,1.9086,92800.0
2004-09-24,1.9129,2.0106,1.9107,1.9346,221600.0
2004-09-27,1.9129,1.927,1.9107,1.9118,220000.0
2004-09-28,1.927,1.9759,1.9107,1.9759,100000.0
2004-09-29,1.9368,2.0063,1.9368,1.99,82400.0
2004-09-30,1.99,2.003,1.9553,1.9835,144800.0
2004-10-01,2.003,2.0573,1.9694,2.0573,382400.0
2004-10-04,2.0682,2.0682,1.9227,1.9542,458400.0
2004-10-05,2.0193,2.0193,1.9444,1.977,1280000.0
2004-10-06,2.0052,2.0052,1.9542,1.9704,116800.0
2004-10-07,1.9477,1.9965,1.9368,1.9563,301600.0
2004-10-08,1.9563,1.9563,1.9216,1.9238,172000.0
2004-10-11,1.9259,1.9455,1.9086,1.9227,464000.0
2004-10-12,1.9357,1.9357,1.8869,1.9021,294400.0
2004-10-13,1.9563,1.9585,1.8814,1.8999,152000.0
2004-10-14,1.8814,1.889,1.8608,1.8738,141600.0
2004-10-15,1.8239,1.8239,1.5774,1.6306,5864000.0
2004-10-18,1.6209,1.6209,1.5004,1.5894,1537600.0
2004-10-19,1.6176,1.635,1.597,1.6122,566400.0
2004-10-20,1.5872,1.6393,1.5698,1.5948,3731200.0
2004-10-21,1.5753,1.597,1.5492,1.5601,423200.0
2004-10-22,1.5644,1.5644,1.5058,1.5199,664800.0
2004-10-25,1.4993,1.5058,1.4417,1.4711,2257600.0
2004-10-26,1.4656,1.4895,1.4645,1.4754,617600.0
2004-10-27,1.4971,1.4993,1.4678,1.4765,1344000.0
2004-10-28,1.4906,1.6828,1.4895,1.6524,3040000.0
2004-10-29,1.7587,1.7859,1.6925,1.7772,660000.0
2004-11-01,1.7913,1.7913,1.6925,1.7045,288000.0
2004-11-02,1.6947,1.7305,1.6697,1.6914,700800.0
2004-11-03,1.737,1.7609,1.6285,1.6665,911200.0
2004-11-04,1.661,1.737,1.6285,1.7056,1023200.0
2004-11-05,1.7034,1.8575,1.699,1.8369,467200.0
2004-11-08,1.8575,1.8641,1.7381,1.8369,640800.0
2004-11-09,1.8727,1.978,1.8282,1.9379,988800.0
2004-11-10,1.952,1.965,1.8934,1.927,696000.0
2004-11-11,1.9075,1.9129,1.8467,1.9075,568000.0
2004-11-12,1.9433,1.9542,1.8651,1.9542,483200.0
2004-11-15,1.9618,1.9618,1.9031,1.9368,398400.0
2004-11-16,1.9021,1.9249,1.8619,1.8619,122400.0
2004-11-17,1.9259,1.9259,1.8456,1.8456,650400.0
2004-11-18,1.9042,1.9042,1.8423,1.8836,229600.0
2004-11-19,1.8977,1.9162,1.8293,1.8619,315200.0
2004-11-22,1.8771,1.9107,1.8532,1.8977,396800.0
2004-11-23,1.914,1.9216,1.889,1.9162,1263200.0
2004-11-24,1.9183,1.927,1.9053,1.9205,1566400.0
2004-11-26,1.9281,1.9357,1.8999,1.927,92800.0
2004-11-29,1.8999,1.9542,1.8999,1.9303,436800.0
2004-11-30,1.952,1.952,1.8782,1.9477,577600.0
2004-12-01,1.9509,2.0269,1.9422,2.0269,3266400.0
2004-12-02,2.0345,2.0508,2.015,2.0378,451200.0
2004-12-03,2.0432,2.0432,1.9477,1.9715,356800.0
2004-12-06,1.9433,2.0388,1.9433,2.0388,944800.0
2004-12-07,2.0334,2.0627,1.9867,2.0399,889600.0
2004-12-08,2.0584,2.0888,2.0367,2.0888,880000.0
2004-12-09,2.0519,2.1062,2.0519,2.104,513600.0
2004-12-10,2.1072,2.117,2.0551,2.117,487200.0
2004-12-13,2.117,2.1659,2.0986,2.1659,340800.0
2004-12-14,2.1072,2.2712,2.1072,2.1973,1430400.0
2004-12-15,2.2147,2.2223,2.18,2.1897,354400.0
2004-12-16,2.1919,2.1919,2.1192,2.1518,398400.0
2004-12-17,2.1192,2.1898,2.1062,2.1756,799200.0
2004-12-20,2.1713,2.1897,2.1062,2.1344,847200.0
2004-12-21,2.1594,2.1735,2.1235,2.1691,652000.0
2004-12-22,2.117,2.1724,2.117,2.1713,303200.0
2004-12-23,2.1713,2.1713,2.1376,2.167,336800.0
2004-12-27,2.1832,2.1832,2.1018,2.1387,344000.0
2004-12-28,2.1387,2.1822,2.1257,2.1822,478400.0
2004-12-29,2.117,2.1789,2.117,2.1767,125600.0
2004-12-30,2.1713,2.1713,2.1539,2.1713,175200.0
2004-12-31,2.1398,2.1822,2.1235,2.1789,340000.0
2005-01-03,2.1822,2.1822,2.1094,2.1496,422400.0
2005-01-04,2.1822,2.1822,2.0497,2.0627,738400.0
2005-01-05,2.041,2.0627,1.952,1.9704,810400.0
2005-01-06,2.0084,2.0084,1.9574,1.9661,288800.0
2005-01-07,2.0193,2.0193,1.9726,1.9748,549600.0
2005-01-10,1.965,1.9704,1.952,1.9553,161600.0
2005-01-11,1.9976,1.9976,1.9183,1.9183,538400.0
2005-01-12,1.9183,1.9922,1.9053,1.927,425600.0
2005-01-13,1.9802,1.9802,1.8793,1.8803,176800.0
2005-01-14,1.8782,1.9596,1.8782,1.9574,645600.0
2005-01-18,1.9542,1.9867,1.9542,1.9618,264000.0
2005-01-19,1.9856,1.9856,1.9173,1.9401,167200.0
2005-01-20,1.9129,1.9542,1.8858,1.8869,772000.0
2005-01-21,1.8999,1.8999,1.8402,1.851,520000.0
2005-01-24,1.8337,1.8575,1.813,1.8141,453600.0
2005-01-25,1.8456,1.8456,1.8022,1.8109,222400.0
2005-01-26,1.8369,1.8369,1.8152,1.8239,242400.0
2005-01-27,1.8022,1.8358,1.8022,1.8282,884000.0
2005-01-28,1.8185,1.8261,1.7913,1.813,287200.0
2005-01-31,1.7967,1.8347,1.7967,1.8163,694400.0
2005-02-01,1.8239,1.8489,1.8033,1.8489,1269600.0
2005-02-02,1.825,1.9216,1.825,1.9162,211200.0
2005-02-03,1.8565,1.8966,1.8478,1.8608,188800.0
2005-02-04,1.8489,1.9259,1.8489,1.9259,115200.0
2005-02-07,1.9401,1.9498,1.9173,1.9487,225600.0
2005-02-08,1.9238,1.978,1.9238,1.978,312800.0
2005-02-09,1.9183,1.9694,1.8901,1.8901,247200.0
2005-02-10,1.914,1.9498,1.8489,1.9335,207200.0
2005-02-11,1.8901,1.9998,1.8803,1.9694,340800.0
2005-02-14,1.99,1.99,1.9357,1.9563,134400.0
2005-02-15,1.9802,1.9987,1.9618,1.9726,219200.0
2005-02-16,1.9542,1.9965,1.9542,1.9835,404800.0
2005-02-17,1.9791,1.9976,1.9509,1.9759,537600.0
2005-02-18,1.9922,1.9922,1.8869,1.9075,169600.0
2005-02-22,1.8782,1.8955,1.8456,1.8543,388000.0
2005-02-23,1.9075,1.9607,1.863,1.8977,174400.0
2005-02-24,1.8966,1.9824,1.8499,1.9433,317600.0
2005-02-25,1.9357,2.0084,1.8999,2.0084,331200.0
2005-02-28,1.9694,1.9965,1.9183,1.9704,227200.0
2005-03-01,1.9943,1.9965,1.9444,1.9889,440000.0
2005-03-02,1.9379,1.9759,1.9379,1.9574,411200.0
2005-03-03,1.9737,1.9759,1.9509,1.9542,354400.0
2005-03-04,1.9628,2.0627,1.9563,2.0616,788800.0
2005-03-07,2.0616,2.1789,2.0323,2.1376,1085600.0
2005-03-08,2.1507,2.1691,2.1072,2.1072,560000.0
2005-03-09,2.1062,2.1062,2.041,2.0606,226400.0
2005-03-10,2.0302,2.0714,2.0302,2.0714,236800.0
2005-03-11,2.066,2.1062,2.066,2.0779,352000.0
2005-03-14,2.0953,2.1062,2.0725,2.0964,446400.0
2005-03-15,2.1083,2.13,2.079,2.092,244000.0
2005-03-16,2.0736,2.1387,2.0736,2.1257,355200.0
2005-03-17,2.091,2.1822,2.091,2.1822,612800.0
2005-03-18,2.1908,2.1908,2.1442,2.1637,1048800.0
2005-03-21,2.1485,2.1756,2.1442,2.1756,401600.0
2005-03-22,2.1735,2.1746,2.1333,2.1431,857600.0
2005-03-23,2.1442,2.1724,2.1442,2.1604,230400.0
2005-03-24,2.1713,2.1735,2.1387,2.1387,248800.0
2005-03-28,2.129,2.1496,2.0747,2.0975,290400.0
2005-03-29,2.1127,2.1355,2.0823,2.117,341600.0
2005-03-30,2.079,2.1626,2.079,2.1322,264000.0
2005-03-31,2.1615,2.1887,2.117,2.1789,631200.0
2005-04-01,2.1876,2.1876,2.1366,2.1507,359200.0
2005-04-04,2.129,2.1746,2.1279,2.1637,554400.0
2005-04-05,2.1691,2.1984,2.1496,2.1984,560800.0
2005-04-06,2.2093,2.2907,2.2093,2.2853,696800.0
2005-04-07,2.2864,2.2907,2.2451,2.2657,268800.0
2005-04-08,2.2386,2.2723,2.2125,2.2592,335200.0
2005-04-11,2.2592,2.269,2.1832,2.2419,469600.0
2005-04-12,2.2191,2.2853,2.1811,2.2799,363200.0
2005-04-13,2.2571,2.2809,2.1919,2.1919,158400.0
2005-04-14,2.1919,2.1919,2.0736,2.0736,428800.0
2005-04-15,2.0877,2.1246,2.0606,2.092,389600.0
2005-04-18,2.1051,2.129,2.0627,2.117,345600.0
2005-04-19,2.1431,2.1876,2.1029,2.117,242400.0
2005-04-20,2.0986,2.1507,2.0855,2.1138,473600.0
2005-04-21,2.117,2.1984,2.1029,2.1713,449600.0
2005-04-22,2.1626,2.1876,2.1192,2.1713,706400.0
2005-04-25,2.1822,2.1876,2.1474,2.1572,188000.0
2005-04-26,2.1659,2.1702,2.0627,2.0725,204000.0
2005-04-27,2.0519,2.1387,2.0519,2.1018,88800.0
2005-04-28,2.2147,2.2451,2.0996,2.1713,2392800.0
2005-04-29,2.1713,2.1952,2.168,2.1865,1212800.0
2005-05-02,2.2028,2.5296,2.1941,2.4666,4977600.0
2005-05-03,2.5078,2.5176,2.4318,2.5024,2120000.0
2005-05-04,2.4894,2.5513,2.4894,2.5448,890400.0
2005-05-05,2.5241,2.5589,2.3645,2.3645,1763200.0
2005-05-06,2.4101,2.4101,2.3407,2.3884,719200.0
2005-05-09,2.4058,2.4362,2.3613,2.4318,1469600.0
2005-05-10,2.4047,2.4926,2.396,2.4807,1140000.0
2005-05-11,2.4807,2.4807,2.3591,2.4384,534400.0
2005-05-12,2.4774,2.497,2.4449,2.4785,689600.0
2005-05-13,2.4742,2.497,2.3667,2.4156,361600.0
2005-05-16,2.3971,2.4807,2.3971,2.4557,461600.0
2005-05-17,2.4677,2.4698,2.4047,2.4514,737600.0
2005-05-18,2.4622,2.5513,2.4525,2.51,1620000.0
2005-05-19,2.5133,2.5133,2.4232,2.4916,920800.0
2005-05-20,2.4861,2.5893,2.484,2.5665,1795200.0
2005-05-23,2.6056,2.7119,2.5686,2.6761,3088000.0
2005-05-24,2.687,2.6924,2.5947,2.6012,3004800.0
2005-05-25,2.6088,2.6381,2.5838,2.6218,949600.0
2005-05-26,2.6132,2.763,2.6132,2.7608,2176800.0
2005-05-27,2.7684,2.7684,2.6924,2.7033,1190400.0
2005-05-31,2.6967,2.7326,2.6555,2.6946,1095200.0
2005-06-01,2.7011,2.7228,2.6815,2.7065,1205600.0
2005-06-02,2.7065,2.7347,2.6566,2.6685,1311200.0
2005-06-03,2.6392,2.6772,2.6294,2.662,664800.0
2005-06-06,2.6577,2.7738,2.6381,2.7662,1420000.0
2005-06-07,2.7684,2.7793,2.687,2.7033,1856800.0
2005-06-08,2.6826,2.7662,2.6826,2.7434,539200.0
2005-06-09,2.7434,2.852,2.7141,2.8411,7818400.0
2005-06-10,2.8531,2.9388,2.8477,2.9117,3468800.0
2005-06-13,2.9312,2.9595,2.8781,2.9247,2381600.0
2005-06-14,2.9388,2.9388,2.8585,2.915,857600.0
2005-06-15,2.9008,2.9323,2.8661,2.9312,1668000.0
2005-06-16,2.9258,3.0463,2.9258,3.0398,1644000.0
2005-06-17,3.03,3.0452,2.9551,2.9975,918400.0
2005-06-20,2.991,3.0181,2.9475,3.017,488800.0
2005-06-21,3.0181,3.0181,2.9334,2.9573,671200.0
2005-06-22,2.9497,2.991,2.9497,2.9562,1082400.0
2005-06-23,2.9996,2.9996,2.7467,2.8401,990400.0
2005-06-24,2.8542,2.9584,2.801,2.8998,1709600.0
2005-06-27,2.8932,2.9269,2.8042,2.9106,722400.0
2005-06-28,2.9074,2.9584,2.8715,2.9562,573600.0
2005-06-29,2.9551,2.9627,2.9334,2.9475,745600.0
2005-06-30,2.9258,2.9627,2.9095,2.9475,494400.0
2005-07-01,2.9312,2.9312,2.801,2.8846,486400.0
2005-07-05,2.8987,2.9855,2.8802,2.9855,721600.0
2005-07-06,3.0018,3.029,2.9486,2.9627,804800.0
2005-07-07,2.9291,3.0398,2.915,2.9964,677600.0
2005-07-08,3.0366,3.0398,2.9323,3.0181,707200.0
2005-07-11,3.0398,3.0887,3.0366,3.0887,1485600.0
2005-07-12,3.0995,3.106,3.0507,3.0854,1368800.0
2005-07-13,3.093,3.093,3.0409,3.0626,466400.0
2005-07-14,3.0778,3.0811,2.9844,3.0072,421600.0
2005-07-15,2.9747,2.9866,2.9475,2.9725,890400.0
2005-07-18,2.9844,2.9844,2.8227,2.8466,1208800.0
2005-07-19,2.8466,2.9519,2.8466,2.9367,725600.0
2005-07-20,2.9074,3.0268,2.8824,2.991,575200.0
2005-07-21,2.9931,3.0214,2.8509,2.9747,473600.0
2005-07-22,2.9844,3.0311,2.8726,3.0018,669600.0
2005-07-25,3.0561,3.1809,3.0539,3.1212,4975200.0
2005-07-26,3.2027,3.2059,3.1267,3.1321,2232000.0
2005-07-27,3.2179,3.2179,3.0442,3.1484,2099200.0
2005-07-28,3.2298,3.3112,3.2157,3.2928,2976000.0
2005-07-29,3.3655,3.4035,3.2928,3.3438,2428800.0
2005-08-01,3.3546,3.3916,3.3481,3.3655,2899200.0
2005-08-02,3.384,3.46,3.3134,3.4524,1388000.0
2005-08-03,3.4198,3.4491,3.3709,3.4154,819200.0
2005-08-04,3.4002,3.4002,3.2363,3.3025,1258400.0
2005-08-05,3.2819,3.3091,3.2526,3.2928,1224800.0
2005-08-08,3.3253,3.3557,3.2754,3.3362,869600.0
2005-08-09,3.3568,3.3568,3.2743,3.3091,714400.0
2005-08-10,3.321,3.3655,3.0138,3.0366,2339200.0
2005-08-11,3.0138,3.1907,3.0072,3.1755,1200800.0
2005-08-12,3.1755,3.2483,3.1462,3.2309,798400.0
2005-08-15,3.1994,3.3308,3.1712,3.3308,748000.0
2005-08-16,3.3329,3.3405,3.2841,3.3297,1302400.0
2005-08-17,3.3232,3.3807,3.3177,3.359,714400.0
2005-08-18,3.3546,3.3568,3.1755,3.2873,1729600.0
2005-08-19,3.2873,3.3177,3.2504,3.2873,334400.0
2005-08-22,3.3199,3.3601,3.2797,3.3449,784000.0
2005-08-23,3.346,3.4035,3.3156,3.384,861600.0
2005-08-24,3.3633,3.4035,3.3297,3.384,1883200.0
2005-08-25,3.3829,3.5066,3.3731,3.4741,2968000.0
2005-08-26,3.4904,3.4904,3.3264,3.3601,745600.0
2005-08-29,3.3351,3.3557,3.1799,3.3384,1503200.0
2005-08-30,3.347,3.4458,3.2754,3.3742,745600.0
2005-08-31,3.3492,3.4632,3.3047,3.3959,1186400.0
2005-09-01,3.4187,3.46,3.232,3.2569,1375200.0
2005-09-02,3.2276,3.2287,2.9616,3.0463,2955200.0
2005-09-06,3.0333,3.1647,3.0333,3.144,1290400.0
2005-09-07,3.1288,3.2776,3.1288,3.2678,1362400.0
2005-09-08,3.2352,3.2711,3.1831,3.2591,669600.0
2005-09-09,3.2407,3.2721,3.2222,3.2439,1223200.0
2005-09-12,3.245,3.3091,3.2255,3.2939,1108800.0
2005-09-13,3.2743,3.3004,3.2417,3.2689,500800.0
2005-09-14,3.2776,3.2895,3.1918,3.1972,608800.0
2005-09-15,3.1983,3.2504,3.1212,3.1267,1010400.0
2005-09-16,3.1516,3.2189,3.1136,3.2113,1021600.0
2005-09-19,3.2027,3.2027,3.1158,3.1766,626400.0
2005-09-20,3.1766,3.1766,2.9953,3.0561,1076000.0
2005-09-21,3.0311,3.0398,2.8574,2.9736,1679200.0
2005-09-22,2.9464,3.0398,2.9052,3.0322,545600.0
2005-09-23,2.9888,3.1028,2.9888,3.0561,364800.0
2005-09-26,3.0713,3.0713,3.0235,3.0485,821600.0
2005-09-27,3.0398,3.169,3.029,3.144,1163200.0
2005-09-28,3.1484,3.1777,3.105,3.1647,1328000.0
2005-09-29,3.2569,3.3579,3.2569,3.3297,9631200.0
2005-09-30,3.321,3.3243,3.2678,3.2787,3404000.0
2005-10-03,3.2732,3.3373,3.2569,3.2624,1294400.0
2005-10-04,3.2667,3.3036,3.2504,3.2873,1565600.0
2005-10-05,3.3058,3.3058,3.1961,3.1983,1466400.0
2005-10-06,3.2211,3.2819,3.1397,3.1755,1149600.0
2005-10-07,3.207,3.3112,3.1918,3.3112,925600.0
2005-10-10,3.3123,3.3123,3.1918,3.2363,1782400.0
2005-10-11,3.2461,3.2461,3.0952,3.1592,4702400.0
2005-10-12,3.1516,3.1918,3.1212,3.1668,3604800.0
2005-10-13,3.1831,3.2352,3.1484,3.1712,2207200.0
2005-10-14,3.1875,3.2124,3.131,3.1788,620800.0
2005-10-17,3.1571,3.207,3.1321,3.1571,941600.0
2005-10-18,3.1364,3.1614,3.1136,3.131,1127200.0
2005-10-19,3.1158,3.1429,3.0746,3.1147,2264000.0
2005-10-20,3.1071,3.1875,3.1071,3.1429,2453600.0
2005-10-21,3.1505,3.1657,3.118,3.1419,875200.0
2005-10-24,3.1516,3.2113,3.1484,3.2027,1056000.0
2005-10-25,3.2124,3.27,3.1657,3.2157,989600.0
2005-10-26,3.2309,3.2645,3.1972,3.2298,920800.0
2005-10-27,3.2374,3.2374,3.0615,3.0746,1604800.0
2005-10-28,3.068,3.2179,3.0398,3.1136,2004000.0
2005-10-31,3.1212,3.3167,3.1212,3.2895,2068000.0
2005-11-01,3.2895,3.2895,3.207,3.2428,1036000.0
2005-11-02,3.2374,3.3395,3.2287,3.3058,960800.0
2005-11-03,3.3275,3.4426,3.2895,3.308,1005600.0
2005-11-04,3.3058,3.3275,3.2027,3.3275,594400.0
2005-11-07,3.3536,3.4849,3.2244,3.4773,720800.0
2005-11-08,3.4849,3.4871,3.423,3.4415,1412000.0
2005-11-09,3.4415,3.5555,3.4252,3.5403,1644000.0
2005-11-10,3.5555,3.6532,3.5175,3.6434,1923200.0
2005-11-11,3.6141,3.7075,3.5544,3.6011,1141600.0
2005-11-14,3.6793,3.6793,3.5577,3.5891,1654400.0
2005-11-15,3.5913,3.6065,3.4708,3.4947,1307200.0
2005-11-16,3.5197,3.5262,3.3926,3.5142,1191200.0
2005-11-17,3.5273,3.5881,3.4871,3.5772,763200.0
2005-11-18,3.5946,3.6554,3.5783,3.6402,1223200.0
2005-11-21,3.6369,3.7878,3.4795,3.777,1651200.0
2005-11-22,3.5316,3.6565,3.5316,3.6195,4044000.0
2005-11-23,3.6141,3.6586,3.5978,3.6391,1410400.0
2005-11-25,3.6521,3.663,3.613,3.613,463200.0
2005-11-28,3.5403,3.6261,3.5403,3.6033,4195200.0
2005-11-29,3.6174,3.6543,3.5012,3.5349,848800.0
2005-11-30,3.4914,3.5848,3.4882,3.5381,2140000.0
2005-12-01,3.5881,3.6586,3.5468,3.6445,1480800.0
2005-12-02,3.6597,3.714,3.5761,3.6988,698400.0
2005-12-05,3.6478,3.7238,3.6076,3.714,899200.0
2005-12-06,3.7553,3.8486,3.7118,3.7976,1051200.0
2005-12-07,3.8519,3.8519,3.7618,3.7933,754400.0
2005-12-08,3.7759,3.8671,3.7759,3.841,981600.0
2005-12-09,3.866,3.8703,3.8095,3.8236,1089600.0
2005-12-12,3.8443,3.8443,3.7477,3.7781,944000.0
2005-12-13,3.7965,3.8019,3.714,3.7781,665600.0
2005-12-14,3.6575,3.7335,3.5935,3.7183,1476000.0
2005-12-15,3.6912,3.6945,3.5729,3.6369,1352000.0
2005-12-16,3.6641,3.7781,3.6641,3.7596,1984800.0
2005-12-19,3.7683,3.7683,3.6912,3.7031,739200.0
2005-12-20,3.7249,3.7813,3.7021,3.7477,766400.0
2005-12-21,3.7563,3.7781,3.6966,3.7259,687200.0
2005-12-22,3.765,3.7867,3.6966,3.7683,1035200.0
2005-12-23,3.7509,3.8269,3.7509,3.7965,471200.0
2005-12-27,3.8258,3.8356,3.7835,3.7878,723200.0
2005-12-28,3.815,3.8204,3.7748,3.7846,670400.0
2005-12-29,3.8008,3.8106,3.7694,3.7759,498400.0
2005-12-30,3.7998,3.7998,3.7042,3.7585,588800.0
2006-01-03,3.7998,4.1374,3.7867,4.1135,5488000.0
2006-01-04,4.1027,4.2449,4.0929,4.1276,2886400.0
2006-01-05,4.1472,4.2666,4.0994,4.2123,4345600.0
2006-01-06,4.2123,4.3426,4.2123,4.3426,2441600.0
2006-01-09,4.3697,4.5326,4.3676,4.4077,3186400.0
2006-01-10,4.4436,4.4436,4.183,4.2308,2746400.0
2006-01-11,4.2937,4.3545,4.1797,4.3545,1232000.0
2006-01-12,4.3719,4.373,4.2297,4.234,920800.0
2006-01-13,4.2579,4.2872,4.1852,4.2123,896800.0
2006-01-17,4.2883,4.2883,4.0212,4.1645,589600.0
2006-01-18,4.0907,4.1884,4.0864,4.1537,530400.0
2006-01-19,4.1906,4.3382,4.1797,4.2774,736000.0
2006-01-20,4.31,4.3165,4.0755,4.1255,818000.0
2006-01-23,4.1624,4.2384,4.0972,4.2232,1382800.0
2006-01-24,4.3969,4.4512,4.2666,4.3969,3009600.0
2006-01-25,4.3838,4.4946,4.3534,4.4859,905600.0
2006-01-26,4.5054,4.6335,4.4403,4.5727,1542800.0
2006-01-27,4.5641,4.7768,4.5619,4.7551,1903600.0
2006-01-30,4.7768,4.9397,4.7095,4.905,16826400.0
2006-01-31,4.9223,5.0113,4.8116,4.8832,3815200.0
2006-02-01,4.8789,4.8789,4.6683,4.7877,2286400.0
2006-02-02,4.6987,4.7834,4.5641,4.6639,2039600.0
2006-02-03,4.6487,4.6487,4.5597,4.6249,1070400.0
2006-02-06,4.6227,4.6922,4.5597,4.614,1074400.0
2006-02-07,4.6227,4.6661,4.3686,4.4968,3427600.0
2006-02-08,4.5271,4.5271,4.4403,4.4946,886400.0
2006-02-09,4.5206,4.6314,4.4512,4.4729,918800.0
2006-02-10,4.4837,4.4924,4.3621,4.4881,1346400.0
2006-02-13,4.4859,4.5597,4.4512,4.4859,628000.0
2006-02-14,4.5054,4.6031,4.4273,4.5423,1249200.0
2006-02-15,4.5684,4.6118,4.4729,4.538,1224400.0
2006-02-16,4.5467,4.6574,4.5423,4.6531,1078800.0
2006-02-17,4.6705,4.7399,4.6162,4.7139,649200.0
2006-02-21,4.7334,4.766,4.6661,4.7095,762400.0
2006-02-22,4.7052,4.7768,4.6466,4.7269,1144000.0
2006-02-23,4.7052,4.7573,4.6422,4.7182,631600.0
2006-02-24,4.7334,4.7464,4.6357,4.7464,901600.0
2006-02-27,4.7703,4.8594,4.6661,4.8203,1009200.0
2006-02-28,4.8485,4.8485,4.7682,4.7812,1068000.0
2006-03-01,4.8224,4.8224,4.5901,4.7356,1744800.0
2006-03-02,4.994,4.9961,4.7421,4.8854,2289600.0
2006-03-03,4.6031,4.6553,4.0473,4.3882,5652000.0
2006-03-06,4.3947,4.5597,4.3643,4.5445,2405600.0
2006-03-07,4.5575,4.627,4.4664,4.5966,1222400.0
2006-03-08,4.5597,4.6205,4.4512,4.5814,919600.0
2006-03-09,4.5641,4.6292,4.5206,4.5923,882800.0
2006-03-10,4.5597,4.6422,4.4837,4.6401,802000.0
2006-03-13,4.6748,4.766,4.6227,4.677,1352000.0
2006-03-14,4.6835,4.8398,4.677,4.8051,1242800.0
2006-03-15,4.8029,4.8311,4.7334,4.7573,1607200.0
2006-03-16,4.8094,4.8094,4.6943,4.7226,765200.0
2006-03-17,4.7464,4.7464,4.4598,4.6097,2410800.0
2006-03-20,4.5771,4.6292,4.5706,4.6249,780000.0
2006-03-21,4.6357,4.6357,4.4446,4.4946,1902000.0
2006-03-22,4.4664,4.5054,4.3643,4.3969,1162800.0
2006-03-23,4.399,4.4316,4.3665,4.4316,962400.0
2006-03-24,4.4142,4.4924,4.3773,4.449,1397200.0
2006-03-27,4.4338,4.5271,4.3708,4.4924,880000.0
2006-03-28,4.4989,4.5358,4.3686,4.3773,465200.0
2006-03-29,4.386,4.4555,4.2796,4.4034,1263200.0
2006-03-30,4.3817,4.436,4.3361,4.3578,820400.0
2006-03-31,4.36,4.5423,4.3426,4.5185,1202400.0
2006-04-03,4.5445,4.5597,4.3426,4.3643,1153600.0
2006-04-04,4.3426,4.4512,4.3382,4.3838,656800.0
2006-04-05,4.3817,4.4642,4.3534,4.4512,431200.0
2006-04-06,4.475,4.475,4.3469,4.3925,703600.0
2006-04-07,4.399,4.4403,4.3252,4.3404,627600.0
2006-04-10,4.3252,4.449,4.2536,4.386,944800.0
2006-04-11,4.3643,4.4208,4.3187,4.3578,828000.0
2006-04-12,4.3404,4.3643,4.2796,4.3643,748400.0
2006-04-13,4.3621,4.4425,4.3209,4.3491,507600.0
2006-04-17,4.3361,4.3838,4.3187,4.3643,981200.0
2006-04-18,4.3187,4.6661,4.3144,4.6661,1002000.0
2006-04-19,4.6813,4.8007,4.6205,4.7986,1049200.0
2006-04-20,4.8203,4.855,4.6683,4.7486,620000.0
2006-04-21,4.7399,4.8159,4.6466,4.677,877600.0
2006-04-24,4.6444,4.6661,4.4902,4.5988,838800.0
2006-04-25,4.5814,4.627,4.4946,4.5597,603600.0
2006-04-26,4.5402,4.5988,4.4251,4.5814,838400.0
2006-04-27,4.5163,4.7161,4.3904,4.4251,1458000.0
2006-04-28,4.6379,4.6791,4.5228,4.5684,3126000.0
2006-05-01,4.5532,4.7747,4.5532,4.6444,2248400.0
2006-05-02,4.6705,4.6705,4.436,4.5402,1375600.0
2006-05-03,4.5206,4.6705,4.4642,4.6509,921600.0
2006-05-04,4.6379,5.1329,4.6183,4.9961,2583200.0
2006-05-05,5.0222,5.0808,4.9506,4.9809,1484800.0
2006-05-08,4.9831,5.0483,4.9484,5.02,1249200.0
2006-05-09,5.0374,5.0374,4.8138,4.9506,911600.0
2006-05-10,4.9245,4.9614,4.8528,4.8854,1367200.0
2006-05-11,4.9006,4.9006,4.7356,4.7986,1724800.0
2006-05-12,4.7747,4.8376,4.766,4.8203,1106000.0
2006-05-15,4.7747,4.905,4.7551,4.855,1638000.0
2006-05-16,4.8854,4.9723,4.8268,4.8832,1643600.0
2006-05-17,4.8333,4.8832,4.7768,4.7768,1589600.0
2006-05-18,4.8094,4.9354,4.7812,4.7986,2690800.0
2006-05-19,4.8224,4.9723,4.7616,4.8507,3013200.0
2006-05-22,4.8724,4.918,4.5684,4.7095,1998000.0
2006-05-23,4.7421,4.8507,4.5076,4.5337,1498800.0
2006-05-24,4.5119,4.5879,4.386,4.5033,1160000.0
2006-05-25,4.5597,4.614,4.4142,4.4881,1068000.0
2006-05-26,4.5358,4.538,4.3556,4.4294,926000.0
2006-05-30,4.4229,4.4316,4.284,4.2926,1255200.0
2006-05-31,4.3144,4.3708,4.1949,4.2449,2897200.0
2006-06-01,4.2471,4.2905,4.1797,4.2644,1255200.0
2006-06-02,4.2992,4.399,4.297,4.386,1376400.0
2006-06-05,4.3491,4.4077,4.3078,4.3252,1380800.0
2006-06-06,4.3252,4.3947,4.2905,4.3752,1647600.0
2006-06-07,4.3686,4.4902,4.3426,4.4533,1489600.0
2006-06-08,4.4512,4.4816,4.3382,4.4533,1518800.0
2006-06-09,4.4555,4.4772,4.4121,4.4577,1140800.0
2006-06-12,4.4512,4.462,4.4186,4.4512,1306000.0
2006-06-13,4.4294,4.436,4.3165,4.386,2643200.0
2006-06-14,4.3752,4.3969,4.2774,4.3382,1360400.0
2006-06-15,4.3665,4.4077,4.3274,4.3773,1906000.0
2006-06-16,4.3773,4.3969,4.3339,4.3448,2627200.0
2006-06-19,4.3448,4.3665,4.1711,4.1928,1499600.0
2006-06-20,4.2145,4.2145,4.0972,4.0994,1299200.0
2006-06-21,4.0929,4.1689,4.0929,4.1189,1220800.0
2006-06-22,4.1255,4.1255,4.0647,4.1168,1772800.0
2006-06-23,4.0907,4.1298,4.0343,4.0712,968800.0
2006-06-26,4.1016,4.1341,3.9908,4.0343,782800.0
2006-06-27,4.0234,4.0668,3.8866,3.904,2030400.0
2006-06-28,3.93,3.9496,3.8736,3.8844,1767600.0
2006-06-29,3.9496,4.1732,3.9366,4.132,2325600.0
2006-06-30,4.1645,4.1928,4.0516,4.1255,4734000.0
2006-07-03,4.1037,4.2774,4.1037,4.2753,641600.0
2006-07-05,4.2319,4.2601,4.0473,4.0755,644800.0
2006-07-06,4.0755,4.1776,4.0581,4.1428,1440000.0
2006-07-07,4.1211,4.1211,3.9865,4.0147,610000.0
2006-07-10,4.0169,4.234,3.9474,4.2123,2197600.0
2006-07-11,4.2253,4.5771,4.1993,4.5575,2325200.0
2006-07-12,4.5315,4.5771,4.4989,4.5076,1652000.0
2006-07-13,4.4881,4.4881,4.2926,4.4512,1626400.0
2006-07-14,4.4338,4.4468,4.3817,4.3925,1559200.0
2006-07-17,4.2449,4.4707,4.234,4.3643,1480400.0
2006-07-18,4.386,4.5119,4.3274,4.4772,968400.0
2006-07-19,4.4642,4.7464,4.4446,4.677,1242400.0
2006-07-20,4.7074,4.7768,4.4229,4.4338,1186800.0
2006-07-21,4.4121,4.5727,4.3035,4.5141,680400.0
2006-07-24,4.5554,4.8159,4.4881,4.779,1578400.0
2006-07-25,4.7768,4.842,4.6053,4.6705,1472400.0
2006-07-26,4.6249,4.6444,4.4273,4.5423,1048800.0
2006-07-27,4.7725,4.9701,4.5901,4.8789,2546800.0
2006-07-28,4.8854,4.9202,4.601,4.8159,1561200.0
2006-07-31,4.7768,4.8854,4.6943,4.8637,1802000.0
2006-08-01,4.8094,4.9158,4.6705,4.7682,985200.0
2006-08-02,4.8138,4.8572,4.5706,4.5988,1039600.0
2006-08-03,4.5554,4.868,4.4685,4.8268,1272000.0
2006-08-04,4.8789,4.9809,4.6748,4.7877,1172400.0
2006-08-07,4.7312,4.7334,4.5619,4.6683,1108000.0
2006-08-08,4.6987,4.7182,4.3882,4.4099,976000.0
2006-08-09,4.4512,4.4512,4.2796,4.3187,1500400.0
2006-08-10,4.3209,4.614,4.2405,4.5597,1753200.0
2006-08-11,4.5402,4.5771,4.323,4.3925,906000.0
2006-08-14,4.4121,4.5119,4.3426,4.36,679200.0
2006-08-15,4.4142,4.5641,4.3969,4.525,1142400.0
2006-08-16,4.5641,4.6748,4.5228,4.6531,728000.0
2006-08-17,4.6249,4.7009,4.5402,4.6118,409200.0
2006-08-18,4.6357,4.6357,4.5054,4.614,390000.0
2006-08-21,4.5771,4.5945,4.4902,4.5597,775600.0
2006-08-22,4.5597,4.6292,4.5358,4.6205,794400.0
2006-08-23,4.6292,4.6444,4.36,4.3752,864000.0
2006-08-24,4.4077,4.4664,4.2905,4.3969,614800.0
2006-08-25,4.3686,4.4012,4.3296,4.3947,564000.0
2006-08-28,4.4186,4.4816,4.3708,4.4642,594800.0
2006-08-29,4.4924,4.5793,4.4034,4.5662,756400.0
2006-08-30,4.5814,4.6314,4.5098,4.6053,1091200.0
2006-08-31,4.6379,4.6379,4.5054,4.5098,1329200.0
2006-09-01,4.5185,4.5727,4.4034,4.4946,841600.0
2006-09-05,4.5206,4.5988,4.4881,4.5814,697200.0
2006-09-06,4.538,4.6075,4.4924,4.5988,690800.0
2006-09-07,4.5966,4.6183,4.5271,4.5727,541600.0
2006-09-08,4.5662,4.6031,4.5033,4.5966,763200.0
2006-09-11,4.5532,4.6227,4.4707,4.614,738400.0
2006-09-12,4.6031,4.7443,4.5923,4.7291,772400.0
2006-09-13,4.7486,4.9354,4.6705,4.9006,678400.0
2006-09-14,4.8637,4.994,4.8355,4.9527,1036400.0
2006-09-15,4.9831,4.9831,4.7313,4.7855,2484800.0
2006-09-18,4.753,4.8246,4.7443,4.7986,795600.0
2006-09-19,4.7855,4.8463,4.6574,4.7638,969600.0
2006-09-20,4.8051,4.8659,4.7009,4.7877,1153600.0
2006-09-21,4.8203,4.8832,4.7378,4.7942,468400.0
2006-09-22,4.7616,4.8854,4.6053,4.7269,1460000.0
2006-09-25,4.7182,4.8702,4.6509,4.8528,671600.0
2006-09-26,4.8442,5.0287,4.7638,4.9875,761600.0
2006-09-27,4.9896,5.0244,4.8767,4.9896,1084400.0
2006-09-28,5.0222,5.0808,4.7942,4.8528,1061600.0
2006-09-29,4.8702,4.994,4.7551,4.7703,1311200.0
2006-10-02,4.7464,4.766,4.5749,4.5771,1852400.0
2006-10-03,4.5467,4.5771,4.4294,4.4512,2797600.0
2006-10-04,4.4555,4.6205,4.4512,4.6183,2080800.0
2006-10-05,4.6487,4.855,4.5641,4.8442,1150800.0
2006-10-06,4.8485,4.8659,4.7573,4.855,1447200.0
2006-10-09,4.868,4.9723,4.8507,4.944,730000.0
2006-10-10,4.9723,5.0483,4.918,4.9918,1256000.0
2006-10-11,4.9918,5.1568,4.9462,5.07,1902000.0
2006-10-12,5.1177,5.3262,5.1177,5.2089,1644800.0
2006-10-13,5.235,5.2654,5.1243,5.2111,571200.0
2006-10-16,5.248,5.3718,5.1807,5.3718,626000.0
2006-10-17,5.3175,5.374,5.2176,5.2458,1006000.0
2006-10-18,5.261,5.3522,5.2545,5.3088,907600.0
2006-10-19,5.324,5.3501,5.1872,5.2111,974000.0
2006-10-20,5.2111,5.2545,5.1438,5.1764,833200.0
2006-10-23,5.1525,5.2458,5.1047,5.2133,794400.0
2006-10-24,5.2176,5.2654,5.1395,5.1633,691600.0
2006-10-25,5.1829,5.2046,5.1199,5.2046,598800.0
2006-10-26,5.248,5.5346,5.248,5.5129,3134400.0
2006-10-27,5.4478,5.4717,5.2719,5.2893,1482000.0
2006-10-30,5.2458,5.3175,5.0374,5.0982,2114400.0
2006-10-31,5.1264,5.146,4.8051,5.0244,3167600.0
2006-11-01,5.0526,5.0526,4.842,4.8485,2052400.0
2006-11-02,4.829,4.918,4.7986,4.8116,1192000.0
2006-11-03,4.842,4.9071,4.7812,4.842,1846400.0
2006-11-06,4.8398,4.9788,4.8355,4.9136,2218000.0
2006-11-07,4.9158,5.0092,4.905,4.9809,3137600.0
2006-11-08,4.9462,5.0461,4.9202,5.0048,891600.0
2006-11-09,5.0005,5.0396,4.9614,4.9744,1035600.0
2006-11-10,4.9636,5.0483,4.9505,5.0439,667600.0
2006-11-13,5.0048,5.1025,4.9918,5.0483,898400.0
2006-11-14,5.0417,5.2654,5.0374,5.2654,1201200.0
2006-11-15,5.2654,5.387,5.2458,5.3436,739600.0
2006-11-16,5.3609,5.3913,5.2176,5.3262,918800.0
2006-11-17,5.3262,5.4152,5.2328,5.2828,633600.0
2006-11-20,5.2697,5.3609,5.2111,5.3218,1039600.0
2006-11-21,5.337,5.3913,5.2936,5.3544,830800.0
2006-11-22,5.3544,5.4282,5.3522,5.3913,824000.0
2006-11-24,5.3457,5.4217,5.2654,5.2806,171600.0
2006-11-27,5.2415,5.248,5.1025,5.1308,940800.0
2006-11-28,5.1373,5.2068,5.0483,5.172,502800.0
2006-11-29,5.2111,5.2502,5.0461,5.0852,1100000.0
2006-11-30,5.0613,5.1156,4.9571,4.9766,1492000.0
2006-12-01,5.0048,5.0048,4.8355,4.931,1428800.0
2006-12-04,4.9288,5.2024,4.9245,5.1764,1046400.0
2006-12-05,5.2176,5.2784,5.1373,5.1742,690000.0
2006-12-06,5.1525,5.2024,5.0331,5.0483,765200.0
2006-12-07,5.0417,5.0656,4.7682,4.7747,2148400.0
2006-12-08,4.7161,4.7291,4.5988,4.6791,2314000.0
2006-12-11,4.677,4.9375,4.627,4.918,1568800.0
2006-12-12,4.9202,4.9701,4.8203,4.9136,2286800.0
2006-12-13,4.9571,4.9571,4.8702,4.9115,894400.0
2006-12-14,4.9115,5.0569,4.9115,5.0222,1002000.0
2006-12-15,5.0309,5.1025,5.0287,5.0743,3096000.0
2006-12-18,5.0895,5.1351,4.9961,5.0483,1240800.0
2006-12-19,5.0374,5.2154,4.9484,5.1916,2532800.0
2006-12-20,5.2111,5.2111,5.1047,5.1503,1534000.0
2006-12-21,5.146,5.248,5.1156,5.2154,2071200.0
2006-12-22,5.2176,5.2176,5.1373,5.1373,2532400.0
2006-12-26,5.1243,5.1329,5.0526,5.1047,1184000.0
2006-12-27,5.1243,5.2133,5.0982,5.1894,968000.0
2006-12-28,5.159,5.2003,5.0852,5.1199,980800.0
2006-12-29,5.1025,5.1395,4.9679,4.9918,1210800.0
2007-01-03,4.994,4.9961,4.7768,4.8724,2029600.0
2007-01-04,4.8355,4.9158,4.8072,4.8268,997600.0
2007-01-05,4.7877,4.7986,4.6553,4.6748,1206000.0
2007-01-08,4.7182,4.7182,4.5597,4.5966,1574800.0
2007-01-09,4.6227,4.6227,4.4707,4.5575,2044800.0
2007-01-10,4.5076,4.5641,4.399,4.4707,2134400.0
2007-01-11,4.4881,4.4946,4.31,4.3686,4323600.0
2007-01-12,4.3643,4.4034,4.3317,4.3469,3279200.0
2007-01-16,4.3382,4.4816,4.3317,4.4338,3911200.0
2007-01-17,4.3904,4.449,4.3795,4.4381,1790400.0
2007-01-18,4.4425,4.601,4.4121,4.5033,5308000.0
2007-01-19,4.4815,4.6574,4.4815,4.538,3208800.0
2007-01-22,4.5445,4.5684,4.4577,4.5141,1356000.0
2007-01-23,4.5011,4.6531,4.4967,4.6031,2402800.0
2007-01-24,4.6031,4.69,4.5858,4.6791,1369600.0
2007-01-25,4.6813,4.7226,4.601,4.627,2695600.0
2007-01-26,4.6314,4.6314,4.5119,4.601,1057600.0
2007-01-29,4.5467,4.6596,4.5467,4.5793,768400.0
2007-01-30,4.5597,4.6314,4.5185,4.5879,2323600.0
2007-01-31,4.5727,4.7095,4.5684,4.6509,1998800.0
2007-02-01,4.69,4.9006,4.6705,4.8789,4077200.0
2007-02-02,4.8724,4.8898,4.753,4.7812,1896400.0
2007-02-05,4.7877,4.8876,4.753,4.8268,930000.0
2007-02-06,4.8615,4.9527,4.7834,4.9506,1774800.0
2007-02-07,4.9723,4.9723,4.8898,4.9071,2694400.0
2007-02-08,4.8984,4.9462,4.8919,4.9267,2177200.0
2007-02-09,4.9397,4.9636,4.8528,4.9245,1228400.0
2007-02-12,4.9223,4.9679,4.8094,4.8507,748000.0
2007-02-13,4.8528,4.8746,4.7595,4.8094,812000.0
2007-02-14,4.8007,4.8507,4.7443,4.8398,763200.0
2007-02-15,4.8398,4.8463,4.8094,4.8376,832800.0
2007-02-16,4.8355,4.9136,4.8311,4.9028,948400.0
2007-02-20,4.8832,4.9809,4.8311,4.9375,836800.0
2007-02-21,4.8963,4.9202,4.8311,4.8941,1010000.0
2007-02-22,4.9093,4.9158,4.8355,4.8984,834000.0
2007-02-23,4.8767,4.9093,4.8311,4.8941,910400.0
2007-02-26,4.9353,4.9723,4.8311,4.8463,1024800.0
2007-02-27,4.6639,4.7551,4.5575,4.5945,2728000.0
2007-02-28,4.5858,4.8007,4.5358,4.7161,3166400.0
2007-03-01,4.5966,4.7269,4.5076,4.5554,1887600.0
2007-03-02,4.5098,4.551,4.4273,4.4294,1632000.0
2007-03-05,4.4294,4.6097,4.3773,4.5532,2232800.0
2007-03-06,4.4967,4.6379,4.449,4.5575,1956800.0
2007-03-07,4.5445,4.5966,4.5033,4.5293,1488400.0
2007-03-08,4.5337,4.6097,4.4946,4.5206,1416800.0
2007-03-09,4.5467,4.6097,4.5163,4.5945,701600.0
2007-03-12,4.5619,4.6748,4.5597,4.6618,885200.0
2007-03-13,4.614,4.6205,4.4859,4.5054,1770000.0
2007-03-14,4.4772,4.5945,4.4121,4.5076,1298400.0
2007-03-15,4.4881,4.5597,4.4512,4.5054,1298000.0
2007-03-16,4.5033,4.5489,4.4403,4.5119,2120000.0
2007-03-19,4.551,4.5923,4.4772,4.5597,1177200.0
2007-03-20,4.5489,4.6922,4.5402,4.6878,1532800.0
2007-03-21,4.6857,4.7356,4.5945,4.6987,1072000.0
2007-03-22,4.7226,4.7986,4.7226,4.7682,1500800.0
2007-03-23,4.766,4.8724,4.766,4.8203,1124400.0
2007-03-26,4.8311,4.842,4.766,4.8311,1833200.0
2007-03-27,4.8029,4.8615,4.6835,4.7312,1855600.0
2007-03-28,4.6813,4.7334,4.614,4.6705,1092800.0
2007-03-29,4.7204,4.7595,4.6683,4.7052,1286400.0
2007-03-30,4.7117,4.7616,4.6683,4.7464,1898800.0
2007-04-02,4.7508,4.8116,4.6878,4.8094,1463200.0
2007-04-03,4.829,4.9093,4.8051,4.8854,887600.0
2007-04-04,4.8941,4.9071,4.7508,4.8919,1942000.0
2007-04-05,4.905,4.905,4.792,4.8355,1398000.0
2007-04-09,4.8507,4.8637,4.7573,4.8333,875200.0
2007-04-10,4.8224,4.9071,4.7768,4.8485,1894400.0
2007-04-11,4.8637,4.8811,4.7964,4.8767,1052800.0
2007-04-12,4.8398,4.9071,4.7834,4.8876,1341200.0
2007-04-13,4.8811,4.8919,4.8246,4.8832,2008000.0
2007-04-16,4.9071,4.9071,4.8442,4.8637,1292400.0
2007-04-17,4.8528,4.8941,4.8007,4.8051,1232000.0
2007-04-18,4.7855,4.8159,4.7247,4.7334,1339600.0
2007-04-19,4.7226,4.9788,4.69,4.9636,1546000.0
2007-04-20,4.994,5.0417,4.9505,5.0396,1834000.0
2007-04-23,5.0396,5.0439,4.9158,4.994,1628000.0
2007-04-24,4.9853,5.0613,4.9636,5.0526,1246400.0
2007-04-25,5.0721,5.2111,5.0374,5.1698,2195200.0
2007-04-26,5.2111,5.3045,5.1156,5.1373,3620800.0
2007-04-27,5.1373,5.2111,5.0895,5.1156,2032400.0
2007-04-30,5.1134,5.1329,4.8984,4.9028,2246800.0
2007-05-01,4.8919,4.9853,4.8919,4.9853,1539600.0
2007-05-02,4.9831,5.1959,4.9636,5.1894,2296000.0
2007-05-03,5.1894,5.2024,5.0613,5.1872,2182400.0
2007-05-04,5.1981,5.1981,4.9744,5.0374,1179600.0
2007-05-07,5.0287,5.1156,5.007,5.0613,1066400.0
2007-05-08,5.0265,5.0721,4.9766,5.0721,1161600.0
2007-05-09,5.0396,5.159,5.0309,5.1286,986800.0
2007-05-10,5.0982,5.1069,4.994,4.9983,1278800.0
2007-05-11,5.0591,5.0982,5.0048,5.0569,671200.0
2007-05-14,5.07,5.1959,5.0417,5.1612,1384400.0
2007-05-15,5.1677,5.2458,5.1025,5.235,2030400.0
2007-05-16,5.2415,5.2784,5.1959,5.2762,1308400.0
2007-05-17,5.2458,5.3153,5.172,5.2589,1612800.0
2007-05-18,5.2676,5.3175,5.222,5.3001,770400.0
2007-05-21,5.2849,5.5173,5.2133,5.4586,1333200.0
2007-05-22,5.4608,5.628,5.4195,5.5933,2309600.0
2007-05-23,5.615,5.6584,5.5411,5.5585,2033200.0
2007-05-24,5.5542,5.6454,5.4825,5.5259,2445200.0
2007-05-25,5.5368,5.5455,5.3175,5.3783,1446400.0
2007-05-29,5.387,5.4304,5.337,5.4152,980400.0
2007-05-30,5.3674,5.4217,5.3284,5.4174,1595200.0
2007-05-31,5.4282,5.4499,5.3935,5.4217,1579200.0
2007-06-01,5.387,5.387,5.1329,5.2111,4236800.0
2007-06-04,5.1872,5.1916,5.1069,5.159,2630000.0
2007-06-05,5.1351,5.2154,5.1243,5.1416,1892400.0
2007-06-06,5.1025,5.1112,4.9853,5.0852,1680000.0
2007-06-07,5.0548,5.0852,4.994,5.0244,1514400.0
2007-06-08,5.0027,5.0526,4.9961,5.0135,1268000.0
2007-06-11,5.0157,5.0787,4.9766,5.0287,1243600.0
2007-06-12,4.9896,5.0417,4.9766,5.007,1237600.0
2007-06-13,5.0287,5.1156,4.994,5.1069,824800.0
2007-06-14,5.0743,5.2024,5.0635,5.172,1134800.0
2007-06-15,5.2393,5.248,5.1069,5.1525,2524000.0
2007-06-18,5.1568,5.248,5.1438,5.2263,1343200.0
2007-06-19,5.2002,5.3023,5.185,5.261,1412000.0
2007-06-20,5.2676,5.2958,5.1851,5.2285,1797200.0
2007-06-21,5.2133,5.3327,5.2111,5.2198,1764000.0
2007-06-22,5.1981,5.2741,5.1568,5.2393,2177600.0
2007-06-25,5.2176,5.3436,5.1872,5.3023,1482800.0
2007-06-26,5.3045,5.3305,5.222,5.3197,2274400.0
2007-06-27,5.2676,5.4413,5.2437,5.4326,1500800.0
2007-06-28,5.4282,5.4912,5.3653,5.3761,1624800.0
2007-06-29,5.387,5.489,5.3544,5.3544,1432800.0
2007-07-02,5.3957,5.463,5.324,5.4478,1132400.0
2007-07-03,5.4456,5.4543,5.4,5.4369,406400.0
2007-07-05,5.4391,5.4912,5.3761,5.3848,1088800.0
2007-07-06,5.3826,5.3935,5.2632,5.3284,1166000.0
2007-07-09,5.4521,5.4521,5.3479,5.4282,1650400.0
2007-07-10,5.4239,5.4695,5.2784,5.2849,1745600.0
2007-07-11,5.2871,5.4695,5.2762,5.4152,2360000.0
2007-07-12,5.4608,5.6085,5.4152,5.5346,1652000.0
2007-07-13,5.5129,5.5672,5.4239,5.5411,1286800.0
2007-07-16,5.5216,5.5672,5.5064,5.5107,834400.0
2007-07-17,5.8972,6.3945,5.8799,6.3163,11631200.0
2007-07-18,6.3076,6.3662,6.1665,6.2077,4045200.0
2007-07-19,6.2316,6.2859,6.1187,6.2099,2092400.0
2007-07-20,6.1904,6.2403,6.0601,6.084,2727200.0
2007-07-23,6.0948,6.2056,6.0492,6.1252,2024400.0
2007-07-24,6.0492,6.4791,6.0471,6.338,4723200.0
2007-07-25,6.3923,6.4205,6.1339,6.2989,3807600.0
2007-07-26,6.2056,6.3228,5.8885,6.2707,5480800.0
2007-07-27,6.2924,6.4162,6.008,6.0362,5333600.0
2007-07-30,6.0927,6.2425,6.021,6.1838,3999200.0
2007-07-31,6.236,6.2468,6.0471,6.173,2520400.0
2007-08-01,6.1469,6.3575,6.1013,6.3228,2590400.0
2007-08-02,6.3337,6.3684,6.1534,6.2837,2769600.0
2007-08-03,6.2946,6.3684,6.2099,6.2446,3486400.0
2007-08-06,6.262,6.7136,6.2208,6.592,4614000.0
2007-08-07,6.5682,7.1262,6.5682,6.9525,6666400.0
2007-08-08,6.9699,7.6516,6.9699,7.1262,9149200.0
2007-08-09,6.9916,7.7255,6.7354,7.352,10558800.0
2007-08-10,7.2196,7.3477,6.7853,6.946,5058000.0
2007-08-13,7.0285,7.0285,6.3206,6.503,5610800.0
2007-08-14,6.4922,6.4922,6.123,6.1925,4658000.0
2007-08-15,6.262,6.4618,6.2598,6.4075,3925600.0
2007-08-16,6.3532,6.6594,6.2468,6.6507,4093200.0
2007-08-17,6.8504,7.2369,6.7918,7.0328,3682400.0
2007-08-20,7.1153,7.2174,7.035,7.1566,2014400.0
2007-08-21,7.1653,7.1913,6.9481,7.1305,2012000.0
2007-08-22,7.1631,7.428,7.0958,7.2196,2058800.0
2007-08-23,7.2391,7.2651,6.7744,6.8135,1497600.0
2007-08-24,6.6637,6.8873,6.6224,6.8743,1581200.0
2007-08-27,6.8396,7.0133,6.7484,6.8743,982800.0
2007-08-28,6.7332,7.0502,6.4487,6.503,2420000.0
2007-08-29,6.5725,6.7028,6.5182,6.6594,1212400.0
2007-08-30,6.5877,6.6984,6.553,6.6746,2139200.0
2007-08-31,6.7723,6.8374,6.6811,6.7267,1012800.0
2007-09-04,6.7115,6.744,6.5508,6.5595,2344800.0
2007-09-05,6.5247,6.5313,6.3293,6.4618,2271600.0
2007-09-06,6.4574,6.5877,6.3445,6.4466,1305600.0
2007-09-07,6.3879,6.427,6.1621,6.2294,1542800.0
2007-09-10,6.4053,6.6702,6.351,6.3619,2788400.0
2007-09-11,6.3836,6.4943,6.2968,6.401,1461600.0
2007-09-12,6.3836,6.4053,6.2685,6.3706,1758400.0
2007-09-13,6.3966,6.6485,6.3228,6.5204,2092000.0
2007-09-14,6.4553,6.655,6.4509,6.5899,1210800.0
2007-09-17,6.5834,6.8309,6.566,6.731,2841200.0
2007-09-18,6.781,7.352,6.781,7.3455,4510800.0
2007-09-19,7.3737,7.4779,7.0307,7.1023,3466400.0
2007-09-20,7.0914,7.4128,6.9612,7.365,16901600.0
2007-09-21,7.4302,7.5127,7.365,7.4779,4834000.0
2007-09-24,7.4258,7.606,7.3781,7.5561,3854800.0
2007-09-25,7.5322,7.6582,7.4258,7.6191,3149600.0
2007-09-26,7.6951,7.6951,7.5279,7.58,2629600.0
2007-09-27,7.656,7.6625,7.5235,7.5713,2064800.0
2007-09-28,7.5496,7.5995,7.4649,7.5583,2238400.0
2007-10-01,7.491,7.5756,7.3021,7.4758,2917200.0
2007-10-02,7.491,7.6994,7.4041,7.58,2393200.0
2007-10-03,7.4975,7.7493,7.2869,7.7016,2222800.0
2007-10-04,7.7081,7.8123,7.6451,7.6625,1938800.0
2007-10-05,7.7645,7.7841,7.4758,7.5148,2558400.0
2007-10-08,7.4779,7.5409,7.3867,7.4237,1576400.0
2007-10-09,7.5452,7.6712,7.3498,7.669,2883200.0
2007-10-10,7.6256,7.6538,7.5235,7.5995,3061600.0
2007-10-11,7.643,7.656,7.2955,7.3563,2829600.0
2007-10-12,7.3802,7.6343,7.3346,7.6126,2178000.0
2007-10-15,7.656,7.7341,7.5865,7.6104,4782800.0
2007-10-16,7.5974,7.5974,7.3954,7.5127,1944400.0
2007-10-17,7.8297,7.9252,7.6364,7.6842,2702000.0
2007-10-18,7.6777,7.7884,7.5583,7.7537,2331600.0
2007-10-19,7.7754,7.7928,7.5626,7.5995,2366800.0
2007-10-22,7.5713,7.7059,7.5127,7.6603,1552800.0
2007-10-23,7.7515,7.8927,7.6473,7.8449,1682400.0
2007-10-24,7.8709,8.0772,7.7884,8.0208,2687600.0
2007-10-25,8.4116,8.6157,8.1988,8.3269,4729600.0
2007-10-26,8.4246,8.6721,8.4159,8.5962,3247600.0
2007-10-29,8.6526,9.0738,8.5962,8.6309,3903600.0
2007-10-30,8.6374,8.6787,8.3877,8.4072,2653600.0
2007-10-31,8.5354,8.5354,8.29,8.3725,6288800.0
2007-11-01,8.2922,8.3551,8.0338,8.3226,2826000.0
2007-11-02,8.366,8.4485,8.0729,8.4138,2144000.0
2007-11-05,8.3161,8.5397,8.2357,8.455,1829600.0
2007-11-06,8.6917,8.9522,8.6352,8.9349,3378400.0
2007-11-07,8.7785,8.8046,8.4007,8.4116,3133200.0
2007-11-08,8.5202,8.5679,8.1445,8.5571,2482000.0
2007-11-09,8.4746,8.6635,8.3595,8.4138,1734400.0
2007-11-12,8.4246,8.6526,8.2574,8.4203,2045200.0
2007-11-13,8.5158,8.8133,8.3095,8.7894,2200800.0
2007-11-14,8.8198,8.8328,8.3139,8.429,2662000.0
2007-11-15,8.3725,8.4485,8.1576,8.3769,1881200.0
2007-11-16,8.3986,8.4789,8.1706,8.4398,1781600.0
2007-11-19,8.1684,8.4637,7.9144,8.0512,3187600.0
2007-11-20,8.036,8.1206,7.8188,7.9686,1779600.0
2007-11-21,7.9057,8.0338,7.8015,7.9404,1617600.0
2007-11-23,8.0186,8.2292,7.9404,8.125,596400.0
2007-11-26,8.1641,8.594,8.1641,8.3834,2730000.0
2007-11-27,8.4246,8.6461,8.3378,8.6048,2319600.0
2007-11-28,8.6852,8.9414,8.5527,8.7677,3133200.0
2007-11-29,8.772,8.8263,8.6027,8.6439,3339600.0
2007-11-30,8.6852,8.9197,8.5549,8.6222,2626800.0
2007-12-03,8.6721,8.8046,8.5658,8.6244,2102400.0
2007-12-04,8.4767,8.7851,8.2596,8.6374,1428400.0
2007-12-05,8.8285,9.1325,8.6504,8.9631,1888800.0
2007-12-06,8.9153,8.9588,8.7156,8.9457,2294400.0
2007-12-07,8.9631,8.9631,8.6635,8.8459,1306200.0
2007-12-10,8.8849,8.8849,8.6418,8.7329,1622800.0
2007-12-11,8.759,8.7764,8.3942,8.3942,2081000.0
2007-12-12,8.7286,8.7547,8.5549,8.7025,2133200.0
2007-12-13,8.6418,8.8502,8.4941,8.6852,2118400.0
2007-12-14,8.6852,8.8328,8.6114,8.6591,2136600.0
2007-12-17,8.5896,8.7286,8.4767,8.6721,1930000.0
2007-12-18,8.6982,8.9501,8.5983,8.898,2605000.0
2007-12-19,8.8893,9.4408,8.8328,9.2323,4189000.0
2007-12-20,9.4364,9.7708,9.3192,9.7274,5047800.0
2007-12-21,9.8577,10.2746,9.4929,9.4972,6971800.0
2007-12-24,9.6927,9.7752,9.5841,9.7752,1016600.0
2007-12-26,9.7882,9.8968,9.6145,9.8229,1372600.0
2007-12-27,9.8533,9.8533,9.2627,9.3583,1710800.0
2007-12-28,9.4625,9.6405,9.2801,9.4582,1203800.0
2007-12-31,9.393,9.5059,9.0977,9.1281,2065000.0
2008-01-02,9.1281,9.393,8.8241,9.1238,2355600.0
2008-01-03,9.3105,9.4886,8.9935,9.0543,1805200.0
2008-01-04,8.9153,9.0934,8.7286,8.7373,1841800.0
2008-01-07,8.7981,8.9327,8.6157,8.7243,2586600.0
2008-01-08,8.6895,8.8676,8.3551,8.4463,2758200.0
2008-01-09,8.4116,8.6461,8.1728,8.5679,1374000.0
2008-01-10,8.455,8.5332,8.2335,8.442,1711600.0
2008-01-11,8.3942,8.455,8.1641,8.2031,1469600.0
2008-01-14,8.2987,8.4811,8.2075,8.4159,1307400.0
2008-01-15,8.2987,8.468,8.112,8.4333,1928800.0
2008-01-16,8.3942,8.7894,8.2987,8.6895,2285800.0
2008-01-17,8.6852,8.9457,8.455,8.468,1928800.0
2008-01-18,8.3986,9.2106,8.3986,9.0673,3899600.0
2008-01-22,8.6852,9.1455,8.0512,8.4507,3091800.0
2008-01-23,8.2509,8.9674,8.2509,8.8285,2910600.0
2008-01-24,8.5592,9.1629,8.5332,8.5896,2727600.0
2008-01-25,8.6982,8.8632,8.2379,8.2813,2120800.0
2008-01-28,8.2466,8.4116,8.1163,8.3986,1872400.0
2008-01-29,8.468,8.468,7.9773,8.0338,2527400.0
2008-01-30,7.96,7.9817,7.6386,7.6864,2773000.0
2008-01-31,7.6734,7.8253,7.4736,7.7689,3654600.0
2008-02-01,7.8167,8.8241,7.7819,8.7503,4228400.0
2008-02-04,8.7416,8.8806,8.6635,8.7329,2147800.0
2008-02-05,8.5506,8.8285,8.442,8.5115,2188400.0
2008-02-06,8.5636,8.7199,8.277,8.2987,1017800.0
2008-02-07,8.2553,8.5462,8.2075,8.4029,1332200.0
2008-02-08,8.3638,8.5375,8.2118,8.3465,1384200.0
2008-02-11,8.3334,8.4941,8.1424,8.4203,1272600.0
2008-02-12,8.4463,8.8415,8.4029,8.5375,1786200.0
2008-02-13,8.6374,8.8068,8.62,8.7112,1064400.0
2008-02-14,8.7156,8.746,8.5071,8.5245,856400.0
2008-02-15,8.4594,8.5462,8.2249,8.2987,1099200.0
2008-02-19,8.429,8.4463,8.0338,8.0772,1406400.0
2008-02-20,8.1076,8.1901,7.9513,8.1163,1701600.0
2008-02-21,8.1901,8.277,7.9686,8.0902,1307000.0
2008-02-22,8.1206,8.2205,8.0077,8.2031,1335400.0
2008-02-25,8.2205,8.2857,8.0077,8.0989,1966200.0
2008-02-26,8.0208,8.112,7.9165,7.986,2962400.0
2008-02-27,9.2106,9.9966,9.1889,9.4668,11171400.0
2008-02-28,9.3713,9.7708,9.3322,9.4495,3935600.0
2008-02-29,9.4451,9.6319,9.1976,9.2237,3900800.0
2008-03-03,9.1933,9.5494,9.076,9.5494,2459000.0
2008-03-04,9.4104,9.5146,9.1455,9.3018,1769400.0
2008-03-05,9.3279,9.5537,9.2714,9.4408,3443200.0
2008-03-06,9.406,9.7274,9.3149,9.4972,2958400.0
2008-03-07,9.3756,9.7665,9.3192,9.5971,3000800.0
2008-03-10,9.6405,9.7925,9.3626,9.4147,2825000.0
2008-03-11,9.684,9.9272,9.3843,9.5971,4262000.0
2008-03-12,9.6101,9.6927,9.3626,9.3756,2370800.0
2008-03-13,9.2541,9.9098,9.2193,9.7274,2793400.0
2008-03-14,9.8533,10.1617,9.6145,9.7925,2942200.0
2008-03-17,9.5407,10.0835,9.3366,9.4538,1788600.0
2008-03-18,9.6796,9.9272,9.4017,9.8142,2428000.0
2008-03-19,9.8664,9.9141,9.5711,9.5928,1734000.0
2008-03-20,9.7317,10.2094,9.5537,10.1269,6765200.0
2008-03-24,10.4352,10.8565,10.2963,10.3614,3428400.0
2008-03-25,10.4048,10.5004,9.836,9.9662,2740600.0
2008-03-26,9.8794,10.0357,9.7708,9.9185,1764000.0
2008-03-27,9.9489,10.1356,9.6883,9.7708,2096400.0
2008-03-28,9.7665,9.9272,9.4842,9.5754,1772600.0
2008-03-31,9.5494,9.8533,9.5103,9.7578,1978000.0
2008-04-01,9.9402,9.9836,9.6275,9.7535,2437800.0
2008-04-02,9.7708,9.836,9.367,9.4799,2520400.0
2008-04-03,9.3756,9.4712,9.0804,9.3887,2660600.0
2008-04-04,9.38,9.5928,9.0543,9.5059,2925800.0
2008-04-07,9.6492,9.6579,9.4625,9.5146,2852400.0
2008-04-08,9.4755,9.5624,8.9805,9.0282,2791400.0
2008-04-09,9.076,9.076,8.5071,8.6982,6400400.0
2008-04-10,8.7156,9.2063,8.6635,9.076,4213400.0
2008-04-11,8.9848,9.05,8.6895,8.7156,1995800.0
2008-04-14,8.6678,8.9197,8.6287,8.6852,1818400.0
2008-04-15,8.7286,8.7937,8.581,8.7329,1593200.0
2008-04-16,8.7286,9.1759,8.6765,9.1672,2566800.0
2008-04-17,9.1629,9.2063,8.9544,9.0977,1488800.0
2008-04-18,9.2845,9.4929,9.2193,9.3756,1978000.0
2008-04-21,9.2801,9.4191,9.1889,9.3279,1439400.0
2008-04-22,9.2627,9.3235,9.0456,9.0717,1885400.0
2008-04-23,9.1151,9.1976,8.8111,9.089,1112600.0
2008-04-24,9.0543,9.3148,8.9066,9.1281,1345800.0
2008-04-25,9.1846,9.2975,8.9978,9.2106,1122400.0
2008-04-28,9.3105,9.6362,9.2541,9.4582,1556200.0
2008-04-29,9.4625,9.5928,9.4321,9.5276,2050600.0
2008-04-30,9.6232,9.6666,9.3496,9.4495,2534200.0
2008-05-01,9.988,10.0965,9.5754,9.9272,3460800.0
2008-05-02,9.9489,9.9532,9.2063,9.4147,4074400.0
2008-05-05,9.5146,9.5407,9.1802,9.2801,2253600.0
2008-05-06,9.2063,9.2063,8.7851,8.9153,3403200.0
2008-05-07,8.9066,8.937,8.429,8.5115,3962200.0
2008-05-08,8.62,9.5537,8.5983,9.3626,4970600.0
2008-05-09,9.2627,9.3409,9.0109,9.2193,3768000.0
2008-05-12,9.2584,9.4668,9.2584,9.393,1412200.0
2008-05-13,9.393,9.4712,9.3279,9.4451,1462000.0
2008-05-14,9.5537,9.7317,9.4799,9.5103,1644600.0
2008-05-15,9.532,9.6623,9.2541,9.6362,2230200.0
2008-05-16,9.6883,9.7317,9.4017,9.6579,1692400.0
2008-05-19,9.6405,9.7795,9.5233,9.5624,1696600.0
2008-05-20,9.4755,9.6536,9.3756,9.5016,3151400.0
2008-05-21,9.5624,9.7491,9.2584,9.3756,3271400.0
2008-05-22,9.3887,9.6362,9.3062,9.5667,2155800.0
2008-05-23,9.4842,9.6796,9.3062,9.4147,1227600.0
2008-05-27,9.4451,9.8229,9.4191,9.6492,1890800.0
2008-05-28,9.6709,9.7231,9.3279,9.38,1689400.0
2008-05-29,9.3322,9.6623,9.2714,9.4191,1780400.0
2008-05-30,9.4234,9.6753,9.3452,9.6232,1761200.0
2008-06-02,9.5754,9.5754,9.0586,9.1021,3102200.0
2008-06-03,9.0977,9.0977,8.5896,8.7286,5381000.0
2008-06-04,8.6852,8.8589,8.5549,8.6548,2847800.0
2008-06-05,8.6418,8.6721,8.0816,8.3204,8036400.0
2008-06-06,8.1597,8.581,8.1424,8.4333,5344400.0
2008-06-09,8.3595,8.5245,8.2335,8.3465,3145600.0
2008-06-10,8.303,8.4376,8.2205,8.3725,4511400.0
2008-06-11,8.455,8.5202,8.29,8.3334,3051200.0
2008-06-12,8.3769,8.5896,8.3725,8.4767,2858600.0
2008-06-13,8.5853,8.7851,8.4898,8.772,4090600.0
2008-06-16,8.7025,8.7069,8.4898,8.6287,2539000.0
2008-06-17,8.6287,8.6852,8.4767,8.5158,2962400.0
2008-06-18,8.4898,8.5028,8.0164,8.112,5772200.0
2008-06-19,7.821,7.8601,7.1349,7.6082,18773800.0
2008-06-20,7.4953,7.6647,7.3954,7.5431,7892400.0
2008-06-23,7.3563,7.5908,7.1913,7.4389,8100600.0
2008-06-24,7.3998,7.4649,7.2261,7.339,3555600.0
2008-06-25,7.3737,7.5387,7.2652,7.3694,8227600.0
2008-06-26,7.2521,7.4823,7.2521,7.3737,4795400.0
2008-06-27,7.3694,7.7993,7.3303,7.7993,28956000.0
2008-06-30,7.8731,7.9035,7.6951,7.8471,4007200.0
2008-07-01,7.834,8.0989,7.6777,7.986,5262600.0
2008-07-02,8.0729,8.1163,7.7949,7.9165,3463000.0
2008-07-03,7.8905,8.1033,7.7168,7.9426,1785000.0
2008-07-07,7.96,8.2205,7.808,7.96,2651800.0
2008-07-08,7.9165,8.1814,7.8123,8.112,2811000.0
2008-07-09,8.0772,8.2075,7.8167,7.8644,3427200.0
2008-07-10,7.9513,7.973,7.6126,7.643,3522200.0
2008-07-11,7.6039,7.6126,7.1696,7.4432,4154600.0
2008-07-14,7.4606,7.5214,7.3173,7.4085,2955600.0
2008-07-15,7.3129,7.4432,6.9308,7.3737,3775200.0
2008-07-16,7.3737,7.6169,7.2738,7.6126,2477200.0
2008-07-17,7.6126,7.7559,7.3607,7.5344,4064200.0
2008-07-18,7.5127,7.5648,7.4215,7.4953,1988000.0
2008-07-21,7.53,7.656,7.4171,7.53,1725600.0
2008-07-22,7.4345,7.5604,7.4171,7.5604,1648000.0
2008-07-23,7.5387,7.6256,7.4258,7.504,2797800.0
2008-07-24,7.504,7.5518,7.2087,7.2217,2114800.0
2008-07-25,7.1913,7.5518,7.1696,7.4866,3108000.0
2008-07-28,7.4606,7.5604,7.3477,7.4693,2845600.0
2008-07-29,7.4215,7.5995,7.3694,7.5865,2141000.0
2008-07-30,7.656,7.7776,7.5735,7.7341,2897200.0
2008-07-31,8.1988,9.38,8.1988,8.9023,10311000.0
2008-08-01,8.8676,8.937,8.5896,8.7373,5938400.0
2008-08-04,8.7069,8.8502,8.5202,8.5896,3134600.0
2008-08-05,8.6852,8.9327,8.5766,8.9066,2429000.0
2008-08-06,8.9457,9.2975,8.924,9.2497,3079200.0
2008-08-07,9.2584,9.2931,8.9414,8.9892,2680200.0
2008-08-08,9.0239,9.1498,8.8328,8.9892,2499000.0
2008-08-11,9.0109,9.2497,8.9457,9.1107,1372600.0
2008-08-12,9.0717,9.3366,9.0326,9.3149,2699800.0
2008-08-13,9.3366,9.3366,9.0717,9.1368,2778200.0
2008-08-14,9.089,9.3409,9.089,9.2931,2311200.0
2008-08-15,9.2584,9.3192,8.7981,8.9066,1800800.0
2008-08-18,9.0282,9.076,8.7633,8.8241,1179200.0
2008-08-19,8.8545,8.8589,8.6417,8.6678,3043400.0
2008-08-20,8.6635,8.7981,8.4507,8.5636,1862200.0
2008-08-21,8.5636,8.6635,8.3769,8.5115,2607400.0
2008-08-22,8.4898,8.607,8.4637,8.5549,924600.0
2008-08-25,8.4854,8.5766,8.3855,8.4898,2074200.0
2008-08-26,8.3986,8.5419,8.3421,8.3682,1649400.0
2008-08-27,8.4811,8.6331,8.3465,8.4116,2857800.0
2008-08-28,8.5245,8.6114,7.6169,7.8775,6485400.0
2008-08-29,7.8688,8.2162,7.8644,8.1337,2569400.0
2008-09-02,8.2857,8.3769,8.0642,8.0729,2117200.0
2008-09-03,8.0294,8.1337,7.7472,7.8601,2344000.0
2008-09-04,7.8384,7.9035,7.6473,7.6734,4260600.0
2008-09-05,7.669,7.7602,7.4475,7.5691,2359800.0
2008-09-08,7.669,7.8167,7.5431,7.5952,3038000.0
2008-09-09,7.656,7.6734,7.022,7.0567,3830800.0
2008-09-10,7.174,7.4693,7.174,7.4128,2736000.0
2008-09-11,7.2565,7.8775,7.2348,7.7949,5454800.0
2008-09-12,7.6864,7.8253,7.6647,7.8253,2530200.0
2008-09-15,7.7211,7.8167,7.504,7.6994,2236600.0
2008-09-16,7.6126,7.8384,7.5561,7.8384,4320800.0
2008-09-17,7.7819,7.821,7.4171,7.7732,4290800.0
2008-09-18,7.8601,7.8601,7.4823,7.7645,3746000.0
2008-09-19,7.4953,7.9556,7.4736,7.682,5512000.0
2008-09-22,7.4823,7.6299,7.339,7.4736,3321800.0
2008-09-23,7.4779,7.7255,7.3433,7.643,2831800.0
2008-09-24,7.6473,7.7645,7.5474,7.5561,1693600.0
2008-09-25,7.5865,7.8427,7.4432,7.7168,1943600.0
2008-09-26,7.4779,7.8036,7.4432,7.7776,1637200.0
2008-09-29,7.656,7.6951,7.491,7.682,2240800.0
2008-09-30,7.7298,7.8731,7.2955,7.3694,2747600.0
2008-10-01,7.3173,7.339,6.9134,6.9481,2646200.0
2008-10-02,6.9351,6.9525,6.4574,6.4922,2465000.0
2008-10-03,6.5443,6.8135,6.2968,6.3098,2740200.0
2008-10-06,6.236,6.236,5.8017,6.0188,2838600.0
2008-10-07,5.78,6.236,5.6497,5.6497,2257000.0
2008-10-08,5.5759,5.945,5.3718,5.7496,2929400.0
2008-10-09,5.767,6.1665,5.7452,5.806,4357800.0
2008-10-10,5.6714,6.1665,5.4282,6.0362,3705800.0
2008-10-13,6.2229,6.6746,6.097,6.4791,4003600.0
2008-10-14,6.6789,7.035,6.2968,6.3923,2545000.0
2008-10-15,6.3141,6.3358,5.8495,5.8712,1691800.0
2008-10-16,5.9754,6.2229,5.5281,6.1708,3608400.0
2008-10-17,6.0883,6.4183,6.0319,6.3662,2137800.0
2008-10-20,6.3793,6.6224,6.3793,6.5834,1826000.0
2008-10-21,6.5573,6.7397,6.414,6.4357,2339400.0
2008-10-22,6.4183,6.4183,6.0362,6.2273,2659800.0
2008-10-23,6.2533,6.2577,5.4456,5.6454,3587600.0
2008-10-24,5.4239,5.4239,5.0113,5.2545,4517800.0
2008-10-27,5.0678,5.1416,4.2688,4.3947,7338800.0
2008-10-28,4.6987,5.0461,4.3904,4.9766,4738000.0
2008-10-29,5.0548,5.3327,4.9505,5.1937,2772600.0
2008-10-30,4.7899,4.8811,4.2601,4.8637,16938000.0
2008-10-31,4.7378,5.007,4.5727,4.9679,2922600.0
2008-11-03,4.9506,5.172,4.703,4.994,2691000.0
2008-11-04,5.0852,5.2762,4.8246,5.2285,2745600.0
2008-11-05,5.1547,5.298,4.9505,5.1025,2240200.0
2008-11-06,5.02,5.1112,4.8811,4.9071,2427200.0
2008-11-07,4.8984,4.9766,4.7508,4.8984,1586400.0
2008-11-10,4.9896,5.0244,4.7204,4.7855,1599400.0
2008-11-11,4.7204,4.7204,4.3686,4.4251,2293400.0
2008-11-12,4.4251,4.4251,4.1081,4.1906,3342000.0
2008-11-13,4.208,4.5945,3.9952,4.5901,2829200.0
2008-11-14,4.5076,4.5076,4.2123,4.2297,1737400.0
2008-11-17,4.2297,4.3339,4.2036,4.2167,2941200.0
2008-11-18,4.2514,4.3165,4.0169,4.1776,2755400.0
2008-11-19,4.1515,4.2427,3.9604,3.9604,1468400.0
2008-11-20,4.0907,4.1428,3.8432,3.9127,3243000.0
2008-11-21,3.9474,3.9778,3.7781,3.9387,3695800.0
2008-11-24,4.0343,4.4642,4.0299,4.4164,3380600.0
2008-11-25,4.4772,4.5467,4.3339,4.538,1665200.0
2008-11-26,4.4208,4.6509,4.386,4.551,2239400.0
2008-11-28,4.5597,4.6249,4.4642,4.525,598800.0
2008-12-01,4.4598,4.5554,4.2861,4.3035,2457200.0
2008-12-02,4.3252,4.3426,3.9387,4.0299,2618800.0
2008-12-03,3.9952,4.069,3.7954,3.8996,3766200.0
2008-12-04,3.8866,4.0126,3.7998,3.8562,3578400.0
2008-12-05,3.8171,4.0994,3.8171,4.082,2564600.0
2008-12-08,4.1385,4.3904,4.1385,4.3513,2719400.0
2008-12-09,4.3035,4.4989,4.2774,4.3209,1425600.0
2008-12-10,4.373,4.4598,4.2644,4.3426,1360400.0
2008-12-11,4.2775,4.3209,4.0907,4.1689,1517800.0
2008-12-12,4.056,4.4381,3.9778,4.4294,3093000.0
2008-12-15,4.4294,4.5597,4.3513,4.4729,2247200.0
2008-12-16,4.5119,4.5641,4.4208,4.5119,1676400.0
2008-12-17,4.4294,4.5641,4.373,4.3947,2455400.0
2008-12-18,4.386,4.4642,4.3252,4.3643,2034600.0
2008-12-19,4.4294,4.8333,4.3904,4.7595,4802800.0
2008-12-22,4.7986,5.2198,4.7899,5.0113,32349400.0
2008-12-23,5.0113,5.1286,4.9592,4.994,4735800.0
2008-12-24,5.0113,5.0331,4.8941,4.9202,1430400.0
2008-12-26,4.9592,5.02,4.7986,5.02,853600.0
2008-12-29,5.0504,5.0982,4.9288,4.9679,1488800.0
2008-12-30,5.0157,5.0157,4.8507,4.9419,2326800.0
2008-12-31,4.9592,5.159,4.9202,5.0635,3004000.0
2009-01-02,4.8072,5.3935,4.8072,5.3718,1773000.0
2009-01-05,5.3457,5.4499,5.2068,5.4499,1958600.0
2009-01-06,5.4282,5.8799,5.4282,5.78,2429000.0
2009-01-07,5.6801,5.7105,5.4109,5.4803,2225400.0
2009-01-08,5.4456,5.5889,5.4239,5.5802,2077400.0
2009-01-09,5.5238,5.5281,4.855,5.007,3884800.0
2009-01-12,4.9809,5.02,4.8116,4.8984,2524800.0
2009-01-13,4.9028,5.0417,4.8159,4.9983,2101200.0
2009-01-14,4.8159,4.9202,4.6987,4.7682,3511400.0
2009-01-15,4.7768,5.0331,4.6857,4.9679,2203400.0
2009-01-16,5.0331,5.3153,4.9636,5.2285,2725600.0
2009-01-20,5.1937,5.3414,4.9462,4.9506,2815600.0
2009-01-21,4.9853,5.0157,4.7942,5.007,1655600.0
2009-01-22,4.9592,5.0157,4.7551,4.8984,1450600.0
2009-01-23,4.8072,4.994,4.6683,4.9679,2122600.0
2009-01-26,4.9506,5.0635,4.8767,4.9245,2088000.0
2009-01-27,4.9071,5.0287,4.8333,4.9028,1527200.0
2009-01-28,4.9332,5.1069,4.9332,5.0027,2003400.0
2009-01-29,4.9332,5.1329,4.9245,5.1243,2373400.0
2009-01-30,5.1329,5.1894,4.9809,5.0157,1764200.0
2009-02-02,4.9766,5.3153,4.9592,5.2806,2046800.0
2009-02-03,5.2762,5.3457,5.1894,5.3066,1923000.0
2009-02-04,5.2936,5.5672,5.2632,5.337,1118200.0
2009-02-05,5.311,5.5585,5.2676,5.5064,1752400.0
2009-02-06,5.5194,5.7322,5.463,5.641,2159400.0
2009-02-09,5.6454,5.7235,5.5802,5.6714,1841200.0
2009-02-10,5.6193,5.7496,5.4152,5.463,1987000.0
2009-02-11,5.4456,5.5194,5.2502,5.2676,1535600.0
2009-02-12,5.2719,5.4022,5.1547,5.3805,1884600.0
2009-02-13,5.4022,5.4413,5.1025,5.2936,1432600.0
2009-02-17,5.1807,5.3197,5.1243,5.2415,1309800.0
2009-02-18,5.2241,5.2676,5.172,5.2285,3151400.0
2009-02-19,5.2285,5.2632,5.1112,5.2024,4121200.0
2009-02-20,5.146,5.2806,5.0461,5.2198,3507000.0
2009-02-23,5.2198,5.2936,4.7986,4.8376,2246400.0
2009-02-24,4.855,4.9071,4.6683,4.703,4352400.0
2009-02-25,4.703,4.9809,4.703,4.9679,4034800.0
2009-02-26,4.9896,5.2415,4.8333,5.2068,5413600.0
2009-02-27,5.2545,6.1057,5.1199,5.8625,6437200.0
2009-03-02,5.7974,5.9016,5.6714,5.7583,4418600.0
2009-03-03,5.7974,5.8842,5.628,5.6367,2889600.0
2009-03-04,5.6888,5.9884,5.6019,5.8625,3022800.0
2009-03-05,5.8104,5.9189,5.6019,5.641,2048000.0
2009-03-06,5.6627,5.8321,5.2068,5.298,4670600.0
2009-03-09,5.2762,5.4543,5.2762,5.3805,3833800.0
2009-03-10,5.4803,5.6844,5.2328,5.654,2550400.0
2009-03-11,5.7018,5.7496,5.6063,5.6367,3424600.0
2009-03-12,5.6584,5.7496,5.5542,5.654,3419600.0
2009-03-13,5.6844,5.7366,5.5976,5.6975,2908200.0
2009-03-16,5.7626,6.0623,5.6975,5.9884,2664000.0
2009-03-17,5.945,6.084,5.8712,6.084,2167800.0
2009-03-18,6.0796,6.2794,5.9407,6.2316,2692600.0
2009-03-19,6.249,6.3879,6.097,6.2186,2267800.0
2009-03-20,6.2273,6.414,6.1708,6.2316,2000600.0
2009-03-23,6.3575,6.5356,6.2403,6.5356,1868600.0
2009-03-24,6.4444,6.6051,6.3966,6.4922,2140200.0
2009-03-25,6.4965,6.5703,6.0579,6.1925,2441600.0
2009-03-26,6.249,6.5399,6.2403,6.4922,4012600.0
2009-03-27,6.4227,6.5356,6.3575,6.4487,2287200.0
2009-03-30,6.3185,6.3185,6.0796,6.2056,1407800.0
2009-03-31,6.2316,6.3185,6.1187,6.1969,1752800.0
2009-04-01,6.1144,6.2229,6.0362,6.2099,3810800.0
2009-04-02,6.2924,6.9308,6.2924,6.553,4228800.0
2009-04-03,6.5834,6.7614,6.566,6.7397,1947200.0
2009-04-06,6.6138,6.744,6.4661,6.6051,1108000.0
2009-04-07,6.5139,6.6528,6.4878,6.5573,1162600.0
2009-04-08,6.6051,6.7397,6.5356,6.731,1445400.0
2009-04-09,6.8483,7.0003,6.7875,6.9916,1941400.0
2009-04-13,6.9047,6.9916,6.7788,6.9699,1543400.0
2009-04-14,6.9395,7.0046,6.8439,6.8656,1018400.0
2009-04-15,6.9264,6.9612,6.8135,6.9438,1847800.0
2009-04-16,7.022,7.1826,6.9612,7.1522,1753800.0
2009-04-17,7.1479,7.2695,7.061,7.1566,1713200.0
2009-04-20,7.0263,7.0871,6.9047,7.0046,1203000.0
2009-04-21,6.9916,7.1653,6.9481,6.9916,2456600.0
2009-04-22,6.9438,7.174,6.9091,7.1001,1894800.0
2009-04-23,7.0654,7.1696,6.9829,7.0741,1730200.0
2009-04-24,7.1479,7.2,6.9742,7.1305,2368000.0
2009-04-27,7.035,7.1653,6.8396,6.9438,2413000.0
2009-04-28,6.9134,7.0524,6.7788,6.7788,2050200.0
2009-04-29,6.8569,7.1132,6.8005,7.1001,2979400.0
2009-04-30,7.2695,7.5691,7.1132,7.3737,2284800.0
2009-05-01,7.3346,7.5995,7.2217,7.517,1653600.0
2009-05-04,7.5995,7.643,7.4649,7.5214,1867600.0
2009-05-05,7.5518,7.6473,7.4779,7.6212,1874000.0
2009-05-06,7.6082,7.6647,7.3911,7.4779,2595800.0
2009-05-07,7.5214,7.5604,7.174,7.2087,1693000.0
2009-05-08,7.3216,7.4866,7.0914,7.2044,1742000.0
2009-05-11,7.1218,7.1783,6.9872,7.0133,2165800.0
2009-05-12,7.2521,7.2521,6.7093,6.7701,1874000.0
2009-05-13,6.744,6.7918,6.4791,6.6268,2726000.0
2009-05-14,6.6311,6.7875,6.579,6.6138,1603600.0
2009-05-15,6.5617,6.6702,6.5269,6.6224,1497800.0
2009-05-18,6.6268,6.8135,6.6007,6.7875,1740600.0
2009-05-19,6.6702,6.7527,6.553,6.6789,2067200.0
2009-05-20,6.6963,6.8787,6.6094,6.6398,1862800.0
2009-05-21,6.705,6.705,6.3923,6.5834,2050600.0
2009-05-22,6.6268,6.7354,6.5356,6.6485,1061800.0
2009-05-26,6.579,6.8613,6.5139,6.7961,1268400.0
2009-05-27,6.7961,6.9916,6.7136,6.7571,1679200.0
2009-05-28,6.7527,6.8179,6.5095,6.6659,1601000.0
2009-05-29,6.6615,6.7658,6.5617,6.6051,3882600.0
2009-06-01,6.7354,6.9177,6.718,6.8352,2349200.0
2009-06-02,6.7831,7.0524,6.7354,7.0046,2044200.0
2009-06-03,6.9395,7.0307,6.896,7.0003,1931200.0
2009-06-04,6.9829,7.0003,6.7962,6.9742,1695200.0
2009-06-05,7.0046,7.0654,6.8179,6.9742,1518600.0
2009-06-08,6.9742,6.9742,6.7223,6.8613,1471000.0
2009-06-09,6.896,7.022,6.8526,6.9438,916400.0
2009-06-10,6.9916,7.0567,6.7962,6.9091,1097600.0
2009-06-11,6.9525,7.1001,6.8352,6.9047,1488200.0
2009-06-12,6.9047,7.0263,6.731,6.8439,916200.0
2009-06-15,6.8092,6.9264,6.7006,6.8917,1838800.0
2009-06-16,6.9438,7.0046,6.7614,6.8135,1964000.0
2009-06-17,6.7875,7.0089,6.6789,6.8787,1980600.0
2009-06-18,6.8309,7.6212,6.8092,6.9221,1142800.0
2009-06-19,6.9525,7.035,6.8005,6.9699,2021200.0
2009-06-22,6.9177,7.0307,6.7354,6.7701,1399600.0
2009-06-23,6.7831,6.9004,6.6051,6.6398,1903400.0
2009-06-24,6.6832,6.9221,6.6832,6.8569,1446200.0
2009-06-25,6.8352,7.061,6.6832,7.061,1627400.0
2009-06-26,7.035,7.187,7.0133,7.0654,4866200.0
2009-06-29,7.0741,7.1609,6.9829,7.0784,1530800.0
2009-06-30,7.1045,7.2087,7.0176,7.1436,2010200.0
2009-07-01,7.213,7.2738,7.1132,7.1305,1579400.0
2009-07-02,7.0958,7.1305,6.8569,7.0437,1253600.0
2009-07-06,6.9829,7.061,6.8179,6.9047,1061800.0
2009-07-07,6.8656,6.9395,6.8005,6.8483,1216200.0
2009-07-08,6.896,6.896,6.6615,6.7571,1231200.0
2009-07-09,6.8048,6.8743,6.7354,6.8179,947800.0
2009-07-10,6.8048,6.9481,6.6398,6.8005,1515600.0
2009-07-13,6.7918,6.8569,6.6138,6.7788,1484400.0
2009-07-14,6.7744,6.9568,6.7744,6.9134,1192000.0
2009-07-15,6.9742,7.1001,6.9395,7.0567,1127200.0
2009-07-16,7.0393,7.2521,6.9785,7.1696,1559600.0
2009-07-17,7.1913,7.2521,7.0828,7.2217,758800.0
2009-07-20,7.3824,7.821,7.3694,7.8123,3061600.0
2009-07-21,7.7602,7.8688,7.5604,7.6777,1239800.0
2009-07-22,7.6777,7.7993,7.5908,7.7211,875400.0
2009-07-23,7.7124,7.999,7.6082,7.96,1774000.0
2009-07-24,7.8036,7.9339,7.6907,7.8992,1239800.0
2009-07-27,7.8861,7.9035,7.7472,7.8427,1062600.0
2009-07-28,7.8427,7.9513,7.7385,7.8384,961600.0
2009-07-29,7.8253,7.973,7.7472,7.8384,1110000.0
2009-07-30,7.7645,7.9035,7.4302,7.6256,2699000.0
2009-07-31,7.5865,7.8297,7.4997,7.7906,1524800.0
2009-08-03,7.8167,7.8514,7.5995,7.7298,1140600.0
2009-08-04,7.682,7.8297,7.6126,7.8167,898800.0
2009-08-05,7.8167,7.8167,7.6777,7.7515,970800.0
2009-08-06,7.7472,7.7949,7.6039,7.6994,955200.0
2009-08-07,7.7906,7.821,7.7168,7.8167,945400.0
2009-08-10,7.7645,7.8123,7.682,7.7863,992000.0
2009-08-11,7.7428,7.7732,7.5431,7.656,1069200.0
2009-08-12,7.6299,7.7515,7.5865,7.6082,720800.0
2009-08-13,7.4866,7.7385,7.3563,7.7211,1567400.0
2009-08-14,7.6907,7.808,7.5387,7.6603,879200.0
2009-08-17,7.5952,7.7949,7.2434,7.2608,1302200.0
2009-08-18,7.5865,7.5865,7.2174,7.2912,851200.0
2009-08-19,7.2304,7.5561,7.2087,7.5127,1049200.0
2009-08-20,7.517,7.8167,7.3737,7.7602,1191800.0
2009-08-21,7.7949,7.9079,7.682,7.8514,1667000.0
2009-08-24,7.8514,7.9209,7.7037,7.7168,1078400.0
2009-08-25,7.7689,7.8167,7.4866,7.53,1581800.0
2009-08-26,7.5344,7.643,7.491,7.517,693000.0
2009-08-27,7.5257,7.5518,7.3998,7.5127,782400.0
2009-08-28,7.5822,7.643,7.4128,7.5822,1344400.0
2009-08-31,7.5127,7.7863,7.4997,7.5387,1554600.0
2009-09-01,7.4866,7.6039,7.2261,7.2999,1382200.0
2009-09-02,7.2695,7.3781,7.1826,7.3086,844400.0
2009-09-03,7.3303,7.3477,7.2521,7.3173,683600.0
2009-09-04,7.3346,7.4779,7.2391,7.4215,464400.0
2009-09-08,7.4389,7.4996,7.3129,7.4736,521800.0
2009-09-09,7.4475,7.5778,7.3563,7.5127,479800.0
2009-09-10,7.517,7.5908,7.4389,7.53,558400.0
2009-09-11,7.517,7.669,7.4693,7.643,586600.0
2009-09-14,7.6212,7.8992,7.5865,7.8948,1077600.0
2009-09-15,8.0512,8.2596,7.9209,8.2596,2157200.0
2009-09-16,8.2509,8.3117,8.1858,8.303,1966800.0
2009-09-17,8.2509,8.3204,8.2422,8.2857,1023200.0
2009-09-18,8.2943,8.3161,8.1684,8.277,1271600.0
2009-09-21,8.1945,8.277,8.112,8.277,1265600.0
2009-09-22,8.2987,8.3421,8.2162,8.2553,839000.0
2009-09-23,8.3117,8.3508,8.0772,8.0772,1326200.0
2009-09-24,8.112,8.1424,7.9817,8.0077,890200.0
2009-09-25,7.9773,8.0989,7.9773,8.0251,829600.0
2009-09-28,8.0729,8.0859,7.9947,8.0381,765000.0
2009-09-29,8.0685,8.1293,8.0425,8.0902,1079600.0
2009-09-30,8.0598,8.1206,7.9035,8.0512,912600.0
2009-10-01,8.0512,8.1858,7.9643,8.138,1668400.0
2009-10-02,8.1293,8.2813,8.0642,8.0946,1215200.0
2009-10-05,8.1554,8.2726,7.9165,8.2726,854200.0
2009-10-06,8.2943,8.4767,8.151,8.2943,954200.0
2009-10-07,8.2553,8.3465,8.1163,8.3465,1064400.0
2009-10-08,8.3725,8.5071,8.3074,8.455,1203000.0
2009-10-09,8.4203,8.5636,8.3769,8.5549,555800.0
2009-10-12,8.4376,8.4594,8.112,8.277,1074400.0
2009-10-13,8.2857,8.3117,8.125,8.2987,887600.0
2009-10-14,8.3465,8.4029,8.2249,8.2943,848200.0
2009-10-15,8.2292,8.3725,8.2292,8.3725,692200.0
2009-10-16,8.3161,8.3161,8.1771,8.2249,759800.0
2009-10-19,8.1901,8.2726,8.0989,8.1641,1068200.0
2009-10-20,8.1467,8.1597,7.8427,7.9426,1854600.0
2009-10-21,7.9556,8.0816,7.9122,7.973,1088400.0
2009-10-22,7.9947,8.1076,7.9079,8.0468,1587400.0
2009-10-23,8.0555,8.1076,7.9513,8.0598,866000.0
2009-10-26,8.0338,8.1554,7.9252,8.0338,1148600.0
2009-10-27,8.0251,8.0251,7.7211,7.7211,1680400.0
2009-10-28,7.7602,7.7906,7.339,7.339,1579600.0
2009-10-29,7.7906,7.8992,7.4519,7.7341,1842800.0
2009-10-30,7.6864,7.7819,7.4736,7.4997,1450400.0
2009-11-02,7.3259,7.5561,7.1653,7.5214,1376800.0
2009-11-03,7.5083,7.821,7.4562,7.8167,1042800.0
2009-11-04,7.8601,7.8818,7.5822,7.5908,1704200.0
2009-11-05,7.6777,7.6777,7.4736,7.5127,1574800.0
2009-11-06,7.491,7.5604,7.3477,7.4779,973600.0
2009-11-09,7.5387,7.6907,7.4823,7.6864,851800.0
2009-11-10,7.6603,7.7863,7.6082,7.7515,1005400.0
2009-11-11,7.8167,7.9079,7.7472,7.8601,1059000.0
2009-11-12,7.821,7.9296,7.7037,7.7255,1110600.0
2009-11-13,7.7038,7.8167,7.6386,7.7819,937400.0
2009-11-16,7.8167,8.0208,7.7515,8.0034,1154600.0
2009-11-17,7.9426,8.0816,7.9209,8.0512,1132800.0
2009-11-18,8.0555,8.0772,7.8775,7.8818,1314600.0
2009-11-19,7.8167,7.8471,7.682,7.8123,841200.0
2009-11-20,7.7515,7.8471,7.682,7.7428,619400.0
2009-11-23,7.8167,7.8688,7.7645,7.8297,814400.0
2009-11-24,7.8167,7.8775,7.7081,7.8253,789000.0
2009-11-25,7.8167,7.8427,7.7559,7.8253,595200.0
2009-11-27,7.6386,7.7863,7.4953,7.6212,626000.0
2009-11-30,7.5995,7.5995,7.4085,7.5691,861800.0
2009-12-01,7.5952,7.7428,7.5952,7.7255,672000.0
2009-12-02,7.7428,7.9252,7.682,7.9079,1327400.0
2009-12-03,7.9165,8.0685,7.9165,8.0121,1067800.0
2009-12-04,8.0642,8.2162,7.9947,8.1597,1128000.0
2009-12-07,8.1033,8.1771,8.0685,8.0989,1206800.0
2009-12-08,8.0121,8.0772,7.9079,7.999,1456200.0
2009-12-09,7.973,8.0989,7.8818,8.0077,959200.0
2009-12-10,8.0512,8.0989,7.9686,8.0642,1035200.0
2009-12-11,8.125,8.138,7.9817,8.0294,519600.0
2009-12-14,8.0685,8.125,7.986,8.125,637800.0
2009-12-15,8.1206,8.3247,8.0468,8.3247,1111200.0
2009-12-16,8.3465,8.3595,8.2422,8.2857,1105200.0
2009-12-17,8.2162,8.2379,8.0989,8.1945,500000.0
2009-12-18,8.2031,8.3682,8.138,8.3421,2840200.0
2009-12-21,8.4073,8.468,8.2943,8.3682,820200.0
2009-12-22,8.4029,8.4724,8.2987,8.468,740800.0
2009-12-23,8.5028,8.5288,8.3725,8.5071,764800.0
2009-12-24,8.4984,8.581,8.4246,8.5592,177400.0
2009-12-28,8.5983,8.6895,8.581,8.6895,830400.0
2009-12-29,8.7069,8.7069,8.5766,8.581,657600.0
2009-12-30,8.5723,8.6939,8.5723,8.6852,596800.0
2009-12-31,8.7069,8.7156,8.5071,8.5071,1009400.0
2010-01-04,8.5462,8.7851,8.4767,8.5506,1656200.0
2010-01-05,8.5202,8.6114,8.4594,8.6114,709200.0
2010-01-06,8.4463,8.6114,8.4029,8.5983,968400.0
2010-01-07,8.6504,8.6678,8.5506,8.6157,1031200.0
2010-01-08,8.6157,8.746,8.594,8.746,748400.0
2010-01-11,8.7981,8.924,8.759,8.9197,1028800.0
2010-01-12,8.9023,8.937,8.7416,8.8502,758600.0
2010-01-13,8.8415,8.8459,8.6895,8.8068,1241600.0
2010-01-14,8.8024,8.8502,8.6765,8.6939,1053000.0
2010-01-15,8.7112,8.7416,8.6461,8.6808,1202400.0
2010-01-19,8.924,8.9327,8.5853,8.6852,1172400.0
2010-01-20,8.7243,8.937,8.6244,8.6808,2606800.0
2010-01-21,8.7373,8.8372,8.5506,8.62,1555600.0
2010-01-22,8.6374,8.6374,8.4203,8.5158,1215400.0
2010-01-25,8.581,8.6244,8.4637,8.5592,1032400.0
2010-01-26,8.5549,8.5636,8.4159,8.429,1015000.0
2010-01-27,8.3769,8.4203,8.3161,8.3682,1058800.0
2010-01-28,8.3508,8.3508,8.1988,8.2292,607400.0
2010-01-29,8.2509,8.2987,8.0989,8.1424,1096400.0
2010-02-01,8.1467,8.1641,8.0338,8.0989,1320600.0
2010-02-02,8.0729,8.3204,8.0077,8.2075,1556200.0
2010-02-03,8.1988,8.2335,8.0208,8.0772,1496000.0
2010-02-04,8.0338,8.0902,7.8253,7.9556,1411800.0
2010-02-05,7.9209,7.9773,7.834,7.9773,874200.0
2010-02-08,7.9469,8.0598,7.8818,7.8818,638000.0
2010-02-09,7.973,8.0729,7.8861,8.0034,460000.0
2010-02-10,7.973,8.0512,7.8818,8.0338,860000.0
2010-02-11,8.0034,8.0729,7.9426,8.0685,637600.0
2010-02-12,7.9947,8.1771,7.9122,8.1771,1235200.0
2010-02-16,8.1988,8.2553,8.1424,8.1728,780400.0
2010-02-17,8.1597,8.2596,8.1597,8.1814,835000.0
2010-02-18,8.2075,8.2422,8.1727,8.1988,813400.0
2010-02-19,8.2032,8.2292,8.1337,8.1728,700400.0
2010-02-22,8.2118,8.3117,8.1293,8.1424,577000.0
2010-02-23,8.112,8.2118,8.0425,8.0598,703400.0
2010-02-24,8.0816,8.2422,8.0294,8.2249,843600.0
2010-02-25,8.1684,8.2466,8.0598,8.2249,1330800.0
2010-02-26,8.277,8.3812,8.1901,8.3161,2193800.0
2010-03-01,8.3247,8.468,8.2943,8.4116,1909000.0
2010-03-02,8.3899,8.6027,8.3465,8.5766,1126000.0
2010-03-03,8.607,8.7199,8.4854,8.6417,1053600.0
2010-03-04,8.6417,8.7677,8.6157,8.6374,1385400.0
2010-03-05,8.6939,8.7677,8.6635,8.7547,1313800.0
2010-03-08,8.746,8.8502,8.6852,8.7764,1110400.0
2010-03-09,8.772,9.0109,8.7329,8.937,1392800.0
2010-03-10,8.9066,8.9284,8.7851,8.924,2532000.0
2010-03-11,8.8719,9.0152,8.8459,9.0152,1377800.0
2010-03-12,9.0109,9.0456,8.8936,8.9935,1268200.0
2010-03-15,8.9935,9.076,8.8719,8.9457,938200.0
2010-03-16,8.937,9.0282,8.8719,8.9674,1131000.0
2010-03-17,9.0109,9.0326,8.8459,8.8589,1386000.0
2010-03-18,8.8502,8.898,8.7981,8.8372,1134000.0
2010-03-19,8.7286,8.8719,8.62,8.7286,2797200.0
2010-03-22,8.6852,8.8849,8.6504,8.8415,1497600.0
2010-03-23,8.8676,8.9544,8.7243,8.8936,1850600.0
2010-03-24,8.8502,8.8849,8.7156,8.7677,873200.0
2010-03-25,8.8372,8.8762,8.6027,8.62,1489400.0
2010-03-26,8.6244,8.6635,8.4854,8.5202,1651400.0
2010-03-29,8.5375,8.7025,8.4854,8.6982,1125000.0
2010-03-30,8.6678,8.8111,8.6678,8.7677,1112000.0
2010-03-31,8.772,8.9023,8.7329,8.8155,1269000.0
2010-04-01,8.8676,8.9718,8.7633,8.8328,1623200.0
2010-04-05,8.8372,8.8372,8.6939,8.7764,961600.0
2010-04-06,8.7199,8.8024,8.6895,8.7503,1280400.0
2010-04-07,8.7764,8.8372,8.6982,8.7547,1312400.0
2010-04-08,8.7503,8.7807,8.6157,8.7373,1126800.0
2010-04-09,8.7112,8.772,8.6331,8.7677,1096800.0
2010-04-12,8.8111,8.9023,8.7243,8.8632,1097200.0
2010-04-13,8.8589,8.8849,8.6461,8.8285,1036600.0
2010-04-14,8.8415,8.911,8.759,8.9066,716200.0
2010-04-15,8.8719,9.0369,8.8502,8.9892,916200.0
2010-04-16,8.9544,9.0196,8.8198,8.8719,526000.0
2010-04-19,8.8806,8.9674,8.7981,8.937,639800.0
2010-04-20,8.9805,9.063,8.911,9.0413,800600.0
2010-04-21,9.0456,9.0977,8.8893,9.0152,1368200.0
2010-04-22,8.937,9.1238,8.8632,9.1238,1263000.0
2010-04-23,9.1194,9.3018,9.0543,9.3018,863600.0
2010-04-26,9.2671,9.4364,9.1976,9.367,1470200.0
2010-04-27,9.2845,9.4234,9.1411,9.1802,1194800.0
2010-04-28,9.2106,9.2888,9.0934,9.2063,812200.0
2010-04-29,9.519,9.5537,9.089,9.1976,2029000.0
2010-04-30,9.241,9.3322,9.1151,9.1498,1657400.0
2010-05-03,9.2019,9.2845,9.0717,9.2193,1801000.0
2010-05-04,9.1194,9.1325,8.7764,8.8676,1393200.0
2010-05-05,8.8502,8.9805,8.6982,8.7373,1268800.0
2010-05-06,8.7199,8.8632,8.0338,8.4333,1648200.0
2010-05-07,8.3986,8.3986,8.0512,8.0902,1583000.0
2010-05-10,8.4072,8.9761,8.4072,8.5723,1140800.0
2010-05-11,8.4811,8.7025,8.3378,8.5636,855800.0
2010-05-12,8.6027,8.8024,8.4507,8.7894,1099800.0
2010-05-13,8.7503,8.8372,8.594,8.6374,722600.0
2010-05-14,8.5766,8.6114,8.2509,8.2987,1189400.0
2010-05-17,8.3117,8.3812,8.0381,8.2292,1205200.0
2010-05-18,8.2943,8.3855,7.9426,8.0034,1521000.0
2010-05-19,7.96,8.0381,7.8036,7.9252,1793800.0
2010-05-20,7.7776,7.8167,7.5822,7.5995,2369800.0
2010-05-21,7.5344,7.9035,7.5344,7.821,2696400.0
2010-05-24,7.821,8.0077,7.7341,7.7949,1612200.0
2010-05-25,7.5735,7.9252,7.5083,7.9035,2605000.0
2010-05-26,7.9556,8.0512,7.7124,7.8601,2079800.0
2010-05-27,8.0208,8.2205,7.9947,8.0859,1437400.0
2010-05-28,8.0685,8.3421,7.9469,7.999,1571400.0
2010-06-01,7.973,8.2466,7.7602,7.7819,2164200.0
2010-06-02,7.7949,7.9426,7.7385,7.9339,2108400.0
2010-06-03,7.9904,8.1858,7.9252,8.0902,1216200.0
2010-06-04,7.9817,8.0642,7.8297,7.8601,1496800.0
2010-06-07,7.8688,7.9209,7.656,7.6647,1177000.0
2010-06-08,7.6994,7.7732,7.5865,7.6951,1285000.0
2010-06-09,7.7906,7.9339,7.682,7.7645,1226800.0
2010-06-10,7.8557,8.1033,7.8036,8.1033,1340400.0
2010-06-11,8.0121,8.2118,7.8905,8.1988,1204200.0
2010-06-14,8.2857,8.4029,8.1901,8.2118,844600.0
2010-06-15,8.2466,8.4507,8.2466,8.4072,658000.0
2010-06-16,8.3812,8.5115,8.3551,8.4203,712400.0
2010-06-17,8.4594,8.5723,8.3465,8.5506,1453800.0
2010-06-18,8.5679,8.5983,8.4507,8.581,1747400.0
2010-06-21,8.6808,8.7503,8.5419,8.5896,1326800.0
2010-06-22,8.6244,8.6852,8.429,8.4637,1391200.0
2010-06-23,8.4811,8.6548,8.4246,8.5506,1524200.0
2010-06-24,8.5506,8.7025,8.4203,8.5288,2114000.0
2010-06-25,8.5288,8.5723,8.3551,8.5071,2078000.0
2010-06-28,8.5506,8.6765,8.4898,8.5636,848600.0
2010-06-29,8.442,8.5115,8.2553,8.3161,1596400.0
2010-06-30,8.3247,8.5332,8.2857,8.3725,1561200.0
2010-07-01,8.3551,8.442,8.2205,8.3334,1817800.0
2010-07-02,8.3638,8.4029,8.2162,8.2249,1706600.0
2010-07-06,8.3465,8.4463,8.138,8.2596,2103200.0
2010-07-07,8.2987,8.581,8.2987,8.5766,1552600.0
2010-07-08,8.6635,8.7286,8.5419,8.6808,1108600.0
2010-07-09,8.6852,8.7894,8.6157,8.759,1198800.0
2010-07-12,8.7069,8.7981,8.6244,8.7633,850600.0
2010-07-13,8.8285,8.924,8.7633,8.8806,822000.0
2010-07-14,8.8806,9.0065,8.8024,8.9978,1156600.0
2010-07-15,8.9892,8.9935,8.8459,8.9631,610000.0
2010-07-16,8.898,8.9197,8.6461,8.6591,696400.0
2010-07-19,8.7025,8.7807,8.6331,8.746,844200.0
2010-07-20,8.6331,8.8806,8.594,8.8763,817400.0
2010-07-21,8.9066,8.9544,8.7416,8.7851,907400.0
2010-07-22,8.8415,9.063,8.759,9.0413,747400.0
2010-07-23,8.9892,9.1194,8.924,9.1064,1067200.0
2010-07-26,9.1064,9.1281,9.0282,9.1064,1068200.0
2010-07-27,9.1064,9.1281,8.9501,9.1238,1026800.0
2010-07-28,9.063,9.1585,8.9935,9.1194,1823200.0
2010-07-29,9.1325,9.1325,8.4073,8.5679,5654200.0
2010-07-30,8.4854,8.6635,8.3682,8.5896,1932000.0
2010-08-02,8.6895,8.8806,8.607,8.8676,1080400.0
2010-08-03,8.8502,8.8893,8.6113,8.759,1163200.0
2010-08-04,8.7937,8.8936,8.7851,8.8676,1338400.0
2010-08-05,8.7981,8.8676,8.7547,8.8024,834400.0
2010-08-06,8.6939,8.8198,8.6287,8.7764,885000.0
2010-08-09,8.8459,8.911,8.7633,8.9066,901200.0
2010-08-10,8.7981,8.8372,8.6982,8.746,816200.0
2010-08-11,8.6287,8.6287,8.4637,8.5028,955400.0
2010-08-12,8.3551,8.5028,8.2509,8.4637,555400.0
2010-08-13,8.4463,8.62,8.3682,8.4159,861000.0
2010-08-16,8.3421,8.4767,8.3204,8.4724,762600.0
2010-08-17,8.5332,8.6114,8.4941,8.5375,967400.0
2010-08-18,8.5462,8.5679,8.429,8.4984,1057200.0
2010-08-19,8.4333,8.4854,8.2639,8.3291,1052000.0
2010-08-20,8.2683,8.3769,8.1988,8.2813,822600.0
2010-08-23,8.3161,8.3465,8.1424,8.1684,675800.0
2010-08-24,8.0816,8.0816,7.9079,7.9122,1015800.0
2010-08-25,7.834,7.8557,7.7341,7.8123,1467600.0
2010-08-26,7.821,7.9035,7.8036,7.8688,1609800.0
2010-08-27,7.9469,8.0946,7.8036,8.0685,1445600.0
2010-08-30,7.9817,8.112,7.9556,8.0034,2366200.0
2010-08-31,8.0208,8.1076,7.9383,8.0772,2136000.0
2010-09-01,8.2379,8.4941,8.1901,8.3942,1386200.0
2010-09-02,8.3769,8.5288,8.3508,8.468,958600.0
2010-09-03,8.5896,8.7503,8.5506,8.7112,1016400.0
2010-09-07,8.9674,8.9761,8.4898,8.4898,738200.0
2010-09-08,8.4898,8.607,8.3942,8.5636,769200.0
2010-09-09,8.6548,8.6808,8.5549,8.6114,641000.0
2010-09-10,8.607,8.607,8.455,8.4941,654600.0
2010-09-13,8.5506,8.6982,8.4984,8.6548,816000.0
2010-09-14,8.6548,8.7025,8.6331,8.6331,1158400.0
2010-09-15,8.594,8.7503,8.581,8.6721,1074200.0
2010-09-16,8.6765,8.7112,8.5419,8.6765,482800.0
2010-09-17,8.6678,8.6895,8.5766,8.607,1206200.0
2010-09-20,8.6591,8.9414,8.6591,8.924,1046600.0
2010-09-21,8.8849,9.0152,8.8589,8.9588,773200.0
2010-09-22,8.9588,9.0847,8.8763,9.0326,854600.0
2010-09-23,8.9023,8.9892,8.772,8.7981,535400.0
2010-09-24,8.9457,9.0717,8.9457,9.0326,612200.0
2010-09-27,9.076,9.1107,8.9631,9.0065,748800.0
2010-09-28,9.0065,9.0717,8.6895,8.759,2054400.0
2010-09-29,8.772,8.9284,8.7416,8.9284,1191600.0
2010-09-30,9.0065,9.1585,8.9153,9.0326,1756200.0
2010-10-01,9.1368,9.1368,8.8198,9.0196,995600.0
2010-10-04,9.0152,9.0543,8.8198,8.8676,442000.0
2010-10-05,8.9718,9.1455,8.9414,9.0977,674000.0
2010-10-06,9.1194,9.1542,8.9805,9.0543,531400.0
2010-10-07,9.1107,9.1107,9.0022,9.0673,373000.0
2010-10-08,9.089,9.1585,9.0022,9.1238,818800.0
2010-10-11,9.0934,9.2497,9.05,9.1933,448200.0
2010-10-12,9.1846,9.2888,9.0934,9.2454,502600.0
2010-10-13,9.3149,9.4321,9.2845,9.38,1890600.0
2010-10-14,9.38,9.4668,9.2758,9.3496,736400.0
2010-10-15,9.4538,9.5146,9.3496,9.5016,981400.0
2010-10-18,9.5276,9.532,9.4451,9.5016,726800.0
2010-10-19,9.3452,9.5059,9.2758,9.3496,694000.0
2010-10-20,9.4104,9.5841,9.3409,9.5059,1098400.0
2010-10-21,9.5233,9.6579,9.4451,9.4886,795800.0
2010-10-22,9.5233,9.5754,9.4495,9.532,407200.0
2010-10-25,9.6145,9.6536,9.4755,9.558,735800.0
2010-10-26,9.5103,9.5971,9.3974,9.5363,1109400.0
2010-10-27,9.4278,9.545,9.3409,9.38,1202000.0
2010-10-28,9.4147,9.6319,9.4147,9.5537,1146400.0
2010-10-29,9.5363,9.5537,9.406,9.4451,1327800.0
2010-11-01,9.4451,9.4799,9.3409,9.4451,1423600.0
2010-11-02,9.4538,9.5537,9.4017,9.5363,1332200.0
2010-11-03,9.5797,9.5797,9.4538,9.5494,1354400.0
2010-11-04,9.6101,9.7491,9.519,9.7491,1761000.0
2010-11-05,9.7274,9.8403,9.7057,9.8099,774600.0
2010-11-08,9.7839,9.8403,9.71,9.7404,978200.0
2010-11-09,9.7578,9.8142,9.6623,9.6796,968800.0
2010-11-10,9.71,9.8142,9.5884,9.7969,978000.0
2010-11-11,9.7317,9.9185,9.7057,9.9054,1364000.0
2010-11-12,9.8707,9.9576,9.7925,9.7925,1000000.0
2010-11-15,9.8229,9.9011,9.6796,9.6927,878400.0
2010-11-16,9.6232,9.7665,9.4582,9.532,1427600.0
2010-11-17,9.5624,9.6579,9.5016,9.6101,699200.0
2010-11-18,9.7187,9.7795,9.6449,9.697,1097400.0
2010-11-19,9.6927,9.7013,9.5059,9.5276,1489200.0
2010-11-22,9.4668,9.532,9.3366,9.4625,1740000.0
2010-11-23,9.3496,9.4625,9.2714,9.3235,1445000.0
2010-11-24,9.4234,9.5103,9.3192,9.4538,1570000.0
2010-11-26,9.38,9.5537,9.38,9.4886,594800.0
2010-11-29,9.406,9.4234,9.1238,9.2627,1596400.0
2010-11-30,9.1629,9.4104,9.076,9.3713,1667400.0
2010-12-01,9.5016,9.6015,9.4886,9.5276,1584200.0
2010-12-02,9.558,9.6449,9.532,9.5407,1389000.0
2010-12-03,9.545,9.6058,9.5407,9.5711,1111200.0
2010-12-06,9.5754,9.7795,9.5363,9.7795,1200400.0
2010-12-07,9.8186,9.8707,9.6536,9.7144,1501200.0
2010-12-08,9.7491,9.8099,9.7057,9.7621,928600.0
2010-12-09,9.7838,9.8837,9.7621,9.7838,1470600.0
2010-12-10,9.7925,9.8968,9.7361,9.8924,846200.0
2010-12-13,9.9141,10.0053,9.875,9.9011,783200.0
2010-12-14,9.9662,10.0922,9.8533,10.0053,1123600.0
2010-12-15,10.0227,10.0922,9.9054,9.9228,1052400.0
2010-12-16,9.9706,10.0705,9.8664,10.0053,594600.0
2010-12-17,10.0357,10.0357,9.9141,9.9402,1956400.0
2010-12-20,9.9662,9.988,9.8446,9.8664,1090800.0
2010-12-21,9.8837,9.9662,9.849,9.9098,1193600.0
2010-12-22,9.8968,9.9793,9.8403,9.9228,699400.0
2010-12-23,9.9228,9.9706,9.7882,9.8186,682400.0
2010-12-27,9.8056,9.9098,9.7057,9.8968,881400.0
2010-12-28,9.9445,9.9793,9.7882,9.9706,721800.0
2010-12-29,9.9793,10.0748,9.9141,10.027,738200.0
2010-12-30,10.0574,10.1009,10.0314,10.0661,613600.0
2010-12-31,10.0357,10.0487,9.8577,9.8664,755800.0
2011-01-03,9.9836,10.1182,9.8924,10.0444,804600.0
2011-01-04,10.1095,10.1269,9.9272,10.0661,1028800.0
2011-01-05,10.0183,10.2832,9.9402,10.1009,1352800.0
2011-01-06,10.1226,10.2007,9.9358,9.9662,839200.0
2011-01-07,10.0184,10.027,9.8533,9.9836,824800.0
2011-01-10,9.9836,10.3136,9.9228,10.2832,1851200.0
2011-01-11,10.344,10.4743,10.3093,10.3484,952400.0
2011-01-12,10.4656,10.5047,10.3267,10.3484,484400.0
2011-01-13,10.331,10.4613,10.2832,10.3093,860200.0
2011-01-14,10.3136,10.3267,10.1139,10.1313,913200.0
2011-01-18,10.1443,10.2311,10.0835,10.2311,1581000.0
2011-01-19,10.2615,10.3136,10.1009,10.1486,1452400.0
2011-01-20,10.0748,10.2094,10.0401,10.1009,1152000.0
2011-01-21,10.1747,10.2311,10.0097,10.166,1037600.0
2011-01-24,10.1617,10.5047,10.1356,10.4483,1192000.0
2011-01-25,10.4439,10.5655,10.3744,10.5612,1133000.0
2011-01-26,10.635,10.7653,10.5481,10.5481,1257400.0
2011-01-27,10.5481,10.5481,10.4005,10.5047,875000.0
2011-01-28,10.4873,10.5525,10.2094,10.2876,1195200.0
2011-01-31,10.305,10.5047,10.2702,10.4917,1096800.0
2011-02-01,10.5221,10.7826,10.4266,10.7262,984800.0
2011-02-02,10.7175,10.7175,10.4439,10.5959,1483000.0
2011-02-03,10.5264,10.635,10.3223,10.483,893600.0
2011-02-04,10.5004,10.6697,10.4483,10.6089,714000.0
2011-02-07,10.648,10.8391,10.5655,10.7653,723000.0
2011-02-08,10.7479,10.8825,10.6958,10.8738,944400.0
2011-02-09,10.8261,10.965,10.7349,10.9173,1108600.0
2011-02-10,10.8912,11.0389,10.8565,11.0215,1090600.0
2011-02-11,11.0041,11.2299,10.9954,11.1735,913000.0
2011-02-14,11.2039,11.2126,11.1083,11.1691,570000.0
2011-02-15,11.1214,11.1474,11.0475,11.1083,656600.0
2011-02-16,10.6089,11.1908,10.6089,11.1344,891800.0
2011-02-17,11.1518,11.421,11.0519,11.3124,1127000.0
2011-02-18,11.2951,11.3124,11.2169,11.3038,1127200.0
2011-02-22,11.2082,11.3646,11.0606,11.1561,1372200.0
2011-02-23,11.2343,11.2647,10.7522,10.8348,2073600.0
2011-02-24,10.9998,11.1691,10.2572,10.3354,2626400.0
2011-02-25,10.4005,10.648,10.1964,10.2485,3108200.0
2011-02-28,10.2529,10.5959,10.2529,10.318,2642000.0
2011-03-01,10.3614,10.5872,10.1834,10.2051,1902400.0
2011-03-02,10.2051,10.3267,10.1486,10.2398,1466200.0
2011-03-03,10.3744,10.483,10.331,10.3918,1105800.0
2011-03-04,10.4266,10.4656,10.2659,10.3354,1986400.0
2011-03-07,10.3744,10.4526,10.1617,10.3614,2212600.0
2011-03-08,10.3875,10.5134,10.3093,10.3918,1599600.0
2011-03-09,10.3962,10.4092,10.2572,10.3354,1116400.0
2011-03-10,10.1921,10.2919,10.0878,10.1617,1289400.0
2011-03-11,10.1486,10.1486,10.0184,10.0618,1114000.0
2011-03-14,10.0314,10.0574,9.8707,9.988,1178000.0
2011-03-15,9.7535,9.9619,9.5537,9.8968,1597000.0
2011-03-16,9.836,9.9315,9.697,9.7057,1971600.0
2011-03-17,9.8186,9.9706,9.7274,9.8446,1406000.0
2011-03-18,9.9185,9.9836,9.8012,9.849,2169200.0
2011-03-21,9.9228,10.4048,9.9228,10.3484,1428400.0
2011-03-22,10.3788,10.3831,10.0835,10.0922,924000.0
2011-03-23,10.0922,10.2007,9.9315,10.001,1269800.0
2011-03-24,10.0357,10.0835,9.9619,10.0531,1451800.0
2011-03-25,10.1009,10.3658,10.0184,10.2007,1491200.0
2011-03-28,10.2311,10.2311,9.9749,10.001,1264400.0
2011-03-29,9.9793,10.2442,9.9662,10.1964,1523800.0
2011-03-30,10.2311,10.3918,10.1964,10.344,863400.0
2011-03-31,10.3136,10.4917,10.2919,10.4656,1359400.0
2011-04-01,10.496,10.635,10.4222,10.496,1750600.0
2011-04-04,10.5699,10.6003,10.4656,10.5699,1789400.0
2011-04-05,10.5699,10.6654,10.5134,10.5264,1332800.0
2011-04-06,10.5959,10.5959,10.3527,10.4048,926000.0
2011-04-07,10.3658,10.4613,10.2051,10.305,941200.0
2011-04-08,10.3527,10.3527,10.0965,10.1964,769000.0
2011-04-11,10.2485,10.3223,10.166,10.3223,1772400.0
2011-04-12,10.2485,10.3918,10.179,10.3701,1837400.0
2011-04-13,10.4266,10.4743,10.2572,10.2789,1074600.0
2011-04-14,10.2485,10.2832,10.1182,10.1921,609800.0
2011-04-15,10.2051,10.2746,10.1269,10.2007,625800.0
2011-04-18,10.1095,10.1573,9.8707,10.1182,1196000.0
2011-04-19,10.1182,10.1921,9.9445,10.0053,1504600.0
2011-04-20,10.1703,10.2876,10.0835,10.2876,1475800.0
2011-04-21,10.3484,10.4483,10.2963,10.4179,937200.0
2011-04-25,10.3831,10.4222,10.179,10.2919,1501400.0
2011-04-26,10.3831,10.496,10.3354,10.3788,1364800.0
2011-04-27,10.4309,10.5395,10.3354,10.5264,1018400.0
2011-04-28,10.648,11.0953,10.622,10.9433,3005200.0
2011-04-29,11.0562,11.3038,10.8695,10.952,1928000.0
2011-05-02,10.9781,11.1778,10.8869,10.9998,1191200.0
2011-05-03,10.939,11.1344,10.939,10.9867,891000.0
2011-05-04,10.9781,11.0953,10.8565,10.8956,877800.0
2011-05-05,10.8304,10.9694,10.7913,10.8087,750800.0
2011-05-06,10.939,11.3124,10.7479,10.8521,781800.0
2011-05-09,10.9086,10.9824,10.8391,10.9433,834800.0
2011-05-10,10.9346,11.3602,10.8999,11.3559,1887600.0
2011-05-11,11.3515,11.3993,11.2212,11.3732,2000000.0
2011-05-12,11.395,11.6685,11.2907,11.573,1536000.0
2011-05-13,11.573,11.6208,11.4905,11.5469,1364600.0
2011-05-16,11.6034,11.6077,11.3428,11.3559,1121400.0
2011-05-17,11.3906,11.4688,11.1908,11.4427,1192600.0
2011-05-18,11.5035,11.5817,11.3949,11.5426,993400.0
2011-05-19,11.6859,11.6859,11.408,11.4818,1163600.0
2011-05-20,11.4992,11.5122,11.243,11.3993,1596800.0
2011-05-23,11.3472,11.3472,11.104,11.2212,1068800.0
2011-05-24,11.3168,11.3168,11.0128,11.1257,1097600.0
2011-05-25,11.1431,11.3038,10.9998,11.2386,1232400.0
2011-05-26,11.2256,11.4167,11.1214,11.3819,830400.0
2011-05-27,11.3732,11.56,11.3732,11.421,641200.0
2011-05-31,11.6251,11.8422,11.4644,11.5469,2176600.0
2011-06-01,11.5469,11.5947,11.1518,11.1648,1036400.0
2011-06-02,11.1995,11.2256,11.0649,11.117,955000.0
2011-06-03,11.0171,11.1127,10.8869,10.8869,923600.0
2011-06-06,10.8565,10.9086,10.7132,10.7132,1005600.0
2011-06-07,10.7783,10.9911,10.6567,10.9216,1119800.0
2011-06-08,10.8695,10.8695,10.6567,10.6871,953400.0
2011-06-09,10.7349,10.8434,10.6654,10.7479,924000.0
2011-06-10,10.7219,10.7957,10.5612,10.6263,1197600.0
2011-06-13,10.5785,10.7262,10.5221,10.6393,971600.0
2011-06-14,10.7609,11.0171,10.7045,10.9694,940200.0
2011-06-15,10.8478,11.0128,10.8478,10.926,998600.0
2011-06-16,10.9129,11.0171,10.8261,10.9954,1408000.0
2011-06-17,11.0779,11.1387,10.9303,10.965,1341600.0
2011-06-20,10.926,11.0649,10.9086,10.9911,849600.0
2011-06-21,11.0606,11.1474,11.0085,11.117,1134600.0
2011-06-22,11.1257,11.1778,11.0302,11.0779,863600.0
2011-06-23,10.939,11.0823,10.7479,11.0562,949000.0
2011-06-24,11.0389,11.1083,10.9086,11.0302,1677200.0
2011-06-27,11.0475,11.1648,10.8695,11.117,1158000.0
2011-06-28,11.1214,11.3385,11.1127,11.3211,1043600.0
2011-06-29,11.3038,11.4731,11.1952,11.3906,911800.0
2011-06-30,11.4297,11.4297,11.2126,11.3298,1258000.0
2011-07-01,11.3646,11.6338,11.282,11.6121,926200.0
2011-07-05,11.6425,11.7206,11.5252,11.6859,1105000.0
2011-07-06,11.6946,11.8683,11.6077,11.8379,1658600.0
2011-07-07,11.9204,12.0507,11.9161,12.0116,1114200.0
2011-07-08,11.8683,11.903,11.7641,11.903,1094600.0
2011-07-11,11.7641,11.8032,11.5817,11.6338,893600.0
2011-07-12,11.5817,11.6902,11.5513,11.6077,779400.0
2011-07-13,11.6989,11.7467,11.5079,11.5209,756000.0
2011-07-14,11.5469,11.6121,11.2299,11.2516,1059200.0
2011-07-15,11.3298,11.3298,11.0866,11.269,724000.0
2011-07-18,11.2039,11.2864,11.0258,11.1127,580400.0
2011-07-19,11.2082,11.4123,11.1301,11.3993,600000.0
2011-07-20,11.434,11.4818,11.2777,11.4253,923800.0
2011-07-21,11.4775,11.573,11.3646,11.5079,628200.0
2011-07-22,11.4948,11.6034,11.4514,11.573,514800.0
2011-07-25,11.4427,11.8075,11.408,11.7554,1391800.0
2011-07-26,11.7337,11.7597,11.56,11.5817,1232600.0
2011-07-27,11.4818,11.573,11.0519,11.1127,1662800.0
2011-07-28,11.104,11.3646,10.7522,10.7783,1780000.0
2011-07-29,10.6654,10.787,10.5134,10.6697,1376800.0
2011-08-01,10.8044,10.8391,10.4656,10.648,1236600.0
2011-08-02,10.5438,10.6089,10.2919,10.305,2076800.0
2011-08-03,10.3006,10.4483,10.0922,10.3918,1284600.0
2011-08-04,10.2615,10.305,9.7317,9.7578,1721000.0
2011-08-05,9.9141,10.0965,9.5841,9.9532,3131800.0
2011-08-08,9.6058,9.7491,9.0239,9.0282,3931400.0
2011-08-09,9.215,10.1139,8.8502,10.0835,3155000.0
2011-08-10,9.8056,10.014,9.5928,9.6579,2676000.0
2011-08-11,9.6709,10.2225,9.5537,10.0922,1328600.0
2011-08-12,10.1877,10.6567,10.1747,10.6176,2032400.0
2011-08-15,10.6784,10.787,10.457,10.5612,2145400.0
2011-08-16,10.4613,10.47,10.0748,10.2051,2007000.0
2011-08-17,10.2398,10.3918,10.1356,10.2355,1132200.0
2011-08-18,9.9228,9.9402,9.6666,9.7665,1942200.0
2011-08-19,9.6101,10.027,9.5797,9.6449,1149200.0
2011-08-22,9.8924,10.0835,9.7144,9.7752,1236400.0
2011-08-23,9.7882,10.1703,9.6492,10.1703,830400.0
2011-08-24,10.1269,10.3614,10.0097,10.3571,1121000.0
2011-08-25,10.4222,10.4222,10.2181,10.2659,1242400.0
2011-08-26,10.1617,10.6046,10.0401,10.5612,995200.0
2011-08-29,10.7088,10.8782,10.7088,10.8521,977000.0
2011-08-30,10.787,11.0389,10.7566,10.9477,624000.0
2011-08-31,11.0215,11.2473,10.9433,11.117,1390000.0
2011-09-01,11.1387,11.3342,10.8956,10.9911,1715600.0
2011-09-02,10.787,10.9303,10.5612,10.648,934200.0
2011-09-06,10.3223,10.7609,10.2094,10.7175,1183200.0
2011-09-07,10.9129,11.0736,10.8,11.0606,785400.0
2011-09-08,10.9563,11.1214,10.8391,10.926,856000.0
2011-09-09,10.8434,10.9998,10.6176,10.7696,1289000.0
2011-09-12,10.635,10.9346,10.5395,10.9086,1197400.0
2011-09-13,10.9781,11.1431,10.8565,11.0215,1089000.0
2011-09-14,11.1257,11.6642,11.0041,11.4992,2036400.0
2011-09-15,11.4601,11.751,11.421,11.7033,1346600.0
2011-09-16,11.6816,11.725,11.4253,11.4601,2425600.0
2011-09-19,11.269,11.4731,11.1691,11.3168,1456800.0
2011-09-20,11.421,11.421,11.0693,11.0779,1575800.0
2011-09-21,11.0649,11.1605,10.6089,10.6263,1133000.0
2011-09-22,10.2832,10.5264,10.027,10.2138,1123400.0
2011-09-23,10.1703,10.4439,10.0922,10.4352,1094400.0
2011-09-26,10.5091,10.6176,10.2702,10.5916,828800.0
2011-09-27,10.8608,11.1735,10.774,10.8304,1300400.0
2011-09-28,10.8261,10.9824,10.5568,10.5742,1030400.0
2011-09-29,10.787,10.9216,10.5568,10.8652,1135800.0
2011-09-30,10.6828,10.9477,10.4873,10.4917,1714200.0
2011-10-03,10.4439,10.5699,9.7882,9.9141,1872800.0
2011-10-04,9.8316,10.5264,9.6623,10.5004,2626400.0
2011-10-05,10.5785,11.3689,10.5004,11.282,2351600.0
2011-10-06,11.282,11.8553,11.1605,11.7293,2513400.0
2011-10-07,11.8032,12.22,11.5426,11.6338,4010600.0
2011-10-10,11.8292,12.1028,11.6598,12.0941,1930000.0
2011-10-11,12.0116,12.2635,11.9291,12.181,1578800.0
2011-10-12,12.2504,12.4198,12.2027,12.3286,1673400.0
2011-10-13,12.2895,12.372,12.1158,12.3069,797400.0
2011-10-14,12.4719,12.4719,12.1071,12.2418,1182000.0
2011-10-17,12.3503,12.4024,11.9161,11.9595,1689600.0
2011-10-18,11.9812,12.4024,11.9247,12.333,1684800.0
2011-10-19,12.3373,12.3416,12.029,12.1419,1403200.0
2011-10-20,12.1245,12.1375,11.6121,11.9725,1710400.0
2011-10-21,12.1549,12.3026,11.8422,12.2852,1462600.0
2011-10-24,12.2722,12.7064,12.2287,12.5501,1395800.0
2011-10-25,12.4763,12.4893,12.2418,12.3633,1290600.0
2011-10-26,12.5501,12.5805,12.1028,12.1896,1706200.0
2011-10-27,12.7021,13.1103,12.5718,12.98,2942800.0
2011-10-28,13.0582,13.132,12.7194,12.8497,1177000.0
2011-10-31,12.7021,12.9453,12.5544,12.6717,1423800.0
2011-11-01,12.2982,12.4024,11.9421,12.0898,1776600.0
2011-11-02,12.3112,12.5197,12.1983,12.4676,1524000.0
2011-11-03,12.6196,12.7281,12.2852,12.663,1111600.0
2011-11-04,12.5501,12.6543,12.3547,12.6152,1078400.0
2011-11-07,12.6065,12.689,12.1592,12.333,1093600.0
2011-11-08,12.4198,12.7585,12.3286,12.7151,1261200.0
2011-11-09,12.3764,12.5718,12.2157,12.3069,1554400.0
2011-11-10,12.4719,12.5414,12.2722,12.4589,985600.0
2011-11-11,12.5805,12.9887,12.4936,12.841,1663800.0
2011-11-14,12.8714,13.0365,12.7021,12.8063,930000.0
2011-11-15,12.7281,13.0278,12.7064,12.967,1768800.0
2011-11-16,12.841,12.9974,12.7368,12.7585,747200.0
2011-11-17,12.7238,12.8367,12.4459,12.5371,924600.0
2011-11-18,12.5892,12.6109,12.3156,12.4372,1421800.0
2011-11-21,12.194,12.3937,12.1375,12.2765,1067000.0
2011-11-22,12.2548,12.3894,12.0811,12.2678,764000.0
2011-11-23,12.1028,12.1636,12.0073,12.0246,806600.0
2011-11-25,11.9378,12.1071,11.8726,11.9682,508200.0
2011-11-28,12.3243,12.5197,12.1896,12.4198,1255600.0
2011-11-29,12.4806,12.7412,12.4459,12.6586,1385200.0
2011-11-30,13.0278,13.4533,12.9322,13.2579,2437400.0
2011-12-01,13.1537,13.5706,12.9539,12.9583,2381200.0
2011-12-02,13.1494,13.1537,12.8845,12.9974,981000.0
2011-12-05,13.2058,13.2883,13.0017,13.1276,3082600.0
2011-12-06,13.1667,13.2145,12.98,13.0234,1404600.0
2011-12-07,12.9366,13.1016,12.7672,13.0799,1347200.0
2011-12-08,12.9279,13.0147,12.8323,12.8497,1202600.0
2011-12-09,12.8541,13.0799,12.8193,13.0104,988000.0
2011-12-12,12.8714,13.0538,12.7455,13.0495,1341200.0
2011-12-13,13.1276,13.2449,12.5848,12.663,1276200.0
2011-12-14,12.524,12.5414,12.2331,12.2418,2080800.0
2011-12-15,12.3937,12.6673,12.2374,12.5978,1676600.0
2011-12-16,12.6717,12.9192,12.6369,12.8367,2800600.0
2011-12-19,12.9149,13.145,12.6673,12.6847,1416800.0
2011-12-20,12.8975,13.1537,12.8975,13.0104,1261600.0
2011-12-21,12.9974,13.0625,12.9192,13.0582,1117400.0
2011-12-22,13.132,13.1754,12.8193,13.006,1373600.0
2011-12-23,13.0147,13.1537,12.8845,13.132,793200.0
2011-12-27,13.0929,13.31,12.9843,13.1971,906000.0
2011-12-28,13.1971,13.2145,12.8888,12.9583,1074600.0
2011-12-29,13.0234,13.1754,12.9496,13.1363,1041000.0
2011-12-30,13.1537,13.158,12.993,13.0625,1017200.0
2012-01-03,13.3535,13.4447,13.0799,13.3665,2327400.0
2012-01-04,13.3187,13.5315,13.2015,13.4447,2310400.0
2012-01-05,13.3491,13.779,13.2709,13.7226,1847600.0
2012-01-06,13.7573,13.766,13.5532,13.5619,1943400.0
2012-01-09,13.6488,13.6488,13.5402,13.5966,1058000.0
2012-01-10,13.7399,14.083,13.7139,13.931,1461800.0
2012-01-11,13.905,13.9788,13.6792,13.8919,1678000.0
2012-01-12,13.9397,13.9962,13.7877,13.9006,1378800.0
2012-01-13,13.779,13.8485,13.6053,13.7834,710800.0
2012-01-17,13.9484,13.9701,13.7356,13.766,764800.0
2012-01-18,13.7964,13.9571,13.6792,13.9484,2231200.0
2012-01-19,14.0309,14.3913,14.0222,14.1438,1343000.0
2012-01-20,14.209,14.2307,14.0526,14.1525,1075800.0
2012-01-23,14.1916,14.1916,13.9006,14.1482,1260800.0
2012-01-24,14.0439,14.222,13.9397,14.2176,555600.0
2012-01-25,14.1872,14.2263,14.0266,14.1525,1095200.0
2012-01-26,14.2263,14.2871,14.0526,14.1134,572600.0
2012-01-27,14.1134,14.2003,14.07,14.1916,602600.0
2012-01-30,14.1221,14.2133,13.8442,14.1699,748200.0
2012-01-31,14.2654,14.2871,14.0222,14.1568,666200.0
2012-02-01,14.2741,14.5433,14.1482,14.5346,1235000.0
2012-02-02,14.4912,14.5694,14.1612,14.1872,1371200.0
2012-02-03,14.3088,14.3392,14.0613,14.083,1698600.0
2012-02-06,14.1395,14.3045,14.0917,14.2393,784600.0
2012-02-07,14.235,14.3175,14.07,14.1221,896800.0
2012-02-08,14.1829,14.2437,13.8225,13.9571,934400.0
2012-02-09,13.9962,14.0787,13.8007,14.0526,1184400.0
2012-02-10,13.9527,14.0135,13.8094,13.8268,1181200.0
2012-02-13,13.9962,13.9962,13.7182,13.7573,1755800.0
2012-02-14,13.6357,13.8963,13.5532,13.8138,1987800.0
2012-02-15,13.931,14.0266,13.8051,13.8094,1199800.0
2012-02-16,13.8659,14.3175,13.8094,14.1916,1349600.0
2012-02-17,14.222,14.2697,14.0005,14.0222,900800.0
2012-02-21,14.0439,14.3088,13.9484,14.0787,1117800.0
2012-02-22,14.0222,14.1004,13.8442,13.9962,1288000.0
2012-02-23,13.8919,14.4999,13.8138,14.1568,2404200.0
2012-02-24,14.2003,14.2003,13.7009,14.057,1735000.0
2012-02-27,13.931,13.9354,13.5228,13.766,1932000.0
2012-02-28,13.7182,14.0483,13.7095,14.0309,1562400.0
2012-02-29,14.0656,14.0656,13.7443,13.8355,1015000.0
2012-03-01,13.7182,14.1395,13.7182,14.083,1069600.0
2012-03-02,14.0874,14.0917,13.8398,14.0309,1243000.0
2012-03-05,13.9788,13.9788,13.6097,13.6488,946800.0
2012-03-06,13.4751,13.6053,13.1494,13.3491,1825000.0
2012-03-07,13.3578,13.627,13.3448,13.4664,1078000.0
2012-03-08,13.5489,13.6661,13.4533,13.5836,1117400.0
2012-03-09,13.5749,13.8007,13.4794,13.6792,1122400.0
2012-03-12,13.7182,13.779,13.5228,13.5358,904600.0
2012-03-13,13.5706,13.8225,13.4664,13.8181,2152400.0
2012-03-14,13.7877,13.8529,13.5402,13.6184,821800.0
2012-03-15,13.6661,13.7877,13.5489,13.5923,694600.0
2012-03-16,13.5749,13.753,13.4968,13.5358,1458200.0
2012-03-19,13.5793,13.8138,13.5272,13.753,902600.0
2012-03-20,13.6922,13.7703,13.5532,13.7573,1184800.0
2012-03-21,13.753,13.766,13.5706,13.6401,2084400.0
2012-03-22,13.5749,13.6314,13.4577,13.5272,1445600.0
2012-03-23,13.5836,13.8051,13.5315,13.614,1649200.0
2012-03-26,13.7356,13.8615,13.6314,13.7226,1702000.0
2012-03-27,13.7226,13.8355,13.6531,13.8094,823600.0
2012-03-28,13.8355,13.8355,13.614,13.7877,898200.0
2012-03-29,13.7009,13.7226,13.5315,13.6748,911200.0
2012-03-30,13.7486,13.7486,13.436,13.5358,1301800.0
2012-04-02,13.4881,13.8485,13.4577,13.6401,2225200.0
2012-04-03,13.6401,13.7703,13.5749,13.7356,1318400.0
2012-04-04,13.5923,13.5966,13.2449,13.4229,1862400.0
2012-04-05,13.4056,13.4968,13.3057,13.3925,1086000.0
2012-04-09,13.1363,13.2709,13.0712,13.1884,1342600.0
2012-04-10,13.1928,13.2232,12.7021,12.7716,1879600.0
2012-04-11,12.8758,13.0191,12.8063,12.9105,1120400.0
2012-04-12,12.9366,13.132,12.8931,13.0712,1213800.0
2012-04-13,13.0886,13.0886,12.9105,13.0147,1037400.0
2012-04-16,13.0886,13.132,12.967,13.0495,1369200.0
2012-04-17,13.1276,13.1798,13.0191,13.1233,1712400.0
2012-04-18,13.0712,13.1059,12.9974,13.0365,1663000.0
2012-04-19,13.0625,13.1407,12.9713,13.0451,1919400.0
2012-04-20,13.1059,13.3404,13.0886,13.2015,1584000.0
2012-04-23,12.9974,13.1059,12.9062,13.006,1279800.0
2012-04-24,12.9626,13.0234,12.828,12.8671,1418200.0
2012-04-25,12.9583,13.284,12.7194,13.2319,2732400.0
2012-04-26,13.2666,14.5607,13.2015,14.539,4573200.0
2012-04-27,14.4999,14.9342,13.9918,14.7387,2780400.0
2012-04-30,14.7648,14.7648,14.4217,14.526,1157400.0
2012-05-01,14.5173,14.8777,14.5173,14.8169,2621800.0
2012-05-02,14.6779,14.8951,14.552,14.8603,1767400.0
2012-05-03,14.9342,15.0818,14.8603,14.995,1534200.0
2012-05-04,14.9211,14.9385,14.7431,14.7909,1443600.0
2012-05-07,14.7083,15.0948,14.6693,15.0861,1712000.0
2012-05-08,14.9428,15.2077,14.7995,15.186,2523600.0
2012-05-09,15.1166,15.1426,14.9428,15.1209,2378600.0
2012-05-10,15.2642,15.3293,15.0992,15.2468,1000000.0
2012-05-11,15.1556,15.6681,15.0992,15.4336,1477600.0
2012-05-14,15.325,15.4683,15.1687,15.338,1411200.0
2012-05-15,15.3163,15.4857,15.2381,15.4162,2086400.0
2012-05-16,15.5291,15.781,15.3945,15.6985,2509000.0
2012-05-17,15.7723,15.781,15.1079,15.1209,2415600.0
2012-05-18,15.1513,15.1991,14.7387,14.7909,1860400.0
2012-05-21,14.8907,15.351,14.7909,15.2729,1594200.0
2012-05-22,15.3728,15.6333,15.1383,15.2034,692600.0
2012-05-23,15.0167,15.3033,14.9038,15.2381,1206000.0
2012-05-24,15.2946,15.5812,15.1817,15.4987,1901800.0
2012-05-25,15.4596,15.6073,15.3293,15.4292,1314200.0
2012-05-29,15.6594,15.7766,15.5334,15.7549,1307000.0
2012-05-30,15.6681,15.6898,15.464,15.6246,723800.0
2012-05-31,15.781,15.9026,15.5334,15.8244,1496200.0
2012-06-01,15.5378,15.5856,14.9689,15.021,1710200.0
2012-06-04,15.0862,15.7419,14.8777,14.9385,1994800.0
2012-06-05,14.9515,15.1079,14.8517,15.034,1081800.0
2012-06-06,15.2034,15.5117,15.1817,15.5117,997200.0
2012-06-07,15.6333,15.794,15.5725,15.6594,1183800.0
2012-06-08,15.5508,15.7766,15.4509,15.7332,1171200.0
2012-06-11,15.8548,15.9286,15.3901,15.4075,1715400.0
2012-06-12,15.5074,15.5638,15.2685,15.4032,1300600.0
2012-06-13,15.3771,15.6029,15.1773,15.4118,1178800.0
2012-06-14,15.5552,15.629,15.1991,15.3163,797400.0
2012-06-15,15.3076,15.4249,15.1991,15.312,1940600.0
2012-06-18,15.2946,15.9112,15.2729,15.8939,2066400.0
2012-06-19,16.0155,16.2152,15.9634,16.0676,1441800.0
2012-06-20,16.0415,16.0676,15.8114,15.959,772600.0
2012-06-21,15.9851,16.0198,15.3293,15.464,1398800.0
2012-06-22,15.4205,15.7245,15.325,15.3945,1506200.0
2012-06-25,15.16,15.4683,14.869,14.9993,1453400.0
2012-06-26,15.0948,15.3207,15.0644,15.1991,2006200.0
2012-06-27,15.2034,15.4596,14.6649,14.7474,4020400.0
2012-06-28,14.1786,14.2307,13.6488,13.8963,5318800.0
2012-06-29,14.096,14.5433,14.0179,14.4912,2781000.0
2012-07-02,14.5129,14.6779,14.3436,14.6562,2020200.0
2012-07-03,14.7127,14.9993,14.6085,14.9515,817800.0
2012-07-05,15.0254,15.1426,14.7083,14.8864,1587200.0
2012-07-06,14.8517,15.0123,14.6302,14.7561,1154800.0
2012-07-09,14.7518,14.8299,14.5303,14.7431,1057200.0
2012-07-10,14.9211,15.0167,14.5477,14.8821,1103600.0
2012-07-11,14.8517,14.8994,14.7083,14.7909,1586200.0
2012-07-12,14.6693,14.6736,14.4174,14.5129,1405400.0
2012-07-13,14.5737,14.9342,14.4044,14.8126,1172800.0
2012-07-16,14.843,14.8951,14.5781,14.7344,788200.0
2012-07-17,14.8386,15.1252,14.7431,15.0123,969800.0
2012-07-18,14.9776,15.2468,14.8907,15.16,1614000.0
2012-07-19,15.1991,15.4249,15.1643,15.2989,1115800.0
2012-07-20,15.1252,15.3684,15.0862,15.1252,780200.0
2012-07-23,14.8169,15.1469,14.6215,14.843,626600.0
2012-07-24,14.8256,15.0471,14.3653,14.5998,1007200.0
2012-07-25,14.5911,14.7822,14.3783,14.691,1155600.0
2012-07-26,16.0632,16.0632,14.8299,15.4292,2931800.0
2012-07-27,15.464,15.6594,15.2685,15.5552,1894800.0
2012-07-30,15.6246,15.7853,15.4032,15.5378,945200.0
2012-07-31,15.3076,15.5725,15.2903,15.3424,1453000.0
2012-08-01,15.4509,15.6941,15.2208,15.2946,1079800.0
2012-08-02,15.0992,15.4032,14.9255,15.2077,985200.0
2012-08-03,15.5638,15.6681,14.9689,15.5291,663400.0
2012-08-06,15.6681,15.82,15.5638,15.7679,947400.0
2012-08-07,15.8722,16.0676,15.5204,16.0372,918200.0
2012-08-08,15.9416,16.276,15.8895,16.2456,1630400.0
2012-08-09,16.1718,16.6365,16.1414,16.3846,2276600.0
2012-08-10,16.2934,16.6842,16.2456,16.6408,1837800.0
2012-08-13,16.6538,16.7711,16.3672,16.745,1441400.0
2012-08-14,16.7841,16.8406,16.6234,16.7667,1548000.0
2012-08-15,16.3064,16.4888,16.0545,16.3933,1999400.0
2012-08-16,16.5018,16.7363,16.1718,16.5887,1045800.0
2012-08-17,16.6408,16.8362,16.5496,16.8232,1327600.0
2012-08-20,16.9274,16.9361,16.7537,16.897,1524200.0
2012-08-21,16.9404,17.0186,16.8102,16.884,1851800.0
2012-08-22,16.871,17.0012,16.7928,16.8579,1422800.0
2012-08-23,16.7971,17.023,16.732,16.9231,1856400.0
2012-08-24,16.9448,17.0186,16.5757,16.6365,941000.0
2012-08-27,16.7494,16.7624,16.4671,16.5062,805600.0
2012-08-28,16.4628,16.745,16.3672,16.7059,645600.0
2012-08-29,16.6886,16.8362,16.4367,16.8145,776400.0
2012-08-30,16.745,16.7928,16.3542,16.4193,652200.0
2012-08-31,16.5279,16.6929,16.1501,16.3889,1122200.0
2012-09-04,16.3802,16.7363,16.2239,16.6755,1174400.0
2012-09-05,16.719,16.8406,16.5105,16.6234,1078800.0
2012-09-06,16.8275,17.0447,16.5018,16.9231,1034000.0
2012-09-07,16.9925,17.3443,16.9274,17.2661,1113000.0
2012-09-10,17.2184,17.3834,16.91,16.9404,1084800.0
2012-09-11,16.9361,16.9404,16.7233,16.91,1003000.0
2012-09-12,16.9144,17.1532,16.91,17.0924,1201000.0
2012-09-13,17.0924,17.0924,16.719,16.9057,1497000.0
2012-09-14,16.9361,17.2227,16.871,16.9795,1165400.0
2012-09-17,16.91,16.9621,16.6712,16.7059,1247200.0
2012-09-18,16.6538,16.7059,16.1631,16.3412,5952800.0
2012-09-19,16.4671,16.5105,16.0589,16.276,1702600.0
2012-09-20,16.2065,16.4758,16.1544,16.415,1061000.0
2012-09-21,16.4932,16.7103,16.3542,16.3889,3626500.0
2012-09-24,14.9038,16.5713,14.9038,16.5018,1245300.0
2012-09-25,16.4845,16.9014,15.2338,16.6842,2282400.0
2012-09-26,16.6755,16.719,16.0676,16.2934,1661200.0
2012-09-27,16.3455,16.4931,16.2847,16.3629,748300.0
2012-09-28,16.2934,16.3455,16.0328,16.0502,1494500.0
2012-10-01,16.1197,16.2413,15.9633,16.1284,2608900.0
2012-10-02,16.1544,16.2239,16.0415,16.1805,1378100.0
2012-10-03,16.2934,16.5626,16.1892,16.5366,1781100.0
2012-10-04,16.5539,16.8058,16.5539,16.745,1083300.0
2012-10-05,16.8058,16.9013,16.6842,16.8145,937900.0
2012-10-08,16.7884,16.9187,16.7016,16.8579,1045700.0
2012-10-09,16.7884,16.884,16.6929,16.745,1401800.0
2012-10-10,16.7103,16.8232,16.6495,16.719,1085900.0
2012-10-11,16.7884,17.214,16.7624,17.1011,1526900.0
2012-10-12,17.0056,17.1619,16.9882,17.049,1229900.0
2012-10-15,17.0143,17.5093,17.0143,17.4833,1689800.0
2012-10-16,17.5354,17.8828,17.5006,17.848,1437800.0
2012-10-17,17.8654,18.2823,17.7438,18.126,2554500.0
2012-10-18,18.152,18.4299,17.848,18.0652,1687400.0
2012-10-19,17.9696,18.152,17.7351,17.7438,1754000.0
2012-10-22,17.6917,18.0131,17.4919,17.7699,1518100.0
2012-10-23,17.6483,17.9957,17.4398,17.6309,1356400.0
2012-10-24,17.6396,17.8133,17.4485,17.4746,1631700.0
2012-10-25,17.0143,17.9002,16.9361,17.4138,6374900.0
2012-10-26,17.4572,18.1173,17.353,18.0304,2498300.0
2012-10-31,17.9957,18.2389,17.683,18.126,1692300.0
2012-11-01,18.126,19.0205,18.0739,18.8642,2880200.0
2012-11-02,18.9076,19.064,18.2128,18.2736,1632400.0
2012-11-05,18.3344,18.5429,18.2997,18.4734,1407100.0
2012-11-06,18.6297,18.9771,18.4821,18.9511,1566900.0
2012-11-07,18.76,18.8382,18.456,18.6384,1437600.0
2012-11-08,18.5776,18.7947,18.4039,18.5515,1319100.0
2012-11-09,18.4473,18.7513,18.317,18.4039,1350200.0
2012-11-12,18.5515,18.8816,18.2649,18.3083,1436500.0
2012-11-13,18.1954,18.621,18.0217,18.1346,1482700.0
2012-11-14,18.2997,18.4213,17.5962,17.6917,1437200.0
2012-11-15,17.7351,17.9957,17.5875,17.9262,2199100.0
2012-11-16,18.0217,18.1694,17.6743,18.1173,1779900.0
2012-11-19,18.2997,18.5863,18.2215,18.456,1482000.0
2012-11-20,18.4039,18.7252,18.2389,18.6384,1834000.0
2012-11-21,18.6731,18.8816,18.317,18.8555,1860300.0
2012-11-23,18.9684,19.1856,18.7339,19.1161,557400.0
2012-11-26,19.0726,19.3593,18.6818,18.786,4600800.0
2012-11-27,18.9337,19.2203,18.621,18.6731,7699700.0
2012-11-28,18.6297,18.9858,18.2997,18.8989,2441700.0
2012-11-29,19.0032,19.064,18.3952,18.8121,2703500.0
2012-11-30,18.8989,19.1074,18.5342,19.0205,14118100.0
2012-12-03,19.2116,19.3158,18.8034,18.9163,1656700.0
2012-12-04,18.8816,18.9858,18.5776,18.7339,1369900.0
2012-12-05,18.8729,19.0292,18.6297,18.9337,1378600.0
2012-12-06,18.8468,18.9771,18.5428,18.6471,1296600.0
2012-12-07,18.4647,18.7774,18.2649,18.7079,1511000.0
2012-12-10,18.8555,19.0205,18.6036,18.7166,1425500.0
2012-12-11,18.7252,18.8989,18.5168,18.6905,1535300.0
2012-12-12,18.9076,18.9076,18.2389,18.4647,1554400.0
2012-12-13,18.5081,18.621,18.0565,18.1781,1623200.0
2012-12-14,18.1346,18.1781,17.8393,17.9783,1776700.0
2012-12-17,18.0217,18.1954,17.9349,18.0217,2096600.0
2012-12-18,18.0825,18.2649,17.9262,18.1781,2031800.0
2012-12-19,18.2562,18.3431,17.8915,18.0652,1799800.0
2012-12-20,18.1086,18.5863,18.0999,18.5689,1321000.0
2012-12-21,18.3344,18.7774,18.0565,18.5081,5250500.0
2012-12-24,18.5081,18.6905,18.152,18.6471,438300.0
2012-12-26,18.6036,18.6905,18.2302,18.2562,1057700.0
2012-12-27,18.2128,18.4386,18.0391,18.2562,1655800.0
2012-12-28,18.126,18.291,17.9262,18.0044,1100700.0
2012-12-31,17.9523,18.3691,17.9088,18.3257,1545800.0
2013-01-02,18.7079,19.3419,18.6731,19.3245,2569600.0
2013-01-03,19.2463,19.559,18.9945,19.3853,1463300.0
2013-01-04,19.3506,19.4461,19.0553,19.3593,1456600.0
2013-01-07,19.1769,19.8543,19.1769,19.5677,1843800.0
2013-01-08,19.6632,19.8022,19.4808,19.7935,1593600.0
2013-01-09,19.6806,20.332,19.6806,20.2973,2096400.0
2013-01-10,20.3494,20.4189,19.7675,19.8891,2136700.0
2013-01-11,19.8022,20.0106,19.5243,19.6806,1181500.0
2013-01-14,19.4895,19.7327,19.2637,19.4201,1201400.0
2013-01-15,19.2463,19.6285,18.9424,19.5503,1101200.0
2013-01-16,19.5677,19.5938,19.3158,19.559,422300.0
2013-01-17,19.7327,19.7848,19.5416,19.7327,802100.0
2013-01-18,19.6893,19.724,19.559,19.6632,690000.0
2013-01-22,19.5764,19.7848,19.3853,19.6111,1361200.0
2013-01-23,19.4895,19.8109,19.3853,19.698,920900.0
2013-01-24,19.6632,20.0454,19.4635,19.9759,1048900.0
2013-01-25,20.1496,20.3494,19.8369,20.3059,1301400.0
2013-01-28,20.3841,20.4188,20.1496,20.3233,1252300.0
2013-01-29,20.2712,20.3754,20.1583,20.2017,1009700.0
2013-01-30,20.2017,20.4102,19.5416,19.6111,1667400.0
2013-01-31,19.3419,19.5416,19.0032,19.4461,1675000.0
2013-02-01,19.6024,20.1322,19.3071,20.028,1230300.0
2013-02-04,19.8456,19.9325,19.5156,19.6632,978600.0
2013-02-05,19.7327,20.2451,19.724,20.1757,1089800.0
2013-02-06,20.0367,20.1496,19.9238,20.0193,1030900.0
2013-02-07,20.0888,20.2191,19.7935,20.1496,1540500.0
2013-02-08,20.1843,20.6186,20.1843,20.6099,823100.0
2013-02-11,20.6273,20.8357,20.1322,20.2451,755100.0
2013-02-12,20.2799,20.4275,20.0628,20.1496,1190300.0
2013-02-13,20.2625,20.2625,20.0367,20.2017,1746600.0
2013-02-14,20.193,20.3233,20.0106,20.0454,1516100.0
2013-02-15,20.1236,20.3407,20.1062,20.193,1106900.0
2013-02-19,20.193,20.193,19.4027,19.4635,2316600.0
2013-02-20,19.5069,19.8456,19.4895,19.6285,2265800.0
2013-02-21,19.6546,19.7848,19.0032,19.0987,1827900.0
2013-02-22,19.2203,20.0193,19.2203,19.5243,1654400.0
2013-02-25,19.5851,19.6806,19.4201,19.4287,1973100.0
2013-02-26,19.4982,19.6111,19.3419,19.4287,1290100.0
2013-02-27,19.3853,20.0106,19.229,19.9151,1639300.0
2013-02-28,19.1074,19.3158,17.9957,18.4039,7505400.0
2013-03-01,18.4473,18.4473,17.7351,17.7438,4979600.0
2013-03-04,17.7438,18.1173,17.5875,17.9436,3682300.0
2013-03-05,18.0739,18.1433,17.7525,17.7872,3641300.0
2013-03-06,17.848,17.848,17.4485,17.518,4816200.0
2013-03-07,17.5701,17.7612,17.5093,17.5527,2923900.0
2013-03-08,17.8915,18.621,17.5701,18.6036,4304100.0
2013-03-11,18.595,18.76,18.3605,18.7513,2855600.0
2013-03-12,18.6905,18.7774,18.5168,18.5863,2507300.0
2013-03-13,18.6297,18.9858,18.456,18.9337,1760500.0
2013-03-14,18.9424,19.0292,18.6818,18.7947,1621700.0
2013-03-15,18.7687,18.8642,18.2736,18.317,6024900.0
2013-03-18,17.9696,18.4647,17.6743,18.152,2094000.0
2013-03-19,18.2389,18.3431,17.9349,18.2041,2408900.0
2013-03-20,18.2302,18.3952,18.1173,18.3691,1715900.0
2013-03-21,18.1868,18.3257,18.0565,18.2389,1138400.0
2013-03-22,18.2476,18.3865,17.9349,18.0304,1632400.0
2013-03-25,18.1346,18.4126,18.0652,18.1781,1620000.0
2013-03-26,18.2302,18.7426,18.2302,18.5515,2398700.0
2013-03-27,18.4647,18.8295,18.2997,18.6644,1382400.0
2013-03-28,18.6558,18.9337,18.5863,18.8989,1436500.0
2013-04-01,18.9424,18.9511,18.5429,18.6036,1382500.0
2013-04-02,18.6818,18.7774,18.4907,18.5689,702900.0
2013-04-03,18.621,18.6731,18.291,18.3344,1724500.0
2013-04-04,18.2997,18.6471,18.291,18.4647,1179600.0
2013-04-05,18.2562,18.6036,18.1954,18.5168,944100.0
2013-04-08,18.4386,18.7079,18.2997,18.6992,896800.0
2013-04-09,18.6905,18.7687,18.4386,18.621,785600.0
2013-04-10,18.595,18.6818,18.3778,18.456,3475900.0
2013-04-11,18.5342,18.9424,18.456,18.8642,1885500.0
2013-04-12,18.7513,19.3332,18.7513,19.1421,2142500.0
2013-04-15,19.0813,19.3245,18.2389,18.3257,1940200.0
2013-04-16,18.4213,18.621,18.2997,18.6123,826900.0
2013-04-17,18.4299,18.4821,17.9783,18.1607,1096400.0
2013-04-18,18.1781,18.3605,17.7525,17.8394,1113300.0
2013-04-19,17.8307,18.1868,17.6135,17.987,1302500.0
2013-04-22,18.0825,18.3344,17.6135,18.2649,1830000.0
2013-04-23,18.2128,18.6036,18.2128,18.3778,1172000.0
2013-04-24,18.4299,18.7252,18.3778,18.6558,1982100.0
2013-04-25,18.8642,20.4362,18.7079,19.8283,5142600.0
2013-04-26,19.9238,20.0367,19.5243,19.9759,1723500.0
2013-04-29,20.1062,20.4796,19.8283,20.4362,1989800.0
2013-04-30,20.4275,20.9313,20.2191,20.9139,2485700.0
2013-05-01,20.9052,21.0702,20.662,20.6968,2033600.0
2013-05-02,20.8097,21.2874,20.6447,21.0442,1905400.0
2013-05-03,21.3047,21.6348,21.2961,21.5219,1743200.0
2013-05-06,21.574,21.7043,21.3308,21.5827,1225600.0
2013-05-07,21.5913,21.7564,21.3568,21.7477,1354300.0
2013-05-08,21.7564,21.7564,21.409,21.6087,1188400.0
2013-05-09,21.5479,21.6782,21.27,21.435,1073100.0
2013-05-10,21.4698,21.6956,21.3829,21.409,1148900.0
2013-05-13,21.3655,21.4524,21.1484,21.3308,1010500.0
2013-05-14,21.3742,21.6348,21.2961,21.6087,646700.0
2013-05-15,21.5479,22.0256,21.5392,21.9561,1221200.0
2013-05-16,22.0082,22.0951,21.7216,21.9301,1027100.0
2013-05-17,22.0082,22.3383,21.8519,22.3035,1249000.0
2013-05-20,22.2514,22.4859,22.2514,22.2775,1266300.0
2013-05-21,22.2514,22.3296,21.9996,22.0517,1211400.0
2013-05-22,22.0343,22.1906,21.4871,21.6348,1091400.0
2013-05-23,21.4698,21.5827,21.1745,21.5479,1303500.0
2013-05-24,21.8953,21.9735,21.3047,21.5219,860000.0
2013-05-28,21.878,21.9561,21.739,21.8519,843800.0
2013-05-29,21.6087,21.7477,21.3047,21.3047,757300.0
2013-05-30,21.4176,21.5392,21.3221,21.4697,960500.0
2013-05-31,21.3829,21.739,21.2526,21.2613,1029800.0
2013-06-03,21.3047,21.4003,20.7836,21.1397,987500.0
2013-06-04,21.1137,21.2092,20.7055,20.8444,778400.0
2013-06-05,20.7402,20.94,20.6186,20.7836,980000.0
2013-06-06,20.7141,21.0094,20.5665,21.0094,834300.0
2013-06-07,21.1658,21.5045,20.94,21.4263,718200.0
2013-06-10,21.4176,21.6695,21.2961,21.5132,942300.0
2013-06-11,21.2092,21.6261,21.1137,21.4871,731300.0
2013-06-12,21.6435,21.6695,21.131,21.3482,1236700.0
2013-06-13,21.8953,22.0517,21.131,21.739,861000.0
2013-06-14,21.6869,22.0256,21.6348,21.9735,1159200.0
2013-06-17,22.1993,22.7812,22.043,22.6857,2094300.0
2013-06-18,22.8073,23.0852,22.6683,22.9202,1716100.0
2013-06-19,23.0157,23.0331,22.6075,22.7117,1379500.0
2013-06-20,22.4859,22.6075,21.8432,21.9561,1455900.0
2013-06-21,22.0603,22.208,21.7043,21.9561,1914100.0
2013-06-24,21.7564,22.538,21.5306,22.2427,1444200.0
2013-06-25,22.4512,22.5467,22.0169,22.2775,1129400.0
2013-06-26,22.4251,22.5901,22.2254,22.5207,1229700.0
2013-06-27,22.7291,22.981,22.5554,22.7552,1220700.0
2013-06-28,22.6249,22.9897,22.347,22.3643,4072500.0
2013-07-01,22.9202,23.2763,22.3904,22.9723,1722500.0
2013-07-02,22.9723,23.3023,22.3296,22.5641,3080300.0
2013-07-03,22.4946,22.6336,22.4164,22.5728,1037300.0
2013-07-05,22.9028,22.9462,22.538,22.7117,1022800.0
2013-07-08,22.8507,22.9636,22.512,22.7552,1120700.0
2013-07-09,22.9289,23.1373,22.7725,22.8333,964300.0
2013-07-10,22.7812,22.842,22.4078,22.512,1186900.0
2013-07-11,22.8246,23.2763,22.4164,22.4946,1505700.0
2013-07-12,22.4599,22.703,22.4599,22.5815,1023500.0
2013-07-15,22.6596,22.7291,22.208,22.4946,1425000.0
2013-07-16,22.5988,22.7204,22.043,22.2514,1747200.0
2013-07-17,22.373,22.4772,22.1906,22.2514,915000.0
2013-07-18,22.3817,22.6336,22.2601,22.5033,906200.0
2013-07-19,22.3556,22.5901,22.2775,22.4425,805600.0
2013-07-22,22.4078,22.6249,22.373,22.5815,713200.0
2013-07-23,22.5641,22.5728,22.2862,22.4078,472000.0
2013-07-24,22.5554,22.9289,22.5033,22.5554,910500.0
2013-07-25,22.5988,22.7725,22.4164,22.7031,875900.0
2013-07-26,22.5901,22.7986,22.3556,22.7378,501900.0
2013-07-29,22.7552,22.9462,22.5728,22.6336,933200.0
2013-07-30,22.7899,23.0765,22.6075,22.9202,1098900.0
2013-07-31,23.0591,23.172,22.5988,22.6423,1111100.0
2013-08-01,24.1361,26.2032,23.78,25.2825,4566400.0
2013-08-02,25.3955,26.3248,25.2826,25.5518,2634700.0
2013-08-05,25.5518,25.6908,25.2739,25.4476,1145300.0
2013-08-06,25.4389,25.4823,25.0567,25.1523,1134100.0
2013-08-07,25.1349,25.1436,24.692,25.0394,981100.0
2013-08-08,25.1696,25.9166,25.0828,25.7515,1256200.0
2013-08-09,25.821,25.9947,25.5084,25.8905,1374200.0
2013-08-12,26.0382,26.9848,25.9861,26.6548,1914800.0
2013-08-13,26.6461,26.6895,25.986,26.4985,1030700.0
2013-08-14,26.5766,26.5853,26.2813,26.3161,413400.0
2013-08-15,26.1598,26.2727,25.3347,25.4389,903100.0
2013-08-16,25.4649,25.795,25.2912,25.3347,661100.0
2013-08-19,25.3086,25.7515,25.3086,25.4736,538300.0
2013-08-20,25.4997,26.0034,25.2999,25.8297,496700.0
2013-08-21,25.6821,26.0034,25.5952,25.7255,675700.0
2013-08-22,25.9166,26.733,25.7863,26.4203,665600.0
2013-08-23,26.4724,26.7938,26.0729,26.2379,943000.0
2013-08-26,26.1945,26.4029,25.9252,26.0816,1861500.0
2013-08-27,25.8384,25.9426,25.4649,25.5344,720700.0
2013-08-28,25.5344,25.8384,25.4736,25.63,968100.0
2013-08-29,25.5518,25.96,25.4563,25.7342,532800.0
2013-08-30,25.7515,25.8992,25.1696,25.3955,1293700.0
2013-09-03,25.821,26.0555,24.8743,25.187,2460400.0
2013-09-04,25.2391,25.6821,24.9612,25.5865,1327700.0
2013-09-05,25.6647,25.9947,25.5518,25.8297,1048900.0
2013-09-06,25.96,26.099,25.4997,25.7863,930900.0
2013-09-09,25.7689,26.5853,25.7515,26.4985,1095400.0
2013-09-10,26.6895,27.228,26.3334,27.228,1809100.0
2013-09-11,27.1585,27.3062,26.898,27.1585,1783000.0
2013-09-12,27.1064,27.367,26.9588,27.367,1283900.0
2013-09-13,27.3409,27.4452,26.9848,27.4191,1182100.0
2013-09-16,27.7231,27.7665,27.2888,27.4452,1092700.0
2013-09-17,27.4712,27.7578,27.1933,27.7231,1394100.0
2013-09-18,27.6797,27.8447,27.1325,27.7405,1311500.0
2013-09-19,27.7926,28.0444,27.6362,27.9228,1129900.0
2013-09-20,27.8012,27.8794,27.5233,27.7231,2514300.0
2013-09-23,27.7057,27.7926,27.3844,27.6797,1077900.0
2013-09-24,27.7578,27.8099,27.4104,27.4538,1094000.0
2013-09-25,27.5928,27.6536,26.9848,27.2193,1360400.0
2013-09-26,27.3583,27.671,27.1933,27.5146,1131400.0
2013-09-27,27.4799,27.506,27.1846,27.4104,985800.0
2013-09-30,27.2193,27.7578,27.1151,27.6797,1338900.0
2013-10-01,28.1747,29.5904,27.9315,29.2082,3366400.0
2013-10-02,28.635,28.635,27.9489,28.6003,1963700.0
2013-10-03,28.4874,28.6177,27.9142,28.305,1955000.0
2013-10-04,28.3224,28.5221,28.1487,28.3224,1242500.0
2013-10-07,28.0705,28.2616,27.7578,27.7665,1085200.0
2013-10-08,27.8012,27.8968,26.9067,26.9501,1587300.0
2013-10-09,26.9762,27.0978,26.5853,26.7764,1319000.0
2013-10-10,27.0978,27.8534,27.0978,27.8534,1227800.0
2013-10-11,27.7405,28.14,27.6275,28.0444,988400.0
2013-10-14,27.7926,28.0531,27.6797,27.9836,998300.0
2013-10-15,27.9576,27.9836,27.4452,27.6449,1187100.0
2013-10-16,27.9923,28.0879,27.7752,28.0705,1382800.0
2013-10-17,27.9055,27.9055,27.4538,27.7405,1437500.0
2013-10-18,27.8968,28.8608,27.6883,28.8261,1240700.0
2013-10-21,28.8608,28.8782,28.5742,28.8261,790900.0
2013-10-22,28.8522,29.0519,28.5916,28.8522,883900.0
2013-10-23,28.7566,28.8261,28.3224,28.5829,718600.0
2013-10-24,28.5569,28.774,28.4526,28.5047,733000.0
2013-10-25,28.7306,28.8782,28.4092,28.8608,810700.0
2013-10-28,28.8174,29.1822,28.7306,28.9651,1060400.0
2013-10-29,29.078,29.1822,28.47,28.8522,1406700.0
2013-10-30,28.9651,29.0953,28.5742,28.6611,1258400.0
2013-10-31,28.4526,28.9824,27.7144,28.6871,2087000.0
2013-11-01,28.5742,28.6784,27.7491,28.1052,1406600.0
2013-11-04,28.3832,28.6524,28.2008,28.2963,1491500.0
2013-11-05,28.2008,28.3137,27.8099,27.8099,1281200.0
2013-11-06,28.0444,28.2095,27.5841,27.697,958400.0
2013-11-07,27.7926,27.7926,26.7764,26.7938,1315600.0
2013-11-08,26.8025,27.2801,26.8025,27.0891,905800.0
2013-11-11,27.0456,27.3062,26.9675,27.1064,512400.0
2013-11-12,27.1412,27.2193,26.733,26.9935,937400.0
2013-11-13,26.8806,27.8447,26.8459,27.8273,882000.0
2013-11-14,27.7752,28.0271,27.6275,28.001,636800.0
2013-11-15,27.9923,28.2616,27.9142,28.2355,543500.0
2013-11-18,28.3137,28.635,28.2702,28.4874,1018800.0
2013-11-19,28.4092,28.5482,28.1226,28.1747,699600.0
2013-11-20,28.1573,28.3571,27.9836,28.0879,760500.0
2013-11-21,28.2181,28.8956,28.0965,28.6698,912100.0
2013-11-22,28.6003,28.8695,28.3658,28.7132,859200.0
2013-11-25,28.8869,28.8869,28.14,28.1834,991700.0
2013-11-26,28.3397,28.8261,28.1573,28.6785,1582800.0
2013-11-27,28.774,28.8956,28.47,28.8174,1089800.0
2013-11-29,28.8,29.0606,28.6784,28.7914,488500.0
2013-12-02,28.8435,29.0519,28.5482,28.8435,1161900.0
2013-12-03,28.6871,28.8261,28.2789,28.6958,904000.0
2013-12-04,28.5569,28.9129,28.0531,28.2268,929100.0
2013-12-05,28.1313,28.2355,27.7926,28.0097,1118800.0
2013-12-06,28.6698,29.5122,28.3658,29.1996,1846800.0
2013-12-09,29.1648,29.3559,28.8869,29.2343,1288500.0
2013-12-10,29.2082,29.8075,28.9477,29.3559,1387700.0
2013-12-11,29.3038,29.3906,28.5134,28.8869,1943500.0
2013-12-12,28.8174,29.0606,28.6611,28.8695,1783100.0
2013-12-13,29.0172,29.4688,29.0172,29.408,1638400.0
2013-12-16,28.8522,29.4514,27.836,28.7914,4474100.0
2013-12-17,28.8174,28.8695,28.2789,28.4092,1536800.0
2013-12-18,28.4787,28.7219,27.8707,28.6958,1321100.0
2013-12-19,28.6698,28.774,28.0879,28.2355,1324500.0
2013-12-20,28.3571,28.6611,27.9142,28.4787,2682700.0
2013-12-23,28.6437,28.8695,28.4092,28.8261,785100.0
2013-12-24,28.8782,29.0606,28.7827,28.9737,293300.0
2013-12-26,29.0259,29.104,28.5221,28.6263,747300.0
2013-12-27,28.6177,28.6698,28.1834,28.331,886400.0
2013-12-30,28.5395,28.5395,28.0271,28.1921,1064000.0
2013-12-31,28.2789,28.6437,28.1139,28.5742,685800.0
2014-01-02,28.5221,28.5742,28.0444,28.14,790700.0
2014-01-03,28.2094,28.3745,27.9489,28.0184,601600.0
2014-01-06,28.0618,28.1747,27.4799,27.4973,1304900.0
2014-01-07,27.697,27.8968,27.5233,27.7839,1357800.0
2014-01-08,27.8186,28.1139,27.4799,28.0444,1392200.0
2014-01-09,28.0879,28.1747,27.6362,27.8273,902200.0
2014-01-10,28.3137,28.3137,27.8099,28.2529,998000.0
2014-01-13,28.14,28.5655,27.8273,28.0184,1246900.0
2014-01-14,28.1921,28.4787,27.9576,28.0444,1395600.0
2014-01-15,27.3583,27.9663,22.7986,25.5865,23210900.0
2014-01-16,25.8905,25.9339,24.6485,25.4389,7264400.0
2014-01-17,25.4476,25.5257,24.1014,24.2577,6994700.0
2014-01-21,24.3619,24.6485,22.3556,22.5293,10946000.0
2014-01-22,22.3383,23.2676,21.9474,23.1981,8769200.0
2014-01-23,23.1026,23.2242,22.8333,23.0591,4894500.0
2014-01-24,22.9289,23.0331,22.7117,22.7204,4273200.0
2014-01-27,22.6944,23.1981,22.538,22.7899,5038800.0
2014-01-28,22.9028,23.172,22.7552,23.1199,2383100.0
2014-01-29,22.816,23.5281,22.816,23.0331,3123400.0
2014-01-30,23.2242,23.8234,22.9983,23.7279,2720400.0
2014-01-31,23.3979,23.5889,23.2155,23.5108,3945100.0
2014-02-03,23.0852,23.6671,23.0157,23.1286,5917800.0
2014-02-04,23.1026,23.3023,22.8854,22.981,3432200.0
2014-02-05,22.8854,23.0505,22.4599,22.7378,2925400.0
2014-02-06,22.9028,23.4934,22.8073,23.4239,2753100.0
2014-02-07,23.6324,24.5443,23.5195,24.3967,3308600.0
2014-02-10,24.3098,24.6225,23.7366,23.754,2196200.0
2014-02-11,23.7105,24.0145,23.6324,23.8669,1398500.0
2014-02-12,23.8408,24.1535,23.754,23.9971,1002600.0
2014-02-13,23.754,24.8135,23.754,24.7528,1985000.0
2014-02-14,24.6746,25.1088,24.3098,25.048,2146000.0
2014-02-18,25.1349,25.5084,24.8483,25.1175,2682600.0
2014-02-19,25.0741,25.4389,24.9699,25.1696,1955900.0
2014-02-20,25.1088,25.3086,24.9699,25.2652,1578200.0
2014-02-21,25.3781,25.7776,25.187,25.6386,1768500.0
2014-02-24,25.7429,25.7863,25.491,25.63,2033800.0
2014-02-25,25.6213,25.6908,25.2218,25.2391,1733300.0
2014-02-26,25.4041,25.5518,25.161,25.2478,2950800.0
2014-02-27,23.7105,24.8483,22.7986,23.4152,11244200.0
2014-02-28,23.7018,24.2751,23.45,24.223,3859400.0
2014-03-03,23.9624,24.1882,23.6237,24.1361,1989500.0
2014-03-04,24.414,24.883,24.1795,24.7528,2462100.0
2014-03-05,24.8135,25.0307,24.5877,24.6919,2460400.0
2014-03-06,24.5704,24.7528,23.6497,23.945,4171300.0
2014-03-07,24.0666,24.3011,23.8929,24.1708,2462900.0
2014-03-10,24.1708,24.2577,23.7974,23.9363,2021500.0
2014-03-11,23.945,24.0753,23.5281,23.6671,1564900.0
2014-03-12,23.5455,23.8755,23.45,23.6584,2128200.0
2014-03-13,23.78,23.8669,23.2502,23.4152,2996900.0
2014-03-14,23.3718,23.4587,22.7204,22.8246,3490100.0
2014-03-17,22.981,23.2415,22.4338,22.5901,4016800.0
2014-03-18,22.677,22.7465,22.2775,22.3556,3254500.0
2014-03-19,22.4164,23.1894,22.2688,22.8507,4172800.0
2014-03-20,22.842,22.9897,22.3035,22.4164,3262100.0
2014-03-21,22.4772,22.5641,22.1733,22.3556,2975300.0
2014-03-24,22.373,22.5293,21.878,21.9561,2449400.0
2014-03-25,22.9028,22.9028,21.8606,21.9127,1539800.0
2014-03-26,22.0517,22.1819,21.2439,21.5132,2779700.0
2014-03-27,21.5827,21.9214,21.3568,21.8258,2133300.0
2014-03-28,21.9561,22.5207,21.9561,22.4859,2669700.0
2014-03-31,22.6944,22.9202,22.3904,22.8854,1877100.0
2014-04-01,22.9462,23.5889,22.8941,23.5889,2597800.0
2014-04-02,23.6671,23.8147,23.3631,23.5021,1557100.0
2014-04-03,23.5716,24.3445,23.4152,24.3011,2971800.0
2014-04-04,24.6312,24.6312,23.78,23.8669,2841200.0
2014-04-07,23.6845,23.8842,23.3631,23.6671,2161100.0
2014-04-08,23.5976,24.0666,23.5195,24.0319,1559700.0
2014-04-09,24.0666,24.2403,23.8147,24.1795,1283900.0
2014-04-10,24.1274,24.2316,23.476,23.5716,1658600.0
2014-04-11,23.7974,24.1014,23.4413,23.8148,1619900.0
2014-04-14,23.945,24.0058,22.9983,23.1634,3696600.0
2014-04-15,23.2502,23.9277,22.9202,23.8321,2194500.0
2014-04-16,23.9537,24.1448,23.1807,23.2676,2233700.0
2014-04-17,23.285,23.8408,23.2676,23.78,4387000.0
2014-04-21,23.9798,24.1448,23.5716,23.8408,1000500.0
2014-04-22,23.8669,24.1014,23.5629,23.5889,1820700.0
2014-04-23,23.6237,23.7192,23.3544,23.5281,1152700.0
2014-04-24,23.641,23.7974,23.285,23.7713,1010300.0
2014-04-25,23.6932,23.6932,23.1286,23.146,2081900.0
2014-04-28,23.2763,23.8582,23.1721,23.6411,3043900.0
2014-04-29,23.8842,25.7602,23.7192,25.6647,3761700.0
2014-04-30,25.2912,25.6473,24.5791,25.2912,5045600.0
2014-05-01,25.4389,25.4476,25.1349,25.2912,2317500.0
2014-05-02,25.3086,25.6821,25.2565,25.4128,1807300.0
2014-05-05,25.3433,25.9166,25.0915,25.4128,1429900.0
2014-05-06,25.3433,25.4649,24.4922,24.6746,2545700.0
2014-05-07,24.7701,25.161,24.5964,25.1436,1925800.0
2014-05-08,25.1002,25.7515,24.9873,25.1262,1721000.0
2014-05-09,25.0567,25.3086,24.8135,24.9959,992500.0
2014-05-12,25.1696,25.5344,25.0133,25.491,1213900.0
2014-05-13,25.4823,25.7863,25.3607,25.491,1597500.0
2014-05-14,25.3607,25.4476,24.7267,24.7614,2508900.0
2014-05-15,24.7267,24.9004,24.1361,24.6312,2227400.0
2014-05-16,24.5009,24.8657,24.2316,24.6572,1309800.0
2014-05-19,24.6225,24.857,24.6138,24.6485,861000.0
2014-05-20,24.579,24.6485,24.0145,24.249,1643800.0
2014-05-21,24.3619,24.5964,24.1448,24.3793,830000.0
2014-05-22,24.3272,24.579,24.1795,24.4401,1081600.0
2014-05-23,24.3793,24.5964,24.3445,24.4314,1329500.0
2014-05-27,24.6485,24.9265,24.5356,24.8917,1459600.0
2014-05-28,24.8483,24.8483,24.3706,24.5704,1686400.0
2014-05-29,24.7093,24.7093,24.2751,24.3532,1195400.0
2014-05-30,24.3793,24.3793,24.0145,24.0927,1188400.0
2014-06-02,24.0927,24.4314,23.9277,24.3185,849600.0
2014-06-03,24.0579,24.553,24.0145,24.4227,846000.0
2014-06-04,24.3532,24.4575,24.249,24.3011,888000.0
2014-06-05,24.3445,24.5269,24.1969,24.223,1800000.0
2014-06-06,24.3185,24.553,23.9537,24.4401,2594400.0
2014-06-09,24.4488,24.9873,24.4314,24.5009,2961100.0
2014-06-10,24.414,24.4661,23.5976,23.6584,1994800.0
2014-06-11,23.6497,24.6051,23.146,23.3371,2841900.0
2014-06-12,23.2589,23.4239,22.7986,22.8768,1661900.0
2014-06-13,22.9723,23.1286,22.512,22.5815,2339700.0
2014-06-16,22.5815,22.7465,22.2514,22.2862,2334500.0
2014-06-17,22.2427,22.4512,21.6695,22.3643,3883900.0
2014-06-18,22.4512,23.3284,22.3817,23.2676,3070200.0
2014-06-19,23.3284,23.4326,22.842,22.9983,1481400.0
2014-06-20,23.0244,23.1894,22.8854,23.0331,2202100.0
2014-06-23,22.842,23.1894,22.5467,22.6162,2354200.0
2014-06-24,22.538,22.8594,22.2948,22.4425,1847800.0
2014-06-25,22.3643,23.0591,22.3296,22.9202,1689600.0
2014-06-26,22.8854,22.9289,22.538,22.8594,1311400.0
2014-06-27,22.8246,23.311,22.7552,23.146,2587600.0
2014-06-30,23.1721,23.2155,22.7986,23.1807,2048000.0
2014-07-01,23.285,23.78,23.2242,23.4673,2091500.0
2014-07-02,23.4066,23.5368,23.1894,23.2155,939600.0
2014-07-03,23.2155,23.5108,23.1199,23.5021,618500.0
2014-07-07,23.45,23.8669,23.1807,23.5455,1670800.0
2014-07-08,23.4326,23.4326,22.981,23.007,2039400.0
2014-07-09,22.7638,23.4934,22.7638,23.476,1444300.0
2014-07-10,23.0939,23.3631,22.8854,23.0765,1999400.0
2014-07-11,23.007,23.311,22.8073,23.1026,1718100.0
2014-07-14,23.2936,23.3979,23.0591,23.2155,1214600.0
2014-07-15,23.1894,23.45,23.0157,23.1199,1296400.0
2014-07-16,23.2328,23.45,22.677,22.7986,2157900.0
2014-07-17,22.6683,22.816,22.3383,22.3556,1180400.0
2014-07-18,22.3904,22.6075,22.1733,22.4772,1015700.0
2014-07-21,22.3817,22.6423,22.3209,22.373,1059200.0
2014-07-22,22.4512,22.5554,22.1472,22.1906,1549200.0
2014-07-23,22.2688,22.4859,22.2167,22.3556,1290500.0
2014-07-24,22.4512,22.4946,22.2688,22.3296,1441700.0
2014-07-25,22.2427,22.3991,21.9648,22.0169,1318300.0
2014-07-28,22.1038,22.2775,21.8432,22.1298,1746500.0
2014-07-29,22.0864,22.2514,21.8519,22.069,3079400.0
2014-07-30,22.1819,22.2341,21.904,21.9996,2694100.0
2014-07-31,22.3209,22.9723,22.1819,22.7204,4501800.0
2014-08-01,22.6509,22.842,21.8519,22.208,5655200.0
2014-08-04,22.2688,23.0939,22.2254,22.981,2721100.0
2014-08-05,22.8507,23.0418,22.6162,22.7117,1701200.0
2014-08-06,22.6162,22.8941,22.512,22.677,1017700.0
2014-08-07,22.7378,22.7986,22.4251,22.5641,1473900.0
2014-08-08,22.5207,23.0765,22.4946,23.0591,1649300.0
2014-08-11,23.1199,23.3023,22.8854,23.1026,1296400.0
2014-08-12,23.007,23.2068,22.7117,22.8594,1070100.0
2014-08-13,22.8854,23.0505,22.6857,22.7378,937200.0
2014-08-14,22.8073,23.0591,22.7291,22.981,1385200.0
2014-08-15,23.0591,23.0939,22.6162,23.0244,1320500.0
2014-08-18,23.1547,23.7105,23.0678,23.6497,1570000.0
2014-08-19,23.7192,23.7887,23.476,23.5455,1097800.0
2014-08-20,23.4587,23.7453,23.2936,23.7279,2033600.0
2014-08-21,23.7453,23.7453,23.4847,23.6324,1682700.0
2014-08-22,23.6758,23.8148,23.5195,23.7105,1417600.0
2014-08-25,23.8755,24.3706,23.7105,24.3619,2334700.0
2014-08-26,24.4661,24.5009,24.0579,24.2316,1904300.0
2014-08-27,24.2664,24.3359,24.0406,24.1014,1052700.0
2014-08-28,24.0406,24.1795,23.8321,24.1187,820700.0
2014-08-29,24.1274,24.7788,24.1014,24.6659,1760700.0
2014-09-02,24.6398,25.1523,24.6225,25.1436,2903700.0
2014-09-03,25.1436,25.3694,24.9873,25.0133,2997100.0
2014-09-04,24.9873,25.2652,24.8396,24.9699,2450500.0
2014-09-05,24.9438,25.1349,24.7441,24.8657,1422500.0
2014-09-08,24.7788,24.8483,24.5096,24.7006,1243300.0
2014-09-09,24.5704,24.6572,24.388,24.5356,1386600.0
2014-09-10,24.5009,24.5443,24.0666,24.2924,1309900.0
2014-09-11,24.2316,24.5183,24.1274,24.4922,1095800.0
2014-09-12,24.5009,24.5183,24.1882,24.2751,951000.0
2014-09-15,24.2316,24.5356,24.1361,24.2924,1050500.0
2014-09-16,24.2577,24.4488,24.1014,24.3706,1824500.0
2014-09-17,24.4661,24.4835,24.084,24.1448,1310700.0
2014-09-18,24.1622,24.2924,23.8669,23.8755,1534100.0
2014-09-19,23.945,23.9537,23.5108,23.7366,2191200.0
2014-09-22,23.6497,23.7105,23.2242,23.285,1048900.0
2014-09-23,23.1373,23.2676,22.9549,22.9549,1471000.0
2014-09-24,22.9723,23.1807,22.7986,23.1286,882700.0
2014-09-25,23.0157,23.0765,22.6944,22.8073,1485300.0
2014-09-26,22.7725,23.1026,22.7378,23.0765,1261500.0
2014-09-29,22.8507,23.1547,22.7638,23.0939,1244400.0
2014-09-30,23.0591,23.2068,22.9636,23.0939,1814300.0
2014-10-01,23.0244,23.4326,23.0244,23.1286,2787800.0
2014-10-02,23.1894,23.615,23.0244,23.5108,1390500.0
2014-10-03,23.6671,24.0493,23.5716,23.78,1941100.0
2014-10-06,23.8408,23.9624,23.5195,23.5368,1621800.0
2014-10-07,23.4239,23.4239,22.9115,22.9202,1296500.0
2014-10-08,22.9375,23.1981,22.703,23.1547,956900.0
2014-10-09,23.0939,23.1634,22.5901,22.6683,1091000.0
2014-10-10,22.7291,22.816,22.3209,22.3209,1204600.0
2014-10-13,22.3209,22.4164,21.7998,21.8258,1352500.0
2014-10-14,21.9214,22.6596,21.8693,22.5554,1929200.0
2014-10-15,22.1733,22.6683,21.7477,22.4599,1580800.0
2014-10-16,22.043,22.8768,21.9474,22.8333,2086500.0
2014-10-17,23.0418,23.0505,22.6249,22.7986,1561700.0
2014-10-20,22.6944,23.1199,22.6944,22.9983,965300.0
2014-10-21,23.2068,23.5889,22.9983,23.4326,1216200.0
2014-10-22,23.4239,23.7887,23.2502,23.311,1269000.0
2014-10-23,23.5803,23.7192,23.2763,23.5803,1203500.0
2014-10-24,23.5281,23.6671,23.285,23.6497,602800.0
2014-10-27,23.5021,23.7192,23.3979,23.6932,771600.0
2014-10-28,23.8756,24.2056,23.6845,24.1708,1090000.0
2014-10-29,24.2664,24.2924,23.8408,24.0058,1509900.0
2014-10-30,23.0591,23.5802,22.512,23.3284,3522200.0
2014-10-31,23.6324,25.1436,23.5021,24.8135,3862500.0
2014-11-03,24.7962,25.1696,24.5964,25.0046,1886500.0
2014-11-04,24.9959,25.0915,24.4575,24.4748,1238900.0
2014-11-05,24.5877,25.0307,24.5096,24.9786,1543100.0
2014-11-06,24.9612,25.2391,24.8309,25.1349,920400.0
2014-11-07,25.161,25.2999,24.8222,25.2912,1169100.0
2014-11-10,25.352,25.6734,25.1696,25.3868,1232300.0
2014-11-11,25.3433,25.3781,25.1002,25.2912,719000.0
2014-11-12,24.9786,25.491,24.9786,25.4041,839600.0
2014-11-13,25.4476,25.5692,25.187,25.2478,653900.0
2014-11-14,25.2912,25.4649,25.1088,25.1696,607800.0
2014-11-17,25.0567,25.2218,24.883,24.9873,831600.0
2014-11-18,25.0394,25.3433,24.9351,25.1523,1274700.0
2014-11-19,25.1436,25.161,24.6833,24.9438,1056700.0
2014-11-20,24.7788,25.2218,24.7788,25.0307,968200.0
2014-11-21,25.3173,25.3347,24.9351,25.0046,980200.0
2014-11-24,24.9786,25.491,24.9699,25.187,1671700.0
2014-11-25,25.2652,25.2825,24.8222,24.9699,1055100.0
2014-11-26,24.9699,25.1175,24.7788,25.0741,910200.0
2014-11-28,25.1436,25.4215,25.0046,25.2304,621700.0
2014-12-01,25.1523,25.4563,24.9091,24.9525,1206400.0
2014-12-02,24.9525,25.2999,24.9525,25.0654,828400.0
2014-12-03,25.1088,25.7168,24.9525,25.6734,960600.0
2014-12-04,25.7081,25.7429,25.0654,25.1696,886200.0
2014-12-05,25.2739,25.4649,25.1783,25.4041,814500.0
2014-12-08,25.2999,25.4562,24.9959,25.1523,900900.0
2014-12-09,24.9612,25.6126,24.9612,25.5605,1600000.0
2014-12-10,25.5431,25.5431,25.0567,25.0915,978200.0
2014-12-11,25.2565,25.4041,24.7788,24.8049,902600.0
2014-12-12,24.5877,24.857,24.1014,24.1535,2128600.0
2014-12-15,24.3532,24.8396,23.8669,23.8929,1393100.0
2014-12-16,23.7974,23.9624,23.3718,23.3805,1890500.0
2014-12-17,23.2415,23.8495,23.2242,23.7974,1617000.0
2014-12-18,24.1622,24.3011,23.7018,23.8929,1418100.0
2014-12-19,23.9798,24.2924,23.8842,23.9798,2007800.0
2014-12-22,24.1014,24.3359,23.9103,24.0579,1012300.0
2014-12-23,24.2403,24.4488,23.9885,24.2751,940600.0
2014-12-24,24.3098,24.388,24.1622,24.2577,650900.0
2014-12-26,24.3619,24.6398,24.3619,24.414,558800.0
2014-12-29,24.5096,24.7788,24.388,24.5096,1386200.0
2014-12-30,24.4661,24.6572,24.3185,24.5269,832800.0
2014-12-31,24.6138,24.8222,24.414,24.4227,953500.0
2015-01-02,24.5096,24.5183,23.7366,24.1274,1125000.0
2015-01-05,23.9363,24.1448,23.6237,23.8321,1029100.0
2015-01-06,23.8495,24.0145,23.2068,23.4065,1092600.0
2015-01-07,23.6758,23.754,23.3718,23.7366,958300.0
2015-01-08,23.8929,24.1882,23.8408,23.9885,1546600.0
2015-01-09,24.0406,24.1361,23.5976,23.7887,1033200.0
2015-01-12,23.8148,23.9885,23.2589,23.3631,1135300.0
2015-01-13,23.5021,23.7279,22.8594,23.1286,835100.0
2015-01-14,22.7986,22.9983,22.5467,22.7638,1060500.0
2015-01-15,22.7725,22.9897,21.9214,21.9561,1595900.0
2015-01-16,21.9822,22.2775,21.8172,22.2601,1446900.0
2015-01-20,22.3209,22.5728,22.1298,22.2775,1832500.0
2015-01-21,22.3122,22.9028,22.1385,22.8333,1626600.0
2015-01-22,22.9723,23.45,22.816,23.3544,1453900.0
2015-01-23,23.2676,23.4847,23.1634,23.4326,1045100.0
2015-01-26,23.4847,23.7018,23.3371,23.6932,1090600.0
2015-01-27,23.2936,23.6063,23.1894,23.311,818500.0
2015-01-28,23.4239,23.4413,22.4425,22.5207,1367300.0
2015-01-29,22.6596,22.7986,22.3556,22.7638,1277500.0
2015-01-30,22.7117,22.816,22.3556,22.4164,1674100.0
2015-02-02,22.4599,22.8594,22.3035,22.8333,1755400.0
2015-02-03,22.9289,23.3544,22.9202,23.3197,1139800.0
2015-02-04,22.5815,23.3284,22.1559,23.0852,1520700.0
2015-02-05,23.2502,23.4673,22.9462,23.1634,2333800.0
2015-02-06,23.3631,23.7453,23.1894,23.4673,1635300.0
2015-02-09,23.4673,23.6671,23.2763,23.4934,2617800.0
2015-02-10,23.7279,23.7713,23.4413,23.754,851200.0
2015-02-11,23.7713,23.8842,23.4326,23.5803,1358300.0
2015-02-12,23.615,23.7366,23.4673,23.5542,1204600.0
2015-02-13,23.5195,23.6497,23.4066,23.6411,1087500.0
2015-02-17,23.7018,23.9016,23.6063,23.8234,1223700.0
2015-02-18,23.7453,23.8495,23.5108,23.6671,1672800.0
2015-02-19,23.6758,23.7887,23.5021,23.7192,1652200.0
2015-02-20,23.754,23.8234,23.45,23.78,1715100.0
2015-02-23,23.7018,23.8755,23.5976,23.6584,1857000.0
2015-02-24,23.6932,23.7974,23.4239,23.7626,1764200.0
2015-02-25,23.8061,24.2403,23.6932,24.1882,1482000.0
2015-02-26,20.9313,21.6869,19.8891,21.5219,15292600.0
2015-02-27,21.4524,21.5566,21.131,21.3482,5420500.0
2015-03-02,21.3655,21.5653,21.2874,21.5566,2940700.0
2015-03-03,21.5653,21.7043,21.3829,21.6521,2912800.0
2015-03-04,21.2092,21.3482,20.8705,20.8705,3140700.0
2015-03-05,21.0094,21.0355,20.6533,20.9747,2469500.0
2015-03-06,20.8618,21.0355,20.5839,20.6968,3167700.0
2015-03-09,20.6794,20.8444,20.3754,20.8271,2899400.0
2015-03-10,20.6273,20.9139,20.5318,20.6881,3758900.0
2015-03-11,20.7923,21.0442,20.636,20.9747,4721100.0
2015-03-12,21.0963,21.4003,20.9834,21.2526,2852700.0
2015-03-13,21.1918,21.3308,20.9921,21.2092,1759800.0
2015-03-16,21.2961,21.7651,21.2613,21.4524,3479900.0
2015-03-17,21.409,21.4524,21.2092,21.3829,1919200.0
2015-03-18,21.2961,21.3655,21.0702,21.1137,3697200.0
2015-03-19,21.0094,21.3568,20.8705,21.0442,3031700.0
2015-03-20,21.1397,21.27,21.0355,21.2179,4397000.0
2015-03-23,21.1918,21.3655,21.1137,21.1223,2942100.0
2015-03-24,21.0963,21.2092,20.9921,21.0094,4393100.0
2015-03-25,21.0702,21.105,20.5231,20.5318,2623600.0
2015-03-26,20.4883,21.0268,20.3146,20.9573,6108300.0
2015-03-27,20.8531,21.6348,20.8531,21.5132,2932000.0
2015-03-30,21.5479,21.8345,21.5479,21.7043,2818900.0
2015-03-31,21.7129,22.373,21.7129,22.1993,4175400.0
2015-04-01,22.1906,22.2341,21.9388,22.0603,2915200.0
2015-04-02,22.0951,22.2514,21.9388,22.2167,1809500.0
2015-04-06,22.1385,22.6683,22.0256,22.4512,1993700.0
2015-04-07,22.5467,22.5467,22.2688,22.2948,1634700.0
2015-04-08,22.2688,22.5815,22.1646,22.538,1156800.0
2015-04-09,22.4946,22.7552,22.3383,22.4338,1113300.0
2015-04-10,22.4425,22.5467,22.2948,22.4512,1138600.0
2015-04-13,22.3904,22.3904,22.1733,22.208,1097600.0
2015-04-14,22.1559,22.2688,22.043,22.1472,1084600.0
2015-04-15,22.2688,22.3991,22.1559,22.2254,1149300.0
2015-04-16,22.2514,22.3383,22.1211,22.2514,829100.0
2015-04-17,22.1038,22.3556,21.765,21.904,2938400.0
2015-04-20,22.069,22.3556,21.9909,22.1385,1571100.0
2015-04-21,22.1906,22.2254,22.043,22.1125,1955800.0
2015-04-22,22.1211,22.2601,21.9474,22.1646,2992600.0
2015-04-23,22.1646,22.2862,22.1211,22.2167,1204200.0
2015-04-24,22.347,22.3643,22.1298,22.2167,1661100.0
2015-04-27,22.2775,22.3643,21.8866,21.9301,2032200.0
2015-04-28,21.8693,22.0169,21.6869,21.7216,1963500.0
2015-04-29,21.6869,21.9735,21.6435,21.9388,2699000.0
2015-04-30,23.4413,24.2143,22.8333,23.5108,6481900.0
2015-05-01,23.7192,24.2577,23.7192,24.1535,2535400.0
2015-05-04,24.1708,24.4053,24.0927,24.1795,2131600.0
2015-05-05,24.0493,24.2664,23.9624,24.0232,2305200.0
2015-05-06,24.1274,24.1795,23.7887,23.919,1199500.0
2015-05-07,23.4239,24.1187,23.0418,23.9971,1364400.0
2015-05-08,24.249,24.2577,23.7713,23.8929,1372100.0
2015-05-11,23.8842,24.1361,23.7887,23.945,1469500.0
2015-05-12,23.8929,24.2143,23.7366,24.11,1363400.0
2015-05-13,24.1448,24.4227,24.0579,24.1882,1682100.0
2015-05-14,24.3185,24.3532,24.084,24.1622,1378900.0
2015-05-15,24.1622,24.3706,23.9711,24.3706,1367700.0
2015-05-18,24.3706,24.7441,24.3011,24.6833,1133200.0
2015-05-19,24.7701,24.883,24.6833,24.7701,994700.0
2015-05-20,24.8657,24.9438,24.579,24.9178,1140600.0
2015-05-21,24.7962,24.9873,24.7006,24.9438,942400.0
2015-05-22,24.9873,25.0915,24.9091,24.9699,946600.0
2015-05-26,24.9612,24.9612,24.4835,24.6138,1467100.0
2015-05-27,24.7527,25.1088,24.5443,25.0654,1311500.0
2015-05-28,25.0654,25.187,24.8743,25.022,1427900.0
2015-05-29,24.9351,25.0915,24.7527,24.8135,1567100.0
2015-06-01,24.857,25.0567,24.692,25.022,1008000.0
2015-06-02,24.8657,25.1523,24.8135,25.0567,725000.0
2015-06-03,25.1783,25.4649,24.9525,25.3955,1291300.0
2015-06-04,25.1696,25.326,25.0567,25.2044,1376900.0
2015-06-05,25.2044,25.6908,25.187,25.63,1251700.0
2015-06-08,25.6126,25.63,25.2131,25.2218,907600.0
2015-06-09,25.3086,25.491,25.1262,25.2912,687700.0
2015-06-10,25.3433,25.5952,25.2739,25.4389,1446300.0
2015-06-11,25.491,25.5952,25.3607,25.5518,1391100.0
2015-06-12,25.5257,25.63,25.4041,25.5344,632700.0
2015-06-15,25.352,25.4563,25.0394,25.4389,1089700.0
2015-06-16,25.491,25.6213,25.3173,25.4389,1150500.0
2015-06-17,25.5257,25.6734,25.4128,25.491,1145000.0
2015-06-18,25.5084,25.9166,25.5084,25.6908,1077000.0
2015-06-19,25.7602,25.9687,25.656,25.7863,1547800.0
2015-06-22,25.9426,25.9426,25.5952,25.8645,1129900.0
2015-06-23,25.8818,26.1511,25.8037,26.0816,911000.0
2015-06-24,26.0903,26.264,25.9339,26.0816,1329900.0
2015-06-25,26.2727,26.4898,26.125,26.3421,1747200.0
2015-06-26,26.4029,26.7677,26.2727,26.7417,2662800.0
2015-06-29,26.5245,26.6722,26.2206,26.2379,1427900.0
2015-06-30,26.4203,26.4811,26.0816,26.2727,1658600.0
2015-07-01,26.4637,26.7503,26.3595,26.5766,2176000.0
2015-07-02,26.759,26.8806,26.2379,26.4116,1567800.0
2015-07-06,26.1858,26.6287,26.1598,26.2727,2975700.0
2015-07-07,26.3856,26.6201,25.9947,26.5766,1986000.0
2015-07-08,26.3248,26.4898,26.1511,26.3682,3210400.0
2015-07-09,26.6982,26.6982,26.0642,26.125,2488900.0
2015-07-10,26.29,26.429,26.0555,26.3421,1388400.0
2015-07-13,26.5593,26.733,26.3942,26.7156,1936600.0
2015-07-14,26.6548,26.9675,26.4985,26.8546,1729800.0
2015-07-15,26.9067,27.0804,26.7243,26.9675,1274700.0
2015-07-16,27.1499,27.2107,26.9848,27.0717,849600.0
2015-07-17,27.1412,27.2367,26.9154,27.0283,947500.0
2015-07-20,27.1412,27.2367,27.0109,27.1499,792200.0
2015-07-21,27.1846,27.2888,27.0456,27.1064,1101700.0
2015-07-22,27.0804,27.2628,26.9935,27.0891,2534400.0
2015-07-23,27.1846,27.3757,27.1412,27.2715,1312500.0
2015-07-24,27.3236,27.3236,26.733,26.8372,1351500.0
2015-07-27,26.6635,26.8546,26.4637,26.6895,1691000.0
2015-07-28,26.8025,26.898,26.5853,26.8111,2243100.0
2015-07-29,26.8546,27.2975,26.8546,27.2454,2062600.0
2015-07-30,27.037,28.0097,26.8372,27.2193,3114300.0
2015-07-31,27.3583,27.7404,26.9327,27.3236,1893000.0
2015-08-03,27.3757,27.5233,26.9935,27.2367,1789900.0
2015-08-04,27.3409,27.7578,27.2801,27.5494,1626600.0
2015-08-05,27.5928,27.7491,27.4538,27.5754,1495900.0
2015-08-06,27.4799,27.7839,27.1238,27.3496,1012600.0
2015-08-07,27.3062,27.4712,27.1325,27.2801,990800.0
2015-08-10,27.4973,27.6536,27.228,27.4799,1177300.0
2015-08-11,27.3236,27.3409,26.9762,27.3149,1027400.0
2015-08-12,27.0804,27.3149,26.8372,27.0196,1850100.0
2015-08-13,26.9675,27.4191,26.8893,27.2367,916100.0
2015-08-14,27.3062,27.5494,27.1325,27.3844,1103100.0
2015-08-17,27.2454,27.393,27.063,27.3062,1182400.0
2015-08-18,27.2801,27.4017,27.0978,27.0978,782200.0
2015-08-19,27.0456,27.0456,26.6809,26.7851,905600.0
2015-08-20,26.4985,26.7243,26.2032,26.4203,1242600.0
2015-08-21,26.1076,26.2205,25.5865,25.5952,1857700.0
2015-08-24,24.2316,25.5952,23.1634,24.9178,2552400.0
2015-08-25,25.63,26.0121,24.718,24.7354,2228400.0
2015-08-26,25.2478,25.4041,24.883,25.2478,2168400.0
2015-08-27,25.4736,25.9774,25.4476,25.9252,1805500.0
2015-08-28,25.8123,26.1945,25.8123,25.9947,1060500.0
2015-08-31,25.9687,26.29,25.8384,26.0468,1034600.0
2015-09-01,25.5778,25.8384,25.4562,25.5778,1429700.0
2015-09-02,25.8992,26.1598,25.5952,26.1598,1363200.0
2015-09-03,26.2553,26.7156,26.2466,26.3769,1868700.0
2015-09-04,26.0903,26.6895,25.7689,25.8905,1644200.0
2015-09-08,26.4203,26.5593,26.0208,26.4811,1261400.0
2015-09-09,26.594,26.7677,26.1684,26.2727,1398300.0
2015-09-10,26.2813,26.5593,26.1771,26.3595,1032800.0
2015-09-11,26.2466,26.3682,25.9339,26.3248,1158200.0
2015-09-14,26.3595,26.4985,26.1684,26.3682,978400.0
2015-09-15,26.5766,26.5766,26.2727,26.4898,1134000.0
2015-09-16,26.5332,26.7156,26.1858,26.6374,1304100.0
2015-09-17,26.5766,26.9588,26.5419,26.6287,1107600.0
2015-09-18,26.2032,26.3595,25.96,26.0034,1858000.0
2015-09-21,26.2553,26.6809,26.1771,26.568,1957500.0
2015-09-22,26.2119,26.3595,25.5865,25.9166,1577200.0
2015-09-23,25.8297,25.9339,25.5518,25.6126,1132100.0
2015-09-24,25.3694,25.4389,24.9612,25.3347,1704100.0
2015-09-25,25.517,25.5692,25.2478,25.2999,1328800.0
2015-09-28,25.1002,25.1349,24.4748,24.5443,1262500.0
2015-09-29,24.6225,24.6485,24.1535,24.2664,1856300.0
2015-09-30,24.5269,24.6746,24.223,24.6312,2766400.0
2015-10-01,24.6398,24.9265,24.4314,24.7006,1498600.0
2015-10-02,24.4053,24.8657,24.3445,24.857,1692600.0
2015-10-05,25.0394,26.0295,24.9959,25.2565,1440600.0
2015-10-06,25.2739,25.4041,24.9699,25.1436,6120500.0
2015-10-07,25.2478,25.3694,24.9351,25.0394,1860900.0
2015-10-08,25.0307,25.2391,24.883,25.0915,1580200.0
2015-10-09,25.0828,25.4302,24.7093,24.8049,1247500.0
2015-10-12,24.8135,24.9265,24.6659,24.718,714200.0
2015-10-13,24.692,24.8657,24.4835,24.5096,1060000.0
2015-10-14,24.4835,24.5617,24.0927,24.1361,1533900.0
2015-10-15,24.2056,24.414,24.0406,24.3793,1161300.0
2015-10-16,24.4488,24.4488,24.0927,24.1448,1468000.0
2015-10-19,24.0753,24.3359,23.9711,24.2837,1512700.0
2015-10-20,24.3185,24.3706,24.084,24.1882,1047300.0
2015-10-21,24.3446,24.3967,23.9363,23.9971,860400.0
2015-10-22,24.1622,24.4748,24.0666,24.4053,1249400.0
2015-10-23,24.2577,24.6138,24.1622,24.5617,1471100.0
2015-10-26,24.5182,24.8135,24.5096,24.7962,1733000.0
2015-10-27,24.7788,24.8309,24.3967,24.4835,1604400.0
2015-10-28,24.5704,25.6213,24.4401,25.5952,2647000.0
2015-10-29,25.4736,26.3335,25.2391,26.0034,1859000.0
2015-10-30,25.96,26.0121,24.0666,25.7168,1878000.0
2015-11-02,25.7863,25.9687,25.5344,25.9339,1360200.0
2015-11-03,25.9687,26.0468,25.8905,26.0034,1302700.0
2015-11-04,26.0121,26.1337,25.795,26.0903,1665500.0
2015-11-05,26.1163,26.1684,25.8123,26.1337,1347300.0
2015-11-06,26.0903,26.1771,25.9513,26.125,1056600.0
2015-11-09,26.0382,26.2032,25.6386,26.1511,1405100.0
2015-11-10,26.0642,26.4029,25.986,26.4029,1430000.0
2015-11-11,26.3856,26.4898,26.2119,26.2292,1021300.0
2015-11-12,25.96,26.1163,25.7168,25.7255,1156200.0
2015-11-13,25.6734,25.9166,24.9786,25.0133,1799900.0
2015-11-16,25.0133,25.5518,24.9178,25.5344,1429200.0
2015-11-17,25.6386,25.7516,25.4128,25.63,1282200.0
2015-11-18,25.7863,25.7863,25.2912,25.5778,1474800.0
2015-11-19,25.5952,25.7342,25.3868,25.6039,1005600.0
2015-11-20,25.7689,25.9339,25.5257,25.6821,909300.0
2015-11-23,25.6473,26.0295,25.3955,25.8731,903900.0
2015-11-24,25.6213,25.9079,25.5344,25.8731,1187000.0
2015-11-25,25.8123,25.9947,25.7863,25.8471,769000.0
2015-11-27,25.8384,26.1684,25.7776,26.1163,476000.0
2015-11-30,26.2292,26.2292,25.5257,25.6126,1979200.0
2015-12-01,25.6647,25.9513,25.6039,25.795,1435500.0
2015-12-02,25.8123,25.9252,25.2044,25.2565,761500.0
2015-12-03,25.4302,25.4302,24.6485,24.8049,1721100.0
2015-12-04,24.7962,25.2652,24.7962,25.2131,1230400.0
2015-12-07,25.1523,25.3347,24.9699,25.2999,1196900.0
2015-12-08,25.1957,25.5518,25.0394,25.4997,1311100.0
2015-12-09,25.3781,25.6126,24.8657,24.9004,1209900.0
2015-12-10,24.9612,24.9959,24.579,24.883,1184000.0
2015-12-11,24.5617,24.6746,24.3359,24.4401,906200.0
2015-12-14,24.414,24.7788,24.388,24.7093,1194600.0
2015-12-15,24.9178,25.1436,24.7614,24.7875,1366200.0
2015-12-16,24.9351,25.0915,24.4922,24.9525,1255400.0
2015-12-17,24.9612,25.0046,24.2924,24.3098,1054500.0
2015-12-18,24.1882,24.3011,23.5368,23.7192,3357800.0
2015-12-21,23.7713,24.2403,23.5195,23.754,1691300.0
2015-12-22,23.8321,25.1523,23.7887,25.048,2217100.0
2015-12-23,25.2131,25.7342,25.1523,25.5865,1578200.0
2015-12-24,25.5084,25.8384,25.4476,25.6126,552900.0
2015-12-28,25.4823,25.7863,25.3868,25.7863,1141800.0
2015-12-29,25.9079,26.1511,25.8037,26.0816,1070800.0
2015-12-30,26.0555,26.2813,25.8037,25.8471,931500.0
2015-12-31,25.8471,26.2032,25.6647,25.7342,1182500.0
2016-01-04,25.4215,25.6126,24.8483,25.048,2449200.0
2016-01-05,25.0307,25.3955,24.6572,24.857,1171100.0
2016-01-06,24.3619,24.7962,24.3445,24.6746,1691500.0
2016-01-07,24.1361,24.5617,23.9277,24.4835,2904000.0
2016-01-08,24.718,24.9265,23.5021,23.5455,1951000.0
2016-01-11,23.6324,23.7626,22.981,23.2155,1889400.0
2016-01-12,23.4673,23.78,23.0505,23.4673,1825400.0
2016-01-13,23.5108,23.5281,21.9822,22.043,2225600.0
2016-01-14,22.043,22.6423,21.9561,22.4251,2534800.0
2016-01-15,22.0517,22.5641,21.7216,22.5467,2706200.0
2016-01-19,22.7552,22.8941,22.069,22.3556,1997900.0
2016-01-20,22.1298,22.8507,21.7216,22.6336,1951800.0
2016-01-21,22.6683,23.1547,22.4946,22.8768,2611700.0
2016-01-22,23.1807,23.4239,22.7465,23.2502,1649800.0
2016-01-25,23.2068,23.3631,22.1646,22.6336,1543500.0
2016-01-26,22.7986,23.285,22.6857,23.2676,1358600.0
2016-01-27,23.1547,23.2068,22.5467,22.7117,1242900.0
2016-01-28,22.9636,23.0157,22.5554,22.981,1301400.0
2016-01-29,23.0157,23.8061,23.0157,23.7974,1870400.0
2016-02-01,23.6497,23.8669,23.3371,23.7453,1520500.0
2016-02-02,23.5455,23.8929,23.2328,23.2589,1149700.0
2016-02-03,23.3979,23.8148,22.5728,23.0678,1500000.0
2016-02-04,22.9376,23.0591,22.4425,22.9289,1695000.0
2016-02-05,22.8854,22.8854,21.8519,21.904,1511400.0
2016-02-08,21.5566,21.7129,21.2266,21.6435,1490200.0
2016-02-09,21.3916,21.6174,21.0008,21.0094,1981700.0
2016-02-10,21.2005,21.7216,20.94,21.3134,1566800.0
2016-02-11,21.0094,21.6869,20.801,21.2005,2057000.0
2016-02-12,21.4698,22.842,21.2179,21.739,1182200.0
2016-02-16,22.1559,22.4251,21.8345,22.2948,981600.0
2016-02-17,22.5033,22.6944,22.2341,22.5988,1146600.0
2016-02-18,22.5641,22.981,22.3817,22.5293,991600.0
2016-02-19,22.4512,22.8681,22.3035,22.8507,845800.0
2016-02-22,23.0331,23.2589,22.3817,22.5815,2348200.0
2016-02-23,22.5293,23.0505,22.373,22.7291,2170900.0
2016-02-24,22.3904,22.6162,21.5653,22.5293,3256400.0
2016-02-25,23.8408,24.1969,23.0505,24.1014,3684000.0
2016-02-26,24.3359,24.4922,23.7626,24.4575,1680100.0
2016-02-29,25.0828,25.187,23.8582,23.9711,2891900.0
2016-03-01,24.1361,24.7962,24.0232,24.7875,2108700.0
2016-03-02,24.9786,25.161,24.5964,25.1523,3231600.0
2016-03-03,25.0567,25.5518,24.8222,25.5431,1627900.0
2016-03-04,25.6907,26.1858,25.5431,26.0816,2550500.0
2016-03-07,26.0208,26.4637,25.7081,26.4377,1615100.0
2016-03-08,26.3769,26.594,26.1858,26.4116,2496400.0
2016-03-09,26.6635,26.7156,26.29,26.4203,1403200.0
2016-03-10,26.4724,26.6461,26.0208,26.4898,1247700.0
2016-03-11,26.7069,27.0804,26.5419,27.0543,1724400.0
2016-03-14,27.0978,27.1846,26.7503,26.7764,2221500.0
2016-03-15,25.8645,26.7938,25.8645,26.4811,1936200.0
2016-03-16,26.5158,26.7851,26.29,26.759,1509400.0
2016-03-17,26.6895,26.924,26.5245,26.8806,1365800.0
2016-03-18,26.7503,27.1325,26.2987,26.7764,2537500.0
2016-03-21,26.6982,26.8893,26.29,26.8111,1722200.0
2016-03-22,26.6114,27.0196,26.4898,26.759,1653200.0
2016-03-23,26.6896,26.759,26.2119,26.2379,3080300.0
2016-03-24,26.0468,26.2032,25.8992,26.1598,2074900.0
2016-03-28,26.3769,26.7851,26.2379,26.5853,1659800.0
2016-03-29,26.594,26.8632,26.4029,26.8372,2404100.0
2016-03-30,26.924,27.1064,26.7417,27.0283,2040600.0
2016-03-31,27.0283,27.8968,26.9935,27.7318,2791200.0
2016-04-01,27.5754,27.9402,27.4886,27.9315,3572800.0
2016-04-04,27.9142,28.0965,27.5668,28.0444,2347300.0
2016-04-05,28.2702,28.2702,27.3496,27.3583,2410600.0
2016-04-06,27.3409,27.506,26.9935,27.4799,1964900.0
2016-04-07,27.4191,27.4365,26.9414,27.2454,2154200.0
2016-04-08,27.393,27.5841,27.1499,27.4799,1846400.0
2016-04-11,27.7231,27.7926,27.2367,27.2367,1950700.0
2016-04-12,27.4191,28.14,27.2367,28.0444,2044200.0
2016-04-13,28.2268,28.8608,28.0444,28.8348,1702100.0
2016-04-14,28.9216,29.0085,28.6524,28.7219,1323500.0
2016-04-15,28.7479,28.9651,28.7045,28.8348,1242100.0
2016-04-18,28.6958,29.0519,28.6437,28.8435,1128100.0
2016-04-19,29.0953,29.1996,28.8261,28.9651,1256000.0
2016-04-20,28.9303,29.2169,28.635,29.1388,1032700.0
2016-04-21,29.2169,29.3906,29.0606,29.104,1381100.0
2016-04-22,29.104,29.269,28.8695,28.8869,2465100.0
2016-04-25,28.9564,29.0259,28.6524,28.7306,2209400.0
2016-04-26,28.9303,29.5817,28.8261,29.4862,1957800.0
2016-04-27,29.4775,29.7554,29.3733,29.6686,2169400.0
2016-04-28,29.4601,29.712,28.4353,28.5655,2962100.0
2016-04-29,28.5916,28.7392,27.3322,27.836,3832500.0
2016-05-02,27.836,28.2008,27.5494,28.1921,3468500.0
2016-05-03,27.9402,28.2963,27.7752,28.2268,2149100.0
2016-05-04,28.001,28.4092,28.001,28.1747,1788100.0
2016-05-05,28.2442,28.4353,28.0444,28.0879,1903500.0
2016-05-06,27.9315,28.2963,27.7926,28.2355,917900.0
2016-05-09,28.14,28.5482,28.0965,28.3224,1778500.0
2016-05-10,28.4787,28.7827,28.3397,28.6611,2214400.0
2016-05-11,28.7045,28.8261,28.2355,28.2876,1591300.0
2016-05-12,28.3397,28.8608,28.3224,28.6611,2038100.0
2016-05-13,28.635,28.6437,28.001,28.0531,1382300.0
2016-05-16,28.1573,28.7045,28.1573,28.4092,2231000.0
2016-05-17,28.2702,28.5916,27.7405,27.9489,1888700.0
2016-05-18,27.8447,27.9402,27.6102,27.7839,1584700.0
2016-05-19,27.532,27.5841,27.1238,27.3236,5400400.0
2016-05-20,27.3757,27.5233,27.1325,27.2888,61585900.0
2016-05-23,27.4538,28.0097,27.1933,27.7057,3926500.0
2016-05-24,27.8012,28.2355,27.8012,28.0184,2445300.0
2016-05-25,28.0184,28.6611,27.9228,28.6003,2597100.0
2016-05-26,27.6883,28.8695,27.6883,28.4353,2363100.0
2016-05-27,28.5829,28.8261,28.2963,28.8261,1863400.0
2016-05-31,28.9216,29.078,28.5569,28.7219,1500500.0
2016-06-01,28.47,28.8261,28.2008,28.3918,1559400.0
2016-06-02,28.2181,28.7393,28.2181,28.7393,1977700.0
2016-06-03,28.5308,28.635,28.2094,28.6003,1298300.0
2016-06-06,28.5742,28.5742,28.1834,28.2268,2153400.0
2016-06-07,28.2008,28.8695,28.2008,28.7045,2553800.0
2016-06-08,28.6698,28.8435,28.5829,28.8435,1660000.0
2016-06-09,28.6784,28.939,28.6437,28.7566,2161400.0
2016-06-10,28.14,28.4005,27.9315,27.9923,1471800.0
2016-06-13,27.9836,28.1834,27.7926,27.9142,1589900.0
2016-06-14,27.836,28.0184,27.7144,27.8968,1349700.0
2016-06-15,27.9576,28.4439,27.8881,28.1747,1597100.0
2016-06-16,28.0184,28.444,27.836,28.2442,1264100.0
2016-06-17,28.2442,28.4526,28.0271,28.2963,1995900.0
2016-06-20,28.5829,28.8608,28.5308,28.5655,1723900.0
2016-06-21,28.5916,28.8608,28.2789,28.4613,1448900.0
2016-06-22,28.444,28.8608,28.2789,28.5221,1644200.0
2016-06-23,28.8522,29.1996,28.7045,29.1909,2146700.0
2016-06-24,27.8534,28.0184,26.9414,26.9588,5765100.0
2016-06-27,26.8198,26.8632,25.5084,25.6386,4436600.0
2016-06-28,26.0034,26.6461,25.7776,26.4203,2083700.0
2016-06-29,26.759,27.4017,26.5245,27.228,2026100.0
2016-06-30,27.3757,28.3224,27.0891,27.532,2499000.0
2016-07-01,27.532,27.9228,27.3496,27.8968,2093900.0
2016-07-05,27.7752,27.836,27.0804,27.4365,2484000.0
2016-07-06,27.3409,27.7491,27.2801,27.5841,3830700.0
2016-07-07,27.7926,27.8186,27.4712,27.7665,1393200.0
2016-07-08,28.1313,28.8,27.8794,28.7393,2379000.0
2016-07-11,29.4341,29.4862,29.0259,29.243,3117100.0
2016-07-12,29.3993,29.547,28.9824,28.9998,1505300.0
2016-07-13,29.0519,29.2169,28.7132,28.8,1402200.0
2016-07-14,29.078,29.1214,28.8348,29.0085,1517300.0
2016-07-15,29.1214,29.1648,28.6524,28.7306,1488400.0
2016-07-18,28.6871,28.8261,28.3484,28.3745,1911800.0
2016-07-19,28.3484,28.5829,28.1139,28.2529,2067200.0
2016-07-20,28.3745,28.609,28.2355,28.5655,853400.0
2016-07-21,28.5655,28.8348,28.47,28.6437,1852400.0
2016-07-22,28.6871,28.9998,28.6524,28.9564,1079100.0
2016-07-25,28.8695,29.3038,28.8695,29.1996,1373400.0
2016-07-26,29.2864,29.4254,29.1648,29.3906,1826000.0
2016-07-27,29.4514,29.738,29.3906,29.6512,2032200.0
2016-07-28,29.3559,29.4427,28.1834,29.1996,2385600.0
2016-07-29,29.2343,29.9725,29.2082,29.8683,2493800.0
2016-08-01,29.877,30.016,29.7467,29.9465,1917300.0
2016-08-02,29.9291,30.0941,29.7467,29.9639,2853500.0
2016-08-03,30.016,30.2765,29.8944,30.2765,2007400.0
2016-08-04,30.3286,30.4676,30.042,30.1115,2352900.0
2016-08-05,30.2505,30.65,30.181,30.5631,1512600.0
2016-08-08,30.6847,30.8411,30.2418,30.3286,1613900.0
2016-08-09,30.32,30.5023,30.0941,30.1462,1477000.0
2016-08-10,30.2505,30.4068,30.1289,30.3547,2156700.0
2016-08-11,30.5284,30.7542,30.1202,30.1289,1137500.0
2016-08-12,30.1289,30.6847,29.9204,30.0941,1255200.0
2016-08-15,30.2331,30.7281,30.2331,30.7021,1471900.0
2016-08-16,30.6326,30.7976,30.4589,30.5458,1028100.0
2016-08-17,30.4415,30.7976,30.4415,30.7455,1906800.0
2016-08-18,30.6847,30.7976,30.5197,30.7976,1048300.0
2016-08-19,30.7368,31.0061,30.6152,30.98,1288500.0
2016-08-22,30.98,31.0061,30.7368,30.9192,1268000.0
2016-08-23,31.0582,31.1277,30.9279,31.0843,833600.0
2016-08-24,31.1016,31.2319,30.98,31.1624,1153900.0
2016-08-25,31.0669,31.2579,30.9627,31.145,1019300.0
2016-08-26,31.258,31.3796,30.815,30.9974,1299800.0
2016-08-29,31.0408,31.3882,31.0148,31.2493,1067500.0
2016-08-30,31.2232,31.4751,31.2145,31.4664,1220700.0
2016-08-31,31.5011,31.5706,31.145,31.3448,1595900.0
2016-09-01,31.1798,31.3101,30.8324,30.8845,1805600.0
2016-09-02,31.0061,31.1711,30.8324,31.0843,1312000.0
2016-09-06,31.1364,31.3274,30.9366,31.3014,1605900.0
2016-09-07,31.3187,31.5011,31.2493,31.4577,990900.0
2016-09-08,31.423,31.5272,31.0321,31.0321,1867500.0
2016-09-09,30.7282,30.9192,30.3199,30.3199,2183500.0
2016-09-12,30.2678,30.8063,30.1289,30.7716,1750300.0
2016-09-13,30.3894,30.8237,29.5556,30.5544,1951100.0
2016-09-14,30.5631,30.8932,30.485,30.7716,1681200.0
2016-09-15,30.7021,31.1451,30.4068,30.9974,1641200.0
2016-09-16,30.6066,30.8671,30.346,30.7976,2794600.0
2016-09-19,30.8671,31.2493,30.8411,30.9366,1741300.0
2016-09-20,31.0669,31.1885,30.6326,30.65,1828500.0
2016-09-21,30.7629,30.9019,30.4329,30.7455,2155600.0
2016-09-22,30.9366,31.145,30.7021,31.0408,2363800.0
2016-09-23,30.98,31.0582,30.7803,30.9887,1561300.0
2016-09-26,30.8932,30.9627,30.4415,30.6587,1561700.0
2016-09-27,30.6152,30.7803,30.4589,30.7542,1860400.0
2016-09-28,30.8498,30.8845,30.6066,30.8498,3639300.0
2016-09-29,30.7803,31.0061,30.5631,30.6066,2625000.0
2016-09-30,30.7976,30.9192,30.5718,30.7976,1916400.0
2016-10-03,30.6674,30.9019,30.5371,30.5805,1164700.0
2016-10-04,30.5458,30.6066,29.6425,29.6946,3213500.0
2016-10-05,29.9639,29.9986,29.1214,29.1996,4852300.0
2016-10-06,29.0519,29.5643,28.5048,28.8695,2972000.0
2016-10-07,28.8782,29.0259,28.6785,28.8348,2151400.0
2016-10-10,29.0519,29.3646,29.0519,29.1388,1985000.0
2016-10-11,29.0867,29.2256,28.6611,28.7566,1543100.0
2016-10-12,28.7914,29.1561,28.6524,28.9303,1447600.0
2016-10-13,28.635,28.7827,28.5742,28.6263,1707900.0
2016-10-14,28.7914,28.9651,28.4874,28.5221,1820200.0
2016-10-17,28.47,28.774,28.3658,28.6871,1588900.0
2016-10-18,29.0085,29.1735,28.5047,28.6003,1970300.0
2016-10-19,28.2008,28.7479,28.2008,28.609,1255700.0
2016-10-20,28.5395,28.7306,28.4613,28.6437,1679100.0
2016-10-21,28.444,28.5655,28.2095,28.5482,1336700.0
2016-10-24,28.6871,28.8869,28.6524,28.7045,1385700.0
2016-10-25,28.6263,29.0085,28.444,28.635,1233900.0
2016-10-26,28.5134,29.0085,28.4353,28.8869,2457500.0
2016-10-27,26.733,28.2008,25.6821,27.6362,8544300.0
2016-10-28,27.7405,28.001,27.5928,27.8968,3145200.0
2016-10-31,28.0097,28.3484,27.7231,28.0357,2491200.0
2016-11-01,28.0879,28.2008,27.5667,27.7665,2173900.0
2016-11-02,27.7665,27.8447,27.4017,27.6189,2012200.0
2016-11-03,27.6275,28.2963,26.9935,27.0891,2132000.0
2016-11-04,27.228,27.6102,27.1064,27.2628,1910300.0
2016-11-07,27.7665,28.5221,27.4712,27.6102,1970000.0
2016-11-08,27.4886,27.8186,27.2975,27.7405,1588900.0
2016-11-09,27.2801,27.9055,26.9067,27.8707,1926000.0
2016-11-10,27.9836,28.2876,27.5754,27.6797,2167800.0
2016-11-11,27.6015,28.0271,27.5581,27.9663,1748800.0
2016-11-14,28.0531,28.444,27.9663,28.2442,2007400.0
2016-11-15,28.3484,28.5829,28.2095,28.5742,1465900.0
2016-11-16,28.5655,28.9303,28.4092,28.6958,1976000.0
2016-11-17,28.635,28.8261,28.2876,28.3745,1312300.0
2016-11-18,28.2876,28.331,27.9142,28.0097,1777900.0
2016-11-21,28.0357,28.4266,27.9836,28.3832,1427300.0
2016-11-22,28.4874,28.9564,28.4179,28.8522,1492500.0
2016-11-23,28.8348,29.1301,28.7045,28.913,1039500.0
2016-11-25,28.9564,29.1127,28.8087,29.0432,385900.0
2016-11-28,28.9737,29.0172,28.5829,28.8956,1192100.0
2016-11-29,28.9998,29.1735,28.6263,28.6698,1705900.0
2016-11-30,28.6784,28.9043,28.4961,28.5134,1653400.0
2016-12-01,28.5221,28.8782,28.2008,28.305,2338300.0
2016-12-02,28.305,28.5829,27.8794,28.001,2139300.0
2016-12-05,28.2442,28.6263,28.1052,28.3745,1856200.0
2016-12-06,28.3832,28.8,28.2008,28.7045,1325200.0
2016-12-07,28.7306,29.3559,28.5742,29.1822,4860400.0
2016-12-08,29.1909,29.5122,29.0259,29.2343,1821100.0
2016-12-09,29.2517,29.7901,29.104,29.7815,1584600.0
2016-12-12,29.6164,29.6425,28.7132,28.8956,1973500.0
2016-12-13,28.9477,29.3212,28.5916,28.9737,1839200.0
2016-12-14,28.9911,29.0172,28.1139,28.14,2473900.0
2016-12-15,28.1313,28.4179,27.8534,28.2876,2817800.0
2016-12-16,28.3745,28.5742,28.0618,28.166,2430300.0
2016-12-19,28.14,28.5047,27.6015,27.7839,1868300.0
2016-12-20,27.7752,28.0618,27.6102,27.8099,1748300.0
2016-12-21,27.7491,28.2181,27.7057,28.1139,1684300.0
2016-12-22,27.9576,28.14,26.7417,26.8719,2452200.0
2016-12-23,26.9327,27.1325,26.7503,26.8633,1620100.0
2016-12-27,26.9588,27.2975,26.9588,27.2107,954300.0
2016-12-28,27.3062,27.3149,26.759,26.8198,1408600.0
2016-12-29,26.8546,27.0022,26.7243,26.8198,796000.0
2016-12-30,26.9154,27.1325,26.5245,26.6201,1142900.0
2017-01-03,26.9154,27.2367,26.6722,26.9501,1838300.0
2017-01-04,26.9935,27.1759,26.9067,27.1325,2265800.0
2017-01-05,27.0543,27.2193,26.759,27.1499,2371300.0
2017-01-06,27.1499,27.7665,26.8633,27.506,2559200.0
2017-01-09,27.4973,27.5407,27.063,27.0891,2029900.0
2017-01-10,27.0196,27.3757,27.0196,27.1499,1482500.0
2017-01-11,27.0891,27.2454,26.9067,27.0804,2135400.0
2017-01-12,27.037,27.532,26.9414,27.4799,1669600.0
2017-01-13,27.5754,27.671,27.2975,27.6189,1177100.0
2017-01-17,27.5146,27.6275,27.3149,27.4452,1652800.0
2017-01-18,27.4625,27.6797,27.2715,27.6797,1354500.0
2017-01-19,27.7318,27.7839,27.2541,27.3409,3889900.0
2017-01-20,27.4973,27.6797,27.2541,27.4625,1916500.0
2017-01-23,27.393,27.7318,27.2628,27.4973,1740400.0
2017-01-24,27.6449,27.6883,27.3236,27.3409,2996600.0
2017-01-25,27.4973,27.7057,27.3583,27.4538,2180300.0
2017-01-26,27.4973,27.6623,27.2628,27.4365,1580200.0
2017-01-27,27.4278,27.5059,27.1325,27.3322,1675500.0
2017-01-30,27.2888,27.671,26.9588,27.6623,2563600.0
2017-01-31,27.5928,27.7231,27.3757,27.7144,2489900.0
2017-02-01,27.7144,27.9402,27.3322,27.532,2051900.0
2017-02-02,27.4799,27.5754,27.3236,27.5668,1184100.0
2017-02-03,27.5494,27.862,27.4538,27.7578,1807500.0
2017-02-06,27.6883,27.7752,27.2975,27.3409,2595200.0
2017-02-07,27.4625,27.4799,26.6895,26.8285,2365700.0
2017-02-08,26.8285,26.9154,26.5593,26.6114,1946000.0
2017-02-09,26.6027,27.1325,26.5853,27.1325,2316000.0
2017-02-10,27.1499,27.228,27.0022,27.0978,1463200.0
2017-02-13,27.1412,27.2541,27.0543,27.228,1516900.0
2017-02-14,27.2541,27.4973,26.9501,27.4973,1608500.0
2017-02-15,27.367,27.8447,27.2454,27.7231,1627100.0
2017-02-16,27.7144,27.8534,27.5754,27.7752,2379300.0
2017-02-17,27.6883,27.7839,27.4538,27.7405,2292400.0
2017-02-21,27.9142,28.5742,27.8707,28.5134,3138300.0
2017-02-22,28.4266,28.8087,28.1921,28.7045,4378400.0
2017-02-23,27.7926,27.8794,27.0022,27.4278,6674400.0
2017-02-24,27.4104,27.7405,27.2715,27.6883,5093100.0
2017-02-27,27.7231,27.7926,27.393,27.4365,3728400.0
2017-02-28,27.3409,27.6189,27.0891,27.4278,4050800.0
2017-03-01,27.7057,28.0531,27.5581,28.0184,2344500.0
2017-03-02,27.9142,28.0444,27.3844,27.4104,3171700.0
2017-03-03,27.4365,27.5581,27.2888,27.5407,3160000.0
2017-03-06,27.4278,27.5754,27.1846,27.1933,2783100.0
2017-03-07,27.1759,27.2715,26.7764,26.8285,2234600.0
2017-03-08,26.8546,27.1499,26.6548,26.6635,2129100.0
2017-03-09,26.6027,26.7156,26.3769,26.4377,2752300.0
2017-03-10,26.6461,26.6548,26.0121,26.0555,4782200.0
2017-03-13,26.0555,26.2813,25.9947,26.2553,2380800.0
2017-03-14,25.6039,26.2553,25.6039,26.1858,1629700.0
2017-03-15,26.2119,26.3248,26.0208,26.2119,2559900.0
2017-03-16,26.2553,26.5245,26.2466,26.4116,2102400.0
2017-03-17,26.568,26.6374,26.1771,26.3248,3093800.0
2017-03-20,26.3248,26.4029,26.0295,26.0468,1364200.0
2017-03-21,26.1684,26.2987,25.7429,25.7515,2304400.0
2017-03-22,25.8123,25.8992,25.5865,25.7689,1926400.0
2017-03-23,25.795,25.8905,25.6213,25.656,2160000.0
2017-03-24,25.656,25.795,25.4128,25.5257,1853900.0
2017-03-27,25.3433,25.5778,25.2131,25.5257,4330500.0
2017-03-28,25.4215,25.7515,25.2652,25.7255,3832100.0
2017-03-29,25.7168,25.8992,25.6473,25.7515,1781000.0
2017-03-30,25.6734,25.96,25.6386,25.7081,1613400.0
2017-03-31,25.7255,25.8731,25.3954,25.4215,3239200.0
2017-04-03,25.3086,25.5257,24.8396,24.9265,2959900.0
2017-04-04,24.9178,24.9959,24.5617,24.6225,3092300.0
2017-04-05,24.7528,24.9265,24.223,24.2751,3036000.0
2017-04-06,24.3532,24.5269,24.2143,24.414,3351600.0
2017-04-07,24.3967,24.4575,24.1882,24.3706,2547100.0
2017-04-10,24.3532,24.7006,24.3359,24.5877,2348800.0
2017-04-11,24.553,24.857,24.5096,24.857,2416800.0
2017-04-12,24.7528,24.857,24.3532,24.4401,2889500.0
2017-04-13,24.414,24.6138,24.2577,24.2664,1643200.0
2017-04-17,24.3098,24.5183,24.223,24.388,1537500.0
2017-04-18,24.3011,24.5704,24.2838,24.5096,1536000.0
2017-04-19,24.6051,24.8396,24.5443,24.7441,1404800.0
2017-04-20,24.7875,25.2044,24.7875,25.1696,1954200.0
2017-04-21,25.1523,25.2044,25.0133,25.1957,1594200.0
2017-04-24,25.4476,25.6386,25.1696,25.5605,2980700.0
2017-04-25,25.6821,25.8992,25.5605,25.8558,2656600.0
2017-04-26,25.8818,26.5072,25.8297,26.2205,4891000.0
2017-04-27,27.532,28.2008,26.9154,27.0891,4552800.0
2017-04-28,27.1933,27.6015,27.0196,27.1325,3272400.0
2017-05-01,27.393,27.6797,27.228,27.3062,3003600.0
2017-05-02,27.3236,27.5841,27.1759,27.3236,2100200.0
2017-05-03,27.2107,27.3236,26.898,27.0978,1900400.0
2017-05-04,27.1846,27.1846,26.8372,26.9675,1741400.0
2017-05-05,27.1499,27.4538,27.1238,27.3757,1823600.0
2017-05-08,27.4452,27.4886,27.1499,27.2888,1529500.0
2017-05-09,27.2888,27.5581,27.228,27.2801,1806700.0
2017-05-10,27.2367,27.3236,27.0456,27.1759,1256300.0
2017-05-11,27.0456,27.0977,26.733,26.9501,1098500.0
2017-05-12,26.8632,27.1499,26.7069,26.9414,1307400.0
2017-05-15,27.037,27.3496,26.9154,27.0717,984400.0
2017-05-16,27.228,27.228,26.8632,26.9067,1350000.0
2017-05-17,26.6895,26.8893,26.6114,26.6895,1844700.0
2017-05-18,26.6895,27.2454,26.5853,26.8111,1833700.0
2017-05-19,26.8459,27.0543,26.7156,26.9675,1521700.0
2017-05-22,27.037,27.7665,27.037,27.3149,1353800.0
2017-05-23,27.3844,27.3844,27.0543,27.1585,1914100.0
2017-05-24,27.1933,27.228,27.0022,27.1499,1160000.0
2017-05-25,27.2454,27.4538,27.0977,27.367,1211900.0
2017-05-26,27.3844,27.4365,27.2107,27.4017,2154300.0
2017-05-30,27.3496,27.4538,27.1151,27.228,1378700.0
2017-05-31,27.2801,27.4017,27.037,27.3496,1624800.0
2017-06-01,27.4278,28.14,27.1412,28.0879,2145000.0
2017-06-02,28.0705,28.1747,27.9228,28.0792,1046900.0
2017-06-05,28.1487,28.2268,27.8794,28.0879,913900.0
2017-06-06,27.9055,27.9923,27.5494,27.7057,1270300.0
2017-06-07,27.7752,27.7839,27.6189,27.671,1214700.0
2017-06-08,27.4017,27.7491,27.3409,27.3757,1363000.0
2017-06-09,27.367,27.7752,27.2541,27.7665,1296500.0
2017-06-12,27.671,28.1052,27.6449,28.0965,1871500.0
2017-06-13,28.14,28.3658,27.9142,28.3571,1813800.0
2017-06-14,28.3745,28.4353,28.001,28.2355,1649700.0
2017-06-15,28.1313,28.3137,27.9142,28.2355,1410200.0
2017-06-16,27.8794,28.2529,27.8186,28.166,2692400.0
2017-06-19,28.2529,28.5916,28.0184,28.5742,1361500.0
2017-06-20,28.5655,28.5655,28.0965,28.1313,1817500.0
2017-06-21,28.1921,28.331,27.836,27.8794,1507000.0
2017-06-22,27.8186,27.9402,27.7491,27.8881,1868800.0
2017-06-23,27.9142,28.0705,27.7752,28.0271,6448100.0
2017-06-26,28.0879,28.4613,27.9923,28.3745,991600.0
2017-06-27,28.3224,28.5569,28.0879,28.0965,1381800.0
2017-06-28,28.2181,28.4266,27.9055,28.1313,1257500.0
2017-06-29,28.1487,28.3832,27.9055,28.3571,1356400.0
2017-06-30,28.305,28.7392,28.2268,28.6176,1724400.0
2017-07-03,28.8348,29.0432,28.7392,28.9303,715000.0
2017-07-05,28.913,29.0693,28.1313,28.1834,2379400.0
2017-07-06,28.1226,28.2181,27.2107,27.2628,2205300.0
2017-07-07,27.2628,28.0357,27.0717,27.3496,2435800.0
2017-07-10,27.3323,27.6102,27.2715,27.5581,1498100.0
2017-07-11,27.5928,27.8534,27.506,27.7405,1276200.0
2017-07-12,27.8968,28.1313,27.7665,27.8707,1438100.0
2017-07-13,27.9402,28.0879,27.8534,28.0792,1754000.0
2017-07-14,28.1226,28.4179,28.0444,28.2616,1730200.0
2017-07-17,28.2702,28.9043,28.2616,28.8348,1459400.0
2017-07-18,28.7914,28.8,28.4787,28.7045,1439000.0
2017-07-19,28.6524,29.0519,28.5829,28.9998,1234800.0
2017-07-20,29.0953,29.2343,28.7479,29.0259,1950400.0
2017-07-21,28.913,29.1735,28.9043,29.0953,2139000.0
2017-07-24,29.0953,29.0953,28.6611,28.6698,1557900.0
2017-07-25,28.4613,28.6611,27.8968,28.5742,1966400.0
2017-07-26,28.5742,28.6524,28.3571,28.5221,1886800.0
2017-07-27,28.6611,29.4688,28.2355,29.4514,2805700.0
2017-07-28,29.408,30.0507,29.2517,29.9899,2471600.0
2017-07-31,30.0247,30.1028,29.8423,30.016,1444400.0
2017-08-01,30.1723,30.181,29.6773,29.7554,1463600.0
2017-08-02,29.5991,29.7641,29.4601,29.6599,1287100.0
2017-08-03,29.6078,29.9639,29.5209,29.6251,721000.0
2017-08-04,29.7294,29.738,29.5209,29.6686,682700.0
2017-08-07,29.7033,30.0073,29.6251,29.9639,1022800.0
2017-08-08,29.9639,30.042,29.712,29.8162,1844300.0
2017-08-09,29.6946,29.9812,29.5817,29.9378,1384900.0
2017-08-10,29.8336,29.9378,29.2951,29.3125,1035000.0
2017-08-11,29.4254,29.5643,29.3038,29.3733,1200300.0
2017-08-14,29.5383,29.5904,29.2777,29.3385,1357500.0
2017-08-15,29.243,29.382,29.0432,29.269,1438200.0
2017-08-16,29.3906,30.0681,29.3906,29.9725,1180300.0
2017-08-17,29.8509,30.0768,29.5991,29.6078,2028900.0
2017-08-18,29.5817,29.9899,29.3733,29.573,1364300.0
2017-08-21,29.5296,29.6773,29.382,29.5817,1392900.0
2017-08-22,29.5991,29.877,29.5209,29.7902,1590900.0
2017-08-23,29.6599,29.7554,29.4688,29.6512,1752200.0
2017-08-24,29.7554,29.8683,29.4341,29.4862,1242500.0
2017-08-25,29.5383,29.8249,29.5383,29.7902,968300.0
2017-08-28,29.8336,29.9204,29.5557,29.738,1288800.0
2017-08-29,29.5904,29.7641,29.4427,29.4601,846700.0
2017-08-30,29.4601,29.7901,29.408,29.7815,737700.0
2017-08-31,29.8249,30.1289,29.8249,30.0941,1468200.0
2017-09-01,30.1636,30.3807,30.0941,30.1549,919200.0
2017-09-05,30.0768,30.32,30.0681,30.3026,1098200.0
2017-09-06,30.3547,30.4155,30.207,30.2505,1124500.0
2017-09-07,30.4155,30.4155,30.0854,30.181,822200.0
2017-09-08,30.1897,30.2852,30.016,30.2331,746800.0
2017-09-11,30.3547,30.7716,30.3286,30.7282,1365200.0
2017-09-12,30.789,31.145,30.7282,30.9366,1313600.0
2017-09-13,30.8845,30.98,30.7542,30.8671,800500.0
2017-09-14,30.7803,30.9453,30.6587,30.9279,1398200.0
2017-09-15,30.9018,30.9366,30.5892,30.7021,1565600.0
2017-09-18,30.8063,30.8324,30.5458,30.5979,1315500.0
2017-09-19,30.6934,30.7282,30.1462,30.1636,1073800.0
2017-09-20,30.1897,30.5805,30.1376,30.5023,1456200.0
2017-09-21,30.4589,30.4676,29.9204,30.042,1362800.0
2017-09-22,30.0594,30.3721,29.9465,30.3199,1149200.0
2017-09-25,30.3373,30.6152,30.2592,30.4676,1299500.0
2017-09-26,30.3894,30.789,30.3807,30.3981,1204700.0
2017-09-27,30.4937,31.1624,30.4502,30.9974,1331200.0
2017-09-28,30.9105,31.0756,30.4242,31.0495,982200.0
2017-09-29,31.0842,31.3101,30.9279,31.2579,1099200.0
2017-10-02,31.3361,31.5446,31.1103,31.4924,1592700.0
2017-10-03,31.7877,31.8746,31.5185,31.6401,892000.0
2017-10-04,31.5967,31.9267,31.5967,31.9267,855700.0
2017-10-05,32.0136,32.0396,31.8051,31.9528,1292100.0
2017-10-06,31.8572,32.1265,31.8485,32.0309,991300.0
2017-10-09,32.0136,32.1178,31.7356,31.8138,809900.0
2017-10-10,31.8225,32.0049,31.7791,31.9093,1018900.0
2017-10-11,31.9962,32.1525,31.8572,32.1004,1010100.0
2017-10-12,32.0309,32.3002,31.7791,32.2828,1437200.0
2017-10-13,32.7171,32.7257,32.3349,32.3697,1331000.0
2017-10-16,32.6563,32.6563,32.2394,32.5347,1370400.0
2017-10-17,32.4912,32.5955,32.3523,32.4912,858100.0
2017-10-18,32.5694,32.7431,32.4652,32.6042,1698900.0
2017-10-19,32.4131,32.5434,32.0136,32.3349,847400.0
2017-10-20,32.4999,32.5173,32.3349,32.4305,738800.0
2017-10-23,32.4652,32.5433,32.1525,32.1873,1029400.0
2017-10-24,32.361,32.4652,32.1265,32.222,1100100.0
2017-10-25,32.0309,32.1438,31.5446,31.7356,2061000.0
2017-10-26,31.7704,32.4826,31.0756,32.222,3059400.0
2017-10-27,32.1438,32.222,31.4056,31.9093,1362500.0
2017-10-30,31.7964,31.8399,31.4924,31.7183,1014700.0
2017-10-31,31.7443,32.7605,31.6227,32.7344,2472000.0
2017-11-01,32.8994,33.1426,32.3696,32.4999,4668800.0
2017-11-02,32.6042,33.0645,32.4305,32.7779,1508400.0
2017-11-03,31.7964,32.9255,31.7964,32.7518,1258300.0
2017-11-06,32.7084,32.9255,32.5434,32.6823,1313100.0
2017-11-07,32.995,32.995,32.083,32.1091,1569000.0
2017-11-08,32.1091,32.196,31.8572,32.057,1377300.0
2017-11-09,31.9267,32.1091,31.6922,32.0744,914200.0
2017-11-10,31.9354,32.3089,31.8225,32.2741,760800.0
2017-11-13,32.1525,32.3436,32.0049,32.3262,1105400.0
2017-11-14,32.1786,32.552,32.0396,32.5347,729400.0
2017-11-15,32.4131,32.5607,32.1438,32.2654,746900.0
2017-11-16,32.3436,32.7779,32.3262,32.7171,834800.0
2017-11-17,32.6476,32.9776,32.5694,32.7865,1556900.0
2017-11-20,32.8473,32.9602,32.7431,32.8213,821200.0
2017-11-21,32.9429,33.0123,32.5694,32.7865,1238900.0
2017-11-22,32.7952,33.1513,32.7605,33.1253,1206300.0
2017-11-24,33.299,33.4292,32.9168,33.0471,326600.0
2017-11-27,33.1861,33.4292,33.0037,33.3337,1080200.0
2017-11-28,33.325,33.8982,33.325,33.8027,983700.0
2017-11-29,33.8722,34.3759,33.768,34.3064,1500700.0
2017-11-30,34.402,34.4194,33.7593,34.237,1584100.0
2017-12-01,34.3325,34.6886,33.7419,34.1501,1749100.0
2017-12-04,34.2804,34.4715,34.0893,34.1154,1214500.0
2017-12-05,34.3759,34.4541,33.8461,34.0806,1153800.0
2017-12-06,34.0459,34.2717,33.9417,34.1501,1096100.0
2017-12-07,34.1762,34.5323,34.0546,34.5236,1467600.0
2017-12-08,34.5931,34.9665,34.4888,34.9318,1972200.0
2017-12-11,35.0099,35.8263,34.9231,35.036,2622100.0
2017-12-12,35.4268,35.974,35.1228,35.2531,2816300.0
2017-12-13,35.201,35.3487,34.5844,34.8015,2894700.0
2017-12-14,34.8102,34.8102,34.1154,34.1414,1541200.0
2017-12-15,34.2717,34.7581,34.0806,34.3151,3655500.0
2017-12-18,34.6191,35.5919,34.4802,35.0794,1993100.0
2017-12-19,35.2097,35.5224,35.1142,35.4355,1553700.0
2017-12-20,35.6353,35.974,35.3574,35.3834,1689900.0
2017-12-21,35.5397,35.8177,35.4789,35.5224,1141900.0
2017-12-22,35.5571,35.5918,35.2444,35.4529,519900.0
2017-12-26,35.4703,35.6874,35.366,35.4181,565200.0
2017-12-27,35.4529,35.5658,35.1923,35.4963,985200.0
2017-12-28,35.4963,35.7829,35.1576,35.7742,1264400.0
2017-12-29,35.7916,35.9393,35.2879,35.3226,1146500.0
2018-01-02,35.644,36.0174,35.479,35.9132,1656100.0
2018-01-03,35.8177,36.1911,35.7656,36.0956,1107500.0
2018-01-04,36.2606,36.6341,36.2606,36.5299,1265900.0
2018-01-05,35.9219,36.7557,35.9219,36.4951,1149700.0
2018-01-08,36.5299,36.6775,36.3388,36.3562,984000.0
2018-01-09,36.4691,36.7209,36.304,36.4691,915400.0
2018-01-10,36.4517,36.9815,36.4343,36.6862,1597900.0
2018-01-11,37.7197,37.7197,36.6514,37.3376,1105600.0
2018-01-12,37.4852,37.9108,37.1812,37.7545,1153200.0
2018-01-16,37.9976,37.9976,37.3636,37.5113,1098000.0
2018-01-17,37.7631,37.9542,37.4244,37.5113,1475900.0
2018-01-18,37.4765,37.5634,37.0162,37.0857,1197800.0
2018-01-19,37.3376,37.5286,37.1204,37.3115,1575500.0
2018-01-22,37.3897,37.3897,36.8252,37.216,1567800.0
2018-01-23,37.077,37.5634,37.0249,37.4592,960400.0
2018-01-24,37.5808,37.85,37.2073,37.2333,1311000.0
2018-01-25,37.242,37.242,36.7209,36.9554,1850700.0
2018-01-26,37.0857,37.2247,36.912,37.1986,1226500.0
2018-01-29,37.7979,38.0932,37.0162,37.0944,1311300.0
2018-01-30,36.938,36.938,35.0968,36.6427,1462300.0
2018-01-31,36.6427,36.7991,36.139,36.5038,1732000.0
2018-02-01,36.2432,36.5733,35.9306,36.2954,1038900.0
2018-02-02,36.0782,36.4169,35.5224,35.5484,1411200.0
2018-02-05,35.3747,35.8437,34.2543,34.2717,2284300.0
2018-02-06,33.8027,35.2358,33.1426,35.201,2892100.0
2018-02-07,35.01,35.6266,34.8015,35.0447,1289300.0
2018-02-08,34.9839,34.9926,33.7245,33.7506,1526800.0
2018-02-09,34.2283,34.2283,32.5347,33.8027,1933300.0
2018-02-12,34.5149,35.0447,34.1849,34.8797,2474900.0
2018-02-13,34.706,35.2184,34.4367,35.201,2126200.0
2018-02-14,35.0273,36.0087,33.8722,35.9914,2008200.0
2018-02-15,36.2606,36.4604,36.0522,36.278,2005600.0
2018-02-16,36.1911,36.9033,35.6787,36.278,1932400.0
2018-02-20,36.0261,36.5993,35.8437,36.0087,1534700.0
2018-02-21,36.139,36.7209,35.9306,36.113,2195400.0
2018-02-22,35.6527,36.1303,34.402,34.7841,3386600.0
2018-02-23,35.1663,35.4963,34.6191,34.8276,2315200.0
2018-02-26,35.0881,35.4876,34.7147,35.1229,2906300.0
2018-02-27,35.1315,35.175,34.1501,34.1588,2007500.0
2018-02-28,34.3238,34.9144,34.2804,34.2891,3142500.0
2018-03-01,34.2804,34.567,33.768,34.2022,1940700.0
2018-03-02,33.8809,34.1241,33.49,33.8635,2385500.0
2018-03-05,33.6898,33.9069,33.4032,33.8027,2184400.0
2018-03-06,33.8722,34.4194,33.7853,34.3499,2010600.0
2018-03-07,34.0372,34.1588,33.7332,33.8722,1693500.0
2018-03-08,33.959,34.0372,33.6377,33.6898,2013000.0
2018-03-09,33.8201,34.5236,33.8027,34.428,2633600.0
2018-03-12,34.4541,34.4801,34.098,34.1588,1734900.0
2018-03-13,34.3499,34.6017,34.1849,34.237,1008000.0
2018-03-14,34.3065,34.3065,33.8288,33.8983,910700.0
2018-03-15,33.8982,34.0893,33.8027,33.9156,826600.0
2018-03-16,33.9243,34.4628,33.8982,34.3499,2284700.0
2018-03-19,34.3151,34.3499,33.7853,34.0893,1378800.0
2018-03-20,34.1935,34.4715,34.0546,34.2196,1136300.0
2018-03-21,34.2196,34.5757,34.0806,34.3064,763600.0
2018-03-22,33.9764,34.098,32.8908,32.9255,1678800.0
2018-03-23,33.0037,33.134,32.196,32.2828,1837200.0
2018-03-26,32.6997,32.9689,32.1612,32.8821,1927200.0
2018-03-27,32.9429,33.3163,32.4739,32.6476,2134900.0
2018-03-28,32.7344,33.021,32.4999,32.5694,1524100.0
2018-03-29,32.7865,33.2208,32.3783,32.9602,1800100.0
2018-04-02,32.856,32.8994,31.8051,32.2654,1289000.0
2018-04-03,32.4218,32.9689,32.4218,32.8213,2361400.0
2018-04-04,32.4652,33.3858,32.1525,33.2034,1879300.0
2018-04-05,33.4466,33.7767,33.0818,33.6377,1292300.0
2018-04-06,33.4466,33.7245,32.8473,33.16,1215100.0
2018-04-09,33.3424,33.464,33.0732,33.0992,1590400.0
2018-04-10,33.5161,33.5161,33.0905,33.1166,1627700.0
2018-04-11,32.8213,33.1687,32.7605,33.0471,1332100.0
2018-04-12,33.1947,33.4466,32.9776,33.2555,1183900.0
2018-04-13,33.4379,33.8374,33.0818,33.1687,1249500.0
2018-04-16,33.4814,33.8461,33.3598,33.5421,1298700.0
2018-04-17,33.5508,33.933,33.4032,33.9069,1838400.0
2018-04-18,33.8722,34.1935,33.5335,34.0719,1322300.0
2018-04-19,34.1067,34.3151,33.4466,33.5508,1119900.0
2018-04-20,33.7159,33.7766,33.2121,33.2208,1531400.0
2018-04-23,33.2295,33.4727,33.0558,33.299,2306700.0
2018-04-24,33.5422,33.5508,32.4218,32.5694,2023300.0
2018-04-25,32.4565,32.8995,32.3089,32.6476,2325400.0
2018-04-26,28.6611,28.6611,25.7081,26.4203,15432200.0
2018-04-27,26.9327,28.2876,26.8372,27.4886,9380800.0
2018-04-30,27.3844,27.6102,26.7764,26.9414,4192100.0
2018-05-01,26.8893,26.9414,25.9339,26.29,5723800.0
2018-05-02,26.2205,26.4898,26.1337,26.29,4589900.0
2018-05-03,26.1858,26.3508,25.795,26.264,3333100.0
2018-05-04,26.2553,26.2553,25.9687,26.1684,2733100.0
2018-05-07,26.3335,26.7156,26.1684,26.6114,2777200.0
2018-05-08,26.5419,26.6722,26.3856,26.5158,3521500.0
2018-05-09,26.5158,26.6809,26.1424,26.2292,1690200.0
2018-05-10,26.3074,26.6374,26.1597,26.2987,1877900.0
2018-05-11,26.2727,26.429,26.0729,26.2987,1970800.0
2018-05-14,26.4464,26.759,26.3595,26.5766,2018800.0
2018-05-15,26.3943,26.5245,26.264,26.3335,1731500.0
2018-05-16,26.4116,26.759,26.2727,26.594,1878600.0
2018-05-17,26.4898,26.6201,26.3856,26.5158,1207400.0
2018-05-18,26.4203,26.5593,26.3508,26.4724,1750700.0
2018-05-21,26.6374,26.8198,26.5072,26.7243,1496200.0
2018-05-22,26.733,26.9154,26.1771,26.1858,1316900.0
2018-05-23,26.125,26.1511,25.7515,25.8558,2365100.0
2018-05-24,25.8905,26.2379,25.8037,26.1163,3050800.0
2018-05-25,26.1771,26.733,26.1684,26.7156,2190500.0
2018-05-29,26.4898,27.0196,26.2379,26.5593,2900200.0
2018-05-30,27.0283,27.4278,26.6809,27.1064,3298200.0
2018-05-31,27.1151,27.7839,26.9588,27.5928,4699200.0
2018-06-01,27.7491,28.4092,27.6797,27.7318,3549200.0
2018-06-04,27.6797,28.2355,27.6797,28.2181,2836000.0
2018-06-05,28.2355,28.47,27.9402,28.2181,3286400.0
2018-06-06,28.3658,28.4874,28.0531,28.3658,2001000.0
2018-06-07,28.2876,28.4787,28.1139,28.2876,2507700.0
2018-06-08,28.3137,28.444,28.1052,28.305,1486000.0
2018-06-11,28.3484,28.6437,28.3484,28.4092,2041200.0
2018-06-12,28.4266,28.5655,28.305,28.4353,1913300.0
2018-06-13,28.5134,28.8174,28.3397,28.4961,2613900.0
2018-06-14,28.5829,28.9477,28.4005,28.7914,1767400.0
2018-06-15,28.6611,29.0606,28.5829,29.0519,4326000.0
2018-06-18,28.8522,29.0606,28.6958,28.7045,2681100.0
2018-06-19,28.5308,28.6437,28.4353,28.5134,3028600.0
2018-06-20,28.5742,28.6263,28.4179,28.4526,2839400.0
2018-06-21,28.444,28.444,27.8881,27.975,1668000.0
2018-06-22,28.0531,28.6958,27.9402,28.5482,3879400.0
2018-06-25,28.5308,28.5482,27.9576,28.1139,1602500.0
2018-06-26,28.2008,28.444,27.8099,27.8794,2376200.0
2018-06-27,27.8968,28.2181,27.5146,27.5233,2079200.0
2018-06-28,27.5146,27.6623,27.2454,27.6102,1244400.0
2018-06-29,27.6797,27.9836,27.6015,27.7057,1987800.0
2018-07-02,27.6362,27.6536,27.1412,27.5754,1936700.0
2018-07-03,27.671,27.862,27.5233,27.5841,990100.0
2018-07-05,27.7318,27.9315,27.4799,27.9055,1944500.0
2018-07-06,27.9055,29.4254,27.7926,28.2529,1421800.0
2018-07-09,28.3484,28.7653,28.3224,28.7393,1779200.0
2018-07-10,28.774,28.8869,28.4092,28.8261,2698600.0
2018-07-11,28.6437,28.6437,28.2529,28.2963,1914900.0
2018-07-12,28.305,28.5308,28.1921,28.5047,1670500.0
2018-07-13,28.5308,29.0953,28.4526,29.0606,2461700.0
2018-07-16,29.0519,29.1996,28.8435,28.9564,1736900.0
2018-07-17,28.8174,29.269,28.7045,29.2343,1450600.0
2018-07-18,29.2256,29.408,29.1822,29.269,1232700.0
2018-07-19,29.1735,29.7728,29.1214,29.6946,1799200.0
2018-07-20,29.6251,29.6251,29.269,29.3385,1943700.0
2018-07-23,29.3733,29.7902,29.3298,29.7207,1677700.0
2018-07-24,29.7728,29.8857,29.1388,29.2343,1585200.0
2018-07-25,29.2604,29.3993,28.609,29.269,3942200.0
2018-07-26,30.3894,31.3535,29.5557,30.2592,5745800.0
2018-07-27,30.3547,30.4937,29.3646,29.4862,3150800.0
2018-07-30,29.3906,29.4688,29.0172,29.1214,2372900.0
2018-07-31,29.2343,29.4254,28.9911,29.1127,2583000.0
2018-08-01,29.1127,29.2082,28.7306,28.8522,3296600.0
2018-08-02,28.6871,29.0432,28.4005,28.8522,3558900.0
2018-08-03,28.9564,29.2951,28.5916,29.0432,2682300.0
2018-08-06,28.9911,29.269,28.7219,28.7479,1645500.0
2018-08-07,28.8522,29.9204,28.7827,29.8509,2400600.0
2018-08-08,29.8423,29.8596,29.3646,29.4862,1688200.0
2018-08-09,29.4427,29.6338,29.4427,29.5035,1771000.0
2018-08-10,29.3906,29.5035,29.1388,29.3125,1482200.0
2018-08-13,29.3038,29.3038,28.6437,28.8174,2374900.0
2018-08-14,28.9824,29.3212,28.6958,29.0432,2851700.0
2018-08-15,28.8956,28.9998,28.5482,28.8087,2980500.0
2018-08-16,28.9824,29.2517,28.774,28.8348,1426100.0
2018-08-17,28.8782,28.9564,28.609,28.8,1530700.0
2018-08-20,28.7653,28.9911,28.6958,28.8608,2532700.0
2018-08-21,28.8782,29.1388,28.7827,29.0259,2734900.0
2018-08-22,28.9651,29.0693,28.5742,28.609,1479100.0
2018-08-23,28.635,28.8348,28.3484,28.8348,1977500.0
2018-08-24,28.9911,29.3212,28.7306,29.1909,2084100.0
2018-08-27,29.1909,29.6599,29.0953,29.573,2378900.0
2018-08-28,29.5817,29.712,29.4949,29.6338,1457300.0
2018-08-29,29.7294,30.1462,29.6946,30.1289,2158600.0
2018-08-30,30.0507,30.1723,29.6251,29.8162,2081000.0
2018-08-31,29.8423,30.0246,29.7901,29.9812,1706600.0
2018-09-04,29.8075,29.9465,29.6251,29.7641,2645500.0
2018-09-05,29.6946,29.8162,29.3993,29.5383,2437200.0
2018-09-06,30.0073,30.0073,29.1735,29.2777,1340700.0
2018-09-07,29.1648,29.2777,28.7914,28.9043,1430200.0
2018-09-10,29.1127,29.1214,28.7479,28.8435,1798100.0
2018-09-11,28.8782,29.1127,28.6524,28.8782,2259500.0
2018-09-12,28.8261,28.8608,28.5395,28.5829,1866700.0
2018-09-13,28.7392,28.8522,28.4526,28.6611,2029500.0
2018-09-14,28.7132,28.7566,28.2355,28.47,2639900.0
2018-09-17,28.3484,28.4613,27.7926,27.8273,2659000.0
2018-09-18,27.8968,28.14,27.6275,28.0444,2784700.0
2018-09-19,28.0271,28.305,28.0184,28.1573,1880700.0
2018-09-20,28.14,28.774,27.7926,28.6785,3629000.0
2018-09-21,28.8,28.8522,28.0965,28.1313,5436700.0
2018-09-24,28.0271,28.0618,27.2454,27.5494,2538200.0
2018-09-25,27.5407,27.7057,27.2975,27.697,2339000.0
2018-09-26,27.8186,28.001,27.5754,27.6362,2026300.0
2018-09-27,27.6362,27.7752,27.393,27.5494,2004600.0
2018-09-28,27.4712,27.7665,27.2801,27.506,2647100.0
2018-10-01,27.7057,27.7578,27.3496,27.4625,2340500.0
2018-10-02,27.3757,27.4799,27.1151,27.1672,2732800.0
2018-10-03,27.2888,27.393,26.9154,26.9327,2095000.0
2018-10-04,26.8633,26.8633,26.2813,26.3508,2660000.0
2018-10-05,26.3942,26.3942,25.9513,26.0903,3410900.0
2018-10-08,26.0642,26.429,25.9774,26.2205,2155900.0
2018-10-09,26.2119,26.4116,25.7776,25.821,2558800.0
2018-10-10,25.6386,25.8384,24.5791,24.8309,5707400.0
2018-10-11,24.8049,25.4823,24.4748,24.5964,5771000.0
2018-10-12,24.9959,25.0915,24.5096,24.7788,3409100.0
2018-10-15,24.692,25.0046,24.6398,24.7788,1829500.0
2018-10-16,24.9091,25.6126,24.7441,25.5518,2745800.0
2018-10-17,25.4649,25.7081,24.8135,24.8483,3686700.0
2018-10-18,24.8049,24.9959,24.2664,24.3011,3798600.0
2018-10-19,24.4053,24.692,24.0579,24.11,1768000.0
2018-10-22,24.223,24.3185,23.7366,23.754,2544000.0
2018-10-23,23.3458,23.5976,22.8594,23.4413,3513800.0
2018-10-24,23.3457,23.5195,22.2601,22.3035,4522600.0
2018-10-25,22.3556,23.5368,22.0169,23.1026,6779500.0
2018-10-26,22.7638,23.311,22.6509,22.9115,5581100.0
2018-10-29,23.3631,23.8582,22.8246,23.1199,4690900.0
2018-10-30,23.1026,23.4066,22.7812,23.1721,4358900.0
2018-10-31,23.3979,23.9363,23.285,23.6845,5527700.0
2018-11-01,23.7626,24.2577,23.7018,24.0319,4067900.0
2018-11-02,24.249,24.4575,23.9798,24.1187,2347200.0
2018-11-05,24.1187,24.414,24.0493,24.11,1879500.0
2018-11-06,24.1187,24.3706,23.945,24.2056,2079800.0
2018-11-07,24.3098,24.718,24.084,24.6572,3055900.0
2018-11-08,24.5096,25.0307,24.5096,24.8917,4037200.0
2018-11-09,24.7962,25.022,23.9363,24.084,2685700.0
2018-11-12,24.0492,24.1448,23.615,23.6497,2902300.0
2018-11-13,23.6758,24.1187,23.4673,23.5021,2839500.0
2018-11-14,23.8148,24.3619,23.8148,24.0666,3314700.0
2018-11-15,23.9537,24.3272,23.5281,24.1448,3045200.0
2018-11-16,24.0232,24.8483,23.9711,24.6659,4358300.0
2018-11-19,24.6572,24.7528,23.8408,23.8755,2315400.0
2018-11-20,23.5368,23.9363,23.285,23.4065,3817200.0
2018-11-21,23.5629,23.9711,23.476,23.7018,1768300.0
2018-11-23,23.5368,23.8669,23.5195,23.7453,529200.0
2018-11-26,24.0058,24.1535,23.7453,24.1361,2100900.0
2018-11-27,24.0579,24.2143,23.8061,23.9885,2259200.0
2018-11-28,24.0753,24.3532,23.5716,24.3445,3633600.0
2018-11-29,24.249,24.4401,24.0753,24.1274,2378800.0
2018-11-30,24.1708,24.3098,23.9016,24.1795,2670300.0
2018-12-03,24.6833,24.8657,24.2664,24.553,2802600.0
2018-12-04,24.5182,24.5443,23.1373,23.1547,2391400.0
2018-12-06,22.8681,22.981,22.2948,22.8941,3515400.0
2018-12-07,22.8073,23.2676,22.2167,22.2601,2535900.0
2018-12-10,22.3209,22.6683,21.765,22.2601,2418000.0
2018-12-11,22.5815,22.6944,21.8693,21.9822,2784500.0
2018-12-12,22.2341,22.7725,22.1038,22.4338,4465400.0
2018-12-13,22.5467,22.677,21.8866,21.9127,2134500.0
2018-12-14,21.7129,21.9909,21.2439,21.3655,2486700.0
2018-12-17,21.3308,21.7216,21.0442,21.3221,3283200.0
2018-12-18,21.5219,21.7824,21.0529,21.3221,4664200.0
2018-12-19,21.3568,22.0082,20.8531,21.131,4653700.0
2018-12-20,21.0876,21.105,20.3754,20.7055,5738000.0
2018-12-21,20.7228,21.0616,20.4449,20.471,6378300.0
2018-12-24,20.3667,20.9052,20.0975,20.7576,2894300.0
2018-12-26,20.9052,21.5045,20.6099,21.4958,4340900.0
2018-12-27,21.105,21.2787,20.1409,20.9226,3921700.0
2018-12-28,21.0529,21.1484,20.6533,20.8097,2962200.0
2018-12-31,20.9486,21.0616,20.2538,20.6099,2979900.0
2019-01-02,20.2886,20.8531,20.0714,20.5839,4174900.0
2019-01-03,20.5318,20.5925,19.7501,19.8977,5245300.0
2019-01-04,20.2191,21.0181,20.1149,20.6968,3416500.0
2019-01-07,20.6186,21.1745,20.5404,20.9921,3430300.0
2019-01-08,21.2613,21.5653,21.0876,21.5566,3449400.0
2019-01-09,21.7477,22.4078,21.574,22.3904,3574900.0
2019-01-10,22.1211,22.7638,21.8258,22.7465,4483000.0
2019-01-11,22.5901,22.9897,22.347,22.8594,3611600.0
2019-01-14,22.7117,23.2936,22.6075,23.146,2953000.0
2019-01-15,23.1894,23.3284,22.9375,23.1547,3143100.0
2019-01-16,23.1286,23.4152,22.9897,23.2936,2470000.0
2019-01-17,23.1981,23.6932,23.0939,23.3631,2991500.0
2019-01-18,22.8854,23.0591,22.2254,22.7986,5843200.0
2019-01-22,22.6336,22.7986,22.3556,22.4946,2746600.0
2019-01-23,22.6249,22.7638,22.0951,22.4164,3577700.0
2019-01-24,22.3643,22.816,22.3643,22.7899,3670500.0
2019-01-25,23.0157,23.0939,22.5988,22.6509,2345800.0
2019-01-28,22.4772,22.8507,22.3209,22.842,2651100.0
2019-01-29,22.842,22.9462,22.5815,22.816,1914700.0
2019-01-30,22.9723,23.146,22.5988,23.0765,2020900.0
2019-01-31,23.0157,23.1634,22.6596,22.7725,1712400.0
2019-02-01,22.7291,23.0157,22.5641,22.9549,2218700.0
2019-02-04,22.9549,23.5976,22.7378,23.5976,2932700.0
2019-02-05,23.615,23.8495,23.4152,23.5976,2566600.0
2019-02-06,23.6063,23.6932,23.4065,23.476,2158000.0
2019-02-07,23.3979,23.45,22.7291,22.7986,1368600.0
2019-02-08,22.7291,22.9028,22.5554,22.7812,1777000.0
2019-02-11,22.8941,22.9897,22.7031,22.9462,1262500.0
2019-02-12,23.0244,23.2415,22.9897,23.1894,2394000.0
2019-02-13,23.311,23.45,23.0418,23.2328,2428800.0
2019-02-14,23.1113,23.1981,22.9636,22.981,2000200.0
2019-02-15,23.1981,23.5889,22.9028,23.5803,3107600.0
2019-02-19,23.4847,23.5542,23.3458,23.45,2097400.0
2019-02-20,23.5021,23.5976,23.311,23.4239,2569800.0
2019-02-21,23.4326,23.8408,23.3805,23.7453,1734800.0
2019-02-22,23.78,23.9016,23.5281,23.7366,2020800.0
2019-02-25,23.9885,24.1795,23.8582,23.9016,2145400.0
2019-02-26,23.9103,24.0232,23.6671,23.6758,2124500.0
2019-02-27,23.6932,23.8321,23.4673,23.6758,3858000.0
2019-02-28,23.5108,24.6746,22.512,24.0579,6518800.0
2019-03-01,24.249,24.4748,23.7018,24.1622,4115500.0
2019-03-04,24.7093,25.187,24.0145,24.4053,3346900.0
2019-03-05,24.4661,24.5877,24.084,24.1274,3920300.0
2019-03-06,24.6225,24.9004,24.2577,24.7267,3793900.0
2019-03-07,24.6051,24.8135,23.945,24.1448,2357900.0
2019-03-08,23.919,24.0058,23.6584,23.754,2435800.0
2019-03-11,23.8234,23.9537,23.6411,23.7279,2450500.0
2019-03-12,23.6845,23.7887,23.311,23.3371,3461100.0
2019-03-13,23.3892,23.8842,23.3284,23.7453,4479900.0
2019-03-14,23.7192,24.2403,23.5803,24.2143,3916200.0
2019-03-15,24.223,24.3532,23.9537,24.1969,4649800.0
2019-03-18,24.2664,24.6051,24.0058,24.5964,2045200.0
2019-03-19,24.6572,25.1696,24.6225,24.8743,2800500.0
2019-03-20,24.8917,25.187,24.579,24.9265,3136700.0
2019-03-21,24.8657,25.326,24.8396,25.1957,1449200.0
2019-03-22,25.0567,25.1349,24.6225,24.6312,1689200.0
2019-03-25,24.579,24.9351,24.5096,24.6138,1577600.0
2019-03-26,24.7006,24.8309,24.388,24.5964,2077600.0
2019-03-27,24.6746,24.8049,24.3967,24.5009,1705300.0
2019-03-28,24.5964,24.692,24.3445,24.5009,2254500.0
2019-03-29,24.6833,24.7875,24.4922,24.6485,3601100.0
2019-04-01,24.8657,25.3868,24.8657,25.3694,2447300.0
2019-04-02,25.3694,25.5952,25.187,25.3347,1747100.0
2019-04-03,25.5344,26.0034,25.4389,25.7429,2519100.0
2019-04-04,25.6907,25.8992,25.6473,25.8471,2412500.0
2019-04-05,25.9513,26.1163,25.8471,26.0989,2653800.0
2019-04-08,26.1076,26.3335,26.0295,26.2119,2024300.0
2019-04-09,26.1684,26.1771,26.0034,26.1076,1861200.0
2019-04-10,26.1598,26.3508,26.0121,26.3421,1309300.0
2019-04-11,26.3856,26.4377,26.2813,26.3943,1224500.0
2019-04-12,26.8025,26.8546,26.3856,26.7677,1400200.0
2019-04-15,26.8198,26.9848,26.6027,26.9501,1385200.0
2019-04-16,27.0717,27.1151,26.898,27.0196,1345500.0
2019-04-17,27.2107,27.2541,26.9327,27.0283,1510300.0
2019-04-18,27.0543,27.0543,26.5853,26.733,1992600.0
2019-04-22,26.6287,26.6287,26.2553,26.5853,2236100.0
2019-04-23,26.6548,27.3149,26.5853,27.2193,2468000.0
2019-04-24,27.1064,27.5146,27.1064,27.3062,2784100.0
2019-04-25,27.0109,27.0109,25.4389,25.7602,4843600.0
2019-04-26,25.8731,26.1076,25.821,26.0903,2800400.0
2019-04-29,26.1684,26.4116,26.0121,26.125,3563800.0
2019-04-30,26.1597,26.3942,26.0642,26.1424,5268100.0
2019-05-01,26.1337,26.2119,25.6994,25.7429,3407400.0
2019-05-02,25.7602,25.8992,25.2131,25.2304,3458600.0
2019-05-03,25.4302,25.4649,24.8396,25.0046,3693400.0
2019-05-06,24.5617,24.8396,24.4748,24.7528,2830300.0
2019-05-07,24.5617,24.7354,24.0753,24.3011,2906400.0
2019-05-08,24.1882,24.3967,24.1101,24.1708,2019400.0
2019-05-09,23.9798,24.1014,23.78,23.8148,3652900.0
2019-05-10,23.754,23.7713,23.1894,23.7279,7315000.0
2019-05-13,23.311,23.4413,23.0331,23.2589,3530400.0
2019-05-14,23.2763,23.6845,23.2763,23.4673,3736100.0
2019-05-15,23.3718,23.5889,23.1199,23.5195,3087100.0
2019-05-16,23.5889,23.9103,23.45,23.8321,5169600.0
2019-05-17,23.6671,23.8756,23.5108,23.5368,2173900.0
2019-05-20,23.3979,23.4413,23.2155,23.3371,1973100.0
2019-05-21,23.3892,23.6671,23.3892,23.5889,1524600.0
2019-05-22,23.5281,23.6758,23.3544,23.45,2808100.0
2019-05-23,23.311,23.3544,22.9028,22.9983,3087300.0
2019-05-24,23.1286,23.2068,22.9549,23.0505,2480400.0
2019-05-28,23.0591,23.172,22.7638,22.8594,2911500.0
2019-05-29,22.7465,22.8246,22.5207,22.6249,1812800.0
2019-05-30,22.6162,22.8768,22.3383,22.4425,3241400.0
2019-05-31,22.1472,22.3556,22.0517,22.2775,2437500.0
2019-06-03,22.2948,22.5293,22.0951,22.2601,2601100.0
2019-06-04,22.5207,22.9897,22.4512,22.9202,3107600.0
2019-06-05,22.9375,23.0939,22.6509,22.9115,2620000.0
2019-06-06,22.9202,23.0505,22.3817,22.5293,2825400.0
2019-06-07,22.6596,23.1286,22.6075,23.0678,2429900.0
2019-06-10,23.1634,23.5281,23.146,23.2328,2256800.0
2019-06-11,23.4413,23.4413,23.0418,23.2155,3373500.0
2019-06-12,23.1113,23.1113,22.6075,22.7465,3000600.0
2019-06-13,22.8768,23.0591,22.7465,22.9028,2477200.0
2019-06-14,22.8681,22.9202,22.5728,22.7899,1096700.0
2019-06-17,22.8073,23.1981,22.6336,22.7291,1047800.0
2019-06-18,22.8333,23.1113,22.8073,22.8681,1518600.0
2019-06-19,22.9202,23.1026,22.7638,23.0331,2077000.0
2019-06-20,23.2676,23.311,22.9983,23.1634,1910200.0
2019-06-21,23.146,23.5889,23.0244,23.1373,3803700.0
2019-06-24,23.0765,23.1981,22.7552,22.7725,3076700.0
2019-06-25,22.7465,22.9462,22.6944,22.816,4267600.0
2019-06-26,22.9375,22.9897,22.7291,22.7378,1692800.0
2019-06-27,22.7725,23.0244,22.5815,22.8073,3886400.0
2019-06-28,22.8681,23.172,22.816,23.1113,4293100.0
2019-07-01,23.4065,23.5889,23.1894,23.4934,2545900.0
2019-07-02,23.5281,23.5716,23.0244,23.0591,2508800.0
2019-07-03,23.146,23.3284,22.9723,23.1807,1628500.0
2019-07-05,23.1113,23.2068,22.9462,23.1373,2712200.0
2019-07-08,23.0157,23.1373,22.6944,22.6944,2326600.0
2019-07-09,22.6249,22.7465,22.3383,22.6075,2860600.0
2019-07-10,22.7638,22.8507,22.6596,22.7204,1565300.0
2019-07-11,22.7291,22.8768,22.6509,22.7899,1502400.0
2019-07-12,22.9202,23.3371,22.8507,23.2936,1846800.0
2019-07-15,23.1286,23.45,23.0939,23.3631,1817300.0
2019-07-16,23.311,23.6932,23.1981,23.4413,2177300.0
2019-07-17,23.4066,23.4066,22.5207,22.5988,2323500.0
2019-07-18,22.5815,22.7552,22.208,22.3035,4226600.0
2019-07-19,22.3904,22.4685,21.6174,21.6608,4451000.0
2019-07-22,21.6174,21.8606,21.3308,21.739,5534400.0
2019-07-23,21.9301,22.5207,21.878,22.4512,3408200.0
2019-07-24,22.4686,22.8768,22.4164,22.7899,2085700.0
2019-07-25,22.4946,24.2056,21.9648,23.9537,4345600.0
2019-07-26,23.6671,24.4661,23.5368,24.084,3626800.0
2019-07-29,24.0579,24.0666,23.4934,23.754,3230400.0
2019-07-30,23.6584,23.7105,23.1026,23.3631,2636600.0
2019-07-31,23.3979,23.6324,23.1981,23.3892,4034600.0
2019-08-01,23.3892,23.5716,22.3991,22.7117,3083100.0
2019-08-02,22.6249,22.6249,22.0082,22.1906,1740100.0
2019-08-05,21.8085,22.0082,21.5132,21.7911,3576900.0
2019-08-06,21.9214,22.2254,21.8432,22.1906,2055500.0
2019-08-07,21.8519,22.2862,21.6782,22.208,3343100.0
2019-08-08,22.4338,22.6423,22.2514,22.5293,1827900.0
2019-08-09,22.4772,22.4772,21.9561,22.0951,1853300.0
2019-08-12,21.9214,21.9214,21.7043,21.7477,1182900.0
2019-08-13,21.739,22.3383,21.6,22.0169,1934600.0
2019-08-14,21.6695,21.8432,21.3395,21.4958,2244800.0
2019-08-15,21.5479,21.6869,21.2266,21.3568,2544900.0
2019-08-16,21.5392,22.3122,21.4003,22.208,2976800.0
2019-08-19,23.1199,23.3023,22.3035,22.8507,3050400.0
2019-08-20,22.703,22.8594,22.512,22.6423,1917300.0
2019-08-21,22.8941,22.9723,22.5467,22.5815,3366700.0
2019-08-22,22.6162,22.8768,22.3817,22.5207,2489300.0
2019-08-23,22.4251,22.4251,21.9909,22.1125,3481100.0
2019-08-26,22.4251,22.5901,21.878,22.0603,3049400.0
2019-08-27,22.1733,22.2688,21.6087,21.739,3682200.0
2019-08-28,21.6695,22.3296,21.5305,22.2775,2050600.0
2019-08-29,22.4599,22.8768,22.4599,22.7465,1654800.0
2019-08-30,22.9462,23.1807,22.7725,22.816,1786800.0
2019-09-03,22.6162,22.6596,22.1038,22.5815,2460500.0
2019-09-04,22.842,22.981,22.7117,22.9376,1790800.0
2019-09-05,23.2415,23.5368,23.1026,23.3718,1932400.0
2019-09-06,23.45,23.6497,23.2936,23.3631,2184800.0
2019-09-09,23.4847,23.8321,23.3892,23.7974,1905000.0
2019-09-10,23.8755,25.6213,23.7974,24.8917,4393000.0
2019-09-11,25.2999,25.326,24.4053,25.2565,2836700.0
2019-09-12,26.6461,28.5134,26.5853,28.2702,6981700.0
2019-09-13,28.6437,28.8087,28.305,28.4353,3560500.0
2019-09-16,28.1052,28.4787,27.7839,27.8447,2919100.0
2019-09-17,27.8707,28.0705,27.5146,27.9923,2381600.0
2019-09-18,28.0358,28.0531,27.5754,27.7405,2320500.0
2019-09-19,27.7578,28.0097,27.6449,27.697,3674700.0
2019-09-20,27.8534,27.8534,27.3496,27.6102,4103000.0
2019-09-23,27.5146,27.7752,27.2541,27.697,2251300.0
2019-09-24,27.7491,27.8621,27.2541,27.4625,2002200.0
2019-09-25,27.4538,27.7144,27.1064,27.4538,1905000.0
2019-09-26,27.3409,27.5407,27.1759,27.2975,1701700.0
2019-09-27,27.4365,27.5233,27.0196,27.2107,1737500.0
2019-09-30,27.228,27.4017,27.1151,27.3149,2196700.0
2019-10-01,27.4712,27.671,26.7503,26.7677,2009400.0
2019-10-02,26.2987,26.6461,26.0295,26.1684,2372600.0
2019-10-03,26.2032,26.3595,25.5084,26.3508,2043500.0
2019-10-04,26.2292,26.5332,26.1076,26.4985,1186400.0
2019-10-07,26.4116,26.4985,26.1598,26.3074,1340200.0
2019-10-08,26.0121,26.2553,25.9166,25.96,1952800.0
2019-10-09,26.0816,26.099,25.6994,25.7168,1806100.0
2019-10-10,25.821,26.3508,25.821,26.2379,1681000.0
2019-10-11,26.5245,27.1846,26.5245,26.7677,2368200.0
2019-10-14,26.7417,26.7851,26.5766,26.7069,1230200.0
2019-10-15,27.1846,27.2367,26.7069,26.9501,971900.0
2019-10-16,26.8459,27.1064,26.8459,27.0804,1096200.0
2019-10-17,27.2628,27.3236,26.898,27.1238,1403300.0
2019-10-18,27.0891,27.2715,27.0196,27.1412,1270400.0
2019-10-21,27.3583,27.506,27.2715,27.4886,1199200.0
2019-10-22,27.4973,27.9142,27.4191,27.697,1643900.0
2019-10-23,27.6189,27.7491,27.4799,27.7231,1130300.0
2019-10-24,27.8881,27.8968,27.5146,27.6102,1151500.0
2019-10-25,27.4799,27.5841,27.4278,27.4712,1432100.0
2019-10-28,27.6102,27.6536,27.4104,27.506,1292200.0
2019-10-29,27.4712,27.5928,27.3149,27.4538,1011000.0
2019-10-30,27.3062,27.4625,27.1412,27.3409,1513900.0
2019-10-31,28.3658,30.1723,27.975,29.5209,4762600.0
2019-11-01,30.042,30.5284,29.3298,30.5197,3736800.0
2019-11-04,30.5371,31.2927,30.4242,31.1277,2597100.0
2019-11-05,31.119,31.3622,30.65,30.9974,1819600.0
2019-11-06,31.0842,31.0842,30.6934,30.7542,1568300.0
2019-11-07,30.9105,31.1277,30.3807,30.485,2118600.0
2019-11-08,30.6152,30.6847,30.3721,30.5718,1899200.0
2019-11-11,30.346,30.6239,30.1897,30.6152,3450200.0
2019-11-12,30.65,31.449,30.6066,31.423,2784100.0
2019-11-13,31.2493,31.2493,30.4589,30.5805,2048000.0
2019-11-14,30.5805,30.7629,30.3894,30.5458,1696400.0
2019-11-15,30.6934,30.9974,30.4068,30.8758,2497200.0
2019-11-18,30.7542,31.2493,30.5023,31.1537,4040700.0
2019-11-19,31.1711,31.2753,30.4068,30.5805,2605300.0
2019-11-20,30.5284,30.6239,30.207,30.5284,3592900.0
2019-11-21,30.6239,30.7455,30.2678,30.3026,1491300.0
2019-11-22,30.4242,30.6674,30.1723,30.3981,2803400.0
2019-11-25,30.6152,30.8411,30.3721,30.7368,3638600.0
2019-11-26,30.8671,31.2319,30.7455,30.9192,2808000.0
2019-11-27,30.5892,31.0061,30.5718,30.9713,1504500.0
2019-11-29,30.8324,31.0321,30.4763,30.6413,683900.0
2019-12-02,30.8237,30.9627,30.3894,30.676,2725900.0
2019-12-03,30.3721,30.5371,29.6599,29.8944,3534100.0
2019-12-04,29.9117,30.676,29.9117,30.4068,2039200.0
2019-12-05,30.6847,30.98,30.3634,30.8671,2662500.0
2019-12-06,31.0408,31.1364,30.9453,31.0495,1601600.0
2019-12-09,31.145,31.2232,30.7368,30.9366,2273300.0
2019-12-10,30.98,31.1537,30.7629,30.815,1588000.0
2019-12-11,30.7542,31.2058,30.7542,31.0669,1750500.0
2019-12-12,31.0756,31.4751,30.9019,31.2753,2534000.0
2019-12-13,31.2753,31.5967,31.0234,31.3622,2463600.0
2019-12-16,31.5011,31.5967,30.9713,31.2145,2483000.0
2019-12-17,31.2319,31.588,31.1798,31.3187,2383400.0
2019-12-18,31.3274,31.8138,31.1277,31.5532,2604200.0
2019-12-19,31.6575,31.6575,30.9627,31.0495,3118200.0
2019-12-20,31.3187,31.4577,30.7108,31.2058,4278700.0
2019-12-23,31.3014,31.4143,30.98,31.0843,1111000.0
2019-12-24,31.0756,31.2058,31.0061,31.1711,339100.0
2019-12-26,31.145,31.1885,30.98,31.1711,528400.0
2019-12-27,31.2753,31.2753,30.9105,31.1537,900600.0
2019-12-30,31.2493,31.3361,30.8932,31.0061,1103400.0
2019-12-31,30.8932,31.0582,30.789,31.0061,1210700.0
2020-01-02,31.1971,31.284,30.5979,31.0929,1673800.0
2020-01-03,30.8497,30.9105,30.5371,30.7368,1377500.0
2020-01-06,30.5631,30.7282,30.207,30.2765,1970900.0
2020-01-07,30.2244,30.2765,29.9465,30.1115,2196200.0
2020-01-08,30.2592,30.3026,29.8336,30.042,2123000.0
2020-01-09,30.2331,30.2678,29.9465,30.0941,2525900.0
2020-01-10,30.1376,30.2591,29.547,29.6078,1232700.0
2020-01-13,29.6859,29.9291,29.4254,29.6425,1757700.0
2020-01-14,29.6164,30.016,29.4167,29.8249,1891500.0
2020-01-15,29.7033,29.8683,29.3993,29.4601,1216200.0
2020-01-16,29.6164,30.1984,29.5035,30.1723,1478700.0
2020-01-17,30.3807,30.3894,29.6686,30.0594,2232200.0
2020-01-21,30.0333,30.042,29.4949,29.7294,1550100.0
2020-01-22,29.7902,29.877,29.4601,29.4601,1358100.0
2020-01-23,29.2951,29.9031,29.1127,29.8336,1582400.0
2020-01-24,29.7641,29.7988,29.1301,29.1909,1179800.0
2020-01-27,28.6785,29.1561,28.5829,28.7132,1615600.0
2020-01-28,28.8261,29.1127,28.6785,29.0432,1127400.0
2020-01-29,29.0693,29.3212,28.9824,29.0867,808300.0
2020-01-30,28.8608,29.2256,28.6611,29.1909,933500.0
2020-01-31,29.1214,29.1735,28.2789,28.3918,1602600.0
2020-02-03,28.7479,29.0432,28.2008,28.2963,1950000.0
2020-02-04,28.7219,29.1561,28.6437,28.8869,1592000.0
2020-02-05,29.1475,29.6512,29.078,29.5904,1718300.0
2020-02-06,29.7467,29.7467,28.8174,28.8522,1578400.0
2020-02-07,28.7045,28.7566,28.4613,28.6003,1236600.0
2020-02-10,28.5655,28.8695,28.4005,28.8261,1607100.0
2020-02-11,28.8869,29.3993,28.7914,29.1648,923200.0
2020-02-12,29.2082,29.4514,29.0606,29.3038,953600.0
2020-02-13,29.1301,29.4775,29.0866,29.3993,1138600.0
2020-02-14,29.4167,29.4514,28.7653,28.8348,1354600.0
2020-02-18,28.8348,29.104,28.6524,28.8782,2249800.0
2020-02-19,28.9564,29.7207,28.9564,29.5296,2734400.0
2020-02-20,28.6698,29.6946,27.9663,29.547,4370000.0
2020-02-21,29.5643,29.5643,28.3832,28.6958,3734400.0
2020-02-24,28.0357,28.3658,27.8273,28.0792,2492800.0
2020-02-25,28.0097,28.3397,27.1412,27.202,2953100.0
2020-02-26,27.3931,27.8273,26.5245,26.5245,2783900.0
2020-02-27,26.3161,26.924,25.7602,25.8123,2863400.0
2020-02-28,25.0828,25.7429,24.8483,25.6908,3765100.0
2020-03-02,25.6821,25.9774,25.1088,25.9687,3087400.0
2020-03-03,25.8384,26.1858,24.692,24.9525,4181400.0
2020-03-04,25.4041,25.8645,24.8743,25.7515,2710100.0
2020-03-05,24.9438,25.0828,24.0319,24.5183,4350600.0
2020-03-06,23.6671,24.4575,23.5889,23.9016,4390200.0
2020-03-09,22.6509,23.3892,22.2427,22.4946,3993500.0
2020-03-10,23.1113,23.9711,22.4686,23.9537,4047100.0
2020-03-11,23.3197,23.615,22.8246,23.285,3253900.0
2020-03-12,22.0951,22.7117,20.662,20.6968,3918900.0
2020-03-13,21.6869,22.1993,20.2451,21.6261,3463200.0
2020-03-16,19.9759,20.5491,17.5701,17.683,3374100.0
2020-03-17,18.0912,18.7339,16.7884,17.1011,5400400.0
2020-03-18,16.0849,16.1718,12.1592,13.8094,6219500.0
2020-03-19,13.5749,15.503,12.6977,15.0948,5542600.0
2020-03-20,15.2251,15.807,13.6705,14.1568,4992200.0
2020-03-23,14.0439,14.0439,11.56,12.0724,3761800.0
2020-03-24,12.8888,15.0601,12.8801,14.7301,4243300.0
2020-03-25,14.9732,17.5354,14.843,17.3704,4950100.0
2020-03-26,17.4051,19.5503,17.3877,19.3245,5118800.0
2020-03-27,18.1781,18.9163,17.6309,18.5515,4038100.0
2020-03-30,18.7339,18.8816,17.5441,18.2389,2951000.0
2020-03-31,18.1694,18.6297,17.6309,17.8133,4170400.0
2020-04-01,16.7971,17.188,16.1718,16.6147,3058700.0
2020-04-02,16.441,17.0577,15.5552,16.0763,3097300.0
2020-04-03,16.1718,16.3281,14.843,15.0688,2896800.0
2020-04-06,16.0155,17.4572,16.0155,17.4225,3350700.0
2020-04-07,18.7774,19.4201,18.0478,18.1868,2796900.0
2020-04-08,18.5255,19.2898,18.2302,19.1074,1802400.0
2020-04-09,19.6806,20.4102,19.255,19.5677,2491800.0
2020-04-13,19.4635,19.4895,18.1346,18.5342,2694300.0
2020-04-14,18.5429,19.1421,18.2476,18.621,3894600.0
2020-04-15,17.7264,17.9436,17.1532,17.7091,2146800.0
2020-04-16,17.6743,18.0391,17.1272,17.2314,1960600.0
2020-04-17,17.8046,18.7339,17.6135,18.1868,2522800.0
2020-04-20,17.7438,18.0391,17.2661,17.6656,2550200.0
2020-04-21,17.0056,17.4833,16.8753,17.3096,1897400.0
2020-04-22,17.7786,17.7872,17.2401,17.5006,2190800.0
2020-04-23,17.6743,18.3518,17.6743,17.7786,1431200.0
2020-04-24,17.9609,18.8903,17.9088,18.5255,2630900.0
2020-04-27,18.621,19.9585,18.621,19.7761,2576300.0
2020-04-28,20.4536,21.3308,20.3407,20.8357,3046000.0
2020-04-29,21.4437,22.1993,21.2787,21.9735,2965600.0
2020-04-30,23.5455,23.8842,22.069,22.7117,6553800.0
2020-05-01,22.0603,22.2427,21.2439,21.5479,3810800.0
2020-05-04,21.2092,21.6174,20.9052,21.3829,3130300.0
2020-05-05,21.8345,22.2341,21.4611,21.6956,2597300.0
2020-05-06,21.6608,21.9909,20.8097,20.8444,4136000.0
2020-05-07,21.2005,22.1993,21.2005,21.8866,2976300.0
2020-05-08,22.3383,22.9202,22.3383,22.8246,2126300.0
2020-05-11,22.5467,22.7117,21.7303,22.0517,1967600.0
2020-05-12,22.0864,22.3556,21.0529,21.0615,1550900.0
2020-05-13,20.8097,20.8097,19.4374,19.698,2120300.0
2020-05-14,19.2203,20.4623,18.6036,20.4449,2052600.0
2020-05-15,20.3407,20.6534,19.9498,20.497,1437200.0
2020-05-18,21.4611,22.6162,21.4611,22.3904,2245800.0
2020-05-19,22.2601,22.5293,21.6087,21.6435,2101100.0
2020-05-20,21.9648,22.5815,21.9561,22.1646,1732700.0
2020-05-21,21.9127,22.5641,21.8519,22.1646,1828900.0
2020-05-22,22.1038,22.1906,21.6521,22.0082,1031300.0
2020-05-26,23.0331,23.5976,22.4946,23.4847,2428800.0
2020-05-27,23.7974,24.7875,23.7974,24.6398,2792000.0
2020-05-28,25.2999,25.491,23.9885,24.0666,2787900.0
2020-05-29,23.8582,24.1795,23.4673,23.8495,4230800.0
2020-06-01,23.9103,24.4488,23.8321,24.3619,1567200.0
2020-06-02,24.7875,24.9959,24.3185,24.5009,1923400.0
2020-06-03,24.883,26.3161,24.5356,26.2032,2435600.0
2020-06-04,25.8297,26.5766,25.3781,26.4464,2947300.0
2020-06-05,27.2975,27.9402,26.1511,26.2987,2345900.0
2020-06-08,25.8731,27.0456,25.4389,25.7515,3846300.0
2020-06-09,25.161,25.5431,24.7354,24.7528,2423500.0
2020-06-10,24.718,24.9178,23.6845,23.8495,3195900.0
2020-06-11,22.9897,23.1199,22.1733,22.842,5548400.0
2020-06-12,23.9363,24.0145,22.0517,22.4859,2616300.0
2020-06-15,21.5132,23.7974,20.8444,23.5803,3918000.0
2020-06-16,24.6398,24.7441,23.5021,24.249,2763900.0
2020-06-17,24.1361,24.249,23.1373,23.3631,3274300.0
2020-06-18,22.8507,23.3023,22.4946,22.5641,4137700.0
2020-06-19,23.0505,23.3979,22.4251,22.5207,3880400.0
2020-06-22,22.3122,22.8073,21.8519,22.7204,3218200.0
2020-06-23,23.146,23.5195,22.5467,22.9897,1947700.0
2020-06-24,22.5641,22.5901,21.4698,21.5219,2626000.0
2020-06-25,21.3568,21.9214,21.1484,21.878,2169600.0
2020-06-26,21.8519,21.9561,21.4437,21.5132,3684200.0
2020-06-29,21.9301,22.5207,21.5479,22.4338,1956300.0
2020-06-30,22.4078,22.9028,22.1038,22.7552,1914800.0
2020-07-01,22.7117,22.8246,21.6782,21.7824,2868800.0
2020-07-02,22.4338,23.1026,21.9301,22.4946,2097100.0
2020-07-06,23.007,23.0939,22.2427,22.5293,1225200.0
2020-07-07,22.2514,22.538,22.1559,22.2167,1481500.0
2020-07-08,22.3643,22.5815,22.0256,22.3122,1967900.0
2020-07-09,22.4338,22.4772,21.7043,22.1038,2086600.0
2020-07-10,22.1646,22.4425,22.043,22.2862,1522300.0
2020-07-13,22.4512,23.007,22.1819,22.3209,1392600.0
2020-07-14,22.0864,22.5988,21.9388,22.5815,2332700.0
2020-07-15,23.285,24.9265,22.8507,24.7267,3860200.0
2020-07-16,24.4748,24.8657,24.3446,24.7093,2434500.0
2020-07-17,24.6833,24.9873,24.2838,24.7441,3004900.0
2020-07-20,24.6312,24.6312,23.8929,24.0058,1874000.0
2020-07-21,24.0666,24.6659,24.0666,24.2751,1852200.0
2020-07-22,24.2664,24.9351,24.1014,24.7614,1765700.0
2020-07-23,25.0741,25.0741,24.2751,24.4575,2402900.0
2020-07-24,24.4227,24.6572,24.11,24.2837,2539700.0
2020-07-27,24.3359,24.5443,23.6932,24.084,2919800.0
2020-07-28,23.8495,24.1014,23.7279,23.8061,2110600.0
2020-07-29,23.8842,24.692,23.8234,24.6485,3670100.0
2020-07-30,24.4748,25.7342,23.8321,25.3694,4499700.0
2020-07-31,25.4649,25.491,24.0232,24.4835,2966200.0
2020-08-03,24.4661,25.0133,24.2143,24.8917,2989100.0
2020-08-04,24.9959,25.2739,24.883,25.0133,2125700.0
2020-08-05,25.1088,26.1945,24.9525,26.0642,3127600.0
2020-08-06,25.8645,26.2466,25.63,26.0989,3018300.0
2020-08-07,25.9687,26.2292,25.821,26.1771,1893300.0
2020-08-10,26.2466,26.8546,26.2119,26.7156,2095500.0
2020-08-11,26.9675,27.6102,26.9675,27.3236,3331900.0
2020-08-12,27.7926,28.4005,27.3062,28.0618,5336400.0
2020-08-13,27.8534,28.0271,27.063,27.2107,2100200.0
2020-08-14,27.1064,27.5494,26.8198,27.3496,1564600.0
2020-08-17,27.4712,27.6102,27.1238,27.2107,2647100.0
2020-08-18,27.2367,27.3409,26.9414,26.9675,3074300.0
2020-08-19,27.0109,27.4365,26.7503,27.2193,1659800.0
2020-08-20,26.9067,27.1064,26.7764,26.8806,1718900.0
2020-08-21,26.8459,26.9327,26.5593,26.8546,2409500.0
2020-08-24,27.1759,27.5233,26.8546,27.4886,1260200.0
2020-08-25,27.6536,27.7665,27.0891,27.5668,2468200.0
2020-08-26,27.4712,27.7578,27.4104,27.671,1996000.0
2020-08-27,27.7752,28.0271,27.5494,27.5841,2369800.0
2020-08-28,27.6536,28.3397,27.532,28.331,3476100.0
2020-08-31,28.1747,28.2789,27.4799,27.5668,2551300.0
2020-09-01,27.3409,27.6623,27.0283,27.6362,2334700.0
2020-09-02,27.836,28.8695,27.7578,28.8261,2996700.0
2020-09-03,28.9129,29.0259,27.2801,27.4538,2399200.0
2020-09-04,27.836,27.9489,27.0543,27.6189,2118000.0
2020-09-08,27.7491,28.47,27.1759,27.8968,3749400.0
2020-09-09,28.1313,28.2529,27.5146,27.5668,3649800.0
2020-09-10,27.3236,27.9576,26.9154,27.1933,3883300.0
2020-09-11,28.0792,28.4005,27.6189,27.9315,2803600.0
2020-09-14,28.1139,28.331,27.5928,28.0879,2866700.0
2020-09-15,28.0792,28.2529,27.4799,27.6623,3980100.0
2020-09-16,27.9055,27.9055,27.2888,27.4886,3502800.0
2020-09-17,27.063,27.4973,26.7417,27.4538,3209800.0
2020-09-18,27.3409,27.9142,26.8198,26.9501,8026300.0
2020-09-21,26.1858,26.3074,24.9525,25.1175,2972800.0
2020-09-22,25.3607,25.5431,24.4661,24.7354,4228400.0
2020-09-23,24.5877,25.048,24.2056,24.223,4156500.0
2020-09-24,24.084,24.3272,23.5021,23.6237,3009900.0
2020-09-25,23.3631,23.7192,23.2155,23.5195,4196200.0
2020-09-28,24.0927,24.7441,23.9711,24.5443,2102200.0
2020-09-29,24.4314,24.5443,23.9885,24.0145,1836400.0
2020-09-30,24.1448,24.3793,23.8495,24.084,3656300.0
2020-10-01,24.3967,24.6138,23.9537,24.3272,2226200.0
2020-10-02,23.7713,24.9091,23.6932,24.7614,1716200.0
2020-10-05,25.0046,25.7342,24.8309,25.6473,1887400.0
2020-10-06,25.7168,26.4724,25.5344,25.5865,2538000.0
2020-10-07,25.8992,26.6201,25.8992,26.3335,2004500.0
2020-10-08,26.5853,26.733,26.1598,26.6809,1542500.0
2020-10-09,27.1151,27.1412,26.4898,26.5072,1547800.0
2020-10-12,26.6635,26.8198,26.3682,26.7938,1366700.0
2020-10-13,26.568,27.1499,26.4898,26.8719,2587100.0
2020-10-14,26.8893,27.3322,26.7156,26.8893,1530700.0
2020-10-15,26.5419,27.671,26.4116,27.6189,2009600.0
2020-10-16,27.4017,27.7752,27.2193,27.697,1808400.0
2020-10-19,27.836,28.1052,27.1759,27.3322,2319700.0
2020-10-20,27.7926,28.2789,27.671,27.8447,1759000.0
2020-10-21,27.7578,28.305,27.6797,27.8794,2569700.0
2020-10-22,27.7752,28.0792,27.506,27.9923,1877600.0
2020-10-23,28.14,28.5742,28.0705,28.5569,1496100.0
2020-10-26,28.2008,28.2616,27.202,27.5494,1865500.0
2020-10-27,27.3496,27.4278,26.7851,26.8372,1822400.0
2020-10-28,26.2553,26.5419,25.7081,25.8558,3552100.0
2020-10-29,26.4464,27.7665,26.3682,27.5146,3233300.0
2020-10-30,27.1325,28.0097,26.924,27.7839,2905200.0
2020-11-02,28.2181,28.7653,27.9576,28.6176,2376000.0
2020-11-03,29.2082,30.0247,28.8087,29.8683,2488300.0
2020-11-04,29.5383,29.7641,28.9564,28.9737,1715800.0
2020-11-05,29.4514,30.3981,29.382,30.2592,1202600.0
2020-11-06,30.3981,30.3981,29.3646,29.4949,1352700.0
2020-11-09,30.6587,33.3337,30.6587,30.7803,3260200.0
2020-11-10,30.8758,32.3783,30.676,32.1438,3535500.0
2020-11-11,32.1351,32.1351,30.9105,31.0929,1737000.0
2020-11-12,31.145,31.1624,29.8857,30.2765,2021000.0
2020-11-13,30.6847,31.3622,30.5718,31.3014,1968000.0
2020-11-16,31.9006,32.0396,31.1103,31.9614,1226100.0
2020-11-17,31.5098,31.7964,30.8671,31.6922,1853400.0
2020-11-18,31.7356,32.057,30.9713,30.9713,1732900.0
2020-11-19,30.8063,31.0061,30.1115,30.6847,1639200.0
2020-11-20,30.6239,30.7976,30.3807,30.4676,2241000.0
2020-11-23,30.815,31.1711,30.5805,31.1364,1435900.0
2020-11-24,31.6314,32.4826,31.2579,31.9614,2028300.0
2020-11-25,31.8051,31.8051,31.3274,31.4577,1108400.0
2020-11-27,31.4924,31.8833,30.7716,31.2493,732700.0
2020-11-30,30.9366,31.0148,30.3807,30.5892,2929500.0
2020-12-01,31.0582,31.6748,30.8584,31.3882,1730200.0
2020-12-02,31.3535,31.3535,30.5458,31.1277,1331200.0
2020-12-03,31.2753,31.7704,30.9713,31.423,1589400.0
2020-12-04,31.6575,32.222,31.3709,32.2133,1640200.0
2020-12-07,32.0657,32.222,31.614,32.2133,1059200.0
2020-12-08,31.9267,32.2915,31.8138,32.1004,2006500.0
2020-12-09,32.3262,32.6823,32.0657,32.3175,1264500.0
2020-12-10,31.9962,32.1438,31.5098,31.7617,1154000.0
2020-12-11,31.4143,31.918,31.3361,31.8399,1446500.0
2020-12-14,32.1525,32.6215,31.7269,31.7964,1606700.0
2020-12-15,31.9614,32.387,31.5446,32.3523,1022500.0
2020-12-16,32.526,32.6476,32.1352,32.2394,980000.0
2020-12-17,32.3349,32.3697,31.8051,32.2394,1556300.0
2020-12-18,32.1004,32.2654,31.2058,31.3969,4007900.0
2020-12-21,30.7629,31.2493,30.2157,31.1972,1344300.0
2020-12-22,31.1624,31.5793,30.789,31.2493,1520900.0
2020-12-23,31.5011,31.7183,31.3187,31.4838,1258900.0
2020-12-24,31.614,31.614,31.1277,31.4924,334600.0
2020-12-28,31.7183,32.1004,31.423,31.4838,898700.0
2020-12-29,31.9093,31.9093,30.6066,30.6934,1812400.0
2020-12-30,30.7629,31.2319,30.2157,30.7195,2829700.0
2020-12-31,30.8324,30.8324,30.3026,30.6066,1542200.0
2021-01-04,30.7803,31.145,29.6251,30.1549,2374900.0
2021-01-05,30.2244,30.8845,30.0073,30.5631,3050000.0
2021-01-06,30.954,32.6649,30.9279,32.222,2112900.0
2021-01-07,32.2133,33.2208,32.0483,33.1339,3693100.0
2021-01-08,33.1426,33.464,32.83,33.3424,1833700.0
2021-01-11,32.995,33.4292,32.7171,32.9689,1517600.0
2021-01-12,33.0645,34.7755,32.8387,34.5844,2611400.0
2021-01-13,34.3238,34.4801,33.8635,34.1848,1640800.0
2021-01-14,34.3499,34.4888,33.8635,33.933,1482700.0
2021-01-15,33.6464,33.7853,32.7344,32.8734,2022500.0
2021-01-19,32.83,33.299,32.1004,32.2654,1623800.0
2021-01-20,32.3957,32.8213,32.057,32.6563,1719900.0
2021-01-21,32.5868,32.8126,32.2654,32.6649,2412900.0
2021-01-22,32.5607,32.5607,31.9006,32.2654,1178100.0
2021-01-25,32.3436,32.4999,31.2666,32.196,1482100.0
2021-01-26,32.6823,32.6823,31.8485,31.918,1028400.0
2021-01-27,31.5533,31.5533,30.2157,30.9974,2474000.0
2021-01-28,31.3361,32.2481,31.1971,31.588,2325100.0
2021-01-29,31.4925,31.8051,30.3894,30.4763,2268100.0
2021-02-01,30.8758,31.4056,30.4763,31.2319,1899400.0
2021-02-02,31.3448,31.7877,31.3101,31.6227,1313100.0
2021-02-03,31.5706,32.1612,31.4577,31.9962,1080300.0
2021-02-04,31.9875,32.856,31.9701,32.7518,962900.0
2021-02-05,33.0297,33.2816,32.8647,32.9255,665600.0
2021-02-08,33.0124,33.4206,32.8995,33.2121,1323900.0
2021-02-09,33.3511,33.3511,32.4565,32.4826,934300.0
2021-02-10,32.5434,32.8473,32.3175,32.6736,1091200.0
2021-02-11,32.8387,32.8387,32.0049,32.4391,975800.0
2021-02-12,32.3175,32.7344,31.6227,32.0657,2271300.0
2021-02-16,32.3175,32.9429,32.2828,32.5347,1977500.0
2021-02-17,32.552,32.552,31.5532,31.9441,1300800.0
2021-02-18,32.7952,34.4628,32.1786,33.5335,3193100.0
2021-02-19,34.2456,34.2456,32.2394,33.6898,2793500.0
2021-02-22,33.3685,34.4628,33.021,33.8635,2330400.0
2021-02-23,33.8461,33.9243,33.134,33.4727,1593400.0
2021-02-24,33.2903,34.8275,33.2903,34.7233,1334200.0
2021-02-25,34.6017,34.9231,34.0372,34.3672,2632400.0
2021-02-26,34.6104,34.9057,34.0719,34.2109,3127800.0
2021-03-01,34.7668,35.3921,34.5323,35.0273,2071900.0
2021-03-02,34.8884,35.175,34.4628,34.6278,1744400.0
2021-03-03,34.6625,35.8611,34.6104,34.9665,2064300.0
2021-03-04,34.8797,35.4616,34.1762,34.7841,2955500.0
2021-03-05,35.2531,36.6341,34.8015,36.443,2418500.0
2021-03-08,36.7904,38.1887,36.6428,37.3636,2119600.0
2021-03-09,37.3376,38.0237,37.0336,37.1465,3205500.0
2021-03-10,37.2247,37.5894,36.9815,37.0596,3409600.0
2021-03-11,37.0597,37.3984,36.6775,36.9815,2429100.0
2021-03-12,37.2247,37.4331,36.9988,37.3376,1533400.0
2021-03-15,37.2681,37.6329,36.6514,37.6068,1965500.0
2021-03-16,37.4244,37.6416,37.1118,37.5634,1458700.0
2021-03-17,37.5721,38.1627,37.4679,38.0063,1792400.0
2021-03-18,37.8153,38.9791,37.685,37.8674,1556400.0
2021-03-19,37.4852,38.0411,37.1291,37.6937,3161200.0
2021-03-22,37.7197,37.8153,36.8512,37.3289,1624900.0
2021-03-23,36.9207,37.3549,35.5745,35.7829,1498000.0
2021-03-24,36.0609,36.8078,35.5919,35.6353,1213000.0
2021-03-25,35.6527,36.4604,35.0707,36.3562,1627900.0
2021-03-26,36.4083,37.1465,36.1998,37.1291,884600.0
2021-03-29,36.9815,37.3723,36.1651,36.5299,1165200.0
2021-03-30,36.5472,37.242,36.4083,37.2247,1088700.0
2021-03-31,37.1552,37.1986,36.5733,36.7644,1280500.0
2021-04-01,36.8686,37.3376,36.4604,37.3028,1481300.0
2021-04-05,37.8847,38.154,37.7023,38.0845,1202800.0
2021-04-06,37.9803,38.0758,37.3028,37.4852,1633400.0
2021-04-07,37.711,38.1627,37.4157,38.0671,1600500.0
2021-04-08,37.9455,38.1019,37.3463,37.9803,1617500.0
2021-04-09,38.0498,38.319,37.8153,38.2843,1306900.0
2021-04-12,38.4406,38.6317,38.0932,38.3798,2087900.0
2021-04-13,38.2582,38.3103,37.3636,37.6676,1468200.0
2021-04-14,37.4157,38.3798,37.4157,38.1279,1412200.0
2021-04-15,38.3016,38.6925,38.0584,38.484,1764800.0
2021-04-16,38.7185,39.0746,38.6317,38.8054,1206900.0
2021-04-19,38.623,38.9791,38.3277,38.9183,3088100.0
2021-04-20,38.9617,39.1354,37.7545,38.1019,1186100.0
2021-04-21,37.9716,38.7619,37.7805,38.6056,1179900.0
2021-04-22,38.6838,38.9096,38.2235,38.458,1197800.0
2021-04-23,38.6925,39.2223,38.3277,39.0746,948800.0
2021-04-26,39.1441,39.396,38.8662,39.118,1347500.0
2021-04-27,39.2744,39.9084,39.2657,39.6131,1937000.0
2021-04-28,40.0039,40.1342,39.4654,39.5349,1587800.0
2021-04-29,41.2633,42.844,40.36,40.6379,4235600.0
2021-04-30,40.5511,40.968,40.2124,40.5685,2276700.0
2021-05-03,41.133,42.1318,40.6466,41.6888,1629300.0
2021-05-04,41.5412,41.932,41.3154,41.8452,2234500.0
2021-05-05,42.1318,42.4184,41.7931,42.2447,2071400.0
2021-05-06,42.4966,42.6355,41.9841,42.6182,1596900.0
2021-05-07,42.5226,43.6777,42.2534,43.2348,1780600.0
2021-05-10,43.4259,44.0946,43.313,43.3911,1931600.0
2021-05-11,43.0003,43.2956,42.2881,42.7311,1903600.0
2021-05-12,42.8787,42.9829,41.602,41.6888,2064400.0
2021-05-13,42.2273,43.0264,41.6888,42.7745,1866300.0
2021-05-14,42.9656,44.1033,42.7832,44.0165,1530700.0
2021-05-17,44.0078,44.4334,43.6691,44.3465,1709000.0
2021-05-18,44.5549,44.746,43.2956,43.313,1922400.0
2021-05-19,42.7658,43.2348,42.3142,43.2088,2268000.0
2021-05-20,43.2869,43.7559,42.9569,43.6778,2429000.0
2021-05-21,43.643,44.6679,43.6083,43.8601,2253500.0
2021-05-24,44.0686,44.0946,43.4172,43.643,3384300.0
2021-05-25,43.7299,43.9991,43.3825,43.4432,2136800.0
2021-05-26,43.5214,43.947,43.4259,43.9209,1663700.0
2021-05-27,44.1467,44.7287,44.0773,44.3726,3474700.0
2021-05-28,44.6418,44.6765,43.5735,44.2597,1601300.0
2021-06-01,44.6244,44.7547,44.2423,44.4247,1412900.0
2021-06-02,44.8329,44.885,43.5475,43.6691,2813400.0
2021-06-03,43.4693,43.8515,43.0958,43.5822,2046700.0
2021-06-04,43.7385,43.9123,43.2348,43.8167,1214100.0
2021-06-07,43.8688,43.8862,42.8613,43.0177,1583700.0
2021-06-08,43.4259,43.782,42.7224,43.6778,1741700.0
2021-06-09,43.5648,43.5648,42.9829,42.9829,980100.0
2021-06-10,43.2869,43.313,42.5574,42.5574,1419000.0
2021-06-11,42.566,43.1393,42.4705,43.0177,1086300.0
2021-06-14,42.9656,43.0264,41.932,42.2881,1495100.0
2021-06-15,42.2447,42.5574,41.8626,42.5139,1875900.0
2021-06-16,42.3837,42.7137,41.8973,42.2794,1970700.0
2021-06-17,42.1839,42.3489,40.6293,41.0635,1945300.0
2021-06-18,40.3861,40.994,40.0908,40.664,2970100.0
2021-06-21,41.0809,41.9233,40.8464,41.7931,1656100.0
2021-06-22,41.8104,41.9581,41.0201,41.6975,1845500.0
2021-06-23,41.9928,42.3576,41.5672,42.0449,1604500.0
2021-06-24,42.0276,42.8874,41.9668,42.844,1658900.0
2021-06-25,42.9221,43.5822,42.8005,43.2956,3278200.0
2021-06-28,43.1132,43.1914,42.0363,42.2013,1654300.0
2021-06-29,42.4184,42.9308,42.4184,42.5921,1837200.0
2021-06-30,42.5574,42.9308,42.4271,42.7484,1271600.0
2021-07-01,42.9395,43.8688,42.8787,43.5214,1548700.0
2021-07-02,43.3564,43.8515,43.1827,43.7646,958100.0
2021-07-06,43.6778,43.8775,42.401,42.9569,1440000.0
2021-07-07,42.8092,44.0512,42.5574,43.7907,1197400.0
2021-07-08,43.1132,43.6517,42.7311,43.2001,1720300.0
2021-07-09,43.7733,44.5115,43.7733,44.2683,1580700.0
2021-07-12,44.2162,44.8068,43.5735,44.6331,1059300.0
2021-07-13,44.4855,44.5289,43.7907,43.8515,788000.0
2021-07-14,43.9904,44.4942,43.7299,44.086,725800.0
2021-07-15,43.6864,43.9209,43.0003,43.3998,1765700.0
2021-07-16,43.5735,43.9644,42.8874,42.9656,950800.0
2021-07-19,42.7658,42.7658,41.7931,42.1839,1378300.0
2021-07-20,42.1839,43.5822,42.0015,43.4693,1414200.0
2021-07-21,43.7299,44.5115,43.5562,44.2249,1023700.0
2021-07-22,44.1554,44.2336,43.478,43.5301,1175000.0
2021-07-23,43.9383,44.1902,43.478,44.086,1607900.0
2021-07-26,44.1207,45.1021,44.0425,44.277,1721000.0
2021-07-27,43.8601,44.277,43.2522,43.478,2010800.0
2021-07-28,43.6517,43.8949,43.1132,43.3564,2040400.0
2021-07-29,45.6406,46.0227,43.7385,44.7026,3624500.0
2021-07-30,44.7287,45.1542,43.7299,44.0773,1523700.0
2021-08-02,45.0153,45.684,44.0686,44.3031,1496200.0
2021-08-03,44.4334,45.4148,44.1033,45.2585,1461700.0
2021-08-04,45.0066,45.1977,44.2075,44.2162,1257400.0
2021-08-05,44.3465,44.72,43.4172,43.8862,1619800.0
2021-08-06,44.2597,44.6331,43.9296,44.1468,873600.0
2021-08-09,44.0165,44.1033,43.4867,43.8515,878900.0
2021-08-10,43.6083,44.5289,43.5648,44.2075,862700.0
2021-08-11,44.1467,44.555,43.7299,44.4507,1413800.0
2021-08-12,44.4942,44.8155,43.9991,44.1902,1228200.0
2021-08-13,44.1033,44.3118,43.7385,43.8428,822300.0
2021-08-16,43.5996,43.9036,42.8961,43.8862,1393400.0
2021-08-17,43.5214,43.8688,42.87,43.478,1402000.0
2021-08-18,43.4519,44.4507,43.2609,43.9383,1975800.0
2021-08-19,43.339,44.2075,43.339,44.1468,2245800.0
2021-08-20,44.0599,44.4334,43.7646,44.2597,1091100.0
2021-08-23,44.2683,44.5636,43.9904,44.0338,1338400.0
2021-08-24,43.8515,44.8589,43.8515,44.6071,1040800.0
2021-08-25,44.6157,45.684,44.6157,45.4843,1245700.0
2021-08-26,45.354,45.3714,44.6418,44.7808,1320000.0
2021-08-27,44.7721,45.3279,44.5984,45.2063,830800.0
2021-08-30,45.3192,45.5885,45.0761,45.2324,868300.0
2021-08-31,45.2411,45.8577,45.189,45.7622,2842300.0
2021-09-01,45.8751,46.1791,44.9197,45.0847,1573600.0
2021-09-02,45.1282,45.2324,44.3552,44.5202,1452000.0
2021-09-03,44.5636,44.5984,43.5735,44.1554,1015700.0
2021-09-07,44.1468,44.6765,43.9123,44.1468,1422000.0
2021-09-08,43.973,44.1728,43.5909,44.1554,1056100.0
2021-09-09,44.1989,44.3378,43.8601,44.112,1252500.0
2021-09-10,44.4334,44.4681,43.9557,44.0252,1421200.0
2021-09-13,44.3031,44.5897,43.9036,44.251,1571500.0
2021-09-14,44.3291,44.5636,44.0512,44.3899,1473700.0
2021-09-15,44.4855,45.7622,44.0425,45.7361,1803200.0
2021-09-16,46.0401,46.0401,44.9458,45.3714,1349700.0
2021-09-17,45.1282,45.5537,44.0512,44.2162,3972700.0
2021-09-20,43.7646,43.8254,42.7484,43.3043,2327000.0
2021-09-21,43.7472,44.3205,42.9569,43.0264,2002700.0
2021-09-22,43.2869,44.3639,43.2869,43.9122,1574900.0
2021-09-23,44.2162,45.2585,44.086,45.024,1830600.0
2021-09-24,44.9805,45.5711,44.8416,45.4322,1243300.0
2021-09-27,45.4843,45.8404,45.4495,45.5972,1403000.0
2021-09-28,45.4322,45.7361,44.7373,44.8503,1063900.0
2021-09-29,44.9371,45.2498,44.4073,44.6418,1345100.0
2021-09-30,44.6765,44.7634,43.6951,43.7038,1688200.0
2021-10-01,43.8601,44.7895,43.3477,44.5115,1436600.0
2021-10-04,44.5463,45.4408,44.2857,44.3031,1435700.0
2021-10-05,44.3378,44.6071,43.7907,44.3899,3032100.0
2021-10-06,44.0773,44.3378,42.9916,43.2782,2367300.0
2021-10-07,43.7472,45.1369,43.7472,45.1282,2127700.0
2021-10-08,45.1629,46.0228,44.9979,45.6145,1782000.0
2021-10-11,45.6232,46.1356,45.3887,45.4235,1548000.0
2021-10-12,45.4756,46.0835,45.3627,45.849,1730200.0
2021-10-13,45.8925,46.7002,45.3193,46.5612,2898700.0
2021-10-14,46.926,47.7251,46.622,47.4124,2298700.0
2021-10-15,47.7164,48.333,47.6469,47.9856,1990500.0
2021-10-18,48.0117,48.2635,47.3429,48.2548,1731100.0
2021-10-19,48.4025,49.0018,47.6295,47.864,3022600.0
2021-10-20,47.6295,48.2027,47.3776,48.194,1133700.0
2021-10-21,48.0724,49.0191,47.8553,49.0018,1501500.0
2021-10-22,49.2102,49.4968,48.7152,48.941,819300.0
2021-10-25,49.0452,49.3318,48.7325,49.1494,1204600.0
2021-10-26,49.3231,49.3839,47.7424,47.7598,1301400.0
2021-10-27,47.7598,47.9769,46.9521,47.0737,1734800.0
2021-10-28,48.3764,49.7921,47.8988,48.941,3303400.0
2021-10-29,48.9757,49.2449,47.4732,47.838,1685500.0
2021-11-01,48.2375,48.7151,47.6729,48.3591,1309300.0
2021-11-02,48.5501,49.4968,48.4893,49.0886,1739800.0
2021-11-03,48.941,49.5837,48.6804,49.245,1310900.0
2021-11-04,49.4708,50.0961,49.2884,49.8703,1076400.0
2021-11-05,50.374,50.8517,49.7139,49.7487,1125100.0
2021-11-08,50.0527,50.539,49.7313,49.9658,1195000.0
2021-11-09,49.8524,50.5677,49.8175,50.0182,998900.0
2021-11-10,50.0007,50.4805,49.4686,49.5733,1442700.0
2021-11-11,49.739,50.4369,49.739,50.3584,1683900.0
2021-11-12,50.4543,51.1085,50.2275,51.0649,925300.0
2021-11-15,51.3266,51.8326,51.1783,51.3528,985400.0
2021-11-16,51.3266,51.9896,51.2394,51.5098,876500.0
2021-11-17,51.7279,52.0506,51.3179,52.0157,1316700.0
2021-11-18,52.2164,52.3821,51.3179,51.5534,1899800.0
2021-11-19,51.7715,51.9023,50.7334,50.7945,1258700.0
2021-11-22,50.9864,51.6843,50.9864,51.3179,1636100.0
2021-11-23,51.4313,52.2949,51.1434,52.007,1219300.0
2021-11-24,51.6145,52.0332,51.3441,51.8413,702300.0
2021-11-26,50.5939,51.0562,50.0007,50.2101,845500.0
2021-11-29,50.7422,51.0998,49.9484,50.2449,1270500.0
2021-11-30,49.9833,50.0967,48.5265,48.762,3191400.0
2021-12-01,49.5907,50.3845,48.8929,48.919,2314300.0
2021-12-02,49.2941,50.4281,49.0935,50.0879,1779800.0
2021-12-03,50.4456,50.7422,48.9365,49.329,1438200.0
2021-12-06,49.9571,50.4281,49.5471,49.7565,3362700.0
2021-12-07,50.3147,51.4487,50.2188,51.187,1825100.0
2021-12-08,51.2656,51.379,50.149,50.3584,1783800.0
2021-12-09,50.3147,50.5852,49.9048,49.9484,1648100.0
2021-12-10,50.245,50.62,49.9135,50.5677,1416400.0
2021-12-13,50.6026,50.7422,48.9452,49.2331,2243600.0
2021-12-14,48.9801,49.5209,48.8318,49.1546,1914400.0
2021-12-15,49.1546,49.6256,48.6574,49.5907,1183400.0
2021-12-16,50.0094,50.4281,49.329,49.4511,1071200.0
2021-12-17,49.1982,49.3988,48.4393,48.6137,3206500.0
2021-12-20,48.1078,48.4393,47.061,48.2038,1695000.0
2021-12-21,48.6399,49.5907,48.4567,49.5907,1824400.0
2021-12-22,49.4424,49.992,49.1458,49.9658,1181200.0
2021-12-23,50.0792,50.6637,49.9222,50.3584,1163100.0
2021-12-27,50.4107,51.2219,50.2624,51.1434,963300.0
2021-12-28,51.1696,51.6058,51.1609,51.3004,552300.0
2021-12-29,51.3441,51.946,51.2219,51.7366,478100.0
2021-12-30,51.7104,52.1815,51.3353,51.7628,695300.0
2021-12-31,51.597,52.5391,51.597,52.3647,919200.0
2022-01-03,52.5653,52.7136,50.6375,51.126,1031100.0
2022-01-04,51.3528,52.3036,51.1958,51.8936,1594700.0
2022-01-05,51.8936,52.3734,51.0126,51.2219,1470100.0
2022-01-06,51.5098,52.0419,51.0126,51.7802,1167900.0
2022-01-07,51.7628,51.8587,50.7858,50.8294,1266500.0
2022-01-10,50.4107,50.6811,49.5994,50.3147,1306400.0
2022-01-11,50.3845,50.5154,49.5558,50.2624,1532900.0
2022-01-12,50.5764,51.1521,50.1054,50.3322,903800.0
2022-01-13,50.5066,50.9166,49.9833,50.1577,1353200.0
2022-01-14,49.7565,49.9135,48.8405,49.4424,902200.0
2022-01-18,48.9103,49.0325,47.9333,48.3259,1047400.0
2022-01-19,48.6661,48.8318,47.6804,47.7501,1022600.0
2022-01-20,47.9944,48.5178,46.5638,46.6772,1125700.0
2022-01-21,46.7121,47.6455,46.4679,46.8866,1644300.0
2022-01-24,46.2323,48.3608,45.7962,48.2299,2679400.0
2022-01-25,47.6368,48.1776,46.747,47.6542,1695500.0
2022-01-26,48.0467,48.5265,46.9215,47.314,1834000.0
2022-01-27,47.8723,48.3084,46.433,46.7644,1254100.0
2022-01-28,46.9127,47.2704,45.9445,47.2529,1192200.0
2022-01-31,46.8081,47.9246,46.6947,47.881,1561700.0
2022-02-01,47.8374,48.701,47.3402,48.5963,1974300.0
2022-02-02,48.4393,50.0182,48.4393,49.8262,2321300.0
2022-02-03,49.3639,49.582,48.4829,48.5701,1127700.0
2022-02-04,48.3433,48.4654,47.4099,47.9944,1305500.0
2022-02-07,48.134,48.2997,47.5321,48.0118,1218100.0
2022-02-08,48.2125,48.9016,47.9682,48.6835,1292500.0
2022-02-09,49.1371,50.053,49.1371,49.6954,1177000.0
2022-02-10,49.0237,49.5122,47.6804,47.8723,1704500.0
2022-02-11,47.8897,48.0904,46.6249,46.843,1471400.0
2022-02-14,46.9215,47.3663,46.5638,46.904,1415900.0
2022-02-15,47.471,48.0642,47.1221,47.8723,1098400.0
2022-02-16,47.7589,48.7097,47.7589,48.5003,1349200.0
2022-02-17,45.36,45.36,40.8764,41.5568,6457800.0
2022-02-18,41.33,43.6503,41.1555,42.8914,5466300.0
2022-02-22,42.0889,43.1531,41.801,41.958,3880100.0
2022-02-23,42.0889,42.2372,39.5941,39.6813,2893500.0
2022-02-24,38.5647,40.0913,38.0588,40.0651,2589100.0
2022-02-25,39.9692,42.0104,39.8994,41.897,1707000.0
2022-02-28,41.1119,41.3387,40.1436,40.9549,2444900.0
2022-03-01,40.8502,41.0683,39.7075,40.0041,1889600.0
2022-03-02,40.4075,42.3547,40.39,41.574,3191700.0
2022-03-03,41.8284,41.9775,40.925,41.2144,2945200.0
2022-03-04,40.6706,40.6706,39.0042,39.4252,2171500.0
2022-03-07,39.3638,39.3638,37.5657,37.5921,1824300.0
2022-03-08,37.6973,38.3113,37.1535,37.3202,3072000.0
2022-03-09,38.4516,39.9251,38.0394,39.548,1515300.0
2022-03-10,38.6358,39.7673,38.6358,38.9866,2147300.0
2022-03-11,39.3726,39.6094,38.6007,38.6358,1284000.0
2022-03-14,39.0568,40.4952,38.9252,39.6094,2063300.0
2022-03-15,40.0041,40.618,39.5304,39.8637,1469400.0
2022-03-16,40.2584,41.3109,40.2584,41.2758,2293600.0
2022-03-17,41.0215,41.1881,40.6619,40.9162,2334000.0
2022-03-18,40.1619,41.4425,40.1269,41.0039,4075500.0
2022-03-21,41.0303,41.539,40.2496,40.5917,1410100.0
2022-03-22,40.6092,41.46,40.6092,40.9338,1766200.0
2022-03-23,40.8899,40.8899,39.7497,39.8023,880400.0
2022-03-24,40.1269,40.4777,39.5567,39.8199,1696600.0
2022-03-25,40.1444,40.3023,39.6445,40.1707,1597400.0
2022-03-28,40.3549,40.4514,39.6445,39.9339,1213800.0
2022-03-29,40.7934,41.6793,40.6706,41.4951,1356300.0
2022-03-30,41.3285,41.4249,40.8285,41.0215,1373700.0
2022-03-31,41.1969,41.1969,39.8111,39.8286,1669100.0
2022-04-01,40.3461,40.6619,39.4603,39.6444,1343800.0
2022-04-04,39.6357,40.0216,39.4427,39.8023,2057700.0
2022-04-05,39.6708,39.89,38.6972,38.82,1656800.0
2022-04-06,38.5481,39.2498,38.0394,39.127,1971200.0
2022-04-07,38.9691,39.6094,38.3376,39.3989,2459900.0
2022-04-08,39.469,40.5742,39.2585,39.969,1439400.0
2022-04-11,39.662,40.6794,39.5743,39.89,1384400.0
2022-04-12,40.1532,41.0127,40.0392,40.311,2681200.0
2022-04-13,40.1707,40.9162,40.0918,40.9075,1124300.0
2022-04-14,41.0127,41.6618,40.9601,41.2232,1975500.0
2022-04-18,41.0741,42.2669,41.0741,41.9161,2153000.0
2022-04-19,41.9775,43.8983,41.9775,43.644,2312500.0
2022-04-20,44.0562,44.8105,43.9948,44.5035,1962700.0
2022-04-21,44.8631,45.4683,43.7931,43.8369,1946400.0
2022-04-22,43.4422,43.872,43.1002,43.3019,2022100.0
2022-04-25,43.0125,43.7931,42.381,43.7405,1830000.0
2022-04-26,43.3458,43.6703,42.8897,42.9774,1715900.0
2022-04-27,43.2668,43.951,42.7932,43.3984,2474600.0
2022-04-28,43.9334,45.1175,43.7755,44.8368,2145900.0
2022-04-29,44.6263,44.9859,43.451,43.53,1742300.0
2022-05-02,43.6001,44.2492,43.1879,44.1088,1752200.0
2022-05-03,44.4246,44.9421,44.2316,44.5562,2030200.0
2022-05-04,44.5737,46.2665,44.1001,46.2402,1606600.0
2022-05-05,45.6525,45.8718,44.1264,44.5562,1332700.0
2022-05-06,44.3544,44.714,43.6615,44.6175,1276000.0
2022-05-09,44.0562,44.8982,43.7229,43.9071,1667700.0
2022-05-10,44.3895,44.6088,42.8634,43.644,1804200.0
2022-05-11,43.4072,44.0387,42.6792,42.7932,1799900.0
2022-05-12,42.8546,43.9948,42.6266,43.9597,1889300.0
2022-05-13,44.2843,45.0386,44.065,44.8105,2131900.0
2022-05-16,44.6,45.1263,43.8282,44.6702,1501600.0
2022-05-17,45.0999,46.0647,45.0122,46.0209,1512500.0
2022-05-18,45.025,45.122,43.7912,44.1614,2597200.0
2022-05-19,43.474,44.602,43.1215,43.8265,2018200.0
2022-05-20,44.0556,44.179,41.306,42.6191,3006400.0
2022-05-23,42.9893,43.8353,42.6544,43.4387,2021100.0
2022-05-24,43.1567,43.377,42.3459,43.1215,1725700.0
2022-05-25,42.9804,43.9763,42.6896,43.7119,2530400.0
2022-05-26,44.3817,45.0955,44.179,44.8752,1693300.0
2022-05-27,45.166,46.1971,44.9545,46.1266,1902500.0
2022-05-31,45.6419,45.9063,45.1044,45.2894,2752900.0
2022-06-01,45.6948,46.0561,44.4963,44.5491,1706000.0
2022-06-02,44.6196,45.4216,44.5403,45.3952,1557900.0
2022-06-03,45.025,45.3335,44.5668,44.6637,1032300.0
2022-06-06,45.0162,46.2412,44.6725,46.0826,1474200.0
2022-06-07,45.6684,46.7435,45.3864,46.6378,1581200.0
2022-06-08,46.1531,46.5497,45.8094,45.8623,1080400.0
2022-06-09,45.8975,46.4087,45.1925,45.2013,1150700.0
2022-06-10,44.3993,44.6902,43.6414,43.6679,1420400.0
2022-06-13,42.7073,43.1215,41.9317,42.2402,2023800.0
2022-06-14,42.4076,43.0598,42.2578,42.7601,1599700.0
2022-06-15,42.7866,43.5533,42.5222,42.9628,1496800.0
2022-06-16,42.2666,42.2842,40.7596,40.9182,2415400.0
2022-06-17,40.9447,41.5263,40.742,41.3677,4156600.0
2022-06-21,42.2225,42.5574,41.6409,42.0992,1694200.0
2022-06-22,41.7731,42.7513,41.6585,42.4693,1520200.0
2022-06-23,42.7689,43.333,42.108,42.6632,1377000.0
2022-06-24,42.9452,44.1349,42.7249,43.9939,2386100.0
2022-06-27,44.0027,45.1749,43.8705,44.8752,1928700.0
2022-06-28,44.9457,45.404,43.9234,44.0115,1590700.0
2022-06-29,44.0644,44.1878,43.051,43.3065,1440600.0
2022-06-30,42.6544,43.7031,42.5045,43.2625,1884800.0
2022-07-01,43.0686,43.941,42.8482,43.659,1144400.0
2022-07-05,43.1215,43.756,42.813,43.7295,1296300.0
2022-07-06,43.897,44.4434,43.236,44.0732,1456600.0
2022-07-07,44.3112,45.4392,44.1526,45.2189,1245100.0
2022-07-08,45.1749,45.4833,44.6108,45.1396,1303400.0
2022-07-11,45.0074,45.2542,44.1966,44.3112,818200.0
2022-07-12,44.2671,45.1925,44.0732,44.4963,1123300.0
2022-07-13,43.9939,44.7783,43.8882,44.4346,1849800.0
2022-07-14,43.7824,43.9675,43.0245,43.8441,1589100.0
2022-07-15,44.3464,44.6285,43.5004,44.0204,1770400.0
2022-07-18,44.2759,45.307,44.0556,44.2142,1713900.0
2022-07-19,44.9105,46.5849,44.9017,46.4968,1315000.0
2022-07-20,45.9944,46.8493,45.9856,46.77,1220200.0
2022-07-21,46.2412,47.0961,46.2412,47.0432,1167900.0
2022-07-22,47.0167,47.3957,46.4351,46.7876,1547700.0
2022-07-25,46.8317,47.1137,46.4968,46.9286,1334200.0
2022-07-26,46.25,46.6819,45.7213,45.9768,1629200.0
2022-07-27,46.2324,47.3252,45.8975,47.2988,2396000.0
2022-07-28,46.4087,47.8628,45.9592,47.7218,1666400.0
2022-07-29,47.7394,48.4532,47.3957,48.3299,1698000.0
2022-08-01,48.0302,48.8763,47.8275,48.7088,1286400.0
2022-08-02,48.7,48.9115,48.1977,48.2241,1437300.0
2022-08-03,48.4004,48.9468,47.8363,48.2153,1266800.0
2022-08-04,48.18,48.2594,47.854,47.9685,1087500.0
2022-08-05,47.616,48.5766,47.4926,48.5414,1009300.0
2022-08-08,48.7441,49.1318,48.0126,48.0567,1351400.0
2022-08-09,48.136,48.1977,47.4662,48.0479,1345100.0
2022-08-10,49.0217,49.2254,48.5614,48.6499,750400.0
2022-08-11,48.9775,49.3139,48.6853,48.9155,1344800.0
2022-08-12,49.0129,49.7831,48.8889,49.7743,737100.0
2022-08-15,49.5175,49.9691,49.1545,49.8274,922900.0
2022-08-16,49.8274,50.3675,49.5884,49.854,1161100.0
2022-08-17,49.4467,50.0664,49.1368,49.9514,1796900.0
2022-08-18,49.9337,50.0753,49.6946,49.8186,907300.0
2022-08-19,49.305,49.6946,49.305,49.6415,942500.0
2022-08-22,48.9243,48.9863,48.0744,48.1718,1209000.0
2022-08-23,48.2072,48.7296,48.0921,48.1452,901700.0
2022-08-24,47.9239,48.4108,47.7645,48.2338,1012100.0
2022-08-25,48.3489,49.3936,48.3135,49.3936,1120700.0
2022-08-26,49.3139,49.3936,47.7734,47.8,1107900.0
2022-08-29,47.3661,47.9328,47.1271,47.676,1202200.0
2022-08-30,47.6317,47.676,46.8792,46.9766,1105900.0
2022-08-31,47.251,47.3484,46.7198,47.1182,2305200.0
2022-09-01,46.8349,47.3042,46.3037,47.2599,1103700.0
2022-09-02,47.676,48.5702,47.0474,47.3219,1318300.0
2022-09-06,47.4812,47.5166,45.2147,45.3918,2052000.0
2022-09-07,45.5689,47.0828,45.4803,47.0031,1545200.0
2022-09-08,46.587,47.1005,46.2063,47.0297,1117200.0
2022-09-09,47.2687,47.6849,47.1625,47.4989,1215600.0
2022-09-12,47.7645,48.2515,47.2599,47.5078,1201000.0
2022-09-13,46.4542,46.6136,44.595,44.6924,1545200.0
2022-09-14,44.8783,45.0377,43.4175,43.8956,2200800.0
2022-09-15,43.7008,44.2497,42.9748,43.2758,1580000.0
2022-09-16,42.7712,43.3998,42.603,43.1342,3185100.0
2022-09-19,42.9837,44.8517,42.966,44.7278,1851100.0
2022-09-20,44.2143,44.2232,43.2758,43.5503,1724900.0
2022-09-21,43.8336,44.2143,42.78,42.7889,1681400.0
2022-09-22,42.7181,42.904,41.7265,42.0009,1946800.0
2022-09-23,41.6379,41.8327,40.9031,41.7088,1874300.0
2022-09-26,41.5937,41.9921,41.4432,41.5671,1667200.0
2022-09-27,42.0009,42.4259,41.3812,41.8061,1227100.0
2022-09-28,41.9832,43.0191,41.8416,42.6649,1676400.0
2022-09-29,42.1869,42.2488,41.4166,41.7973,1122900.0
2022-09-30,41.8416,42.7712,41.6733,41.7442,1795000.0
2022-10-03,42.0983,43.4529,42.0983,43.0456,1381700.0
2022-10-04,43.6831,44.6393,43.568,44.5153,1292800.0
2022-10-05,43.9664,44.7012,43.6742,44.4711,1072500.0
2022-10-06,44.356,44.6481,44.1877,44.2497,1339100.0
2022-10-07,43.7628,44.0815,43.4352,43.6919,1085600.0
2022-10-10,43.869,44.2674,43.4706,44.0195,929900.0
2022-10-11,43.9221,45.0996,43.9044,44.4711,1189800.0
2022-10-12,44.6658,44.7189,43.9487,43.9841,1227200.0
2022-10-13,43.2316,45.0465,42.8066,44.7101,1254200.0
2022-10-14,45.1705,45.4272,43.8159,43.9133,1415100.0
2022-10-17,44.6039,45.0023,44.2586,44.7986,1356700.0
2022-10-18,45.7194,46.0115,44.896,45.5423,1231900.0
2022-10-19,45.1882,45.4361,44.6658,45.2856,953600.0
2022-10-20,45.3918,45.56,44.0195,44.3382,1308100.0
2022-10-21,44.4002,45.6309,44.2763,45.5866,1166700.0
2022-10-24,45.8522,46.9057,45.7725,46.6933,1218400.0
2022-10-25,46.5339,47.8265,46.5339,47.7203,1708600.0
2022-10-26,47.8973,48.2957,46.9766,47.3042,1874200.0
2022-10-27,47.9416,49.5529,47.4724,48.6056,2009600.0
2022-10-28,48.4994,49.305,48.1098,49.0837,1212100.0
2022-10-31,49.0217,49.5264,48.5968,49.2608,1462300.0
2022-11-01,47.5255,47.6317,46.5959,47.3661,4281400.0
2022-11-02,47.2333,47.6583,46.1266,46.1621,3442000.0
2022-11-03,45.6663,46.0735,45.2679,45.7282,1316300.0
2022-11-04,46.0558,46.4631,45.1262,45.7902,1599200.0
2022-11-07,45.8876,46.6401,45.5512,46.5693,1357200.0
2022-11-08,46.5693,46.9323,45.9407,46.6313,1572200.0
2022-11-09,46.4631,47.1536,46.1886,46.2594,1771200.0
2022-11-10,47.6317,48.0656,47.3573,47.9151,1844400.0
2022-11-11,48.3489,48.4905,47.7468,48.0656,1242600.0
2022-11-14,47.9947,48.3666,47.437,47.4812,1505600.0
2022-11-15,48.0833,48.5968,47.6052,48.3843,1453400.0
2022-11-16,48.0951,48.6557,47.7837,48.3264,968600.0
2022-11-17,47.8192,48.0061,46.5112,47.3387,1053700.0
2022-11-18,48.0239,48.2286,47.5612,48.0684,990300.0
2022-11-21,47.9794,48.5845,47.9082,48.3442,836500.0
2022-11-22,48.6201,48.976,48.3798,48.9404,910200.0
2022-11-23,48.9226,49.1985,48.7358,48.7981,704400.0
2022-11-25,48.8959,48.9582,48.5489,48.8159,387800.0
2022-11-28,48.5667,48.5934,47.8014,47.8548,957900.0
2022-11-29,47.757,47.926,47.054,47.0985,798800.0
2022-11-30,46.8938,48.3887,46.4222,48.3442,2829000.0
2022-12-01,48.6824,49.5455,48.5934,49.0116,1225400.0
2022-12-02,48.4777,49.1629,48.3087,48.9938,1070300.0
2022-12-05,48.5311,48.5311,47.7036,47.9883,1070400.0
2022-12-06,48.015,48.2286,47.312,47.8015,1509300.0
2022-12-07,47.5879,47.837,46.7337,46.8493,1561400.0
2022-12-08,46.8938,47.7125,46.8137,47.5701,1025600.0
2022-12-09,47.4366,47.7659,47.2587,47.3654,1188700.0
2022-12-12,47.3921,48.2553,47.143,48.0595,868200.0
2022-12-13,49.5099,49.5989,48.0417,48.4421,1680100.0
2022-12-14,48.54,48.976,47.4633,47.8726,1691600.0
2022-12-15,47.4366,47.5968,46.9917,47.401,1474900.0
2022-12-16,46.8315,47.2587,46.6002,46.8315,4874800.0
2022-12-19,47.0451,47.1875,46.7159,46.9205,1629700.0
2022-12-20,47.0629,47.2853,46.5646,47.143,1788800.0
2022-12-21,47.7214,48.4243,47.3654,48.3709,1456800.0
2022-12-22,47.9438,48.2731,46.4667,47.2676,1247800.0
2022-12-23,47.1608,47.8459,47.0184,47.7303,687200.0
2022-12-27,47.8726,48.3087,47.7036,48.0506,510900.0
2022-12-28,48.1752,48.362,47.2053,47.2142,472600.0
2022-12-29,47.579,48.3709,47.4633,48.0328,472700.0
2022-12-30,47.7481,47.8548,47.2053,47.5256,740300.0
2023-01-03,47.6769,48.362,47.3565,47.926,1441600.0
2023-01-04,48.3798,48.8247,48.1841,48.5756,1204100.0
2023-01-05,48.0417,48.3087,47.6769,47.9972,976100.0
2023-01-06,48.4332,49.4654,48.3709,49.2341,902500.0
2023-01-09,49.2786,49.7502,49.1807,49.4476,1205100.0
2023-01-10,49.4476,50.026,49.3853,49.9815,1064300.0
2023-01-11,50.3641,51.2362,50.3108,51.1561,2483600.0
2023-01-12,51.3074,52.1349,50.898,51.6099,3817800.0
2023-01-13,51.2807,52.2595,51.0226,52.0726,2422300.0
2023-01-17,51.948,52.3663,51.0137,51.512,2038400.0
2023-01-18,51.5209,51.7523,49.9103,49.9548,1278800.0
2023-01-19,49.5989,49.6968,48.8959,48.9493,1161700.0
2023-01-20,48.9493,49.8303,48.6557,49.7947,1100300.0
2023-01-23,49.9548,51.1917,49.7858,50.9336,845500.0
2023-01-24,50.8358,51.3786,50.6578,51.0849,922600.0
2023-01-25,50.6578,51.2807,50.462,51.254,639900.0
2023-01-26,51.4141,51.6811,51.0048,51.2451,677000.0
2023-01-27,51.0849,51.4319,51.0048,51.2718,862100.0
2023-01-30,51.0404,51.868,50.9069,51.5031,1034100.0
2023-01-31,51.5743,52.4819,51.5209,52.4641,1117400.0
2023-02-01,52.2239,52.2595,50.4798,51.9124,2439900.0
2023-02-02,51.9747,52.7934,51.6989,52.2595,1735900.0
2023-02-03,51.8413,51.9036,51.0938,51.1472,1598200.0
2023-02-06,50.7379,51.0938,49.8925,50.1773,2035200.0
2023-02-07,49.7324,50.1773,49.0205,49.8925,1879800.0
2023-02-08,49.4743,50.1773,49.1451,49.7769,1629500.0
2023-02-09,50.0349,50.4976,49.8125,49.8569,1239400.0
2023-02-10,49.5811,50.115,49.4031,49.9815,1423500.0
2023-02-13,50.204,50.898,49.9815,50.8802,1099000.0
2023-02-14,50.7023,51.2807,50.1862,51.0938,1306600.0
2023-02-15,50.7112,51.6366,50.5332,51.5298,1618100.0
2023-02-16,50.898,51.8146,50.6311,51.5209,1681600.0
2023-02-17,51.3696,52.4285,51.3252,52.3574,1580100.0
2023-02-21,51.7879,52.3307,50.0972,50.1239,1633400.0
2023-02-22,50.0349,50.9158,50.0349,50.4531,1920700.0
2023-02-23,49.3942,50.1239,48.8247,50.0883,1967600.0
2023-02-24,49.5722,51.3163,49.3853,51.2095,1614900.0
2023-02-27,52.0904,52.1616,50.8358,51.1116,2405300.0
2023-02-28,51.2985,51.6722,50.64,50.9781,3618900.0
2023-03-01,50.6578,51.3074,50.3285,51.0938,1688800.0
2023-03-02,51.0582,51.9747,50.9425,51.8057,2252500.0
2023-03-03,51.9213,52.0815,51.3074,51.9035,2857400.0
2023-03-06,51.9213,52.2061,51.165,51.2006,3041300.0
2023-03-07,51.2807,51.8858,51.1116,51.2362,2570200.0
2023-03-08,51.3963,51.5743,50.8358,51.2006,1500800.0
2023-03-09,51.2807,51.423,49.7057,49.8125,1470800.0
2023-03-10,49.4832,49.7502,48.362,48.5845,2086300.0
2023-03-13,48.0417,48.0684,47.232,47.5256,2351300.0
2023-03-14,48.2197,48.9938,47.9616,48.5044,1894200.0
2023-03-15,47.4804,47.8828,46.9975,47.7308,2769500.0
2023-03-16,47.3641,49.2065,47.3641,48.9561,2107000.0
2023-03-17,48.6609,48.6609,48.0081,48.33,3769000.0
2023-03-20,48.5715,49.4479,48.3926,48.965,1667900.0
2023-03-21,49.4211,49.7878,49.1528,49.3853,1975700.0
2023-03-22,49.4926,49.7878,48.7772,48.7861,1092300.0
2023-03-23,48.7056,48.7504,47.6145,47.9097,1221900.0
2023-03-24,47.6324,48.169,47.382,48.1154,1125500.0
2023-03-27,48.5447,48.8577,48.1422,48.6251,1709100.0
2023-03-28,48.7056,49.4748,48.6699,49.4122,1107600.0
2023-03-29,49.9309,50.0293,49.3406,49.9219,1335700.0
2023-03-30,50.3512,51.1025,49.5463,49.7252,893100.0
2023-03-31,49.8236,50.8342,49.7431,50.7626,1543600.0
2023-04-03,50.6195,51.0667,50.4317,50.709,725900.0
2023-04-04,50.8431,50.8699,49.4479,49.8504,1073800.0
2023-04-05,49.7341,49.7341,48.4552,48.5357,1314100.0
2023-04-06,48.3568,48.7414,48.2853,48.6609,989600.0
2023-04-10,48.2942,49.7162,48.2942,49.6983,991200.0
2023-04-11,49.9488,50.7,49.5463,50.5033,1323700.0
2023-04-12,50.8342,50.9773,50.2797,50.3602,809100.0
2023-04-13,50.3691,50.3691,49.3585,50.0382,888200.0
2023-04-14,50.1187,50.6732,49.7073,50.3691,981200.0
2023-04-17,50.3602,50.6016,49.7967,50.235,924900.0
2023-04-18,50.3691,50.6821,50.2886,50.5659,975100.0
2023-04-19,50.3781,50.4228,49.7162,49.9935,967700.0
2023-04-20,49.6626,50.7805,49.3764,50.6642,923900.0
2023-04-21,50.6642,50.9236,50.3333,50.6195,841600.0
2023-04-24,50.6195,51.3886,50.6106,51.1472,923200.0
2023-04-25,50.8521,51.1114,50.4407,50.5748,918400.0
2023-04-26,50.2618,50.7537,50.1902,50.2797,1160700.0
2023-04-27,50.0561,51.3082,49.2691,51.2098,1494300.0
2023-04-28,51.3529,51.6927,51.0309,51.6301,1071100.0
2023-05-01,51.6301,52.3366,51.6033,51.97,1040300.0
2023-05-02,51.7822,51.7822,50.2886,51.174,915400.0
2023-05-03,51.3887,51.9879,51.0041,51.0935,690300.0
2023-05-04,51.0399,51.0935,50.0293,50.2618,705900.0
2023-05-05,50.6553,51.2456,50.5659,51.0399,640500.0
2023-05-08,51.1472,51.2545,50.6732,51.1382,817800.0
2023-05-09,50.8163,51.3886,50.6911,51.1561,1001800.0
2023-05-10,51.5049,51.6301,50.235,50.861,943600.0
2023-05-11,50.6732,50.7805,50.3333,50.6553,805800.0
2023-05-12,50.7984,50.9504,50.0919,50.5927,1030500.0
2023-05-15,50.6642,50.9057,50.2707,50.8968,607900.0
2023-05-16,50.6464,50.6464,49.9309,49.9577,731800.0
2023-05-17,50.3667,50.6093,50.097,50.4296,1066100.0
2023-05-18,50.3397,50.9778,50.124,50.9419,849900.0
2023-05-19,50.9149,50.9868,49.9173,50.115,1108000.0
2023-05-22,50.3846,50.5554,49.5308,49.5757,853400.0
2023-05-23,49.396,49.5578,48.9286,49.0185,1230700.0
2023-05-24,49.1353,49.3241,48.3175,48.3894,912700.0
2023-05-25,47.6074,48.5781,47.6074,48.3984,881100.0
2023-05-26,48.3984,48.5422,47.922,48.1647,1339200.0
2023-05-30,48.0928,48.2366,47.3648,47.4636,1145400.0
2023-05-31,47.0053,47.5535,46.1874,47.4097,3597500.0
2023-06-01,47.5805,47.6973,46.6188,46.8076,1201600.0
2023-06-02,47.221,48.4792,47.212,48.3085,1055200.0
2023-06-05,48.2456,48.2456,47.5715,48.0748,1834600.0
2023-06-06,47.9759,48.641,47.9759,48.5422,1064900.0
2023-06-07,48.7039,49.0904,48.4703,48.9646,1043200.0
2023-06-08,49.0275,49.1983,48.2725,48.4882,1072600.0
2023-06-09,48.5691,48.9107,48.0029,48.8028,1202300.0
2023-06-12,48.7399,49.2162,48.5871,49.0455,967300.0
2023-06-13,49.0904,49.7465,49.0904,49.3421,1181800.0
2023-06-14,49.5218,49.6656,48.7309,48.9556,888200.0
2023-06-15,48.9556,49.2881,48.7039,49.0005,1458700.0
2023-06-16,49.378,49.378,48.5242,48.7399,2632400.0
2023-06-20,48.7309,48.8298,48.1737,48.7219,1499200.0
2023-06-21,48.65,49.5038,48.2725,49.414,1104200.0
2023-06-22,49.5578,49.5578,48.9286,49.0724,844100.0
2023-06-23,48.8567,49.1533,48.668,48.9106,2336000.0
2023-06-26,48.7848,49.7195,48.7848,49.6836,1042200.0
2023-06-27,49.9083,51.4811,49.9083,51.2295,1301000.0
2023-06-28,51.1576,51.4991,50.7262,51.2115,1534300.0
2023-06-29,51.0497,51.9485,50.843,51.8676,1239300.0
2023-06-30,52.1911,52.6225,51.9215,52.3709,1055100.0
2023-07-03,52.1821,52.5866,52.0383,52.3619,650100.0
2023-07-05,52.3439,52.5237,51.4991,51.7777,1138500.0
2023-07-06,51.2474,51.7597,50.8969,51.1755,1536900.0
2023-07-07,50.9598,51.8406,50.9598,51.4002,998300.0
2023-07-10,51.4182,52.1822,51.3373,51.7058,698200.0
2023-07-11,52.0743,52.6315,51.8137,52.1282,1517000.0
2023-07-12,52.5776,53.3685,52.2451,53.036,1349300.0
2023-07-13,53.0989,53.0989,52.2271,52.5956,954000.0
2023-07-14,52.5057,52.5686,51.8856,52.299,1049500.0
2023-07-17,52.29,52.8382,52.2091,52.6855,1037800.0
2023-07-18,52.5776,53.2517,52.2001,52.263,1118600.0
2023-07-19,52.1102,52.4518,51.8226,52.3889,865800.0
2023-07-20,52.299,52.4428,51.0138,51.3822,1113000.0
2023-07-21,51.6609,51.6788,51.1755,51.2384,815800.0
2023-07-24,51.2205,51.4811,50.7981,51.1576,855600.0
2023-07-25,50.9508,51.553,50.7621,51.4362,812400.0
2023-07-26,51.4362,51.8766,51.1576,51.6339,1078900.0
2023-07-27,51.7597,51.8855,49.5038,49.5667,1663100.0
2023-07-28,49.8364,49.9982,48.668,48.9376,1317700.0
2023-07-31,48.8927,49.3421,48.8208,49.2432,1361900.0
2023-08-01,49.405,49.8993,49.2791,49.8364,1018000.0
2023-08-02,49.5308,49.8364,49.2881,49.3241,1015200.0
2023-08-03,49.3421,49.6207,48.7579,49.2791,775300.0
2023-08-04,49.3061,49.5937,48.7219,48.7848,938500.0
2023-08-07,48.9107,49.0724,48.5601,48.7399,1115900.0
2023-08-08,48.1647,48.2546,47.3828,47.922,1323200.0
2023-08-09,47.904,48.3354,47.7243,47.958,1324800.0
2023-08-10,48.2725,48.7219,48.0029,48.2276,1064700.0
2023-08-11,48.0928,48.3444,47.8321,48.2276,782600.0
2023-08-14,47.958,48.1916,47.4457,48.0478,1343800.0
2023-08-15,47.7962,47.8951,47.23,47.5535,1047400.0
2023-08-16,47.5671,48.082,47.4948,47.5038,1043400.0
2023-08-17,47.6484,47.7929,46.8624,46.8624,1144000.0
2023-08-18,46.5191,47.549,46.5191,47.3322,2077300.0
2023-08-21,47.4948,47.6303,47.0069,47.296,826700.0
2023-08-22,47.4316,47.5671,46.772,46.9075,1218300.0
2023-08-23,46.9798,47.1334,46.5371,46.9437,1126300.0
2023-08-24,46.7811,47.0521,46.4197,46.4287,850100.0
2023-08-25,46.5913,47.025,46.5913,46.7811,704800.0
2023-08-28,46.9618,47.3322,46.8895,47.0702,1464600.0
2023-08-29,47.278,48.0369,47.0521,48.0098,1090300.0
2023-08-30,48.073,48.85,47.9465,48.3079,1470200.0
2023-08-31,48.4254,48.6693,47.3141,47.4587,2241600.0
2023-09-01,47.82,48.0459,47.4767,47.7658,999000.0
2023-09-05,47.5761,47.6755,46.1757,46.492,1278600.0
2023-09-06,46.3474,46.5823,45.7421,45.9137,1624600.0
2023-09-07,45.8415,46.1035,45.2904,45.5704,1708400.0
2023-09-08,45.4982,45.7331,45.2362,45.5885,1286700.0
2023-09-11,45.9408,46.1125,45.4168,45.5614,1680500.0
2023-09-12,45.462,45.724,45.3175,45.453,1475400.0
2023-09-13,45.4349,45.5343,44.7483,44.8657,1332300.0
2023-09-14,45.1187,45.5162,44.929,45.471,1334400.0
2023-09-15,45.471,45.471,44.9922,45.1187,4073100.0
2023-09-18,45.0284,45.6246,44.9922,45.2723,1103600.0
2023-09-19,45.2994,45.8053,45.0374,45.6879,1090200.0
2023-09-20,45.7331,45.9499,45.462,45.5162,1182500.0
2023-09-21,45.3988,45.4078,44.7844,44.8025,1049900.0
2023-09-22,44.8386,45.1548,44.5676,44.6579,1443900.0
2023-09-25,44.6128,45.191,44.4772,45.0735,1296300.0
2023-09-26,44.7573,44.9832,44.1339,44.2152,1943600.0
2023-09-27,44.5134,44.5405,43.899,44.0797,1393400.0
2023-09-28,44.0345,44.9832,44.0345,44.7573,1375100.0
2023-09-29,45.0916,45.2362,44.5857,44.7302,1411900.0
2023-10-02,44.5947,44.7754,44.3056,44.3869,1451200.0
2023-10-03,44.2604,44.3508,43.6641,43.8539,1176600.0
2023-10-04,43.8177,44.1339,43.375,44.0526,1231400.0
2023-10-05,44.0707,44.4863,43.9532,44.4321,1443500.0
2023-10-06,44.2694,44.9832,44.1068,44.7483,1380400.0
2023-10-09,44.6308,45.5614,44.5947,45.4349,1230000.0
2023-10-10,45.4259,46.5191,45.4259,46.2571,2045400.0
2023-10-11,46.4287,46.5281,45.4711,46.0041,1572800.0
2023-10-12,46.0764,46.0764,45.2452,45.5343,1462900.0
2023-10-13,45.724,45.9047,44.9561,45.2,1281000.0
2023-10-16,45.6608,46.0222,45.4259,45.7602,1488900.0
2023-10-17,45.4891,46.4287,45.4891,46.1306,1169200.0
2023-10-18,45.9951,46.0764,45.5253,45.5524,1748900.0
2023-10-19,45.4078,45.4981,44.0165,44.0978,1439300.0
2023-10-20,44.1972,44.4682,43.4925,43.8358,1761000.0
2023-10-23,43.6551,43.8448,43.2214,43.2305,1645800.0
2023-10-24,43.4292,43.619,42.6884,42.7065,1766300.0
2023-10-25,42.5348,42.7065,42.1012,42.3903,1797600.0
2023-10-26,41.3242,41.7849,37.4845,39.8786,4944600.0
2023-10-27,39.7793,39.978,38.9571,39.3456,3179200.0
2023-10-30,39.6618,39.7431,38.8668,39.2011,2763000.0
2023-10-31,39.3275,39.9871,39.192,39.6799,2683800.0
2023-11-01,39.5895,39.6618,38.5867,38.9571,2526400.0
2023-11-02,39.3004,39.6166,39.0746,39.2553,1964900.0
2023-11-03,39.8154,40.6918,39.8154,40.6014,1362900.0
2023-11-06,40.4749,40.6556,40.0864,40.3213,1630700.0
2023-11-07,40.2129,40.764,39.9148,40.6466,1778300.0
2023-11-08,40.5653,40.5653,39.8696,39.8967,1319200.0
2023-11-09,39.9328,40.5562,39.6347,40.1226,1516100.0
2023-11-10,40.2762,40.6014,39.6076,40.502,909600.0
2023-11-13,40.2762,40.5472,40.1226,40.4659,1085700.0
2023-11-14,41.2338,41.9656,41.0893,41.9205,1761900.0
2023-11-15,42.0841,42.5843,41.484,41.5294,2217100.0
2023-11-16,41.3749,41.6113,40.802,40.9657,1496600.0
2023-11-17,41.4203,41.5113,40.8656,41.4021,1149500.0
2023-11-20,41.2839,41.5204,40.8111,41.3294,1706200.0
2023-11-21,41.5294,41.9296,41.3567,41.4112,1562100.0
2023-11-22,41.4476,41.6749,41.3021,41.5931,973700.0
2023-11-24,41.4476,41.7295,41.4021,41.684,461700.0
2023-11-27,41.193,41.4385,40.9384,41.0293,1098100.0
2023-11-28,41.0566,41.3112,40.7019,40.8929,2165300.0
2023-11-29,41.0384,41.0384,40.1563,40.3655,1767100.0
2023-11-30,40.4473,40.6656,39.9017,40.4928,2925500.0
2023-12-01,40.6383,41.4021,40.4655,41.3658,1359400.0
2023-12-04,41.193,42.0478,41.193,41.5658,1396900.0
2023-12-05,41.193,41.2657,40.5201,40.5928,1373100.0
2023-12-06,40.9384,41.5931,40.8929,41.2112,1757200.0
2023-12-07,41.2112,41.4021,40.711,41.1021,1154700.0
2023-12-08,40.9929,41.6022,40.9929,41.2839,1637100.0
2023-12-11,41.2839,41.9023,41.2839,41.5931,1426200.0
2023-12-12,41.6022,41.6295,41.2021,41.3385,1016800.0
2023-12-13,41.2839,41.8568,40.8929,41.8386,3220000.0
2023-12-14,42.3388,43.3027,42.2387,42.4115,2210600.0
2023-12-15,42.5479,42.5752,41.9023,42.3751,4800100.0
2023-12-18,42.4024,42.9025,42.1114,42.8389,2319600.0
2023-12-19,42.9571,43.6118,42.7207,43.4209,2096500.0
2023-12-20,43.3754,43.8483,43.139,43.1481,2470100.0
2023-12-21,43.3936,43.6391,42.7207,43.1299,1600800.0
2023-12-22,43.2845,43.7664,43.139,43.4663,1037800.0
2023-12-26,43.5936,43.63,43.339,43.5755,986600.0
2023-12-27,43.5573,43.73,43.3663,43.7119,1160600.0
2023-12-28,43.721,43.8664,43.2936,43.5482,772500.0
2023-12-29,43.6027,43.7482,43.339,43.4572,1522000.0
2024-01-02,43.4209,43.8483,42.8844,42.9935,1503100.0
2024-01-03,42.9025,43.0117,42.2933,42.4024,2549800.0
2024-01-04,42.4206,42.5206,42.0569,42.3297,1515500.0
2024-01-05,42.1751,43.0026,42.0932,42.848,2180400.0
2024-01-08,42.8298,43.4209,42.5843,43.3208,1843100.0
2024-01-09,42.9298,43.2299,42.4752,42.6116,1341400.0
2024-01-10,42.6206,42.7843,42.4388,42.757,1054700.0
2024-01-11,42.6934,42.9389,42.2023,42.7934,1354300.0
2024-01-12,43.1844,43.5118,42.657,42.7752,1088000.0
2024-01-16,42.5115,43.1572,42.1933,43.1208,1651800.0
2024-01-17,42.7389,43.1481,42.6025,42.7843,1776900.0
2024-01-18,42.8662,43.0753,42.5206,42.9935,1145400.0
2024-01-19,43.0571,43.3299,42.6388,43.0844,1168700.0
2024-01-22,43.2572,44.021,43.139,43.9119,1268900.0
2024-01-23,44.0665,44.3575,42.9935,43.5755,1939900.0
2024-01-24,43.9846,44.0756,43.0389,43.1572,1270900.0
2024-01-25,43.5209,43.6118,42.8844,43.2026,1476200.0
2024-01-26,43.43,43.4936,43.1753,43.3299,1123000.0
2024-01-29,43.2208,43.3845,42.6388,43.3663,2067900.0
2024-01-30,43.1662,43.5391,42.8116,43.2208,1678200.0
2024-01-31,43.239,43.3663,42.3478,42.4388,1710100.0
2024-02-01,42.6661,43.43,42.3206,43.4118,1566900.0
2024-02-02,43.1572,43.3754,42.5206,43.0117,1248600.0
2024-02-05,42.3569,42.3933,41.8204,42.1296,1425700.0
2024-02-06,42.1751,42.8662,41.8568,42.848,1464100.0
2024-02-07,43.0026,43.3845,42.7571,43.2572,2211500.0
2024-02-08,43.0026,43.3026,42.8571,43.2299,1198900.0
2024-02-09,43.3299,43.7573,43.1299,43.5936,965500.0
2024-02-12,43.6937,44.7667,43.6209,44.7121,1414000.0
2024-02-13,44.0028,44.021,43.339,43.73,3373000.0
2024-02-14,43.8664,44.5394,43.8028,44.4211,2046700.0
2024-02-15,44.6121,44.8667,44.4211,44.7121,2381100.0
2024-02-16,44.4302,45.7761,44.2302,45.5033,4192500.0
2024-02-20,44.9485,45.4487,44.8121,45.3396,2023900.0
2024-02-21,45.4123,45.8579,45.0759,45.7579,2291900.0
2024-02-22,46.9673,47.6402,46.2853,47.1582,2038600.0
2024-02-23,47.422,47.7038,46.8673,47.4492,2032800.0
2024-02-26,47.2583,47.8221,47.0855,47.6857,1803400.0
2024-02-27,47.8584,48.3404,47.7857,48.1312,1833200.0
2024-02-28,48.0585,48.1949,47.5856,47.9857,1556400.0
2024-02-29,48.204,48.3677,47.4492,47.5493,3374800.0
2024-03-01,47.431,47.6402,46.9582,47.2674,1328700.0
2024-03-04,47.3128,47.4765,46.9946,47.3674,1530700.0
2024-03-05,47.1583,47.7584,47.0946,47.1219,1570500.0
2024-03-06,47.2765,47.5402,46.7854,46.84,1199900.0
2024-03-07,47.1128,47.3037,46.649,46.8127,1647000.0
2024-03-08,46.8854,47.2492,46.7399,46.7581,1420700.0
2024-03-11,46.749,47.1128,46.4308,47.0491,1123500.0
2024-03-12,47.0491,47.5765,46.8036,47.1946,1816900.0
2024-03-13,47.341,47.6519,47.1672,47.405,1002200.0
2024-03-14,47.405,47.4782,46.7922,46.9934,1367900.0
2024-03-15,46.8196,47.3775,46.8196,47.1123,3080200.0
2024-03-18,46.966,47.3044,46.7556,46.8471,1111800.0
2024-03-19,46.8836,47.3318,46.8836,47.2678,1394700.0
2024-03-20,47.3044,47.8532,47.2038,47.8349,757700.0
2024-03-21,47.8531,48.5391,47.7251,48.4202,815000.0
2024-03-22,48.5391,48.6397,48.1367,48.2739,821900.0
2024-03-25,48.4385,48.4842,47.7525,47.7708,949400.0
2024-03-26,47.844,47.9629,47.6245,47.6702,1057500.0
2024-03-27,47.9172,48.7769,47.597,48.6123,1307200.0
2024-03-28,48.8501,49.097,48.594,48.8501,1120800.0
2024-04-01,48.8044,48.9598,48.3287,48.6397,730800.0
2024-04-02,48.5848,48.6123,47.9446,48.2464,922200.0
2024-04-03,48.0544,48.3287,47.6062,47.7159,954800.0
2024-04-04,47.9629,48.1824,46.7282,46.7556,847000.0
2024-04-05,46.8836,47.1214,46.5452,47.0757,1104700.0
2024-04-08,47.1397,47.6154,46.9477,47.1032,1179700.0
2024-04-09,47.2403,47.5239,46.8928,47.4324,1097900.0
2024-04-10,46.8562,46.8562,46.0148,46.2068,1108600.0
2024-04-11,46.0422,46.2434,45.6215,45.7221,1051700.0
2024-04-12,45.4385,45.6672,45.0361,45.0452,1207400.0
2024-04-15,45.6398,45.8501,44.8074,44.844,1060800.0
2024-04-16,44.5971,44.7251,44.2861,44.3044,1422100.0
2024-04-17,44.78,44.8166,43.7648,43.8197,1111000.0
2024-04-18,44.2495,44.7892,44.094,44.4325,1640000.0
2024-04-19,44.5879,45.1001,44.4782,44.9263,1506400.0
2024-04-22,45.027,45.2739,44.6702,44.7526,1855500.0
2024-04-23,42.2191,42.7678,37.9203,38.0941,9659700.0
2024-04-24,37.9661,39.6215,37.774,39.5849,5642900.0
2024-04-25,39.6398,40.0605,39.0545,39.2557,2404500.0
2024-04-26,39.1642,40.2709,39.1642,39.9142,2390800.0
2024-04-29,40.1977,40.4081,39.7679,40.024,1765300.0
2024-04-30,39.7862,40.1429,39.3746,39.4477,2766300.0
2024-05-01,39.2282,40.2983,39.1825,39.4477,2424800.0
2024-05-02,39.5758,39.9234,39.5758,39.6398,2116700.0
2024-05-03,39.7587,40.2984,39.7587,40.1063,2405300.0
2024-05-06,40.3898,40.9386,40.1246,40.9111,1665600.0
2024-05-07,40.8928,41.0666,40.4721,40.6459,1790300.0
2024-05-08,40.3258,40.4264,40.1337,40.1977,1226500.0
2024-05-09,40.3075,40.5453,39.9965,40.5362,1523200.0
2024-05-10,40.5544,40.655,40.3258,40.4355,828600.0
2024-05-13,40.7282,41.0941,40.5636,40.7465,1041600.0
2024-05-14,41.0666,41.0666,40.2252,40.4538,1317800.0
2024-05-15,40.638,40.8866,40.2789,40.6841,1719900.0
2024-05-16,40.6933,40.8498,40.2512,40.6564,1885500.0
2024-05-17,40.7025,41.1721,40.3617,41.1353,5093400.0
2024-05-20,41.255,42.0101,41.1076,41.2182,1798100.0
2024-05-21,41.1169,41.2918,40.8498,40.9787,1411300.0
2024-05-22,41.034,41.1721,40.3802,40.4446,1465500.0
2024-05-23,40.3065,40.3065,39.0173,39.0449,1980800.0
2024-05-24,39.312,39.6527,39.137,39.5238,1671600.0
2024-05-28,39.4777,40.2052,39.3948,39.579,1579700.0
2024-05-29,39.1186,39.358,38.1425,38.3082,1726500.0
2024-05-30,38.4371,39.0081,38.4371,38.6029,2253100.0
2024-05-31,38.7871,39.7355,38.3911,39.625,3409100.0
2024-06-03,39.6251,39.7816,39.3396,39.6619,1323000.0
2024-06-04,39.4132,39.4501,38.5937,38.7502,1506400.0
2024-06-05,38.8147,38.916,38.3727,38.8699,1084200.0
2024-06-06,38.7042,38.9804,38.474,38.8055,1216100.0
2024-06-07,38.5937,38.9989,38.474,38.8699,844600.0
2024-06-10,38.7502,39.0265,38.5937,38.695,1291800.0
2024-06-11,38.4924,38.6766,38.1885,38.4832,1570400.0
2024-06-12,38.8884,39.0357,38.0872,38.4003,2081700.0
2024-06-13,38.1332,38.2714,37.7281,37.9767,1061500.0
2024-06-14,37.6636,37.6636,36.577,37.1019,1736000.0
2024-06-17,37.1111,37.6176,36.8348,37.5163,3679500.0
2024-06-18,37.5715,38.0688,37.3597,37.7649,1614300.0
2024-06-20,37.6728,38.4095,37.5715,38.2069,1240400.0
2024-06-21,38.1424,38.5384,37.8201,38.3635,3757100.0
2024-06-24,38.5108,39.091,38.3727,38.6489,1218100.0
2024-06-25,38.4187,38.5108,37.9675,38.2069,1410100.0
2024-06-26,37.9675,38.3911,37.7281,38.345,2106300.0
2024-06-27,38.4463,38.474,37.7096,38.1885,1684900.0
2024-06-28,38.2898,38.6029,37.9122,38.299,2403300.0
2024-07-01,38.4371,38.6581,38.0227,38.2161,2244900.0
2024-07-02,38.2345,38.8607,38.2069,38.6673,1684100.0
2024-07-03,38.6397,38.8976,38.1793,38.2622,1330500.0
2024-07-05,38.124,38.299,37.7557,38.1701,2904400.0
2024-07-08,38.2714,38.8331,38.1793,38.4555,1787000.0
2024-07-09,38.3727,38.4095,37.9675,37.9859,1346100.0
2024-07-10,38.0964,38.474,37.8754,38.4555,1140900.0
2024-07-11,38.566,39.4225,38.5384,39.2843,1274900.0
2024-07-12,39.5974,40.5551,39.4501,40.3341,1194100.0
2024-07-15,40.1223,40.8959,39.9289,40.3433,1340700.0
2024-07-16,40.5459,41.8167,40.5275,41.7707,1504900.0
2024-07-17,41.7523,42.6087,41.7431,42.3877,1421500.0
2024-07-18,42.1667,42.9494,41.8259,41.8443,1600100.0
2024-07-19,41.7891,41.8167,41.2274,41.5221,1605700.0
2024-07-22,41.522,41.697,40.7393,41.5497,1456200.0
2024-07-23,41.5865,42.0838,41.476,41.8075,2121200.0
2024-07-24,41.651,41.918,40.8314,40.9603,1930100.0
2024-07-25,37.3044,37.4057,32.7554,35.8679,7152300.0
2024-07-26,35.8679,37.3873,35.8679,37.0006,3687800.0
2024-07-29,37.019,37.2308,36.1902,36.9822,2316400.0
2024-07-30,37.1295,37.7281,36.8993,37.6176,2209200.0
2024-07-31,37.9307,38.9068,37.0374,38.2161,2863500.0
2024-08-01,38.3082,38.695,36.8164,36.9914,1826600.0
2024-08-02,36.7427,37.019,36.3007,36.9637,1664200.0
2024-08-05,36.1073,36.6967,35.7298,36.1626,1734700.0
2024-08-06,36.1626,36.9914,35.8863,36.4573,1327700.0
2024-08-07,36.9361,37.194,35.7298,35.7482,2291200.0
2024-08-08,36.0705,36.5033,36.0705,36.2915,1298400.0
2024-08-09,36.2823,36.3007,35.8126,36.006,1113800.0
2024-08-12,35.96,36.1718,35.3614,35.4259,2020100.0
2024-08-13,35.6101,36.1257,35.3062,36.0152,1317800.0
2024-08-14,36.0889,36.3744,35.7206,36.2731,1286300.0
2024-08-15,36.9876,37.3031,36.6721,37.1082,1310700.0
2024-08-16,37.0526,37.6,36.9505,37.3866,1693100.0
2024-08-19,37.4423,38.1846,37.3773,38.1568,1430200.0
2024-08-20,38.2774,38.3331,37.8599,38.1475,1091300.0
2024-08-21,38.528,38.9084,38.2218,38.8528,1197900.0
2024-08-22,38.9177,39.0755,38.5187,38.7785,925300.0
2024-08-23,39.0105,39.8271,38.8249,39.558,1231000.0
2024-08-26,39.7528,40.0591,39.4373,39.493,1141100.0
2024-08-27,39.4374,39.558,39.2239,39.3446,1134800.0
2024-08-28,39.1868,39.2703,38.8435,38.862,1564000.0
2024-08-29,39.1497,39.1497,38.5187,38.5929,1561700.0
2024-08-30,38.8342,38.9919,38.3238,38.5929,3244300.0
2024-09-03,38.3795,38.7321,38.0083,38.3331,1774400.0
2024-09-04,38.1939,38.6672,38.1661,38.5929,1945000.0
2024-09-05,38.6115,38.7878,37.4052,37.7949,1766900.0
2024-09-06,37.8599,38.1197,37.0247,37.0989,1645700.0
2024-09-09,37.201,37.5722,36.9876,37.0989,2002200.0
2024-09-10,37.1082,37.201,35.8462,36.171,2145000.0
2024-09-11,36.0225,36.0875,35.1039,36.0318,2260300.0
2024-09-12,36.1803,36.867,35.9669,36.8298,1878200.0
2024-09-13,37.1825,38.1568,37.034,38.0826,2192100.0
2024-09-16,38.1568,38.5372,37.4144,37.5165,1917600.0
2024-09-17,37.6928,38.2867,37.6928,37.897,1766400.0
2024-09-18,38.0826,38.4445,37.6279,37.832,2910600.0
2024-09-19,38.4352,38.6672,37.7763,37.832,3124100.0
2024-09-20,37.4608,37.5258,37.0804,37.1268,5118200.0
2024-09-23,37.1361,37.6557,36.9319,37.2381,3756400.0
2024-09-24,37.5258,37.6372,37.1917,37.2753,2517100.0
2024-09-25,37.2289,37.5351,36.2267,36.2638,2123800.0
2024-09-26,36.4865,37.2567,36.4123,37.2103,2244000.0
2024-09-27,37.4516,37.8135,37.3866,37.4608,3119500.0
2024-09-30,37.3495,37.5351,36.802,37.0433,1772900.0
2024-10-01,37.1175,37.2845,36.4308,37.1082,1786900.0
2024-10-02,36.9041,37.2845,36.4215,36.5329,2152100.0
2024-10-03,36.3566,36.4772,35.7813,36.3288,2821500.0
2024-10-04,36.8298,37.0804,36.2638,36.3937,2194400.0
2024-10-07,36.4308,36.4308,35.6885,35.8555,2106100.0
2024-10-08,35.6885,35.9205,35.4008,35.4658,2916800.0
2024-10-09,35.4751,36.1153,35.4008,35.6421,2053500.0
2024-10-10,35.6421,35.772,35.373,35.5493,2316200.0
2024-10-11,35.5679,36.4401,35.5679,36.2267,1806000.0
2024-10-14,36.171,36.57,35.8833,36.4587,2007800.0
2024-10-15,36.403,37.034,36.171,36.1896,2168000.0
2024-10-16,36.3288,36.6721,36.1432,36.5607,2312600.0
2024-10-17,36.6071,36.7649,36.3659,36.5515,3610700.0
2024-10-18,36.6257,36.8113,36.3566,36.4772,2220200.0
2024-10-21,36.4772,36.5515,36.004,36.0782,2055300.0
2024-10-22,35.8184,35.8184,34.6956,34.7791,3594200.0
2024-10-23,34.8533,35.3451,34.7884,35.0575,3560200.0
2024-10-24,35.9112,36.5886,34.8719,34.9554,3907400.0
2024-10-25,35.3359,36.0411,34.7141,34.8441,2638200.0
2024-10-28,34.8533,35.4751,34.8441,35.0389,2573500.0
2024-10-29,34.6399,34.9554,34.5378,34.677,1941000.0
2024-10-30,34.5286,35.0482,34.5007,34.6214,2166300.0
2024-10-31,34.5378,34.6306,34.0275,34.1388,5064100.0
2024-11-01,34.343,34.5657,34.1945,34.2409,2397100.0
2024-11-04,34.3337,34.8812,34.1295,34.8533,2671400.0
2024-11-05,34.8533,34.974,34.51,34.9461,1416900.0
2024-11-06,35.8277,36.1432,35.2895,35.3915,3296200.0
2024-11-07,35.308,35.6421,35.0668,35.6143,2237200.0
2024-11-08,35.5215,35.6792,35.3173,35.605,1976700.0
2024-11-11,35.7906,36.5607,35.7163,36.5236,2327700.0
2024-11-12,36.3288,36.5422,35.5957,35.6235,1906500.0
2024-11-13,35.4565,35.9669,35.1132,35.9297,2048400.0
2024-11-14,36.1074,36.4347,36.0139,36.1822,2391700.0
2024-11-15,36.3412,36.5937,35.6772,35.724,1842400.0
2024-11-18,35.6585,36.0607,35.5463,35.5931,1713800.0
2024-11-19,35.1909,35.2938,34.7514,35.1629,2511400.0
2024-11-20,35.0507,35.219,34.7795,34.901,1985200.0
2024-11-21,35.0226,35.5183,34.8169,35.4248,1457500.0
2024-11-22,35.5089,36.1355,35.4154,36.0046,1602000.0
2024-11-25,36.5002,37.7721,36.5002,37.1829,4066800.0
2024-11-26,36.9304,36.9304,36.3132,36.4722,1617800.0
2024-11-27,36.5563,37.0146,36.5189,36.5937,1424100.0
2024-11-29,36.6966,36.8649,36.5002,36.7434,1195700.0
2024-12-02,36.706,36.8275,36.2384,36.734,2024000.0
2024-12-03,36.6124,37.1081,36.1916,36.8649,2319900.0
2024-12-04,36.734,37.2858,36.6872,36.921,2034300.0
2024-12-05,36.7247,37.2858,36.6405,37.1455,3929200.0
2024-12-06,37.398,37.4447,36.2851,36.3693,3178700.0
2024-12-09,36.5657,37.4915,36.3693,36.8556,1823200.0
2024-12-10,36.9491,36.9491,36.0794,36.1822,2157600.0
2024-12-11,36.2103,36.2384,35.6679,36.1074,3748200.0
2024-12-12,36.1542,36.2664,35.7147,35.883,1899200.0
2024-12-13,35.7801,35.8923,35.378,35.5183,1495400.0
2024-12-16,35.3125,35.8736,34.686,34.714,2227300.0
2024-12-17,34.4615,34.901,34.2184,34.2371,2049800.0
2024-12-18,34.2932,35.0694,34.1436,34.5924,3662500.0
2024-12-19,34.7327,34.9291,33.6386,33.6666,2594000.0
2024-12-20,33.8536,34.8917,33.5824,34.4896,6251000.0
2024-12-23,34.396,34.6673,33.9472,34.4802,1566500.0
2024-12-24,34.5363,34.5363,34.2745,34.3212,1320300.0
2024-12-26,34.3586,34.6672,34.1342,34.6018,1294500.0
2024-12-27,34.3306,34.7608,34.2651,34.4989,1193800.0
2024-12-30,34.3586,34.3586,33.5637,33.8723,2012800.0
2024-12-31,34.0687,34.527,33.9939,34.368,1829400.0
2025-01-02,34.4241,34.714,33.6853,33.891,1705300.0
2025-01-03,33.8817,34.3025,33.2551,34.2184,2262000.0
2025-01-06,34.2184,34.9852,34.181,34.3773,1859300.0
2025-01-07,34.5083,34.9104,34.0407,34.1248,1520500.0
2025-01-08,34.022,34.1248,33.2832,33.9846,1457800.0
2025-01-10,33.676,34.0407,33.5731,33.9191,3043800.0
2025-01-13,33.9846,34.2838,33.7601,34.1248,2238200.0
2025-01-14,34.3025,34.9291,34.2277,34.873,2162200.0
2025-01-15,35.4435,35.537,35.0974,35.3686,1830800.0
2025-01-16,35.4435,36.1355,35.0974,35.9017,3267800.0
2025-01-17,36.1168,36.201,35.3032,35.9672,1801600.0
2025-01-21,36.201,36.8275,36.1261,36.6685,2243000.0
2025-01-22,36.5283,36.6779,35.9297,36.4909,1600300.0
2025-01-23,36.5283,36.5657,35.9578,36.1355,1766200.0
2025-01-24,36.1729,36.2384,35.6866,35.8549,1524200.0
2025-01-27,36.042,36.5657,35.883,36.3786,2347400.0
2025-01-28,36.2103,36.2571,35.6585,35.6585,2161100.0
2025-01-29,35.537,35.6585,35.1068,35.3873,1989600.0
2025-01-30,35.537,36.1168,35.3312,35.7614,1445500.0
2025-01-31,35.4622,35.5837,34.8262,34.9665,1714700.0
2025-02-03,34.2464,34.6766,33.4328,34.5644,2614600.0
2025-02-04,34.4148,34.7888,34.368,34.527,1994100.0
2025-02-05,34.6111,34.6485,34.2651,34.396,1612400.0
2025-02-06,35.4715,35.8643,34.8075,34.9478,2888800.0
2025-02-07,34.9198,35.3593,34.527,34.8356,1660600.0
2025-02-10,35.0226,35.032,34.527,34.9291,1724800.0
2025-02-11,34.4148,35.3499,34.4148,35.2471,1768800.0
2025-02-12,34.9572,35.8082,34.8356,35.6585,2286500.0
2025-02-13,35.6585,36.1916,35.6305,36.0981,1316400.0
2025-02-14,36.4628,36.6405,36.2197,36.575,1498900.0
2025-02-18,36.7247,37.0052,36.0981,36.9491,2253800.0
2025-02-19,36.5189,36.9304,36.229,36.8462,2604800.0
2025-02-20,37.9871,40.0165,37.7627,39.0439,4589500.0
2025-02-21,39.4367,39.4367,37.7533,37.8656,3095900.0
2025-02-24,38.2303,38.7166,37.931,38.5763,2633600.0
2025-02-25,38.5763,39.2871,38.5763,38.8475,2708800.0
2025-02-26,38.8288,39.3899,38.6792,39.0533,2940500.0
2025-02-27,38.8662,39.2309,38.5576,39.1561,3539200.0
2025-02-28,39.259,39.7827,38.9784,39.4554,4852100.0
2025-03-03,39.6237,39.9884,39.0533,39.2777,3532100.0
2025-03-04,39.1842,39.9417,38.8382,39.3525,3185500.0
2025-03-05,39.3525,39.7453,39.1842,39.3245,3671500.0
2025-03-06,39.1281,40.0913,38.9597,39.9791,2204200.0
2025-03-07,39.923,40.6618,39.8014,40.5683,2875300.0
2025-03-10,40.5683,41.9149,39.8762,41.1948,3826700.0
2025-03-11,41.1574,41.4286,40.1007,40.3812,2890900.0
2025-03-12,40.11,40.6524,39.4647,39.7827,2889700.0
2025-03-13,39.7356,40.3195,38.8315,38.8786,2422400.0
2025-03-14,39.2459,39.5849,38.9633,39.2364,2092800.0
2025-03-17,39.2647,39.8769,39.2647,39.7827,2000800.0
2025-03-18,39.8015,39.9428,39.3495,39.7921,1970500.0
2025-03-19,39.5755,40.0464,38.8974,39.1328,2970800.0
2025-03-20,38.9822,39.5096,38.5866,38.596,4141300.0
2025-03-21,38.4736,38.4924,37.786,38.0497,7151100.0
2025-03-24,38.191,38.7184,38.0309,38.5301,2034400.0
2025-03-25,38.6337,38.6713,37.8708,38.4076,3927500.0
2025-03-26,38.483,38.8409,38.3135,38.6054,1598900.0
2025-03-27,38.5112,39.0669,37.9932,38.9916,2823400.0
2025-03-28,39.1611,39.293,38.6243,39.1705,2669200.0
2025-03-31,39.0198,40.2254,38.888,40.0653,3506900.0
2025-04-01,39.745,40.5362,39.5472,40.4702,2549700.0
2025-04-02,40.1218,40.9411,39.9711,40.8564,2172600.0
2025-04-03,40.8564,40.9129,39.114,39.7262,2995300.0
2025-04-04,39.1517,39.5567,38.2852,38.888,3708600.0
2025-04-07,38.3417,39.001,36.8536,37.2115,3258100.0
2025-04-08,37.7955,38.304,36.119,36.298,4295200.0
2025-04-09,35.9118,39.4342,35.8553,39.1894,4145800.0
2025-04-10,38.7561,39.1423,37.6165,38.7184,2494000.0
2025-04-11,38.6243,39.6508,38.4171,39.5661,1758400.0
2025-04-14,39.7827,39.924,39.3306,39.6885,1582800.0
2025-04-15,39.6697,40.0276,39.1423,39.2082,1358800.0
2025-04-16,39.114,39.519,38.7655,38.9727,1715200.0
2025-04-17,39.2741,39.6226,38.7561,39.5849,1639500.0
2025-04-21,39.3777,39.4813,38.4736,38.8126,1817700.0
2025-04-22,39.2459,39.8486,39.1234,39.8015,2175200.0
2025-04-23,40.0464,40.5927,39.5661,39.6791,3047700.0
2025-04-24,38.1439,38.709,34.7439,35.0924,5913200.0
2025-04-25,35.4126,35.4315,34.1035,35.2337,4324400.0
2025-04-28,35.2996,35.7705,34.565,35.0453,2813100.0
2025-04-29,34.9794,35.5257,34.9794,35.4597,2383400.0
2025-04-30,35.2148,36.1096,34.9794,35.9871,2642000.0
2025-05-01,35.8459,36.2697,35.6481,35.9118,2212400.0
2025-05-02,36.345,37.0797,36.1567,37.0514,2094100.0
2025-05-05,36.9666,37.3622,36.6841,37.1644,2046400.0
2025-05-06,36.9761,37.3434,36.7594,37.0985,2112200.0
2025-05-07,37.2021,37.5223,36.9101,37.1079,2279600.0
2025-05-08,37.1927,38.0215,37.1927,37.7013,1630900.0
2025-05-09,37.5788,37.8237,37.4941,37.7672,1569100.0
2025-05-12,38.775,39.5661,38.5112,39.5567,3356500.0
2025-05-13,39.7168,39.9616,39.5567,39.632,2175800.0
2025-05-14,39.5002,39.6508,39.0104,39.5755,2530800.0
2025-05-15,39.6229,40.0593,39.4142,39.9549,1489000.0
2025-05-16,39.9929,40.4767,39.936,40.3723,1514900.0
2025-05-19,40.0498,40.3628,39.7937,40.1447,1488000.0
2025-05-20,40.3249,40.3534,39.3668,39.4522,1646200.0
2025-05-21,38.9589,39.0727,38.2095,38.3044,2152100.0
2025-05-22,38.2759,38.6079,38.0008,38.4277,2012000.0
2025-05-23,37.8301,38.3044,37.5834,38.1241,1812400.0
2025-05-27,38.5131,38.7407,38.0767,38.7407,2001400.0
2025-05-28,38.7597,38.8356,38.1431,38.1621,1510500.0
2025-05-29,38.238,38.5226,37.7921,38.2095,1171500.0
2025-05-30,38.0672,38.7502,37.8491,38.3898,5871300.0
2025-06-02,38.1526,38.1526,37.4886,38.0483,1472000.0
2025-06-03,37.9155,38.3898,37.5929,38.2949,1356900.0
2025-06-04,38.2759,38.4467,37.8585,37.868,2148700.0
2025-06-05,37.8301,37.887,36.3598,36.9669,3107000.0
2025-06-06,37.2325,37.5265,36.9194,37.0807,1354800.0
2025-06-09,37.2989,37.4696,36.9194,37.2609,1478400.0
2025-06-10,37.2989,37.8491,37.2419,37.7162,1867600.0
2025-06-11,37.8111,37.9344,37.2894,37.3558,1571100.0
2025-06-12,37.204,37.204,36.7487,37.0333,1355400.0
2025-06-13,36.7107,36.7677,36.0657,36.1605,1337000.0
2025-06-16,36.4356,36.7012,36.0562,36.0847,1588800.0
2025-06-17,36.0562,36.0562,35.193,35.2404,1720000.0
2025-06-18,35.3448,35.6862,34.9369,34.9653,2441100.0
2025-06-20,35.2214,35.4017,34.9843,35.2214,4109000.0
2025-06-23,35.193,35.4586,34.7756,35.4396,1803300.0
2025-06-24,35.6104,35.838,35.2973,35.7147,2191500.0
2025-06-25,35.5819,35.6578,35.0222,35.0412,3286000.0
2025-06-26,35.0412,35.3922,34.7946,35.1645,1743500.0
2025-06-27,35.2594,35.6293,35.0317,35.2119,3092400.0
2025-06-30,35.212,35.2878,34.8799,35.1076,1624600.0
2025-07-01,34.9843,36.5115,34.9369,36.0088,1954300.0
2025-07-02,36.1131,36.7297,35.8855,36.5874,2247100.0
2025-07-03,36.6064,36.9194,36.4641,36.6918,1123700.0
2025-07-07,36.6633,37.0902,36.1511,36.2839,1745600.0
2025-07-08,36.2933,36.7582,35.9234,36.6159,1486800.0
2025-07-09,36.6823,36.9099,36.3123,36.853,1700500.0
2025-07-10,36.9005,37.7257,36.7771,37.1945,1539700.0
2025-07-11,36.9005,36.9194,36.4926,36.6159,2159400.0
2025-07-14,36.4262,36.7107,35.9139,36.4072,1712200.0
2025-07-15,36.502,36.5874,35.5534,35.5629,1765300.0
2025-07-16,35.6293,35.7621,35.0602,35.4301,1516800.0
2025-07-17,35.4965,35.9898,35.2214,35.525,1952200.0
2025-07-18,35.7432,35.9044,35.1076,35.2119,1686300.0
2025-07-21,35.1835,35.6578,35.0507,35.2025,2138600.0
2025-07-22,35.4017,36.5779,35.4017,36.502,2350300.0
2025-07-23,36.8341,36.9099,36.4546,36.6254,2406700.0
2025-07-24,31.6262,31.797,28.5148,30.099,18293000.0
2025-07-25,30.1939,30.6492,30.099,30.5164,5796200.0
2025-07-28,30.4784,30.6113,29.6342,29.8713,4078300.0
2025-07-29,29.7765,29.8144,28.8943,28.9038,4505000.0
2025-07-30,29.1599,29.1599,28.3726,28.5718,2973000.0
2025-07-31,28.1639,28.5338,27.9172,27.9552,4133300.0
2025-08-01,27.9267,28.2967,27.5283,28.1164,3601500.0
2025-08-04,28.0311,28.2492,27.9267,28.0026,2932300.0
2025-08-05,28.107,28.4579,27.9172,28.42,3554600.0
2025-08-06,28.4105,28.6192,28.2492,28.401,2509200.0
2025-08-07,28.4864,28.6097,27.8413,28.2208,2919700.0
2025-08-08,28.1734,28.401,27.4334,27.9457,4160300.0
2025-08-11,28.0121,28.4105,27.6611,27.737,3666300.0
2025-08-12,27.9077,28.733,27.8413,28.5718,2335300.0
2025-08-13,28.6287,30.2034,28.5718,30.08,4304800.0
2025-08-14,29.7832,30.3482,29.5342,30.2237,3282400.0
2025-08-15,30.3386,30.5589,29.5629,29.6587,2746300.0
2025-08-18,29.6587,29.7927,29.0936,29.5342,3039900.0
2025-08-19,29.6778,30.3003,29.6012,29.9364,3053200.0
2025-08-20,29.9651,30.195,29.2948,29.3235,2956900.0
2025-08-21,29.0553,29.4288,28.9692,29.2948,2252000.0
2025-08-22,29.5437,30.4918,29.4384,30.4918,2271000.0
2025-08-25,30.3386,30.6067,30.0226,30.3578,2696300.0
2025-08-26,30.262,30.4344,29.9651,30.1375,26555500.0
2025-08-27,30.1662,30.9228,30.08,30.7217,4718400.0
2025-08-28,30.8079,30.9515,30.5301,30.8845,3251900.0
2025-08-29,30.9132,31.3441,30.8366,31.2388,3308000.0
2025-09-02,31.009,31.1526,30.5972,30.6067,4898600.0
2025-09-03,30.3961,30.76,30.262,30.6259,3473300.0
2025-09-04,30.6738,30.9515,30.4056,30.9324,2662200.0
2025-09-05,30.9898,31.4686,30.7312,31.009,1764200.0
2025-09-08,30.9802,31.258,30.3865,31.2292,2567100.0
2025-09-09,30.8653,31.3058,30.76,30.9419,4801300.0
2025-09-10,30.6929,30.9994,30.511,30.7312,2513600.0
2025-09-11,30.8366,31.574,30.7695,31.5261,2359200.0
2025-09-12,31.2771,31.3537,30.9132,30.9324,1721700.0
2025-09-15,31.076,31.076,30.195,30.2141,2776500.0
2025-09-16,30.329,30.7121,30.0705,30.1854,2581800.0
2025-09-17,30.2907,30.6546,29.7544,29.7927,2442400.0
2025-09-18,29.7066,30.0609,29.5438,29.8119,2247200.0
2025-09-19,29.9747,29.9747,29.266,29.3809,6662500.0
2025-09-22,29.3043,29.3043,28.883,29.0362,2335200.0
2025-09-23,29.0553,29.2852,28.9021,29.1032,2234500.0
2025-09-24,29.017,29.4097,28.9787,29.1032,2153500.0
2025-09-25,28.9787,28.9883,28.5095,28.7106,2329400.0
2025-09-26,28.8351,29.1224,28.7202,29.017,2401700.0
2025-09-29,29.1415,29.2181,28.6723,29.132,2894600.0
2025-09-30,29.0936,29.266,28.8734,29.2469,3393000.0
2025-10-01,29.3618,29.8981,29.2756,29.8119,2524800.0
2025-10-02,29.831,30.1566,29.6395,29.9843,2281100.0
2025-10-03,29.9651,30.3961,29.9555,30.0322,2060800.0
2025-10-06,29.8981,29.8981,29.3522,29.4193,2086400.0
2025-10-07,29.4959,29.5533,28.634,28.701,2268400.0
2025-10-08,28.701,28.9021,28.3658,28.4424,1449900.0
2025-10-09,28.4712,28.4712,27.9923,28.069,3302500.0
2025-10-10,28.1647,28.4616,27.4369,27.4656,2260200.0
2025-10-13,27.5901,27.9636,27.2166,27.9157,2182300.0
2025-10-14,27.5614,28.6244,27.5422,28.5669,1956900.0
2025-10-15,28.4616,28.8734,28.385,28.4903,1659300.0
2025-10-16,28.5382,28.7489,28.2222,28.5574,2531000.0
2025-10-17,28.6148,28.9692,28.4903,28.768,1783700.0
2025-10-20,28.8447,29.0936,28.452,28.8351,2838300.0
2025-10-21,28.8447,29.5054,28.7297,29.2852,1963900.0
2025-10-22,29.2469,29.5821,29.0458,29.0649,2044600.0
2025-10-23,29.0936,29.3618,28.7585,29.3235,2198200.0
2025-10-24,29.448,29.6012,29.3043,29.4863,2433100.0
2025-10-27,29.5629,30.1662,29.5246,30.1471,3110700.0
2025-10-28,30.0034,30.0513,29.5821,29.6491,3753000.0
2025-10-29,29.4671,29.5725,28.7489,28.768,4170600.0
2025-10-30,30.2141,31.1526,29.1511,29.8406,5715000.0
2025-10-31,29.6778,30.7217,29.3043,30.6067,6896400.0
2025-11-03,30.2524,30.5206,29.0266,29.1415,3764000.0
2025-11-04,29.0362,29.1894,28.7872,29.1128,2694200.0
2025-11-05,29.1894,29.5725,28.8063,29.5342,2319700.0
2025-11-06,29.515,29.6778,28.6627,28.7489,2418900.0
2025-11-07,28.7297,29.1224,28.4999,29.0841,2575300.0
2025-11-10,29.1128,29.6778,29.0936,29.6491,4021000.0
2025-11-11,29.7927,29.9747,29.3043,29.7257,2747300.0
2025-11-12,29.764,29.9747,29.448,29.7449,3783400.0
2025-11-13,29.7161,30.5876,29.6395,30.0226,4048300.0
2025-11-14,29.9364,29.9364,29.1415,29.2564,2377400.0
2025-11-17,29.2948,29.3522,28.6148,28.6244,2104900.0
2025-11-18,28.6244,28.8638,28.3371,28.701,3143900.0
2025-11-19,28.7585,28.7968,28.1551,28.3467,2585200.0
2025-11-20,28.2112,28.6369,27.7759,27.8242,2574600.0
2025-11-21,27.9887,28.9368,27.7952,28.5982,2588800.0
2025-11-24,28.5885,28.5885,27.9307,28.2016,3668900.0
2025-11-25,28.3854,28.9562,28.3854,28.782,2617900.0
2025-11-26,28.6756,28.8885,28.5885,28.6176,2397300.0
2025-11-28,28.5692,28.9272,28.395,28.724,1334500.0
2025-12-01,28.5789,28.8788,28.4434,28.5111,2082300.0
2025-12-02,28.5402,28.5595,27.7178,28.2306,2899200.0
2025-12-03,28.3757,28.9659,28.2886,28.3854,2758600.0
2025-12-04,28.2983,28.5015,27.6695,27.9307,3026100.0
2025-12-05,27.95,28.5789,27.9113,28.4918,2617600.0
2025-12-08,28.6756,28.8111,27.7565,27.9307,4976700.0
2025-12-09,27.7855,27.9887,27.2147,27.2534,4977100.0
2025-12-10,27.6017,29.4302,27.505,29.2174,4092000.0
2025-12-11,29.5463,30.1945,29.4883,30.0301,3899900.0
2025-12-12,30.1849,30.4654,29.7592,29.9817,3884300.0
2025-12-15,30.1268,30.1268,29.4012,29.527,3788900.0
2025-12-16,29.5367,29.5367,28.8014,28.9465,2873600.0
2025-12-17,28.9078,29.198,28.5498,29.169,4052500.0
2025-12-18,29.1787,29.5173,28.6756,28.7337,4750900.0
2025-12-19,28.782,29.1787,28.4434,28.7724,61632800.0
2025-12-22,28.9659,29.8269,28.6563,29.2464,4553300.0
2025-12-23,29.2464,29.3819,28.4918,29.0142,3317900.0
2025-12-24,29.1884,29.4883,29.0239,29.2754,3352200.0
2025-12-26,29.3625,29.7785,29.1884,29.6141,1627400.0
2025-12-29,29.5463,29.6721,29.2754,29.556,2687400.0
2025-12-30,29.4689,29.8172,29.4109,29.8075,2297300.0
2025-12-31,29.7301,29.7301,29.0916,29.2174,1946300.0
2026-01-02,29.2561,29.2754,28.7046,29.0529,2451000.0
2026-01-05,28.9852,30.4267,28.9852,30.0301,4338500.0
2026-01-06,30.1365,30.5622,29.9623,30.4944,2601900.0
2026-01-07,30.5331,30.717,29.9527,30.1945,2227100.0
2026-01-08,30.0204,31.936,30.0204,31.9263,3717700.0
2026-01-09,32.1972,32.41,31.5296,32.3133,3641700.0
2026-01-12,32.1198,32.3133,31.8295,32.1198,3451200.0
2026-01-13,32.1295,32.6712,32.1101,32.2359,3295100.0
2026-01-14,32.2165,32.768,31.8779,32.1875,3453300.0
2026-01-15,32.3229,32.9615,32.1004,32.826,2749300.0
2026-01-16,32.6035,32.7486,32.0714,32.4197,2796800.0
2026-01-20,31.9069,32.1488,31.5103,31.6361,2473300.0
2026-01-21,31.6941,32.7486,31.6554,32.6906,2445200.0
2026-01-22,32.8357,33.1356,32.7777,33.0098,2128300.0
2026-01-23,33.0292,33.126,32.6422,32.9325,1824200.0
2026-01-26,35.9219,35.9219,32.6229,32.6712,6046300.0
2026-01-27,32.4971,32.5745,32.0521,32.2165,2872800.0
2026-01-28,32.2649,32.41,31.4522,31.5103,2916400.0
2026-01-29,31.7038,32.2939,31.3458,31.5587,2410900.0
2026-01-30,31.3168,32.0617,31.1717,31.7812,2881300.0
2026-02-02,31.7134,32.0617,31.22,31.4619,2635400.0
2026-02-03,31.4039,32.5745,31.3748,31.9166,1955500.0
2026-02-04,32.1778,33.3872,32.1778,33.2517,3580900.0
2026-02-05,33.242,33.5323,32.4874,33.2324,2367300.0
2026-02-06,33.0195,33.5516,32.855,33.4549,2334600.0
2026-02-09,33.2614,33.542,32.8454,33.0679,1571700.0
2026-02-10,32.7099,33.7064,31.9263,33.4742,1459700.0
2026-02-11,33.4839,33.9483,33.3775,33.6677,1870300.0
2026-02-12,33.629,34.0741,32.8164,32.9325,2104400.0
2026-02-13,33.1163,33.3001,32.7293,32.9905,1809400.0
2026-02-17,32.8744,33.0776,31.1813,31.4522,3107400.0
2026-02-18,31.4232,32.1875,31.1717,32.1391,2758700.0
2026-02-19,31.9166,32.7777,31.2491,32.4294,4363000.0
2026-02-20,32.1295,33.0485,31.4329,32.9905,3051900.0
2026-02-23,32.6616,33.1743,31.7521,32.2069,2062400.0
2026-02-24,32.3133,32.9518,32.1198,32.439,1569900.0
2026-02-25,32.5648,32.797,30.9201,31.6361,2031800.0
2026-02-26,31.7812,31.9263,31.2007,31.5683,1676500.0
2026-02-27,31.4232,32.3907,31.2684,32.0327,2147800.0
2026-03-02,31.5974,31.7618,31.1233,31.7134,1273300.0
2026-03-03,30.9105,31.2781,30.5041,31.1717,1378900.0
2026-03-04,31.2007,31.22,30.388,31.0265,1824200.0
2026-03-05,30.9588,31.4135,30.359,30.4364,2621800.0
2026-03-06,30.1945,30.5138,29.5754,30.4461,1518500.0
2026-03-09,30.0301,30.3687,29.3625,30.3203,1748800.0
2026-03-10,30.1365,30.2816,29.6141,29.6528,3295700.0
2026-03-11,29.7495,30.0494,29.527,29.943,2684700.0
2026-03-12,29.689,29.8258,28.9954,29.0637,2692800.0
2026-03-13,29.0833,29.0833,28.3604,28.6632,2823400.0
2026-03-16,28.6925,28.9465,27.9696,28.0575,2520000.0
2026-03-17,28.2236,28.9074,28.1845,28.673,3108600.0
2026-03-18,28.4483,28.6339,27.95,27.9696,2701000.0
2026-03-19,27.7449,27.9403,27.0024,27.9012,2994600.0
2026-03-20,27.8524,28.0087,27.2662,27.6081,12973700.0
2026-03-23,28.0477,28.6437,27.8328,28.1259,2693000.0
2026-03-24,27.9598,28.7316,27.8035,28.5069,2780300.0
2026-03-25,28.7707,29.0833,28.2236,28.8097,1931000.0
2026-03-26,28.7707,29.2982,28.6241,28.9661,2233300.0
2026-03-27,28.9661,29.0051,28.2236,28.5069,1697100.0
2026-03-30,28.7316,28.7414,28.077,28.2236,1974300.0
2026-03-31,28.4287,28.9563,28.0673,28.6925,1869200.0
2026-04-01,28.8,28.8977,28.4287,28.6339,1705900.0
2026-04-02,28.3701,28.7218,27.4811,27.5397,4321200.0
2026-04-06,27.5397,28.331,27.4811,28.3115,2171000.0
2026-04-07,28.1747,28.3408,27.8914,28.1454,2378100.0
2026-04-08,29.0833,29.2884,28.7023,28.8293,2077400.0
2026-04-09,28.6827,29.5131,28.5167,29.3568,2234900.0
2026-04-10,29.4936,29.7085,29.2103,29.6792,1192900.0
2026-04-13,29.4643,29.7183,29.0637,29.6401,1752900.0
2026-04-14,29.5034,29.816,29.3568,29.6108,2498900.0
2026-04-15,29.6108,29.7769,29.4154,29.6401,2540600.0
2026-04-16,29.4838,29.9821,29.4838,29.8355,1580300.0
2026-04-17,29.7867,31.0762,29.7281,30.4021,1959000.0
2026-04-20,30.2556,30.4412,29.9137,30.1775,2564500.0
2026-04-21,30.4803,31.1055,30.2751,30.5194,2580500.0
2026-04-22,30.6952,30.8125,30.3533,30.6659,2214300.0
2026-04-23,30.4315,30.7734,30.1286,30.6464,2109600.0
2026-04-24,30.6464,31.0958,30.3338,30.8711,2262000.0
2026-04-27,30.9102,31.2228,30.3631,30.451,2285800.0
2026-04-28,30.7538,30.8125,30.2556,30.3924,1827800.0
2026-04-29,30.3826,30.4217,29.8062,29.9528,3623800.0
2026-04-30,30.8418,31.7699,30.0993,30.8515,4495100.0
2026-05-01,30.5975,30.9297,27.823,27.8524,4367300.0
2026-05-04,27.8426,27.8621,26.6019,27.1099,4136900.0
2026-05-05,27.2662,28.0966,26.934,27.6277,2676400.0
2026-05-06,27.9598,28.6437,27.8719,28.1064,3963500.0
2026-05-07,28.3408,28.6437,27.7351,28.0477,4760800.0
2026-05-08,28.1845,28.7902,27.9598,28.2236,2527000.0
2026-05-11,28.077,28.2724,27.2271,27.4518,2954900.0
2026-05-12,27.4713,27.6081,26.2013,26.2306,4075900.0
2026-05-13,26.2502,26.2502,25.7324,25.7617,3616000.0
2026-05-14,26.045,26.2111,25.3905,25.41,2787400.0
2026-05-15,25.4003,25.5566,23.9837,24.0423,6913800.0
2026-05-18,24.2377,24.6969,23.7492,24.2182,4065000.0
2026-05-19,24.2963,24.5406,23.7785,23.9739,4957800.0
2026-05-20,23.9544,25.283,23.4268,25.2635,4702100.0
2026-05-21,25.1646,26.8449,24.9077,26.5682,4006500.0
2026-05-22,26.7263,26.9042,26.4001,26.835,2878700.0
2026-05-26,26.8449,26.9734,26.4397,26.9339,3307400.0
2026-05-27,27.1612,27.5961,26.9042,27.1217,2209700.0
2026-05-28,27.0228,27.1711,26.667,26.9734,2105700.0
2026-05-29,26.9536,27.1513,26.7065,26.8054,2764200.0
2026-06-01,26.4891,26.5385,25.6786,25.7676,2403500.0
2026-06-02,25.9059,25.9652,25.3426,25.3524,2296100.0
2026-06-03,25.1943,25.5402,25.0263,25.2338,2009900.0
2026-06-04,25.5007,25.728,24.7693,24.967,2147600.0
2026-06-05,24.967,25.135,24.6704,24.9274,2101100.0
2026-06-08,24.71,25.1053,24.4332,24.7693,3223300.0
2026-06-09,24.9472,25.8565,24.8681,25.0658,4715000.0
2026-06-10,25.0559,25.5106,24.7297,25.1745,3135500.0
2026-06-11,25.1745,25.6885,24.9373,25.6786,2725700.0
2026-06-12,25.7379,26.1036,25.5205,25.8961,1822300.0
2026-06-15,26.242,26.6769,25.7676,25.8368,2508300.0
2026-06-16,25.8269,26.2519,25.7972,25.9356,1982100.0
2026-06-17,25.8466,26.0443,24.5617,24.7297,3129700.0
2026-06-18,24.6507,26.0048,24.6507,25.5007,5366900.0
2026-06-22,25.3327,25.3426,24.7297,25.1152,3518400.0
2026-06-23,24.8978,25.5106,24.8681,25.4315,2404500.0
2026-06-24,25.5501,26.1036,25.5007,25.9257,2364400.0
2026-06-25,25.985,26.7658,25.985,26.4397,2758800.0
2026-06-26,26.2716,26.7658,26.1926,26.7164,3409400.0
2026-06-29,26.6176,26.6374,25.5303,25.817,2858400.0
2026-06-30,25.8368,26.1728,25.6687,26.0245,2781200.0
2026-07-01,26.074,26.41,25.8368,25.8466,1887300.0
2026-07-02,25.9554,26.331,25.5798,26.242,2743100.0
2026-07-06,25.9356,26.1926,25.3327,25.6885,2277400.0
2026-07-07,25.6391,26.0641,25.6094,25.9059,2813300.0
2026-07-08,25.817,25.985,24.7594,24.8484,2445500.0
2026-07-09,24.8484,25.4117,24.6408,25.0955,2280900.0
2026-07-10,25.3722,25.5798,25.0757,25.0856,1781500.0
2026-07-13,25.303,26.0839,25.0856,25.1152,2812000.0
2026-07-14,25.135,25.392,24.4036,24.5716,2224200.0
2026-07-15,24.5716,25.2734,24.5617,24.6309,3052900.0
2026-07-16,24.6309,25.7676,24.6309,25.7083,3169100.0
2026-07-17,25.7577,26.2321,24.7396,25.0856,2850700.0
2026-07-20,25.1251,25.1745,24.4431,24.7495,2604300.0
2026-07-21,24.5716,24.7989,24.2553,24.6309,2204400.0
2026-07-22,24.9373,25.2437,24.8187,24.8978,1933100.0
2026-07-23,24.7001,24.9077,24.364,24.5321,3868900.0
2026-07-24,24.8088,25.6193,24.6704,25.5205,1949400.0
2026-07-27,25.7083,26.1135,25.6687,25.9455,3108200.0
2026-07-28,26.4397,26.9635,26.2222,26.2519,2045800.0
2026-07-29,26.2914,26.4891,25.7873,26.0839,2726400.0
2026-07-30,22.407,22.7035,20.9244,22.3378,9797800.0
2026-07-31,22.4564,22.8814,21.7448,22.1896,5269400.0
2026-08-03,22.5157,23.3361,22.5157,23.0791,5178600.0
2026-08-04,23.1483,24.2257,23.0791,24.2059,4859400.0
2026-08-05,24.0082,24.2355,23.6623,23.8303,2852100.0
2026-08-06,23.8698,24.3146,23.5041,24.1861,4455200.0
2026-08-07,23.9588,24.7001,23.9588,24.5716,3381000.0
2026-08-10,24.2059,24.5123,24.0082,24.285,4015500.0
2026-08-11,24.285,24.8385,24.1861,24.4135,2930900.0
2026-08-12,24.2158,24.4826,23.8698,24.4233,2948700.0
2026-08-13,24.6013,24.9175,24.2257,24.9077,2043500.0
2026-08-14,24.9077,25.3327,24.7989,25.1251,2624300.0
2026-08-17,24.7693,25.2635,24.7396,25.1548,4258800.0
2026-08-18,25.2635,25.2832,24.7792,24.8582,4311500.0
2026-08-19,25.046,25.9751,25.046,25.56,3148200.0
2026-08-20,25.29,26.11,25.03,25.98,4565800.0
2026-08-21,25.97,26.24,25.63,25.77,3311700.0
2026-08-24,25.76,25.83,25.44,25.74,2209700.0
2026-08-25,25.67,25.79,25.34,25.37,1897800.0
2026-08-26,25.34,25.78,25.21,25.75,2957000.0
2026-08-27,25.5,26.15,25.25,25.36,3105200.0
2026-08-28,25.5,25.74,25.01,25.53,3178200.0
2026-08-31,25.33,25.45,24.93,25.1,4618400.0
2026-09-01,24.95,25.14,24.46,24.71,2782000.0
2026-09-02,24.71,25.27,24.64,24.73,2120000.0
2026-09-03,24.73,25.3,24.45,25.25,2216800.0
2026-09-04,25.06,25.72,25.06,25.54,2296600.0
2026-09-08,25.45,25.52,24.59,24.9,3337800.0
2026-09-09,24.92,24.92,24.15,24.19,3543200.0
2026-09-10,24.2,24.32,23.59,23.63,2930700.0
2026-09-11,24.01,24.4,23.54,24.11,3113200.0
2026-09-14,24.09,24.27,23.72,23.75,4579100.0
2026-09-15,23.87,24.1,23.35,23.4,3910300.0
2026-09-16,23.4,23.68,22.98,23.0,3356400.0
2026-09-17,23.29,23.93,22.95,23.83,4616800.0
2026-09-18,23.67,23.71,23.22,23.3,5977500.0
2026-09-21,23.42,23.49,23.04,23.2,2771200.0
2026-09-22,23.54,23.84,23.32,23.59,3235800.0
2026-09-23,23.61,23.72,23.34,23.43,2396300.0
2026-09-24,23.58,23.77,22.94,23.0,2340200.0
2026-09-25,23.0,23.48,22.43,23.29,3458200.0
2026-09-28,23.04,23.33,22.86,23.22,3284000.0
2026-09-29,23.24,23.34,22.92,23.11,3390600.0
2026-09-30,23.26,23.2999,22.9,22.95,553237.0
