Date,Open,High,Low,Close,Volume
1998-03-10,2.2791,2.3264,2.2452,2.2858,12507000.0
1998-03-11,2.2858,2.367,2.2858,2.3332,1713600.0
1998-03-12,2.3534,2.4211,2.3264,2.4211,1165800.0
1998-03-13,2.4076,2.4481,2.3399,2.3534,1145400.0
1998-03-16,2.3534,2.4752,2.3196,2.4684,424200.0
1998-03-17,2.4684,2.5969,2.4617,2.5428,751200.0
1998-03-18,2.5428,2.5969,2.5158,2.5969,315000.0
1998-03-19,2.6172,2.7727,2.6172,2.6645,547200.0
1998-03-20,2.6645,2.6916,2.5969,2.5969,286800.0
1998-03-23,2.5699,2.6104,2.5428,2.5901,307800.0
1998-03-24,2.5428,2.5631,2.5022,2.5022,412200.0
1998-03-25,2.5022,2.5428,2.5022,2.5225,647400.0
1998-03-26,2.5428,2.651,2.5428,2.651,181800.0
1998-03-27,2.6645,2.6781,2.5969,2.6375,364800.0
1998-03-30,2.6375,2.651,2.5563,2.5563,202800.0
1998-03-31,2.5496,2.6172,2.5496,2.6037,332400.0
1998-04-01,2.6172,2.6578,2.5969,2.6307,130200.0
1998-04-02,2.651,2.651,2.624,2.6307,138600.0
1998-04-03,2.6307,2.6645,2.6172,2.6645,178200.0
1998-04-06,2.6578,2.7051,2.6104,2.651,66000.0
1998-04-07,2.6375,2.6375,2.5293,2.5766,267600.0
1998-04-08,2.5901,2.651,2.5834,2.651,95400.0
1998-04-09,2.651,2.8809,2.651,2.8336,522000.0
1998-04-13,2.8539,2.9486,2.8471,2.9418,69600.0
1998-04-14,2.9553,3.0297,2.9283,3.0297,220200.0
1998-04-15,3.0297,3.0297,2.9418,2.9553,175200.0
1998-04-16,2.9824,3.0027,2.9756,2.9892,130800.0
1998-04-17,2.9891,3.0094,2.9756,2.9824,91200.0
1998-04-20,2.9553,2.9756,2.8133,2.8674,316200.0
1998-04-21,2.8674,2.8742,2.8404,2.8471,232200.0
1998-04-22,2.8336,2.9148,2.8133,2.8945,195600.0
1998-04-23,2.9148,2.9689,2.9148,2.9418,147000.0
1998-04-24,2.9215,2.9891,2.9215,2.9553,396000.0
1998-04-27,2.9824,2.9824,2.908,2.9418,130800.0
1998-04-28,2.9283,2.9621,2.8945,2.9215,24000.0
1998-04-29,2.935,2.9418,2.9148,2.9148,82200.0
1998-04-30,2.9148,2.935,2.9012,2.9148,84000.0
1998-05-01,2.9012,2.935,2.9012,2.935,268800.0
1998-05-04,2.9215,2.9283,2.908,2.9215,72600.0
1998-05-05,2.9215,2.9283,2.9148,2.9215,48000.0
1998-05-06,2.9215,2.9215,2.908,2.9148,52800.0
1998-05-07,2.9215,2.9215,2.8133,2.8133,62400.0
1998-05-08,2.8133,2.8133,2.7051,2.7051,211800.0
1998-05-11,2.7051,2.8674,2.6984,2.8674,292800.0
1998-05-12,2.8539,2.8877,2.8404,2.8607,66600.0
1998-05-13,2.8674,2.8674,2.7998,2.8133,36600.0
1998-05-14,2.8066,2.8268,2.7863,2.8133,25200.0
1998-05-15,2.8066,2.8268,2.793,2.793,25800.0
1998-05-18,2.7863,2.8133,2.7525,2.8133,143400.0
1998-05-19,2.8133,2.8133,2.7863,2.7863,36600.0
1998-05-20,2.7795,2.7863,2.7592,2.7795,39600.0
1998-05-21,2.7863,2.8404,2.7592,2.8268,415800.0
1998-05-22,2.8471,2.8742,2.8268,2.8268,17400.0
1998-05-26,2.8471,2.8539,2.8404,2.8404,99600.0
1998-05-27,2.8404,2.8404,2.7592,2.7592,81600.0
1998-05-28,2.7727,2.8539,2.7727,2.8539,42000.0
1998-05-29,2.8607,2.935,2.8404,2.935,87000.0
1998-06-01,2.935,2.935,2.8607,2.8607,33600.0
1998-06-02,2.8471,2.8539,2.793,2.8133,310200.0
1998-06-03,2.8133,2.8809,2.8133,2.8268,94800.0
1998-06-04,2.8268,2.8945,2.8268,2.8674,453000.0
1998-06-05,2.8877,2.908,2.8742,2.9012,57000.0
1998-06-08,2.9215,2.9215,2.8809,2.9012,54600.0
1998-06-09,2.8945,2.9148,2.8945,2.9012,39000.0
1998-06-10,2.8945,2.8945,2.8809,2.8877,18000.0
1998-06-11,2.8674,2.8742,2.8404,2.8539,24000.0
1998-06-12,2.8336,2.8404,2.8336,2.8404,24600.0
1998-06-15,2.8404,2.8404,2.7389,2.7389,84600.0
1998-06-16,2.7254,2.7389,2.7186,2.7322,25200.0
1998-06-17,2.7525,2.935,2.7525,2.9148,185400.0
1998-06-18,2.9283,3.0094,2.9215,2.9215,121200.0
1998-06-19,2.908,2.9215,2.8809,2.9215,18600.0
1998-06-22,2.908,2.9283,2.8945,2.8945,84000.0
1998-06-23,2.908,2.908,2.8471,2.8471,19800.0
1998-06-24,2.8201,2.8268,2.7457,2.7863,187800.0
1998-06-25,2.7727,2.7795,2.7389,2.7525,23400.0
1998-06-26,2.7389,2.7457,2.7254,2.7457,307200.0
1998-06-29,2.7457,2.8336,2.7457,2.8268,68400.0
1998-06-30,2.8268,2.9891,2.8268,2.8742,372600.0
1998-07-01,2.8674,2.8809,2.8674,2.8742,98400.0
1998-07-02,3.0027,3.1582,3.0027,3.0838,307200.0
1998-07-06,3.0568,3.0635,3.0568,3.0635,55800.0
1998-07-07,3.0365,3.1109,3.0365,3.1109,115200.0
1998-07-08,3.1041,3.1041,3.0297,3.0838,578400.0
1998-07-09,3.0906,3.1515,3.0703,3.1515,120600.0
1998-07-10,3.1379,3.1379,3.1109,3.1109,16800.0
1998-07-13,3.0974,3.1109,3.0771,3.0838,18600.0
1998-07-14,3.0703,3.0838,3.0568,3.0568,90600.0
1998-07-15,3.0568,3.0771,3.0365,3.0771,4200.0
1998-07-16,3.0906,3.2191,3.0906,3.1447,108600.0
1998-07-17,3.1582,3.1582,3.1379,3.1379,285000.0
1998-07-20,3.1244,3.1244,3.1244,3.1244,18600.0
1998-07-21,3.1244,3.1244,3.0771,3.0771,63000.0
1998-07-22,3.0838,3.1176,3.0771,3.0838,31200.0
1998-07-23,3.1109,3.1109,3.0703,3.0838,127800.0
1998-07-24,3.0974,3.0974,3.0703,3.0703,132600.0
1998-07-27,3.0703,3.0703,2.9756,2.9756,82200.0
1998-07-28,2.9486,2.9486,2.8674,2.8809,224400.0
1998-07-29,2.8877,2.8877,2.8133,2.8404,149400.0
1998-07-30,2.8539,2.8674,2.8404,2.8674,131400.0
1998-07-31,2.8809,2.8945,2.8607,2.8877,31200.0
1998-08-03,2.9012,2.9012,2.8607,2.8674,47400.0
1998-08-04,2.8539,2.8539,2.7998,2.7998,60600.0
1998-08-05,2.7863,2.7863,2.6983,2.7051,69600.0
1998-08-06,2.6984,2.7051,2.6578,2.6578,216600.0
1998-08-07,2.6578,2.9148,2.6578,2.8336,204000.0
1998-08-10,2.8201,2.8201,2.7727,2.7727,63000.0
1998-08-11,2.7727,2.7727,2.7051,2.7051,105000.0
1998-08-12,2.7322,2.7727,2.7051,2.7322,508200.0
1998-08-13,2.7186,2.7322,2.7051,2.7051,174600.0
1998-08-14,2.7186,2.7592,2.7119,2.7525,41400.0
1998-08-17,2.7389,2.7389,2.7051,2.7254,49800.0
1998-08-18,2.7457,3.023,2.7457,3.023,221400.0
1998-08-19,3.0297,3.1176,3.0297,3.0568,214800.0
1998-08-20,3.0635,3.0635,3.0027,3.0027,65400.0
1998-08-21,2.9891,2.9891,2.9418,2.9418,87000.0
1998-08-24,2.935,2.935,2.9215,2.9283,3000.0
1998-08-25,2.9283,2.9283,2.9283,2.9283,0.0
1998-08-26,2.908,2.908,2.8268,2.8268,66600.0
1998-08-27,2.7998,2.7998,2.766,2.766,27000.0
1998-08-28,2.7457,2.7457,2.6983,2.7051,177000.0
1998-08-31,2.7051,2.7051,2.5428,2.5563,475800.0
1998-09-01,2.536,2.5969,2.509,2.5563,138600.0
1998-09-02,2.5766,2.6172,2.5631,2.5766,43200.0
1998-09-03,2.5631,2.5834,2.5563,2.5699,16200.0
1998-09-04,2.5699,2.5969,2.5699,2.5969,39600.0
1998-09-08,2.6172,2.6172,2.5969,2.5969,23400.0
1998-09-09,2.5969,2.6037,2.5969,2.6037,1200.0
1998-09-10,2.5969,2.5969,2.5699,2.5699,22800.0
1998-09-11,2.5969,2.5969,2.5766,2.5834,72600.0
1998-09-14,2.5969,2.5969,2.5699,2.5699,11400.0
1998-09-15,2.5766,2.5766,2.5766,2.5766,4800.0
1998-09-16,2.5766,2.5766,2.5699,2.5699,16200.0
1998-09-17,2.5563,2.5563,2.5022,2.5022,59400.0
1998-09-18,2.5022,2.5022,2.4617,2.4617,34800.0
1998-09-21,2.4617,2.4819,2.4346,2.4346,49200.0
1998-09-22,2.4346,2.4346,2.4346,2.4346,6000.0
1998-09-23,2.4414,2.4481,2.4278,2.4278,31800.0
1998-09-24,2.4278,2.4278,2.3873,2.3873,52200.0
1998-09-25,2.4075,2.4346,2.4075,2.4346,6600.0
1998-09-28,2.4346,2.4414,2.4211,2.4211,34800.0
1998-09-29,2.4076,2.4143,2.4008,2.4008,34200.0
1998-09-30,2.4008,2.4008,2.394,2.394,8400.0
1998-10-01,2.394,2.394,2.3805,2.3805,6600.0
1998-10-02,2.394,2.394,2.367,2.367,13800.0
1998-10-05,2.3399,2.3399,2.2182,2.225,80400.0
1998-10-06,2.225,2.2588,2.225,2.2385,24000.0
1998-10-07,2.2182,2.2182,2.1776,2.2047,27000.0
1998-10-08,2.1979,2.225,2.1641,2.1709,28800.0
1998-10-09,2.1776,2.2317,2.1776,2.2114,66000.0
1998-10-12,2.2148,2.2148,2.2148,2.2148,4800.0
1998-10-13,2.2114,2.2182,2.2047,2.2182,32400.0
1998-10-14,2.2047,2.2047,2.2047,2.2047,1200.0
1998-10-15,2.2182,2.2926,2.2182,2.2723,241800.0
1998-10-16,2.2993,2.3805,2.2993,2.3264,60600.0
1998-10-19,2.3534,2.4346,2.3534,2.4143,113400.0
1998-10-20,2.4346,2.4887,2.4346,2.4752,103200.0
1998-10-21,2.4752,2.4819,2.4752,2.4819,18000.0
1998-10-22,2.4819,2.4955,2.4819,2.4887,3000.0
1998-10-23,2.4887,2.4887,2.4887,2.4887,0.0
1998-10-26,2.4887,2.5158,2.4887,2.509,4800.0
1998-10-27,2.4955,2.5428,2.4887,2.5428,1296000.0
1998-10-28,2.5428,2.6172,2.5428,2.6172,73800.0
1998-10-29,2.6375,2.7051,2.6375,2.6916,73200.0
1998-10-30,2.6916,2.7051,2.6781,2.7051,47400.0
1998-11-02,2.7186,2.7322,2.7119,2.7322,17400.0
1998-11-03,2.7322,2.7457,2.7186,2.7457,16200.0
1998-11-04,2.7322,2.766,2.7051,2.766,45600.0
1998-11-05,2.766,2.766,2.7389,2.7389,28200.0
1998-11-06,2.7389,2.7389,2.7389,2.7389,600.0
1998-11-09,2.7389,2.7389,2.7254,2.7254,7800.0
1998-11-10,2.7051,2.7051,2.6916,2.6916,4200.0
1998-11-11,2.6645,2.6645,2.6307,2.6307,36600.0
1998-11-12,2.6104,2.6104,2.5563,2.5563,60000.0
1998-11-13,2.5631,2.5631,2.5496,2.5496,159000.0
1998-11-16,2.5631,2.5901,2.5428,2.5699,24600.0
1998-11-17,2.5834,2.5969,2.536,2.5969,85200.0
1998-11-18,2.6104,2.7389,2.6104,2.624,4200.0
1998-11-19,2.6104,2.6104,2.5969,2.6104,17400.0
1998-11-20,2.6172,2.6307,2.5969,2.6307,10800.0
1998-11-23,2.6307,2.6781,2.6307,2.6781,24000.0
1998-11-24,2.6578,2.6848,2.651,2.651,90600.0
1998-11-25,2.651,2.651,2.5969,2.6104,129600.0
1998-11-27,2.6104,2.6104,2.5901,2.5901,1800.0
1998-11-30,2.5969,2.5969,2.5969,2.5969,9000.0
1998-12-01,2.5969,2.5969,2.5699,2.5699,19200.0
1998-12-02,2.5563,2.5901,2.5563,2.5901,16800.0
1998-12-03,2.5901,2.6037,2.5834,2.5969,101400.0
1998-12-04,2.5969,2.5969,2.5699,2.5969,70200.0
1998-12-07,2.5969,2.6442,2.5969,2.624,109200.0
1998-12-08,2.6375,2.6375,2.5969,2.5969,43800.0
1998-12-09,2.5969,2.651,2.5969,2.651,144000.0
1998-12-10,2.6442,2.6442,2.5969,2.5969,37200.0
1998-12-11,2.5969,2.6442,2.5969,2.6442,74400.0
1998-12-14,2.651,2.908,2.651,2.8268,187800.0
1998-12-15,2.8201,2.8404,2.7998,2.8404,66000.0
1998-12-16,2.8268,2.8268,2.7998,2.7998,79800.0
1998-12-17,2.7863,2.7998,2.7322,2.7998,105000.0
1998-12-18,2.8268,2.8336,2.8133,2.8133,18000.0
1998-12-21,2.8268,2.8268,2.8268,2.8268,12000.0
1998-12-22,2.8201,2.8336,2.766,2.766,19800.0
1998-12-23,2.7457,2.7795,2.7186,2.7592,51000.0
1998-12-24,2.7795,2.7863,2.7795,2.7863,6000.0
1998-12-28,2.7863,2.7863,2.7863,2.7863,3000.0
1998-12-29,2.7727,2.7998,2.7727,2.7998,4200.0
1998-12-30,2.7863,2.9012,2.7863,2.9012,37800.0
1998-12-31,2.9012,2.9486,2.9012,2.9148,21000.0
1999-01-04,2.9215,2.9418,2.8607,2.9012,16200.0
1999-01-05,2.9215,2.9553,2.8607,2.8607,22200.0
1999-01-06,2.8607,2.9621,2.8607,2.9486,31200.0
1999-01-07,2.9689,3.05,2.9689,3.0365,109800.0
1999-01-08,3.0365,3.0365,2.9756,2.9756,1202400.0
1999-01-11,2.9621,2.9621,2.9621,2.9621,8400.0
1999-01-12,2.9553,2.9553,2.8945,2.9215,24000.0
1999-01-13,2.935,2.9486,2.9215,2.9486,57000.0
1999-01-14,2.9689,2.9689,2.9553,2.9621,52800.0
1999-01-15,2.9621,2.9756,2.9621,2.9756,6600.0
1999-01-19,2.9621,2.9621,2.9486,2.9486,4200.0
1999-01-20,2.9621,2.9621,2.9621,2.9621,3600.0
1999-01-21,2.9621,3.0027,2.9621,2.9824,26400.0
1999-01-22,2.9824,3.0297,2.9824,3.0162,42000.0
1999-01-25,3.0162,3.0568,3.0162,3.0365,22200.0
1999-01-26,3.0365,3.192,3.0365,3.1447,122400.0
1999-01-27,3.1379,3.2191,3.1379,3.1447,48000.0
1999-01-28,3.1379,3.1988,3.1379,3.165,19800.0
1999-01-29,3.192,3.192,3.165,3.192,36600.0
1999-02-01,3.165,3.165,3.1447,3.165,5400.0
1999-02-02,3.165,3.165,3.1447,3.165,46200.0
1999-02-03,3.1379,3.1988,3.1379,3.192,43800.0
1999-02-04,3.2191,3.2191,3.1988,3.1988,15600.0
1999-02-05,3.1717,3.1717,3.1447,3.165,65400.0
1999-02-08,3.1717,3.1717,3.1447,3.1717,79200.0
1999-02-09,3.1853,3.2326,3.1853,3.2056,81000.0
1999-02-10,3.2191,3.2461,3.2191,3.2191,24600.0
1999-02-11,3.2461,3.2461,3.2123,3.2123,23400.0
1999-02-12,3.2123,3.2123,3.1379,3.1379,196200.0
1999-02-16,3.1109,3.1109,3.0433,3.0568,31200.0
1999-02-17,3.0838,3.0838,2.9621,2.9621,30000.0
1999-02-18,2.9756,2.9756,2.8809,2.8877,95400.0
1999-02-19,2.8674,2.9486,2.8674,2.908,29400.0
1999-02-22,3.165,3.4896,3.165,3.3543,1011000.0
1999-02-23,3.3273,3.3949,3.307,3.3273,393000.0
1999-02-24,3.3408,3.3814,3.3273,3.3273,624600.0
1999-02-25,3.3408,3.3814,3.3341,3.3543,76800.0
1999-02-26,3.3679,3.3949,3.3679,3.3949,13200.0
1999-03-01,3.3814,3.4084,3.3543,3.4084,113400.0
1999-03-02,3.3882,3.679,3.3882,3.6384,283800.0
1999-03-03,3.6249,3.6249,3.4964,3.4964,91800.0
1999-03-04,3.4964,3.4964,3.4084,3.4084,326400.0
1999-03-05,3.4761,3.5707,3.4761,3.5437,375600.0
1999-03-08,3.5437,3.5437,3.5166,3.5166,59400.0
1999-03-09,3.5302,3.5302,3.4896,3.4896,51600.0
1999-03-10,3.4964,3.4964,3.4693,3.4693,33000.0
1999-03-11,3.4693,3.4896,3.449,3.4693,145200.0
1999-03-12,3.4761,3.4761,3.4761,3.4761,141000.0
1999-03-15,3.5031,3.5572,3.5031,3.5572,19800.0
1999-03-16,3.5707,3.5843,3.5707,3.5843,9600.0
1999-03-17,3.5843,3.5843,3.4896,3.4896,72000.0
1999-03-18,3.5166,3.5302,3.5031,3.5031,49800.0
1999-03-19,3.5166,3.679,3.5166,3.6722,42600.0
1999-03-22,3.679,3.7331,3.6722,3.706,52800.0
1999-03-23,3.679,3.679,3.6519,3.6519,6000.0
1999-03-24,3.6249,3.6384,3.6113,3.6113,8400.0
1999-03-25,3.6249,3.6519,3.5978,3.6046,39000.0
1999-03-26,3.6113,3.6113,3.5707,3.5843,174000.0
1999-03-29,3.5775,3.6384,3.5775,3.6384,56400.0
1999-03-30,3.6519,3.6519,3.6249,3.6451,28800.0
1999-03-31,3.6316,3.6587,3.6249,3.6451,24600.0
1999-04-01,3.6587,3.7872,3.6451,3.7331,103200.0
1999-04-05,3.7533,3.7533,3.7263,3.7331,12600.0
1999-04-06,3.7601,3.8413,3.7466,3.8345,42000.0
1999-04-07,3.8615,3.8886,3.7939,3.7939,70200.0
1999-04-08,3.8074,3.9089,3.8074,3.9089,90000.0
1999-04-09,3.9359,3.9495,3.9021,3.9427,42000.0
1999-04-12,3.9224,4.1794,3.8954,4.1794,126600.0
1999-04-13,4.1659,4.2065,4.1253,4.1929,58800.0
1999-04-14,4.1659,4.2741,4.1659,4.1862,148200.0
1999-04-15,4.1929,4.247,4.1794,4.1929,66600.0
1999-04-16,4.1659,4.1659,4.078,4.078,91800.0
1999-04-19,4.22,4.22,4.1118,4.1321,213000.0
1999-04-20,4.1591,4.247,4.1591,4.1862,60000.0
1999-04-21,4.1929,4.1929,4.0982,4.1185,49800.0
1999-04-22,4.1321,4.1321,3.9968,3.9968,76800.0
1999-04-23,3.9157,3.9292,3.8954,3.9224,75600.0
1999-04-26,3.8954,3.8954,3.6384,3.6925,256800.0
1999-04-27,3.679,3.8142,3.6654,3.7872,384000.0
1999-04-28,3.8007,3.8007,3.7804,3.7804,13200.0
1999-04-29,3.7601,3.7601,3.7128,3.7195,33600.0
1999-04-30,3.7195,3.7872,3.7195,3.7804,143400.0
1999-05-03,3.7804,3.8277,3.7804,3.8277,60600.0
1999-05-04,3.8413,3.9089,3.8413,3.8751,376200.0
1999-05-05,3.9021,4.2065,3.9021,4.1929,690600.0
1999-05-06,4.2132,4.2132,3.9698,4.0712,646800.0
1999-05-07,4.0712,4.1118,4.0577,4.0847,78000.0
1999-05-10,4.0712,4.0712,3.9359,3.963,85800.0
1999-05-11,3.9359,3.9359,3.7331,3.7601,235800.0
1999-05-12,3.7331,3.7872,3.7331,3.7669,180600.0
1999-05-13,3.7601,3.7872,3.7601,3.7601,69000.0
1999-05-14,3.7736,3.7736,3.6113,3.6249,77400.0
1999-05-17,3.5707,3.5843,3.5437,3.5707,172200.0
1999-05-18,3.5707,3.679,3.5707,3.6384,116400.0
1999-05-19,3.6654,3.679,3.6519,3.6519,75600.0
1999-05-20,3.679,3.706,3.6519,3.6519,25200.0
1999-05-21,3.679,3.8007,3.679,3.7736,85800.0
1999-05-24,3.7872,3.7872,3.7331,3.7466,45600.0
1999-05-25,3.7736,3.7736,3.7466,3.7466,88200.0
1999-05-26,3.7466,3.7466,3.7195,3.7195,36600.0
1999-05-27,3.7331,3.8413,3.7263,3.8142,61800.0
1999-05-28,3.8142,3.8683,3.8142,3.8683,92400.0
1999-06-01,3.8954,4.1997,3.8818,4.0847,216600.0
1999-06-02,4.0577,4.0847,4.0239,4.0239,27000.0
1999-06-03,3.9968,4.0171,3.9968,4.0036,6000.0
1999-06-04,4.0036,4.0171,3.963,3.963,88200.0
1999-06-07,3.99,4.0036,3.9765,4.0036,40200.0
1999-06-08,4.0239,4.0441,4.0036,4.0036,6600.0
1999-06-09,4.0306,4.0441,4.0036,4.0171,63600.0
1999-06-10,4.0036,4.0036,3.963,3.963,25800.0
1999-06-11,3.9833,4.0441,3.9833,4.0441,64200.0
1999-06-14,4.0712,4.0712,3.9765,4.0036,67200.0
1999-06-15,4.0036,4.0036,3.9765,3.9765,3000.0
1999-06-16,4.0036,4.0306,3.963,3.9765,51600.0
1999-06-17,3.9765,3.9765,3.9157,3.9495,76200.0
1999-06-18,3.9359,3.9359,3.8954,3.8954,14400.0
1999-06-21,3.9089,3.9089,3.8954,3.8954,7200.0
1999-06-22,3.8683,3.8954,3.8548,3.8954,27000.0
1999-06-23,3.8683,3.8683,3.8548,3.8548,4800.0
1999-06-24,3.8277,3.8413,3.8277,3.8413,3600.0
1999-06-25,3.8277,3.8345,3.8142,3.821,36000.0
1999-06-28,3.821,3.8615,3.821,3.8615,26400.0
1999-06-29,3.8954,3.8954,3.8683,3.8954,103200.0
1999-06-30,4.1118,4.1253,4.0982,4.1253,3442800.0
1999-07-01,4.1659,4.1794,4.1659,4.1726,446400.0
1999-07-02,4.1794,4.1794,4.1659,4.1726,87000.0
1999-07-06,4.1591,4.1726,4.1591,4.1591,50400.0
1999-07-07,4.1523,4.1659,4.1321,4.1659,130200.0
1999-07-08,4.1659,4.22,4.1659,4.2132,96600.0
1999-07-09,4.22,4.22,4.1794,4.2064,18000.0
1999-07-12,4.2064,4.247,4.1862,4.1862,57600.0
1999-07-13,4.1726,4.176,4.1591,4.1659,22800.0
1999-07-14,4.1659,4.1659,4.1659,4.1659,4800.0
1999-07-15,4.1659,4.1726,4.1456,4.1726,73200.0
1999-07-16,4.1456,4.2064,4.1456,4.2064,55800.0
1999-07-19,4.2064,4.2064,4.1929,4.1997,31800.0
1999-07-20,4.1929,4.1929,4.1794,4.1794,7200.0
1999-07-21,4.1659,4.1929,4.1659,4.1794,27000.0
1999-07-22,4.1659,4.1659,4.1523,4.1523,13200.0
1999-07-23,4.1591,4.1591,4.1591,4.1591,600.0
1999-07-26,4.1456,4.1523,4.1388,4.1523,57600.0
1999-07-27,4.1388,4.1929,4.1388,4.1929,21600.0
1999-07-28,4.1794,4.2064,4.1794,4.2064,72000.0
1999-07-29,4.1794,4.22,4.1794,4.1997,172200.0
1999-07-30,4.1997,4.2064,4.1929,4.2064,15000.0
1999-08-02,4.2064,4.22,4.2064,4.22,117600.0
1999-08-03,4.1997,4.22,4.1929,4.2132,117600.0
1999-08-04,4.22,4.22,4.1523,4.1726,41400.0
1999-08-05,4.1523,4.1794,4.1523,4.1794,36000.0
1999-08-06,4.1659,4.1659,4.1591,4.1591,12600.0
1999-08-09,4.1388,4.1523,4.1253,4.1253,18000.0
1999-08-10,4.1456,4.1591,4.0577,4.0577,166200.0
1999-08-11,4.0306,4.0306,3.9968,3.9968,38400.0
1999-08-12,4.0171,4.0847,4.0171,4.0577,52200.0
1999-08-13,4.0847,4.0847,4.0441,4.0509,105000.0
1999-08-16,4.0441,4.0577,4.0441,4.0577,39600.0
1999-08-17,4.0577,4.0577,4.0577,4.0577,7800.0
1999-08-18,4.0577,4.0644,4.0577,4.0644,39000.0
1999-08-19,4.0577,4.0577,4.0577,4.0577,1800.0
1999-08-20,4.0441,4.0441,4.0239,4.0306,39000.0
1999-08-23,4.0306,4.0306,4.0171,4.0306,2400.0
1999-08-24,4.0306,4.0306,4.0171,4.0239,15000.0
1999-08-25,4.0103,4.0171,4.0103,4.0171,39600.0
1999-08-26,4.0171,4.0306,4.0036,4.0036,131400.0
1999-08-27,4.0036,4.0036,3.9968,4.0036,21600.0
1999-08-30,4.0036,4.0036,3.9427,3.9427,28800.0
1999-08-31,3.9427,3.9495,3.9359,3.9495,93600.0
1999-09-01,3.963,4.0306,3.9562,4.0306,64800.0
1999-09-02,4.0103,4.0103,3.9765,3.9765,75600.0
1999-09-03,3.9765,4.0036,3.9765,3.9765,76200.0
1999-09-07,3.9765,4.0036,3.9495,3.9765,99000.0
1999-09-08,3.963,3.99,3.963,3.99,45600.0
1999-09-09,4.0036,4.0036,3.9224,3.9495,295200.0
1999-09-10,3.9495,3.9495,3.9495,3.9495,1800.0
1999-09-13,3.963,3.963,3.9495,3.963,59400.0
1999-09-14,3.9562,3.963,3.9495,3.963,21000.0
1999-09-15,3.963,3.963,3.963,3.963,0.0
1999-09-16,3.963,3.9765,3.963,3.9765,123000.0
1999-09-17,4.0036,4.0306,4.0036,4.0171,10200.0
1999-09-20,4.0036,4.0171,4.0036,4.0171,3000.0
1999-09-21,4.0441,4.0441,4.0171,4.0171,8400.0
1999-09-22,4.0171,4.0171,4.0171,4.0171,14400.0
1999-09-23,4.0171,4.0171,4.0036,4.0036,32400.0
1999-09-24,4.0103,4.0374,3.99,4.0036,86400.0
1999-09-27,4.0036,4.0036,4.0036,4.0036,3000.0
1999-09-28,4.0306,4.0306,4.0103,4.0171,69600.0
1999-09-29,4.0036,4.0577,4.0036,4.0306,67200.0
1999-09-30,4.0577,4.1118,4.0577,4.1118,22800.0
1999-10-01,4.1118,4.1388,4.1118,4.1118,12600.0
1999-10-04,4.1659,4.1659,4.1253,4.1388,32400.0
1999-10-05,4.1523,4.1659,4.1523,4.1659,2400.0
1999-10-06,4.1659,4.1862,4.1659,4.1862,4200.0
1999-10-07,4.1659,4.1659,4.1659,4.1659,2400.0
1999-10-08,4.1456,4.1456,4.1253,4.1253,10800.0
1999-10-11,4.1185,4.1185,4.1185,4.1185,8400.0
1999-10-12,4.1118,4.1253,4.1118,4.1118,23400.0
1999-10-13,4.1118,4.1118,4.0847,4.0847,3000.0
1999-10-14,4.1118,4.1185,4.1118,4.1185,7800.0
1999-10-15,4.1118,4.1118,4.0577,4.0577,94800.0
1999-10-18,4.0577,4.0577,4.0374,4.0374,10800.0
1999-10-19,4.0306,4.0374,4.0103,4.0239,7800.0
1999-10-20,4.0306,4.0306,3.9292,3.9292,30000.0
1999-10-21,3.9359,3.9359,3.8413,3.8413,211800.0
1999-10-22,3.8413,3.8683,3.8142,3.8413,42600.0
1999-10-25,3.8413,3.8413,3.8277,3.8345,48000.0
1999-10-26,3.8345,3.8413,3.8142,3.8345,169800.0
1999-10-27,3.821,3.821,3.7466,3.7466,42600.0
1999-10-28,3.7466,3.9427,3.7466,3.8818,145200.0
1999-10-29,3.8954,3.8954,3.8818,3.8818,38400.0
1999-11-01,3.8683,3.8886,3.8683,3.8886,5400.0
1999-11-02,3.8954,4.0982,3.8954,4.0374,103800.0
1999-11-03,4.0644,4.0915,4.0644,4.078,30000.0
1999-11-04,4.0915,4.1185,4.0306,4.0577,279600.0
1999-11-05,4.0712,4.0847,4.0306,4.0306,61800.0
1999-11-08,4.0441,4.0577,3.9765,3.9765,91800.0
1999-11-09,3.9765,3.9765,3.8277,3.8277,159000.0
1999-11-10,3.7331,3.7331,3.192,3.192,1644000.0
1999-11-11,3.1988,3.2394,3.165,3.165,358800.0
1999-11-12,3.192,3.192,3.1379,3.1379,519000.0
1999-11-15,3.1582,3.1785,3.1379,3.1515,129000.0
1999-11-16,3.1515,3.1515,3.1109,3.1312,463800.0
1999-11-17,3.1244,3.1379,3.1109,3.1379,106200.0
1999-11-18,3.1515,3.1853,3.1447,3.1853,29400.0
1999-11-19,3.1785,3.2191,3.1515,3.192,43800.0
1999-11-22,3.192,3.192,3.165,3.1717,216000.0
1999-11-23,3.1447,3.1785,3.1447,3.1717,49200.0
1999-11-24,3.192,3.2326,3.1785,3.2326,22800.0
1999-11-26,3.2258,3.2258,3.2191,3.2191,46800.0
1999-11-29,3.2394,3.2461,3.2123,3.2394,97800.0
1999-11-30,3.2394,3.2867,3.2258,3.2461,175800.0
1999-12-01,3.2461,3.2732,3.2461,3.2461,197400.0
1999-12-02,3.2664,3.2664,3.2191,3.2258,129600.0
1999-12-03,3.1988,3.2461,3.192,3.192,54600.0
1999-12-06,3.2056,3.2056,3.1379,3.1379,44400.0
1999-12-07,3.1379,3.165,3.1379,3.165,141600.0
1999-12-08,3.1853,3.1853,3.1717,3.1853,13800.0
1999-12-09,3.1988,3.2326,3.1717,3.2191,22800.0
1999-12-10,3.2394,3.2461,3.2191,3.2191,30000.0
1999-12-13,3.1988,3.3273,3.1988,3.2799,208800.0
1999-12-14,3.2529,3.2867,3.2529,3.2732,27000.0
1999-12-15,3.2461,3.2732,3.2461,3.2461,21600.0
1999-12-16,3.2867,3.2867,3.2461,3.2461,63600.0
1999-12-17,3.2664,3.2664,3.2326,3.2326,108000.0
1999-12-20,3.2394,3.2732,3.2056,3.2258,72000.0
1999-12-21,3.2461,3.2461,3.1785,3.1853,166800.0
1999-12-22,3.1988,3.2191,3.1988,3.2056,11400.0
1999-12-23,3.192,3.192,3.165,3.1853,9000.0
1999-12-27,3.165,3.165,3.165,3.165,12000.0
1999-12-28,3.1515,3.1515,3.0838,3.0838,22200.0
1999-12-29,3.0838,3.0838,3.0297,3.0568,167400.0
1999-12-30,3.0297,3.0297,3.0297,3.0297,17400.0
1999-12-31,3.0365,3.0365,2.9756,3.0027,16200.0
2000-01-03,3.0027,3.0297,2.9756,2.9756,34800.0
2000-01-04,2.9621,2.9689,2.9486,2.9621,60600.0
2000-01-05,2.9486,2.9486,2.8809,2.8945,43800.0
2000-01-06,2.9215,2.9418,2.9215,2.9215,79200.0
2000-01-07,2.9215,2.9621,2.9215,2.9621,55200.0
2000-01-10,2.9553,3.0027,2.8877,2.9215,120000.0
2000-01-11,2.8945,3.0297,2.8945,2.9689,114000.0
2000-01-12,2.9892,3.0433,2.9756,3.0433,79200.0
2000-01-13,3.0297,3.0297,3.0094,3.0297,162600.0
2000-01-14,3.023,3.0297,3.0027,3.0297,31800.0
2000-01-18,3.0297,3.0297,2.9824,3.0027,32400.0
2000-01-19,2.9891,3.0297,2.9891,3.0162,53400.0
2000-01-20,3.0162,3.0162,2.9756,2.9892,318600.0
2000-01-21,2.9756,2.9959,2.935,2.9486,118200.0
2000-01-24,2.9215,2.935,2.8945,2.8945,85200.0
2000-01-25,2.9215,2.9486,2.8945,2.9215,108000.0
2000-01-26,2.9215,2.9486,2.8945,2.9148,37800.0
2000-01-27,2.9418,2.9486,2.8945,2.9215,57000.0
2000-01-28,2.9486,2.9621,2.8539,2.9215,113400.0
2000-01-31,2.908,2.9283,2.8945,2.8945,33600.0
2000-02-01,2.8945,2.8945,2.8877,2.8877,9600.0
2000-02-02,2.8742,2.9148,2.8674,2.8877,131400.0
2000-02-03,2.9012,2.9012,2.8674,2.8809,905400.0
2000-02-04,2.8809,2.8945,2.8539,2.8809,195000.0
2000-02-07,2.8742,2.8742,2.8607,2.8674,22200.0
2000-02-08,2.8539,2.8674,2.8404,2.8674,18000.0
2000-02-09,2.8471,2.8607,2.8404,2.8404,71400.0
2000-02-10,2.8268,2.8268,2.8201,2.8268,24000.0
2000-02-11,2.8268,2.8404,2.793,2.8404,114600.0
2000-02-14,2.8336,2.8336,2.8133,2.8336,8400.0
2000-02-15,2.8268,2.8268,2.7998,2.8133,76200.0
2000-02-16,2.8133,2.8133,2.7863,2.793,112800.0
2000-02-17,2.793,2.8674,2.7863,2.8674,120600.0
2000-02-18,2.8945,2.8945,2.7998,2.8066,36600.0
2000-02-22,2.8066,2.8133,2.7863,2.7863,50400.0
2000-02-23,2.7727,2.8133,2.7727,2.8133,177000.0
2000-02-24,2.8133,3.3002,2.8133,3.2799,608400.0
2000-02-25,3.3002,3.3882,3.2597,3.2732,285000.0
2000-02-28,3.2461,3.2867,3.2461,3.2597,100200.0
2000-02-29,3.2191,3.2191,2.8539,3.0365,850200.0
2000-03-01,3.0568,3.0568,2.9486,2.9486,259800.0
2000-03-02,2.9215,2.9215,2.7186,2.7322,267600.0
2000-03-03,2.6916,2.8133,2.651,2.7051,175200.0
2000-03-06,2.6781,2.7119,2.6781,2.6781,58800.0
2000-03-07,2.6645,2.6645,2.367,2.651,290400.0
2000-03-08,2.6645,2.6781,2.624,2.624,378600.0
2000-03-09,2.6375,2.7119,2.624,2.6781,307200.0
2000-03-10,2.6713,2.7186,2.6713,2.6916,55800.0
2000-03-13,2.6916,2.7998,2.6916,2.7863,140400.0
2000-03-14,2.8066,2.8945,2.8066,2.8268,85200.0
2000-03-15,2.8539,2.8809,2.8268,2.8539,120000.0
2000-03-16,2.8268,2.9283,2.8268,2.9283,48600.0
2000-03-17,2.9418,2.9486,2.9215,2.9283,615600.0
2000-03-20,2.9283,3.05,2.9283,3.0162,197400.0
2000-03-21,2.9756,3.0297,2.9756,2.9892,42000.0
2000-03-22,2.9756,3.0162,2.908,2.9215,117000.0
2000-03-23,2.9215,2.9486,2.9215,2.9215,810000.0
2000-03-24,2.9418,2.9418,2.935,2.935,15600.0
2000-03-27,2.9486,2.9486,2.9283,2.9486,256200.0
2000-03-28,2.9418,2.9418,2.9215,2.9215,23400.0
2000-03-29,2.9215,2.9215,2.8945,2.908,64200.0
2000-03-30,2.908,2.9148,2.8674,2.908,6000.0
2000-03-31,2.908,2.908,2.7592,2.7592,164400.0
2000-04-03,2.7592,2.8133,2.7592,2.8133,106800.0
2000-04-04,2.8133,2.8133,2.7998,2.8066,7800.0
2000-04-05,2.7795,2.8133,2.7592,2.8133,98400.0
2000-04-06,2.8066,2.8268,2.7592,2.7998,131400.0
2000-04-07,2.7863,2.8133,2.7863,2.8133,160800.0
2000-04-10,2.8133,2.8133,2.7592,2.7592,362400.0
2000-04-11,2.7727,2.7727,2.7322,2.7457,53400.0
2000-04-12,2.7457,2.7457,2.7051,2.7186,200400.0
2000-04-13,2.7186,2.7322,2.6781,2.7051,97200.0
2000-04-14,2.7051,2.7051,2.624,2.651,264000.0
2000-04-17,2.6307,2.6307,2.6104,2.6172,336000.0
2000-04-18,2.6307,2.6578,2.5766,2.5834,40200.0
2000-04-19,2.5766,2.5969,2.5699,2.5969,75000.0
2000-04-20,2.5969,2.6104,2.5969,2.6104,19800.0
2000-04-24,2.6104,2.6172,2.5969,2.5969,67800.0
2000-04-25,2.5969,2.5969,2.5293,2.5496,843000.0
2000-04-26,2.5428,2.5969,2.5428,2.5563,590400.0
2000-04-27,2.4481,2.4887,2.4481,2.4617,475200.0
2000-04-28,2.4684,2.4887,2.4481,2.4887,109800.0
2000-05-01,2.4887,2.4887,2.4617,2.4887,127200.0
2000-05-02,2.4752,2.4819,2.4076,2.4076,141600.0
2000-05-03,2.4076,2.4278,2.3805,2.4076,345000.0
2000-05-04,2.4143,2.4346,2.394,2.4346,648600.0
2000-05-05,2.4549,2.4887,2.4549,2.4752,136200.0
2000-05-08,2.4887,2.5293,2.4752,2.5293,191400.0
2000-05-09,2.5428,2.8674,2.5428,2.6984,1120800.0
2000-05-10,2.6442,2.6442,2.5428,2.5699,1041000.0
2000-05-11,2.5834,2.5969,2.5428,2.5834,105600.0
2000-05-12,2.5699,2.6104,2.5699,2.6104,23400.0
2000-05-15,2.6375,2.6375,2.624,2.624,13200.0
2000-05-16,2.6375,2.651,2.624,2.651,61200.0
2000-05-17,2.651,2.7186,2.651,2.7119,21000.0
2000-05-18,2.6848,2.6916,2.651,2.6713,57000.0
2000-05-19,2.6848,2.6848,2.6713,2.6781,16800.0
2000-05-22,2.6645,2.6848,2.6645,2.6848,1800.0
2000-05-23,2.6713,2.6713,2.6578,2.6645,9600.0
2000-05-24,2.651,2.6578,2.651,2.6578,27600.0
2000-05-25,2.651,2.7525,2.651,2.7525,55800.0
2000-05-26,2.7389,2.7863,2.7389,2.7727,63000.0
2000-05-30,2.7998,2.8268,2.7998,2.7998,66600.0
2000-05-31,2.7998,2.8268,2.7998,2.8066,25200.0
2000-06-01,2.8133,2.8133,2.7998,2.7998,264600.0
2000-06-02,2.7863,2.8336,2.7863,2.8133,645600.0
2000-06-05,2.8404,2.8539,2.8404,2.8539,3000.0
2000-06-06,2.8404,2.8539,2.8133,2.8336,24600.0
2000-06-07,2.8539,2.8539,2.8133,2.8201,57000.0
2000-06-08,2.8133,2.8268,2.8133,2.8268,198000.0
2000-06-09,2.8133,2.8133,2.7863,2.7863,707400.0
2000-06-12,2.8133,2.8268,2.7863,2.8201,293400.0
2000-06-13,2.8133,2.8201,2.8133,2.8201,481200.0
2000-06-14,2.8133,2.8268,2.7998,2.8133,265800.0
2000-06-15,2.8133,2.8607,2.8066,2.8607,19800.0
2000-06-16,2.8742,2.8945,2.8674,2.8877,31800.0
2000-06-19,2.8607,2.8607,2.6375,2.6781,705600.0
2000-06-20,2.651,2.6781,2.624,2.6375,49800.0
2000-06-21,2.5834,2.6307,2.4955,2.5225,89400.0
2000-06-22,2.4955,2.5496,2.4955,2.536,61200.0
2000-06-23,2.536,2.5428,2.4887,2.4887,37200.0
2000-06-26,2.4887,2.4887,2.4887,2.4887,34200.0
2000-06-27,2.4887,2.5022,2.4481,2.4617,627600.0
2000-06-28,2.4617,2.4752,2.4617,2.4752,43800.0
2000-06-29,2.4887,2.509,2.4752,2.4887,84000.0
2000-06-30,2.4752,2.5969,2.4617,2.5901,144000.0
2000-07-03,2.5969,2.5969,2.5969,2.5969,227400.0
2000-07-05,2.5969,2.6104,2.5969,2.6104,37200.0
2000-07-06,2.624,2.6781,2.624,2.6645,155400.0
2000-07-07,2.6781,2.6983,2.6375,2.6375,21600.0
2000-07-10,2.624,2.6375,2.6104,2.624,14400.0
2000-07-11,2.5969,2.5969,2.5699,2.5834,120600.0
2000-07-12,2.5834,2.5834,2.5022,2.5022,58800.0
2000-07-13,2.5022,2.5022,2.4346,2.4346,141600.0
2000-07-14,2.4549,2.4955,2.4346,2.4346,144000.0
2000-07-17,2.4481,2.4887,2.4481,2.4752,5400.0
2000-07-18,2.4481,2.5022,2.4481,2.5022,6600.0
2000-07-19,2.5225,2.5428,2.4955,2.5293,69600.0
2000-07-20,2.5563,2.5563,2.5225,2.5563,9600.0
2000-07-21,2.5563,2.5563,2.4617,2.4887,139800.0
2000-07-24,2.4887,2.4887,2.4549,2.4549,16200.0
2000-07-25,2.4549,2.4617,2.4481,2.4481,9000.0
2000-07-26,2.4346,2.4346,2.3805,2.3805,59400.0
2000-07-27,2.3805,2.4076,2.3805,2.4076,37200.0
2000-07-28,2.4076,2.4076,2.4076,2.4076,0.0
2000-07-31,2.3974,2.4076,2.3805,2.4076,214200.0
2000-08-01,2.394,2.4076,2.394,2.4076,9000.0
2000-08-02,2.3873,2.4211,2.3805,2.4076,49200.0
2000-08-03,2.394,2.394,2.3805,2.394,72000.0
2000-08-04,2.4211,2.4481,2.4211,2.4346,8400.0
2000-08-07,2.4211,2.4346,2.4076,2.4076,22200.0
2000-08-08,2.4211,2.4481,2.4143,2.4346,9600.0
2000-08-09,2.3264,2.3264,2.137,2.1641,913200.0
2000-08-10,2.1911,2.2452,2.1911,2.1911,163200.0
2000-08-11,2.1776,2.1844,2.1709,2.1776,32400.0
2000-08-14,2.1709,2.1709,2.137,2.1573,134400.0
2000-08-15,2.1235,2.137,2.0965,2.11,261600.0
2000-08-16,2.0829,2.0829,2.0424,2.0424,301800.0
2000-08-17,2.0018,2.0221,1.9747,1.9747,1029000.0
2000-08-18,1.9747,2.0153,1.9747,2.0085,483600.0
2000-08-21,2.0153,2.0559,2.0153,2.0491,84600.0
2000-08-22,2.0559,2.0626,2.0559,2.0626,36000.0
2000-08-23,2.0559,2.0694,2.0559,2.0694,18000.0
2000-08-24,2.0559,2.0559,2.0491,2.0491,10800.0
2000-08-25,2.0626,2.137,2.0626,2.11,121800.0
2000-08-28,2.0694,2.0829,2.0559,2.0694,162600.0
2000-08-29,2.0829,2.11,2.0829,2.11,21600.0
2000-08-30,2.137,2.137,2.11,2.1235,22200.0
2000-08-31,2.1506,2.2047,2.1506,2.1911,10200.0
2000-09-01,2.2182,2.3129,2.2182,2.2723,257400.0
2000-09-05,2.2858,2.3129,2.2588,2.2791,79200.0
2000-09-06,2.2791,2.2993,2.2452,2.2452,26400.0
2000-09-07,2.2182,2.2385,2.2047,2.2047,19200.0
2000-09-08,2.2047,2.2047,2.1911,2.1911,9600.0
2000-09-11,2.2182,2.2182,2.1641,2.1641,162600.0
2000-09-12,2.1641,2.1776,2.1641,2.1776,93600.0
2000-09-13,2.1641,2.1641,2.1235,2.137,93600.0
2000-09-14,2.1506,2.1911,2.137,2.1911,358200.0
2000-09-15,2.2182,2.394,2.2182,2.3399,228000.0
2000-09-18,2.367,2.3737,2.3399,2.3399,2400.0
2000-09-19,2.3534,2.3534,2.2993,2.2993,37800.0
2000-09-20,2.2993,2.3264,2.2993,2.3264,147000.0
2000-09-21,2.3264,2.3534,2.3264,2.3467,33000.0
2000-09-22,2.3737,2.4008,2.367,2.367,96600.0
2000-09-25,2.3399,2.3399,2.2723,2.2993,52800.0
2000-09-26,2.2993,2.3061,2.2993,2.3061,186600.0
2000-09-27,2.3196,2.3332,2.3061,2.3129,81000.0
2000-09-28,2.3129,2.3129,2.3129,2.3129,15600.0
2000-09-29,2.3196,2.3196,2.3061,2.3129,23400.0
2000-10-02,2.3061,2.3399,2.3061,2.3129,16800.0
2000-10-03,2.3129,2.3264,2.3129,2.3129,7800.0
2000-10-04,2.3061,2.3399,2.2993,2.2993,418200.0
2000-10-05,2.3129,2.3129,2.2723,2.2723,333600.0
2000-10-06,2.2723,2.2723,2.2723,2.2723,600.0
2000-10-09,2.2723,2.2723,2.2723,2.2723,0.0
2000-10-10,2.2723,2.3061,2.2723,2.2926,18600.0
2000-10-11,2.2723,2.2723,2.2182,2.2182,27600.0
2000-10-12,2.2385,2.252,2.2317,2.2317,7800.0
2000-10-13,2.2317,2.2317,2.2182,2.2182,37200.0
2000-10-16,2.2182,2.2182,2.2182,2.2182,1800.0
2000-10-17,2.2182,2.2452,2.2182,2.2317,24600.0
2000-10-18,2.2182,2.2452,2.2182,2.2452,9000.0
2000-10-19,2.2655,2.2723,2.2452,2.2723,297000.0
2000-10-20,2.2993,2.2993,2.2588,2.2655,39000.0
2000-10-23,2.2385,2.2655,2.2385,2.2655,5400.0
2000-10-24,2.2317,2.2317,2.2317,2.2317,22800.0
2000-10-25,2.225,2.252,2.2182,2.225,79800.0
2000-10-26,2.225,2.3399,2.225,2.3129,105600.0
2000-10-27,2.2858,2.3399,2.2858,2.3129,12600.0
2000-10-30,2.3264,2.3264,2.2993,2.2993,53400.0
2000-10-31,2.2993,2.3805,2.2993,2.367,60600.0
2000-11-01,2.367,2.3737,2.3534,2.3534,21000.0
2000-11-02,2.367,2.394,2.3399,2.3534,164400.0
2000-11-03,2.3737,2.3737,2.3737,2.3737,6000.0
2000-11-06,2.394,2.4008,2.3805,2.3873,12600.0
2000-11-07,2.3873,2.3873,2.3805,2.3805,127200.0
2000-11-08,2.4076,2.5496,2.2182,2.2182,981600.0
2000-11-09,2.2047,2.2114,2.1641,2.1776,103200.0
2000-11-10,2.1709,2.2047,2.1641,2.1641,69000.0
2000-11-13,2.1641,2.1911,2.137,2.1776,4800.0
2000-11-14,2.1506,2.1506,2.1168,2.1168,29400.0
2000-11-15,2.1168,2.1438,2.0559,2.0559,310800.0
2000-11-16,2.0559,2.0559,2.0491,2.0559,84600.0
2000-11-17,2.0559,2.0559,2.0288,2.0288,41400.0
2000-11-20,2.0085,2.0424,2.0085,2.0424,10800.0
2000-11-21,2.0288,2.0288,2.0153,2.0153,2400.0
2000-11-22,1.7989,1.9883,1.7989,1.9883,670200.0
2000-11-24,1.9815,2.0018,1.9747,1.9747,12000.0
2000-11-27,1.9883,2.0018,1.9477,1.9883,73800.0
2000-11-28,1.9815,2.0018,1.9815,1.9883,8400.0
2000-11-29,1.9883,2.0153,1.9747,2.0085,160200.0
2000-11-30,2.0018,2.0018,1.9747,1.9815,149400.0
2000-12-01,2.0018,2.0018,1.9612,1.9612,46800.0
2000-12-04,1.9747,1.9883,1.9612,1.9747,316800.0
2000-12-05,1.9747,2.0559,1.9747,2.0559,98400.0
2000-12-06,2.0559,2.11,2.0424,2.11,304200.0
2000-12-07,2.11,2.1641,2.0965,2.1506,54000.0
2000-12-08,2.1641,2.1776,2.1641,2.1709,93600.0
2000-12-11,2.1911,2.2114,2.1709,2.1979,77400.0
2000-12-12,2.2182,2.2182,2.2047,2.2182,135000.0
2000-12-13,2.2182,2.2182,2.2182,2.2182,195600.0
2000-12-14,2.2182,2.225,2.2182,2.2182,129000.0
2000-12-15,2.2182,2.2317,2.2047,2.2182,2061600.0
2000-12-18,2.1911,2.2317,2.1911,2.2182,920400.0
2000-12-19,2.2182,2.2385,2.2182,2.2182,348000.0
2000-12-20,2.2182,2.225,2.1911,2.2182,247800.0
2000-12-21,2.225,2.2723,2.225,2.2452,263400.0
2000-12-22,2.2452,2.3399,2.2452,2.3264,367200.0
2000-12-26,2.3129,2.3805,2.3129,2.3332,12600.0
2000-12-27,2.3805,2.4075,2.2791,2.2791,185400.0
2000-12-28,2.2723,2.2723,2.2452,2.2723,491400.0
2000-12-29,2.252,2.252,2.2452,2.2452,34800.0
2001-01-02,2.2182,2.2858,2.2182,2.2858,138000.0
2001-01-03,2.2791,2.3129,2.2791,2.2858,4200.0
2001-01-04,2.2993,2.3805,2.2993,2.3467,42600.0
2001-01-05,2.3467,2.4346,2.3467,2.4346,24000.0
2001-01-08,2.4346,2.5428,2.4346,2.4887,36600.0
2001-01-09,2.4887,2.5158,2.4887,2.4955,54000.0
2001-01-10,2.4955,2.5293,2.4955,2.5158,108000.0
2001-01-11,2.5428,2.5428,2.5158,2.5225,4200.0
2001-01-12,2.5158,2.5834,2.5158,2.5293,45000.0
2001-01-16,2.5428,2.5563,2.5428,2.5496,5400.0
2001-01-17,2.5699,2.5969,2.5496,2.5969,46800.0
2001-01-18,2.5901,2.624,2.5699,2.624,58800.0
2001-01-19,2.6172,2.624,2.5969,2.624,12600.0
2001-01-22,2.6375,2.7322,2.6375,2.7051,143400.0
2001-01-23,2.6781,2.6781,2.651,2.6781,58200.0
2001-01-24,2.6781,2.6781,2.6781,2.6781,7800.0
2001-01-25,2.6781,2.6781,2.6104,2.6104,347400.0
2001-01-26,2.6104,2.6104,2.5158,2.5293,38400.0
2001-01-29,2.5017,2.5644,2.4995,2.4995,3600.0
2001-01-30,2.5266,2.5266,2.5266,2.5266,3600.0
2001-01-31,2.5428,2.5536,2.5428,2.5482,15000.0
2001-02-01,2.5439,2.5536,2.5439,2.5536,12600.0
2001-02-02,2.5807,2.6326,2.5807,2.6326,24000.0
2001-02-05,2.6402,2.7051,2.6402,2.6499,141000.0
2001-02-06,2.6402,2.651,2.6283,2.6499,15000.0
2001-02-07,2.6229,2.6229,2.5969,2.6077,251400.0
2001-02-08,2.598,2.598,2.5969,2.5969,14400.0
2001-02-09,2.5969,2.6402,2.5969,2.6402,46800.0
2001-02-12,2.651,2.651,2.6499,2.651,12600.0
2001-02-13,2.651,2.651,2.651,2.651,0.0
2001-02-14,2.651,2.6986,2.651,2.6618,51600.0
2001-02-15,2.6889,2.6997,2.6629,2.6672,184800.0
2001-02-16,2.6564,2.6672,2.6564,2.6618,25200.0
2001-02-20,2.651,2.651,2.6023,2.624,63600.0
2001-02-21,2.651,2.651,2.6294,2.6456,446400.0
2001-02-22,2.6402,2.6402,2.6402,2.6402,600.0
2001-02-23,2.624,2.624,2.5969,2.6023,18000.0
2001-02-26,2.6034,2.651,2.5969,2.651,80400.0
2001-02-27,2.6402,2.6781,2.6402,2.677,166200.0
2001-02-28,2.651,2.6727,2.5699,2.624,202800.0
2001-03-01,2.6185,2.6781,2.6023,2.6781,288000.0
2001-03-02,2.6781,2.7051,2.651,2.6759,139200.0
2001-03-05,2.7051,2.7159,2.704,2.7051,91800.0
2001-03-06,2.7051,2.7181,2.6781,2.7181,130800.0
2001-03-07,2.7051,2.7592,2.7051,2.7592,211800.0
2001-03-08,2.7322,2.7322,2.7051,2.7051,62400.0
2001-03-09,2.7051,2.7322,2.651,2.651,31200.0
2001-03-12,2.651,2.651,2.624,2.624,40800.0
2001-03-13,2.624,2.624,2.5536,2.5536,75000.0
2001-03-14,2.5536,2.5536,2.5158,2.5158,10800.0
2001-03-15,2.4887,2.4887,2.4346,2.4346,15600.0
2001-03-16,2.4606,2.4606,2.4454,2.4454,4800.0
2001-03-19,2.4292,2.4292,2.3589,2.3589,27600.0
2001-03-20,2.3827,2.3827,2.3589,2.3805,13200.0
2001-03-21,2.3848,2.3848,2.3805,2.3805,18000.0
2001-03-22,2.3805,2.3913,2.3589,2.3805,15000.0
2001-03-23,2.3697,2.4076,2.3697,2.3967,35400.0
2001-03-26,2.3859,2.4454,2.3805,2.4346,47400.0
2001-03-27,2.4617,2.4876,2.4617,2.4876,18600.0
2001-03-28,2.4876,2.4876,2.4671,2.4671,34200.0
2001-03-29,2.4627,2.4844,2.4627,2.4844,15000.0
2001-03-30,2.4844,2.5428,2.4833,2.5428,79800.0
2001-04-02,2.5536,2.5699,2.5536,2.5699,17400.0
2001-04-03,2.5969,2.6294,2.5969,2.6294,76200.0
2001-04-04,2.651,2.651,2.624,2.6294,43200.0
2001-04-05,2.6326,2.651,2.6326,2.6348,8400.0
2001-04-06,2.6618,2.7051,2.6618,2.7051,277800.0
2001-04-09,2.7051,2.8079,2.7051,2.8068,33600.0
2001-04-10,2.8079,2.8945,2.7863,2.8836,54000.0
2001-04-11,2.9215,2.9215,2.8404,2.8479,35400.0
2001-04-12,2.8642,2.8642,2.8133,2.8231,7200.0
2001-04-16,2.8133,2.8133,2.7592,2.7657,25800.0
2001-04-17,2.7592,2.77,2.7051,2.7051,8400.0
2001-04-18,2.7051,2.7809,2.7051,2.7549,32400.0
2001-04-19,2.7571,2.7571,2.7105,2.7181,30000.0
2001-04-20,2.7062,2.7592,2.7051,2.7322,38400.0
2001-04-23,2.7051,2.7051,2.7051,2.7051,7200.0
2001-04-24,2.7062,2.7062,2.7051,2.7051,11400.0
2001-04-25,2.7051,2.7884,2.7051,2.7614,73800.0
2001-04-26,2.7343,2.7354,2.7051,2.7159,485400.0
2001-04-27,2.7062,2.7268,2.7051,2.7062,57000.0
2001-04-30,2.7268,2.7268,2.7268,2.7268,600.0
2001-05-01,2.7322,2.7322,2.7062,2.7322,20400.0
2001-05-02,2.743,2.7592,2.7159,2.7592,52800.0
2001-05-03,2.7538,2.7538,2.743,2.7538,6600.0
2001-05-04,2.7538,2.8696,2.743,2.8685,138000.0
2001-05-07,2.8685,2.8782,2.8512,2.8663,120600.0
2001-05-08,2.8772,2.8772,2.8241,2.835,104400.0
2001-05-09,2.862,2.9215,2.862,2.8945,81000.0
2001-05-10,2.8891,2.9594,2.862,2.9594,109200.0
2001-05-11,2.9756,2.9919,2.9269,2.9323,45600.0
2001-05-14,2.9053,2.9053,2.8782,2.8945,67800.0
2001-05-15,2.8945,2.8945,2.8566,2.8566,27600.0
2001-05-16,2.8295,2.8317,2.8133,2.8133,1104000.0
2001-05-17,2.822,2.8252,2.8187,2.8198,16800.0
2001-05-18,2.8144,2.8674,2.8144,2.8404,21000.0
2001-05-21,2.8512,2.9648,2.8512,2.9648,50400.0
2001-05-22,2.954,2.954,2.9118,2.9215,80400.0
2001-05-23,2.8945,2.8945,2.8836,2.8836,19200.0
2001-05-24,2.8837,2.8837,2.8241,2.8241,10800.0
2001-05-25,2.8512,2.862,2.8512,2.862,18600.0
2001-05-29,2.8404,2.8674,2.8404,2.8458,12600.0
2001-05-30,2.835,2.8674,2.8295,2.8674,123600.0
2001-05-31,2.8674,2.8674,2.8404,2.8663,60600.0
2001-06-01,2.8404,2.8663,2.8133,2.8501,50400.0
2001-06-04,2.8447,2.8447,2.8274,2.8295,10800.0
2001-06-05,2.8295,2.8339,2.8133,2.8133,216600.0
2001-06-06,2.8133,2.8166,2.8133,2.8144,8400.0
2001-06-07,2.8404,2.8782,2.8404,2.8782,1283400.0
2001-06-08,2.8847,2.8847,2.8728,2.8728,6000.0
2001-06-11,2.8674,2.8891,2.8674,2.875,67200.0
2001-06-12,2.8728,2.9215,2.8674,2.9215,37800.0
2001-06-13,2.9215,2.9378,2.9215,2.9226,16800.0
2001-06-14,2.9237,2.9334,2.8999,2.9215,79800.0
2001-06-15,2.9215,2.9378,2.9215,2.9367,48000.0
2001-06-18,2.9378,2.9378,2.9291,2.9313,22200.0
2001-06-19,2.9432,2.9756,2.9378,2.9378,81000.0
2001-06-20,2.9432,2.9648,2.9432,2.9486,53400.0
2001-06-21,2.9323,2.9605,2.9323,2.9421,49200.0
2001-06-22,2.9529,2.954,2.9399,2.9432,47400.0
2001-06-25,2.9378,2.9388,2.9378,2.9388,8400.0
2001-06-26,2.9378,2.9594,2.9107,2.9107,64800.0
2001-06-27,2.9215,2.9497,2.8674,2.8956,111600.0
2001-06-28,2.9031,2.9756,2.9031,2.9702,160200.0
2001-06-29,2.9432,2.9756,2.9269,2.9756,45000.0
2001-07-02,2.9756,2.9756,2.9648,2.9702,9000.0
2001-07-03,2.9594,2.9735,2.9486,2.9572,23400.0
2001-07-05,2.9594,2.9897,2.9486,2.9897,52200.0
2001-07-06,2.9854,3.0189,2.9735,3.0189,22200.0
2001-07-09,3.0297,3.06,2.9215,2.9334,388800.0
2001-07-10,2.9269,2.954,2.9215,2.9215,178200.0
2001-07-11,2.9215,2.9378,2.9215,2.9378,180000.0
2001-07-12,2.9323,2.9594,2.9323,2.9594,157200.0
2001-07-13,2.9594,2.9594,2.9594,2.9594,0.0
2001-07-16,2.9572,2.9572,2.9269,2.9269,21600.0
2001-07-17,2.9302,2.9919,2.9302,2.981,49800.0
2001-07-18,2.994,3.06,2.994,3.06,220800.0
2001-07-19,3.0784,3.0784,3.06,3.0708,143400.0
2001-07-20,3.06,3.06,3.0167,3.0297,141600.0
2001-07-23,3.0189,3.0265,2.9973,2.9973,16800.0
2001-07-24,3.0189,3.0405,3.0146,3.0405,80400.0
2001-07-25,3.0405,3.0568,3.0405,3.0514,25200.0
2001-07-26,3.073,3.073,3.0568,3.0568,3600.0
2001-07-27,3.0676,3.073,3.0622,3.0622,16200.0
2001-07-30,3.0784,3.0827,3.0081,3.0351,54000.0
2001-07-31,3.0384,3.0557,3.0384,3.0503,19200.0
2001-08-01,3.0395,3.0687,3.0395,3.0416,20400.0
2001-08-02,3.0492,3.1195,3.0492,3.0947,64800.0
2001-08-03,3.0838,3.1109,3.0817,3.0947,38400.0
2001-08-06,3.0838,3.0882,3.0622,3.0719,27600.0
2001-08-07,3.0882,3.1423,3.073,3.1249,39600.0
2001-08-08,3.1141,3.1141,3.0784,3.0784,1791600.0
2001-08-09,3.0838,3.0838,3.0752,3.0806,4800.0
2001-08-10,3.0763,3.0763,3.0405,3.0405,17400.0
2001-08-13,3.0297,3.0784,3.0297,3.0297,31200.0
2001-08-14,3.0211,3.0405,3.0211,3.0405,6600.0
2001-08-15,3.0297,3.0297,3.0276,3.0286,3600.0
2001-08-16,3.0276,3.0286,3.0167,3.0167,12000.0
2001-08-17,3.0286,3.0297,3.0243,3.0297,34200.0
2001-08-20,3.0265,3.0265,3.0167,3.0222,4800.0
2001-08-21,3.0005,3.0005,2.9756,2.9756,12600.0
2001-08-22,3.0027,3.0027,3.0027,3.0027,600.0
2001-08-23,2.9973,2.9973,2.981,2.981,6000.0
2001-08-24,2.9594,2.9594,2.954,2.9594,8400.0
2001-08-27,2.9432,2.9475,2.9323,2.9378,10800.0
2001-08-28,2.9432,2.9475,2.941,2.941,94800.0
2001-08-29,2.9323,2.9323,2.9107,2.9118,6600.0
2001-08-30,2.9064,2.9096,2.8782,2.8782,7800.0
2001-08-31,2.8674,2.8934,2.8577,2.8577,14400.0
2001-09-04,2.8566,2.8663,2.8566,2.8663,12600.0
2001-09-05,2.8663,2.8663,2.8566,2.8566,21000.0
2001-09-06,2.862,2.862,2.8025,2.8133,445800.0
2001-09-07,2.7863,2.7938,2.77,2.77,14400.0
2001-09-10,2.7873,2.7873,2.7635,2.7635,11400.0
2001-09-17,2.7376,2.7376,2.624,2.624,55800.0
2001-09-18,2.5969,2.624,2.5861,2.6077,39000.0
2001-09-19,2.5915,2.5915,2.5915,2.5915,4200.0
2001-09-20,2.5807,2.5807,2.5114,2.5168,59400.0
2001-09-21,2.4995,2.4995,2.4887,2.4898,121800.0
2001-09-24,2.4887,2.5536,2.4887,2.5212,106200.0
2001-09-25,2.5374,2.5883,2.5374,2.5883,28200.0
2001-09-26,2.5699,2.5915,2.5374,2.5536,183600.0
2001-09-27,2.5796,2.5807,2.559,2.5807,3600.0
2001-09-28,2.6077,2.6889,2.6077,2.6889,19800.0
2001-10-01,2.6878,2.704,2.6878,2.6932,80400.0
2001-10-02,2.6781,2.6781,2.6359,2.6359,2400.0
2001-10-03,2.677,2.677,2.6716,2.6727,22200.0
2001-10-04,2.6781,2.6781,2.6521,2.677,23400.0
2001-10-05,2.6781,2.6781,2.677,2.677,30600.0
2001-10-08,2.6727,2.6965,2.6727,2.6965,12600.0
2001-10-09,2.7051,2.717,2.7051,2.7127,43800.0
2001-10-10,2.7105,2.7159,2.7062,2.7116,8400.0
2001-10-11,2.7127,2.7657,2.7127,2.7646,22800.0
2001-10-12,2.7765,2.7765,2.7765,2.7765,1200.0
2001-10-15,2.7917,2.8306,2.7917,2.8306,28800.0
2001-10-16,2.8133,2.8133,2.8122,2.8133,20400.0
2001-10-17,2.8187,2.835,2.8187,2.8241,4200.0
2001-10-18,2.8252,2.8252,2.8252,2.8252,600.0
2001-10-19,2.8263,2.8295,2.8263,2.8295,19200.0
2001-10-22,2.8295,2.8458,2.8295,2.8458,22200.0
2001-10-23,2.849,2.8728,2.849,2.8631,82800.0
2001-10-24,2.8566,2.8566,2.8566,2.8566,4200.0
2001-10-25,2.8674,2.9161,2.8674,2.9107,44400.0
2001-10-26,2.9085,2.9085,2.8837,2.8999,3600.0
2001-10-29,2.8945,2.9096,2.8945,2.8945,10200.0
2001-10-30,2.8945,2.8956,2.8133,2.8295,147600.0
2001-10-31,2.8404,2.9075,2.8404,2.9053,55800.0
2001-11-01,2.9107,2.9107,2.8404,2.8598,84600.0
2001-11-02,2.8782,2.9107,2.8674,2.901,69600.0
2001-11-05,2.9107,2.954,2.8837,2.954,112200.0
2001-11-06,2.8945,3.0297,2.8837,3.0189,234600.0
2001-11-07,3.0124,3.0817,3.0092,3.073,113400.0
2001-11-08,3.0568,3.0827,3.0568,3.0827,7800.0
2001-11-09,3.073,3.073,3.0276,3.0276,36600.0
2001-11-12,3.0276,3.0276,2.9756,2.9756,29400.0
2001-11-13,2.9648,2.967,2.8945,2.9204,55800.0
2001-11-14,2.9107,2.9107,2.8674,2.8728,18600.0
2001-11-15,2.8404,2.8404,2.836,2.836,4200.0
2001-11-16,2.8241,2.8252,2.704,2.7105,110400.0
2001-11-19,2.7213,2.7322,2.6943,2.6943,40200.0
2001-11-20,2.7008,2.7051,2.6954,2.6954,106800.0
2001-11-21,2.6954,2.7051,2.691,2.7051,2484000.0
2001-11-23,2.7051,2.7213,2.6943,2.717,54600.0
2001-11-26,2.7322,2.7419,2.7268,2.7419,9600.0
2001-11-27,2.7462,2.769,2.7289,2.7538,60600.0
2001-11-28,2.7592,2.7592,2.7376,2.7516,28800.0
2001-11-29,2.7246,2.7754,2.7246,2.7754,46800.0
2001-11-30,2.7711,2.8566,2.7711,2.8285,65400.0
2001-12-03,2.8501,2.9096,2.8447,2.8566,60000.0
2001-12-04,2.8566,2.8566,2.8544,2.8544,14400.0
2001-12-05,2.8436,2.8436,2.6402,2.6759,327000.0
2001-12-06,2.677,2.7051,2.677,2.6954,73200.0
2001-12-07,2.7029,2.7592,2.7029,2.7538,43800.0
2001-12-10,2.7376,2.7376,2.7376,2.7376,14400.0
2001-12-11,2.7484,2.7484,2.7213,2.7235,33000.0
2001-12-12,2.7149,2.7149,2.7051,2.7051,10800.0
2001-12-13,2.7051,2.7051,2.6943,2.6943,3600.0
2001-12-14,2.6727,2.6727,2.6077,2.651,236400.0
2001-12-17,2.6402,2.651,2.6369,2.651,35400.0
2001-12-18,2.651,2.651,2.651,2.651,600.0
2001-12-19,2.6402,2.6402,2.6034,2.6066,88800.0
2001-12-20,2.6066,2.6229,2.6066,2.6229,56400.0
2001-12-21,2.6229,2.651,2.6229,2.6456,30000.0
2001-12-24,2.6348,2.6456,2.6348,2.6456,14400.0
2001-12-26,2.6499,2.6618,2.6499,2.6618,6000.0
2001-12-27,2.6727,2.6856,2.664,2.6791,8400.0
2001-12-28,2.6737,2.6943,2.6727,2.6727,19200.0
2001-12-31,2.6618,2.6943,2.6618,2.6921,34800.0
2002-01-02,2.6921,2.6965,2.6727,2.6965,19800.0
2002-01-03,2.6965,2.7484,2.6943,2.743,42600.0
2002-01-04,2.7538,2.8025,2.7538,2.7863,19800.0
2002-01-07,2.8079,2.8079,2.7819,2.7928,26400.0
2002-01-08,2.809,2.8133,2.7938,2.8079,97200.0
2002-01-09,2.7982,2.8101,2.7917,2.8079,61200.0
2002-01-10,2.8133,2.8404,2.8133,2.8404,28200.0
2002-01-11,2.8512,2.8577,2.8414,2.8534,48000.0
2002-01-14,2.8512,2.8674,2.8458,2.8674,73800.0
2002-01-15,2.8674,2.8836,2.8674,2.8804,3600.0
2002-01-16,2.8728,2.8772,2.8728,2.875,4800.0
2002-01-17,2.8782,2.9053,2.8728,2.9053,49800.0
2002-01-18,2.9215,2.9215,2.9107,2.9215,9000.0
2002-01-22,2.9215,2.9215,2.849,2.849,64200.0
2002-01-23,2.8598,2.8598,2.8274,2.8274,3600.0
2002-01-24,2.8404,2.8674,2.8404,2.8674,55200.0
2002-01-25,2.8631,2.8631,2.8631,2.8631,2400.0
2002-01-28,2.8523,2.8674,2.8523,2.8609,16800.0
2002-01-29,2.8577,2.8577,2.8577,2.8577,7800.0
2002-01-30,2.8588,2.8815,2.8588,2.8663,13800.0
2002-01-31,2.8674,2.8956,2.8642,2.8956,51600.0
2002-02-01,2.8847,2.8945,2.8847,2.8945,202200.0
2002-02-04,2.8966,2.9161,2.8782,2.8836,30600.0
2002-02-05,2.8977,2.9053,2.8761,2.8782,18000.0
2002-02-06,2.8674,2.8685,2.8663,2.8663,8400.0
2002-02-07,2.8642,2.8642,2.8512,2.8555,15000.0
2002-02-08,2.8479,2.8642,2.8436,2.8642,22800.0
2002-02-11,2.8534,2.8534,2.8133,2.8241,32400.0
2002-02-12,2.8274,2.8577,2.8274,2.8469,12000.0
2002-02-13,2.8469,2.8469,2.8328,2.836,28200.0
2002-02-14,2.8393,2.8674,2.8133,2.8674,44400.0
2002-02-15,2.8674,2.8674,2.8653,2.8653,1800.0
2002-02-19,2.8663,2.9085,2.8653,2.9042,127800.0
2002-02-20,2.8934,2.9085,2.8934,2.8999,28800.0
2002-02-21,2.8999,2.8999,2.8826,2.8836,102000.0
2002-02-22,2.8674,2.9215,2.8566,2.9215,200400.0
2002-02-25,2.9215,2.9378,2.9053,2.9378,43200.0
2002-02-26,2.9464,3.0514,2.9464,3.0124,290400.0
2002-02-27,3.0211,3.0297,3.0189,3.0243,33600.0
2002-02-28,3.0297,3.033,3.0297,3.0308,13200.0
2002-03-01,3.0297,3.0395,3.0297,3.0297,10200.0
2002-03-04,3.0297,3.0514,2.9215,2.9875,864000.0
2002-03-05,2.9973,2.9973,2.9864,2.9864,13800.0
2002-03-06,2.9756,2.9973,2.9648,2.9864,81600.0
2002-03-07,2.9843,2.9864,2.9648,2.9648,38400.0
2002-03-08,2.9648,2.9648,2.9378,2.9486,34200.0
2002-03-11,2.9432,2.9756,2.9107,2.9215,72000.0
2002-03-12,2.8999,2.9215,2.8674,2.8674,33000.0
2002-03-13,2.8728,2.9323,2.8642,2.9323,241200.0
2002-03-14,2.9237,2.9237,2.8945,2.9194,226800.0
2002-03-15,2.9161,2.9194,2.9118,2.915,5400.0
2002-03-18,2.9107,2.9107,2.8891,2.8934,41400.0
2002-03-19,2.8934,2.9053,2.8674,2.8988,207000.0
2002-03-20,2.8945,2.8945,2.862,2.8674,32400.0
2002-03-21,2.8566,2.862,2.8566,2.8566,39000.0
2002-03-22,2.8663,2.8945,2.8642,2.8945,49800.0
2002-03-25,2.8999,2.9194,2.8566,2.8566,58200.0
2002-03-26,2.8555,2.8945,2.8555,2.8836,66600.0
2002-03-27,2.8945,2.9064,2.8945,2.9064,5400.0
2002-03-28,2.8956,2.9378,2.8956,2.9378,123000.0
2002-04-01,2.9378,2.9486,2.9323,2.9323,88800.0
2002-04-02,2.9323,2.9432,2.9215,2.9378,9600.0
2002-04-03,2.9215,2.9248,2.8869,2.888,131400.0
2002-04-04,2.888,2.9161,2.888,2.9161,43800.0
2002-04-05,2.9215,2.9378,2.8945,2.9302,154800.0
2002-04-08,2.9302,2.9432,2.9237,2.9237,9600.0
2002-04-09,2.9486,2.9983,2.9486,2.9648,44400.0
2002-04-10,2.9864,3.0622,2.9864,3.0546,114000.0
2002-04-11,3.0546,3.0763,3.0416,3.0622,19200.0
2002-04-12,3.0784,3.1109,3.0719,3.1109,35400.0
2002-04-15,3.1055,3.1379,3.1055,3.1379,43800.0
2002-04-16,3.1271,3.1542,3.1271,3.1379,168000.0
2002-04-17,3.1109,3.1282,3.0838,3.1044,50400.0
2002-04-18,3.1152,3.1271,3.0892,3.0892,64800.0
2002-04-19,3.0903,3.1217,3.0838,3.1217,14400.0
2002-04-22,3.126,3.1542,3.1174,3.1542,22200.0
2002-04-23,3.1596,3.1888,3.1552,3.1888,40800.0
2002-04-24,3.192,3.2461,3.192,3.2407,227400.0
2002-04-25,3.2461,3.2461,3.2191,3.2407,60000.0
2002-04-26,3.2418,3.2451,3.2256,3.2353,57600.0
2002-04-29,3.2288,3.2299,3.2029,3.218,18000.0
2002-04-30,3.218,3.2451,3.2148,3.2396,43800.0
2002-05-01,3.2386,3.2396,3.2191,3.2331,8400.0
2002-05-02,3.2353,3.2353,3.2331,3.2331,12000.0
2002-05-03,3.2299,3.2461,3.2191,3.2461,301200.0
2002-05-06,3.2461,3.3543,3.2461,3.3219,102600.0
2002-05-07,3.3543,3.376,3.3002,3.3262,273600.0
2002-05-08,3.3219,3.3479,3.3219,3.3479,39600.0
2002-05-09,3.3381,3.3381,3.3219,3.3262,68400.0
2002-05-10,3.3262,3.3273,3.2461,3.2948,68400.0
2002-05-13,3.2678,3.2829,3.2083,3.2732,141600.0
2002-05-14,3.2461,3.3046,3.2461,3.3046,85800.0
2002-05-15,3.3111,3.4019,3.3111,3.376,45600.0
2002-05-16,3.376,3.4896,3.376,3.468,106800.0
2002-05-17,3.4788,3.5221,3.4636,3.5058,17400.0
2002-05-20,3.4896,3.4896,3.4755,3.4755,6600.0
2002-05-21,3.4625,3.4777,3.4571,3.4647,46800.0
2002-05-22,3.4604,3.4625,3.4463,3.4625,121800.0
2002-05-23,3.4593,3.4658,3.4366,3.4625,115800.0
2002-05-24,3.4625,3.4625,3.4625,3.4625,8400.0
2002-05-28,3.4625,3.4625,3.4409,3.4571,78000.0
2002-05-29,3.4571,3.4571,3.4409,3.4431,68400.0
2002-05-30,3.4496,3.4517,3.4409,3.4463,67800.0
2002-05-31,3.4463,3.4842,3.4463,3.4625,174000.0
2002-06-03,3.4625,3.4788,3.4604,3.4604,11400.0
2002-06-04,3.4625,3.4842,3.4258,3.4842,36600.0
2002-06-05,3.4734,3.4896,3.4517,3.455,51000.0
2002-06-06,3.4712,3.4723,3.4517,3.4571,59400.0
2002-06-07,3.4571,3.468,3.4571,3.468,55200.0
2002-06-10,3.4744,3.495,3.4744,3.4896,69000.0
2002-06-11,3.4896,3.4896,3.4355,3.4355,42600.0
2002-06-12,3.4236,3.4236,3.3533,3.3543,37200.0
2002-06-13,3.3381,3.3749,3.3219,3.3738,58200.0
2002-06-14,3.3738,3.4301,3.3738,3.4247,31200.0
2002-06-17,3.4247,3.4247,3.4063,3.4063,10800.0
2002-06-18,3.4084,3.4084,3.4084,3.4084,119400.0
2002-06-19,3.4063,3.4063,3.3965,3.3976,12000.0
2002-06-20,3.3976,3.3976,3.3543,3.3543,29400.0
2002-06-21,3.3543,3.3662,3.3381,3.3598,276000.0
2002-06-24,3.3597,3.3597,3.3219,3.3327,59400.0
2002-06-25,3.3338,3.3543,3.3273,3.3273,16200.0
2002-06-26,3.3273,3.3273,3.2786,3.2992,33000.0
2002-06-27,3.2981,3.3435,3.2981,3.3414,70800.0
2002-06-28,3.3414,3.3771,3.3414,3.3771,9600.0
2002-07-01,3.4041,3.4139,3.3933,3.3933,21600.0
2002-07-02,3.376,3.4463,3.376,3.4463,33600.0
2002-07-03,3.4734,3.4842,3.4539,3.4539,48000.0
2002-07-05,3.4268,3.4961,3.4203,3.4961,33000.0
2002-07-08,3.4961,3.5047,3.4853,3.4853,263400.0
2002-07-09,3.4788,3.4788,3.4604,3.4604,82200.0
2002-07-10,3.4582,3.4582,3.3922,3.3922,89400.0
2002-07-11,3.4106,3.4355,3.4106,3.4344,7800.0
2002-07-12,3.4409,3.4409,3.376,3.3944,522600.0
2002-07-15,3.3944,3.3944,3.3944,3.3944,0.0
2002-07-16,3.3922,3.3922,3.2786,3.2786,95400.0
2002-07-17,3.2883,3.2883,3.284,3.2851,19800.0
2002-07-18,3.2851,3.3002,3.2851,3.3002,401400.0
2002-07-19,3.2894,3.3165,3.2732,3.284,69600.0
2002-07-22,3.2981,3.3121,3.2981,3.2992,10200.0
2002-07-23,3.2948,3.3002,3.2894,3.2894,28200.0
2002-07-24,3.2894,3.2894,3.2829,3.2829,143400.0
2002-07-25,3.2732,3.2732,3.1974,3.2029,77400.0
2002-07-26,3.2029,3.2039,3.1996,3.2039,78000.0
2002-07-29,3.0297,3.1542,3.0297,3.1542,292200.0
2002-07-30,3.1531,3.1866,3.152,3.1866,29400.0
2002-07-31,3.1758,3.1855,3.1552,3.1596,25800.0
2002-08-01,3.1596,3.1596,3.0838,3.0947,133800.0
2002-08-02,3.1001,3.1109,3.0946,3.0957,10800.0
2002-08-05,3.0946,3.1087,3.0871,3.0914,13800.0
2002-08-06,3.165,3.2353,3.1379,3.1379,81600.0
2002-08-07,3.1542,3.1617,3.1542,3.1617,8400.0
2002-08-08,3.1596,3.1596,3.1542,3.1574,46200.0
2002-08-09,3.1542,3.1542,3.1325,3.1325,3000.0
2002-08-12,3.1271,3.1661,3.1163,3.1596,184200.0
2002-08-13,3.1542,3.1542,3.1109,3.113,25200.0
2002-08-14,3.1217,3.1217,3.0838,3.1217,60600.0
2002-08-15,3.1163,3.1217,3.1109,3.1217,10200.0
2002-08-16,3.1174,3.1379,3.1109,3.1379,31200.0
2002-08-19,3.1379,3.1466,3.0946,3.1314,61800.0
2002-08-20,3.1325,3.1325,3.086,3.0892,52800.0
2002-08-21,3.0936,3.1271,3.086,3.1217,20400.0
2002-08-22,3.1163,3.1217,3.1163,3.1163,5400.0
2002-08-23,3.1174,3.1271,3.1109,3.1109,9000.0
2002-08-26,3.1163,3.1282,3.1109,3.1109,10200.0
2002-08-27,3.1109,3.1152,3.0871,3.0871,32400.0
2002-08-28,3.0947,3.1163,3.0817,3.0947,274200.0
2002-08-29,3.1109,3.1163,3.0838,3.1163,51600.0
2002-08-30,3.1282,3.1282,3.0947,3.0947,13800.0
2002-09-03,3.0957,3.1379,3.0849,3.1282,78600.0
2002-09-04,3.1379,3.1542,3.1336,3.1542,100200.0
2002-09-05,3.1271,3.1401,3.1174,3.1379,28800.0
2002-09-06,3.1488,3.1488,3.139,3.139,7200.0
2002-09-09,3.1379,3.1412,3.1379,3.1412,1800.0
2002-09-10,3.1585,3.1758,3.1574,3.1758,28200.0
2002-09-11,3.3002,3.3002,3.2732,3.2732,97800.0
2002-09-12,3.2948,3.3273,3.2948,3.3219,15600.0
2002-09-13,3.3111,3.324,3.3111,3.323,5400.0
2002-09-16,3.323,3.3598,3.323,3.3435,63000.0
2002-09-17,3.3446,3.3543,3.3381,3.3381,15600.0
2002-09-18,3.3273,3.3338,3.323,3.324,6000.0
2002-09-19,3.323,3.3435,3.3176,3.3176,34800.0
2002-09-20,3.3219,3.3219,3.2418,3.2461,63600.0
2002-09-23,3.2472,3.2678,3.2472,3.2667,7200.0
2002-09-24,3.2483,3.2732,3.2353,3.2353,19800.0
2002-09-25,3.2407,3.258,3.2353,3.258,8400.0
2002-09-26,3.258,3.258,3.258,3.258,0.0
2002-09-27,3.257,3.257,3.2353,3.2407,13200.0
2002-09-30,3.2386,3.2461,3.192,3.2245,50400.0
2002-10-01,3.2256,3.2786,3.2256,3.2786,14400.0
2002-10-02,3.2678,3.4041,3.2678,3.3987,45000.0
2002-10-03,3.3976,3.4452,3.3543,3.4452,63600.0
2002-10-04,3.4193,3.4312,3.3327,3.3435,184800.0
2002-10-07,3.3327,3.3424,3.2515,3.258,95400.0
2002-10-08,3.257,3.3165,3.257,3.3165,75000.0
2002-10-09,3.3165,3.3219,3.3132,3.3219,58800.0
2002-10-10,3.3111,3.3359,3.3111,3.3359,376800.0
2002-10-11,3.3435,3.403,3.3435,3.3933,24000.0
2002-10-14,3.3922,3.3976,3.3868,3.3922,7200.0
2002-10-15,3.3868,3.3868,3.3327,3.3435,51000.0
2002-10-16,3.3424,3.3706,3.2689,3.3706,141600.0
2002-10-17,3.3554,3.3792,3.3511,3.3543,49800.0
2002-10-18,3.3511,3.3511,3.3273,3.3489,11400.0
2002-10-21,3.3273,3.3381,3.3219,3.3251,54000.0
2002-10-22,3.3219,3.3273,3.2894,3.3067,104400.0
2002-10-23,3.31,3.3219,3.3056,3.3111,11400.0
2002-10-24,3.3056,3.3089,3.3002,3.3002,4200.0
2002-10-25,3.3035,3.3392,3.3035,3.3273,28200.0
2002-10-28,3.324,3.3868,3.3208,3.3435,54000.0
2002-10-29,3.3543,3.3814,3.3533,3.3533,39600.0
2002-10-30,3.3284,3.3284,3.3284,3.3284,600.0
2002-10-31,3.3489,3.3522,3.3327,3.3522,14400.0
2002-11-01,3.35,3.3533,3.3381,3.3381,34200.0
2002-11-04,3.3273,3.3608,3.3262,3.3489,91800.0
2002-11-05,3.3414,3.3706,3.3002,3.337,110400.0
2002-11-06,3.3435,3.3662,3.3414,3.3435,45600.0
2002-11-07,3.3533,3.3597,3.3414,3.3414,61800.0
2002-11-08,3.3327,3.3381,3.3219,3.3273,4200.0
2002-11-11,3.3381,3.3543,3.3111,3.3111,44400.0
2002-11-12,3.3175,3.3543,3.3175,3.3468,12000.0
2002-11-13,3.3424,3.3424,3.2461,3.3002,220200.0
2002-11-14,3.3078,3.3121,3.3013,3.3121,72000.0
2002-11-15,3.3111,3.3121,3.3002,3.3121,21000.0
2002-11-18,3.3121,3.3262,3.3002,3.3002,39000.0
2002-11-19,3.3013,3.3013,3.2786,3.2948,139800.0
2002-11-20,3.2948,3.3002,3.2916,3.2937,37200.0
2002-11-21,3.2937,3.3154,3.2786,3.2862,507600.0
2002-11-22,3.2927,3.3002,3.284,3.284,186000.0
2002-11-25,3.2894,3.3111,3.2894,3.2894,69600.0
2002-11-26,3.2894,3.2992,3.2894,3.2959,69000.0
2002-11-27,3.3089,3.3284,3.2894,3.3056,81000.0
2002-11-29,3.3002,3.3002,3.2948,3.2948,2400.0
2002-12-02,3.3002,3.3111,3.2461,3.2591,301200.0
2002-12-03,3.2602,3.2786,3.2602,3.2786,64800.0
2002-12-04,3.2613,3.284,3.2515,3.2797,57000.0
2002-12-05,3.284,3.2883,3.2797,3.2797,6600.0
2002-12-06,3.284,3.284,3.2472,3.2494,12600.0
2002-12-09,3.2526,3.2526,3.2245,3.2353,112800.0
2002-12-10,3.2299,3.271,3.2137,3.2461,119400.0
2002-12-11,3.2396,3.257,3.2375,3.2375,93600.0
2002-12-12,3.244,3.3078,3.2375,3.3078,28200.0
2002-12-13,3.3165,3.3284,3.3165,3.323,16800.0
2002-12-16,3.3186,3.4193,3.3002,3.4084,81000.0
2002-12-17,3.4193,3.5037,3.4193,3.5037,93600.0
2002-12-18,3.4896,3.5004,3.403,3.403,63600.0
2002-12-19,3.376,3.4853,3.376,3.4831,83400.0
2002-12-20,3.4939,3.5707,3.4874,3.5188,83400.0
2002-12-23,3.5361,3.5361,3.4896,3.5166,93000.0
2002-12-24,3.5156,3.5156,3.4301,3.4333,90000.0
2002-12-26,3.4496,3.5275,3.4496,3.5221,52800.0
2002-12-27,3.5221,3.5221,3.495,3.508,15000.0
2002-12-30,3.5177,3.5405,3.5177,3.5394,12000.0
2002-12-31,3.5361,3.5361,3.5004,3.5004,25800.0
2003-01-02,3.5112,3.5545,3.508,3.5545,22800.0
2003-01-03,3.5707,3.5762,3.5707,3.5718,64200.0
2003-01-06,3.5686,3.5707,3.561,3.5621,30000.0
2003-01-07,3.5621,3.5783,3.5621,3.5783,16200.0
2003-01-08,3.5783,3.5816,3.5783,3.5783,18600.0
2003-01-09,3.5881,3.6194,3.5881,3.6021,52200.0
2003-01-10,3.6065,3.6281,3.5924,3.5924,67800.0
2003-01-13,3.6032,3.6032,3.5534,3.5534,36600.0
2003-01-14,3.5383,3.5405,3.5307,3.5383,9600.0
2003-01-15,3.5275,3.5275,3.5166,3.5221,6600.0
2003-01-16,3.5253,3.5329,3.5177,3.5329,16800.0
2003-01-17,3.5329,3.5459,3.5166,3.5275,16800.0
2003-01-21,3.5166,3.5166,3.4604,3.4604,35400.0
2003-01-22,3.4517,3.4615,3.4496,3.4496,13200.0
2003-01-23,3.442,3.442,3.4084,3.4128,5400.0
2003-01-24,3.4193,3.4193,3.4193,3.4193,1200.0
2003-01-27,3.4084,3.4084,3.3976,3.3976,29400.0
2003-01-28,3.403,3.403,3.3717,3.3717,35400.0
2003-01-29,3.3662,3.3717,3.3446,3.3598,45000.0
2003-01-30,3.3608,3.3922,3.3533,3.3684,45600.0
2003-01-31,3.3803,3.3976,3.3543,3.3727,37800.0
2003-02-03,3.3825,3.3922,3.3543,3.3543,13200.0
2003-02-04,3.3489,3.3543,3.3327,3.3424,23400.0
2003-02-05,3.3424,3.3554,3.3424,3.3543,45600.0
2003-02-06,3.3543,3.3543,3.3273,3.3273,19800.0
2003-02-07,3.3424,3.3435,3.3284,3.3284,7800.0
2003-02-10,3.3349,3.3381,3.3273,3.3284,9000.0
2003-02-11,3.337,3.3598,3.337,3.3435,36000.0
2003-02-12,3.3468,3.389,3.3381,3.3381,81600.0
2003-02-13,3.3338,3.3489,3.3338,3.3424,9000.0
2003-02-14,3.3424,3.3435,3.3295,3.3305,10200.0
2003-02-18,3.3089,3.3132,3.2375,3.2451,55200.0
2003-02-19,3.2429,3.2483,3.2429,3.2461,164400.0
2003-02-20,3.2461,3.2461,3.2386,3.2407,14400.0
2003-02-21,3.2418,3.2451,3.2407,3.2407,7800.0
2003-02-24,3.2299,3.2299,3.2093,3.2093,12000.0
2003-02-25,3.1974,3.2029,3.1974,3.2029,7200.0
2003-02-26,3.2083,3.2948,3.1834,3.2678,960000.0
2003-02-27,3.2894,3.4463,3.2894,3.4463,28800.0
2003-02-28,3.442,3.5166,3.442,3.4983,87000.0
2003-03-03,3.5004,3.5707,3.5004,3.561,68400.0
2003-03-04,3.5578,3.5578,3.3976,3.4009,81000.0
2003-03-05,3.3955,3.4755,3.3955,3.4571,63600.0
2003-03-06,3.4528,3.4625,3.4247,3.4355,76200.0
2003-03-07,3.4301,3.4301,3.3814,3.3868,31200.0
2003-03-10,3.3706,3.3706,3.3543,3.3554,6000.0
2003-03-11,3.3435,3.3543,3.3435,3.3543,12600.0
2003-03-12,3.3511,3.3511,3.3219,3.3338,91200.0
2003-03-13,3.3284,3.3327,3.3284,3.3316,63000.0
2003-03-14,3.3316,3.3414,3.3316,3.3403,85200.0
2003-03-17,3.3435,3.3911,3.3435,3.39,141600.0
2003-03-18,3.376,3.4084,3.3435,3.3435,79200.0
2003-03-19,3.3468,3.3468,3.3414,3.3424,15000.0
2003-03-20,3.3533,3.4236,3.3219,3.3219,69600.0
2003-03-21,3.3435,3.3652,3.3435,3.3619,22800.0
2003-03-24,3.363,3.389,3.363,3.3868,113400.0
2003-03-25,3.3879,3.4074,3.3879,3.4041,6000.0
2003-03-26,3.403,3.4355,3.3976,3.4355,112800.0
2003-03-27,3.4193,3.4755,3.4193,3.4755,70200.0
2003-03-28,3.4777,3.4993,3.4777,3.482,3000.0
2003-03-31,3.4571,3.4571,3.4301,3.4312,74400.0
2003-04-01,3.4506,3.4788,3.4506,3.4788,25800.0
2003-04-02,3.495,3.5383,3.495,3.5383,19200.0
2003-04-03,3.5383,3.5545,3.5242,3.5242,262200.0
2003-04-04,3.5231,3.5286,3.508,3.5177,420600.0
2003-04-07,3.5199,3.5383,3.5145,3.5188,88200.0
2003-04-08,3.5275,3.5426,3.5275,3.5426,307800.0
2003-04-09,3.5415,3.5415,3.3543,3.4312,602400.0
2003-04-10,3.4366,3.4496,3.4366,3.4496,7800.0
2003-04-11,3.4517,3.5112,3.4517,3.5058,79800.0
2003-04-14,3.5004,3.5004,3.4485,3.5004,261000.0
2003-04-15,3.5004,3.5329,3.4842,3.5329,80400.0
2003-04-16,3.5383,3.5567,3.5221,3.5469,56400.0
2003-04-17,3.5524,3.5524,3.4625,3.4939,163800.0
2003-04-21,3.5047,3.5545,3.4842,3.5437,85200.0
2003-04-22,3.5383,3.6086,3.5383,3.5675,80400.0
2003-04-23,3.5794,3.5989,3.5794,3.5935,13200.0
2003-04-24,3.601,3.601,3.574,3.5978,49800.0
2003-04-25,3.5946,3.5978,3.5935,3.5967,11400.0
2003-04-28,3.5978,3.6735,3.5978,3.6303,59400.0
2003-04-29,3.6303,3.6368,3.6194,3.6227,27000.0
2003-04-30,3.5707,3.6086,3.5491,3.6086,119400.0
2003-05-01,3.6194,3.7179,3.6194,3.7179,124200.0
2003-05-02,3.679,3.7709,3.679,3.7601,199200.0
2003-05-05,3.7601,3.7601,3.7395,3.7525,31800.0
2003-05-06,3.8954,4.1107,3.8737,4.1107,643200.0
2003-05-07,4.1118,4.1821,4.0252,4.0468,154800.0
2003-05-08,4.0479,4.0479,3.9982,4.0404,96000.0
2003-05-09,4.0577,4.0577,4.0025,4.0414,210600.0
2003-05-12,4.0425,4.0425,4.0285,4.0306,184800.0
2003-05-13,4.0252,4.036,3.9927,4.023,262200.0
2003-05-14,4.0306,4.0306,4.0176,4.023,102600.0
2003-05-15,4.036,4.0523,4.0252,4.0317,153600.0
2003-05-16,4.036,4.0468,4.0306,4.0349,136800.0
2003-05-19,4.0241,4.0577,4.0241,4.0577,51600.0
2003-05-20,4.036,4.036,3.9949,4.0047,11400.0
2003-05-21,4.0079,4.036,3.9441,3.9538,106200.0
2003-05-22,3.9603,3.9873,3.9484,3.9495,68400.0
2003-05-23,3.9495,3.9505,3.9213,3.943,208800.0
2003-05-27,3.9278,3.9397,3.8413,3.8413,48000.0
2003-05-28,3.8153,3.8153,3.7136,3.7698,197400.0
2003-05-29,3.7688,3.8954,3.7688,3.8954,212400.0
2003-05-30,3.8954,3.8986,3.877,3.8986,93600.0
2003-06-02,3.8986,3.9711,3.89,3.9711,1042200.0
2003-06-03,3.9603,3.9884,3.9505,3.9711,98400.0
2003-06-04,3.9927,4.0544,3.9863,4.049,166800.0
2003-06-05,4.0382,4.0469,4.0252,4.0295,84000.0
2003-06-06,4.0404,4.1053,4.0404,4.0685,37800.0
2003-06-09,4.0793,4.0955,3.9386,3.9386,74400.0
2003-06-10,3.9549,3.9927,3.9386,3.9927,59400.0
2003-06-11,3.9917,4.0685,3.9917,4.0685,95400.0
2003-06-12,4.0847,4.1269,4.0847,4.1226,110400.0
2003-06-13,4.1118,4.1453,4.0955,4.1302,30000.0
2003-06-16,4.1215,4.1626,4.1215,4.1388,34800.0
2003-06-17,4.1464,4.22,4.1464,4.2167,113400.0
2003-06-18,4.2178,4.3282,4.2156,4.3065,189000.0
2003-06-19,4.2903,4.2903,4.2189,4.2189,70800.0
2003-06-20,4.22,4.22,4.1442,4.1875,78000.0
2003-06-23,4.1875,4.22,4.1875,4.2146,38400.0
2003-06-24,4.22,4.3606,4.22,4.2903,156000.0
2003-06-25,4.3011,4.3011,4.2362,4.2362,32400.0
2003-06-26,4.2092,4.2135,4.1551,4.1983,40800.0
2003-06-27,4.2092,4.2189,4.2005,4.2005,5400.0
2003-06-30,4.1875,4.1875,4.1302,4.167,94200.0
2003-07-01,4.167,4.1799,4.1659,4.1713,25200.0
2003-07-02,4.1799,4.2741,4.1799,4.2741,39600.0
2003-07-03,4.2892,4.3282,4.2849,4.2849,33600.0
2003-07-07,4.2741,4.3065,4.2697,4.3065,81600.0
2003-07-08,4.2957,4.2957,4.2578,4.2795,54600.0
2003-07-09,4.2741,4.2741,4.2416,4.2416,6600.0
2003-07-10,4.2405,4.2405,4.2027,4.2027,33000.0
2003-07-11,4.2027,4.2135,4.1659,4.2135,125400.0
2003-07-14,4.1929,4.2633,4.1821,4.2308,49800.0
2003-07-15,4.2308,4.2308,4.1983,4.2146,20400.0
2003-07-16,4.2189,4.2189,4.1713,4.1713,12000.0
2003-07-17,4.1713,4.1713,4.1713,4.1713,600.0
2003-07-18,4.167,4.167,4.1442,4.1442,44400.0
2003-07-21,4.1442,4.1442,4.1442,4.1442,600.0
2003-07-22,4.1453,4.1453,4.1334,4.1345,13800.0
2003-07-23,4.1345,4.1421,4.1237,4.1421,13800.0
2003-07-24,4.1605,4.1875,4.1605,4.1821,31800.0
2003-07-25,4.181,4.181,4.1767,4.1767,49200.0
2003-07-28,4.1713,4.2741,4.1551,4.2741,127800.0
2003-07-29,4.2687,4.2741,4.247,4.2741,136800.0
2003-07-30,4.2578,4.2643,4.2568,4.2568,4200.0
2003-07-31,4.2676,4.2687,4.2557,4.2557,9600.0
2003-08-01,4.2557,4.26,4.247,4.2589,48600.0
2003-08-04,4.2524,4.2524,4.22,4.22,19200.0
2003-08-05,4.2092,4.2092,4.181,4.181,9000.0
2003-08-06,4.181,4.1983,4.1713,4.1983,10800.0
2003-08-07,4.2092,4.3065,4.2092,4.3065,87000.0
2003-08-08,4.3119,4.4505,4.3119,4.4342,225600.0
2003-08-11,4.4364,4.4851,4.4364,4.4634,394800.0
2003-08-12,4.4483,4.5338,4.4364,4.5338,148800.0
2003-08-13,4.5446,4.6268,4.5446,4.6214,163800.0
2003-08-14,4.6257,4.7242,4.6257,4.7156,214200.0
2003-08-15,4.7069,4.7069,4.6701,4.6798,11400.0
2003-08-18,4.6636,4.7502,4.6636,4.7231,45000.0
2003-08-19,4.7394,4.7772,4.6474,4.6636,179400.0
2003-08-20,4.6744,4.7015,4.6582,4.6712,85800.0
2003-08-21,4.6636,4.6636,4.6312,4.6312,7200.0
2003-08-22,4.6517,4.6517,4.5435,4.5446,73200.0
2003-08-25,4.5284,4.5284,4.392,4.4223,69000.0
2003-08-26,4.4364,4.4483,4.2903,4.4093,287400.0
2003-08-27,4.3823,4.3823,4.3606,4.3617,36000.0
2003-08-28,4.3617,4.4797,4.3065,4.4797,272400.0
2003-08-29,4.5608,4.5879,4.5446,4.5825,76200.0
2003-09-02,4.5716,4.7285,4.5716,4.7285,55200.0
2003-09-03,4.7177,4.7655,4.6916,4.734,82800.0
2003-09-04,4.7546,4.7991,4.7448,4.7828,83400.0
2003-09-05,4.7611,4.7611,4.6254,4.6634,72000.0
2003-09-08,4.6905,4.722,4.6829,4.7068,831600.0
2003-09-09,4.7122,4.7177,4.696,4.7177,51600.0
2003-09-10,4.7068,4.7557,4.7014,4.7014,55800.0
2003-09-11,4.7122,4.7774,4.7068,4.7177,43200.0
2003-09-12,4.7285,4.7828,4.7036,4.7807,34800.0
2003-09-15,4.7774,4.7774,4.7448,4.7611,40800.0
2003-09-16,4.772,4.772,4.6471,4.6894,36000.0
2003-09-17,4.696,4.696,4.6645,4.6677,16800.0
2003-09-18,4.6471,4.6688,4.62,4.6688,43200.0
2003-09-19,4.6677,4.6797,4.658,4.6797,31200.0
2003-09-22,4.6797,4.6797,4.6471,4.6688,40800.0
2003-09-23,4.6688,4.6797,4.6688,4.6688,29400.0
2003-09-24,4.658,4.6688,4.6362,4.6362,48000.0
2003-09-25,4.6254,4.6254,4.5602,4.5602,30600.0
2003-09-26,4.582,4.582,4.5146,4.5342,71400.0
2003-09-29,4.544,4.5624,4.544,4.5602,56400.0
2003-09-30,4.5602,4.5602,4.4875,4.5005,94200.0
2003-10-01,4.4951,4.4994,4.4408,4.4517,55200.0
2003-10-02,4.4604,4.506,4.4604,4.4832,11400.0
2003-10-03,4.4788,4.4897,4.4517,4.4701,44400.0
2003-10-06,4.4745,4.4842,4.4245,4.431,38400.0
2003-10-07,4.4278,4.4918,4.4278,4.4908,33000.0
2003-10-08,4.6145,4.6905,4.5765,4.6634,396000.0
2003-10-09,4.6688,4.8165,4.6688,4.7448,222600.0
2003-10-10,4.7557,4.8045,4.7503,4.7709,97800.0
2003-10-13,4.7709,4.8024,4.7698,4.7752,69600.0
2003-10-14,4.7785,4.9185,4.7774,4.9131,52200.0
2003-10-15,4.924,4.9837,4.8567,4.8643,92400.0
2003-10-16,4.8436,4.8436,4.8045,4.8078,41400.0
2003-10-17,4.7937,4.8284,4.7883,4.8024,25800.0
2003-10-20,4.8067,5.0054,4.8067,5.0022,108000.0
2003-10-21,5.0021,5.0814,4.9924,5.0727,62400.0
2003-10-22,5.0673,5.0673,5.0402,5.0402,8400.0
2003-10-23,5.0293,5.0326,4.9468,4.9468,50400.0
2003-10-24,4.9489,4.9489,4.9489,4.9489,1800.0
2003-10-27,4.9294,4.9294,4.9066,4.9066,8400.0
2003-10-28,4.9066,4.9066,4.8415,4.8838,118800.0
2003-10-29,4.8849,4.9023,4.8816,4.886,67800.0
2003-10-30,4.886,4.8914,4.861,4.8838,53400.0
2003-10-31,4.8643,4.9153,4.8643,4.9153,34200.0
2003-11-03,5.0217,5.0651,4.9891,5.0098,97800.0
2003-11-04,4.9989,4.9989,4.9251,4.9305,39000.0
2003-11-05,4.9457,4.9565,4.8697,4.886,208800.0
2003-11-06,4.8968,5.0217,4.8827,4.9783,154200.0
2003-11-07,4.9783,5.1411,4.9783,5.0977,100800.0
2003-11-10,5.0868,5.1791,5.0868,5.1683,159000.0
2003-11-11,5.1737,5.1856,5.1694,5.1704,135600.0
2003-11-12,5.1694,5.3474,5.1694,5.2334,80400.0
2003-11-13,5.2226,5.2682,5.2171,5.2171,37800.0
2003-11-14,5.2117,5.2117,5.1998,5.2095,7800.0
2003-11-17,5.1824,5.1965,5.1248,5.1574,66600.0
2003-11-18,5.1303,5.152,5.1205,5.1238,76200.0
2003-11-19,5.1346,5.1357,5.0326,5.1031,109800.0
2003-11-20,5.0923,5.1455,5.0825,5.1411,73800.0
2003-11-21,5.139,5.1574,5.1357,5.152,46800.0
2003-11-24,5.1683,5.2117,5.1683,5.1954,32400.0
2003-11-25,5.1954,5.2118,5.1911,5.1976,24600.0
2003-11-26,5.2118,5.2118,5.1834,5.1834,48000.0
2003-11-28,5.1834,5.1922,5.1736,5.1747,23400.0
2003-12-01,5.202,5.202,5.1813,5.1813,85200.0
2003-12-02,5.1813,5.1813,5.1519,5.1573,84000.0
2003-12-03,5.1954,5.2684,5.1954,5.251,158400.0
2003-12-04,5.2619,5.2619,5.2194,5.2292,82200.0
2003-12-05,5.2281,5.2281,5.2085,5.2085,133800.0
2003-12-08,5.2281,5.2292,5.2118,5.2128,54000.0
2003-12-09,5.2237,5.239,5.2194,5.239,37200.0
2003-12-10,5.2335,5.2368,5.2074,5.2074,114000.0
2003-12-11,5.2183,5.239,5.2172,5.2357,823800.0
2003-12-12,5.2281,5.3032,5.2281,5.3032,44400.0
2003-12-15,5.3207,5.4459,5.3207,5.3969,87000.0
2003-12-16,5.3915,5.4623,5.3915,5.4568,54600.0
2003-12-17,5.4841,5.6039,5.4742,5.6039,90600.0
2003-12-18,5.6039,5.6627,5.5734,5.5734,134400.0
2003-12-19,5.5625,5.6148,5.5625,5.5843,32400.0
2003-12-22,5.581,5.5919,5.5712,5.5875,45600.0
2003-12-23,5.5821,5.593,5.5745,5.5821,24000.0
2003-12-24,5.5723,5.5875,5.5723,5.5875,18600.0
2003-12-26,5.5864,5.6365,5.5864,5.6344,66600.0
2003-12-29,5.6518,5.6823,5.6453,5.6714,18000.0
2003-12-30,5.6932,5.6932,5.6834,5.6834,10800.0
2003-12-31,5.691,5.7836,5.691,5.7836,43200.0
2004-01-02,5.7727,5.7727,5.7346,5.74,18600.0
2004-01-05,5.74,5.7433,5.6986,5.7052,64200.0
2004-01-06,5.716,5.716,5.6747,5.6747,10800.0
2004-01-07,5.6856,5.6856,5.5745,5.581,60600.0
2004-01-08,5.581,5.581,5.5396,5.5396,37800.0
2004-01-09,5.5276,5.5276,5.4568,5.4568,284400.0
2004-01-12,5.4568,5.4841,5.447,5.4732,148200.0
2004-01-13,5.4841,5.4949,5.4677,5.4928,97200.0
2004-01-14,5.5037,5.5276,5.4982,5.5058,144600.0
2004-01-15,5.5222,5.5222,5.5004,5.5047,64200.0
2004-01-16,5.5385,5.593,5.4949,5.496,106200.0
2004-01-20,5.496,5.5113,5.4819,5.5004,156000.0
2004-01-21,5.5276,5.5647,5.5167,5.5167,54600.0
2004-01-22,5.5167,5.5167,5.4862,5.4949,51600.0
2004-01-23,5.4993,5.5494,5.4732,5.545,427200.0
2004-01-26,5.5549,5.6387,5.5549,5.6355,72000.0
2004-01-27,5.6474,5.7999,5.6474,5.7084,2478600.0
2004-01-28,5.691,5.6943,5.6365,5.642,532200.0
2004-01-29,5.6529,5.7367,5.6453,5.7367,388800.0
2004-01-30,5.7455,5.7945,5.7291,5.7781,219000.0
2004-02-02,5.789,6.0461,5.7825,5.9579,674400.0
2004-02-03,5.947,5.947,5.8664,5.8696,346800.0
2004-02-04,5.85,5.85,5.7019,5.7019,102600.0
2004-02-05,5.7019,5.7019,5.6638,5.7019,192600.0
2004-02-06,5.7117,5.7727,5.7041,5.7465,112800.0
2004-02-09,5.7999,5.8271,5.7814,5.7967,195000.0
2004-02-10,5.7967,5.8163,5.7967,5.8043,429000.0
2004-02-11,5.8163,5.8163,5.7716,5.7727,249600.0
2004-02-12,5.7727,5.7781,5.7618,5.764,194400.0
2004-02-13,5.7727,5.7727,5.7509,5.7564,117600.0
2004-02-17,5.7672,5.7727,5.7618,5.7727,202200.0
2004-02-18,5.7727,5.7727,5.74,5.7498,181800.0
2004-02-19,5.7596,5.7727,5.7455,5.7509,216000.0
2004-02-20,5.74,5.7531,5.7128,5.74,112200.0
2004-02-23,5.7313,5.7563,5.7313,5.7455,75000.0
2004-02-24,5.7487,5.8326,5.7455,5.8097,310200.0
2004-02-25,5.8206,5.8414,5.8021,5.8021,223200.0
2004-02-26,5.8982,6.0282,5.8982,5.9725,364200.0
2004-02-27,5.9834,5.9998,5.8949,5.8993,262800.0
2004-03-01,5.8993,6.002,5.8938,5.9856,327600.0
2004-03-02,6.0074,6.1876,6.0074,6.0347,623400.0
2004-03-03,6.0238,6.0238,5.8982,5.8982,525600.0
2004-03-04,5.9047,5.9102,5.8501,5.8523,366600.0
2004-03-05,5.8523,6.1549,5.7966,6.1068,478800.0
2004-03-08,6.1068,6.1079,5.9943,5.9954,170400.0
2004-03-09,6.0074,6.0074,5.789,5.8523,478200.0
2004-03-10,5.8632,5.8632,5.7333,5.789,397800.0
2004-03-11,5.7857,5.8982,5.7857,5.8763,192600.0
2004-03-12,5.8774,5.92,5.8392,5.9179,195600.0
2004-03-15,5.9233,5.9867,5.9113,5.9703,175200.0
2004-03-16,5.9714,6.0041,5.9528,5.9747,165600.0
2004-03-17,5.9528,6.0052,5.9528,5.9747,232800.0
2004-03-18,5.9637,5.9812,5.9528,5.9637,110400.0
2004-03-19,5.9736,6.0074,5.9736,5.9998,169800.0
2004-03-22,5.9801,6.1199,5.9801,6.062,224400.0
2004-03-23,6.062,6.0719,6.0325,6.0347,125400.0
2004-03-24,6.0293,6.0893,6.0183,6.0598,143400.0
2004-03-25,6.0598,6.0598,5.9026,5.9419,143400.0
2004-03-26,5.9583,6.0162,5.9463,5.9725,141600.0
2004-03-29,5.9856,6.0369,5.9681,6.0205,134400.0
2004-03-30,6.0369,6.2259,6.0238,6.1756,305400.0
2004-03-31,6.168,6.1713,6.1003,6.1374,142200.0
2004-04-01,6.1647,6.2696,6.1647,6.1975,162000.0
2004-04-02,6.2149,6.2532,6.2149,6.2204,124200.0
2004-04-05,6.2368,6.2532,6.2291,6.2499,108000.0
2004-04-06,6.2488,6.3788,6.2477,6.3187,146400.0
2004-04-07,6.3351,6.3755,6.3351,6.3559,129000.0
2004-04-08,6.3558,6.3558,6.3132,6.3209,64800.0
2004-04-12,6.31,6.3274,6.2969,6.299,121800.0
2004-04-13,6.2805,6.2859,6.2652,6.2674,96600.0
2004-04-14,6.2619,6.2674,6.1603,6.1625,225600.0
2004-04-15,6.1898,6.1898,6.1713,6.1756,66600.0
2004-04-16,6.1865,6.2259,6.1767,6.2095,111600.0
2004-04-19,6.2794,6.3351,6.2543,6.3023,168000.0
2004-04-20,6.3296,6.4716,6.3143,6.417,175800.0
2004-04-21,6.4334,6.4432,6.3438,6.3449,138000.0
2004-04-22,6.3679,6.3766,6.3417,6.3427,60000.0
2004-04-23,6.3351,6.3351,6.2149,6.2259,109800.0
2004-04-26,6.2532,6.3351,6.2357,6.2696,220200.0
2004-04-27,6.2696,6.2783,6.2423,6.2575,244800.0
2004-04-28,6.2663,6.358,6.2586,6.358,175800.0
2004-04-29,6.37,6.4126,6.3591,6.4126,103200.0
2004-04-30,6.417,6.4225,6.4116,6.417,103800.0
2004-05-03,6.4181,6.4181,6.3952,6.3974,118800.0
2004-05-04,6.3974,6.5208,6.3897,6.5208,95400.0
2004-05-05,6.63,6.6519,6.5426,6.5426,294000.0
2004-05-06,6.5415,6.5426,6.4443,6.4509,157800.0
2004-05-07,6.4727,6.4836,6.2259,6.2914,155700.0
2004-05-10,6.2805,6.2805,6.073,6.1145,133500.0
2004-05-11,6.1494,6.2477,6.1494,6.2324,135900.0
2004-05-12,6.2106,6.2106,6.0227,6.0708,87000.0
2004-05-13,6.0293,6.2018,6.0293,6.2018,155400.0
2004-05-14,6.1909,6.2018,6.1123,6.1145,45900.0
2004-05-17,6.1276,6.1298,5.8108,5.9157,241500.0
2004-05-18,5.9528,5.9747,5.8807,5.9244,105600.0
2004-05-19,5.9353,5.9528,5.8283,5.8283,103200.0
2004-05-20,5.8501,5.8654,5.7802,5.8174,113400.0
2004-05-21,5.789,5.9594,5.7671,5.8545,110100.0
2004-05-24,5.8436,5.9004,5.8436,5.8785,54900.0
2004-05-25,5.8785,5.931,5.7846,5.931,106500.0
2004-05-26,5.9474,6.0241,5.9058,5.9693,236400.0
2004-05-27,5.9583,6.0065,5.9145,6.0065,62400.0
2004-05-28,5.9846,6.0547,5.9364,5.9386,60600.0
2004-06-01,5.8926,5.8992,5.8181,5.8203,255900.0
2004-06-02,5.805,5.8488,5.7546,5.7721,94500.0
2004-06-03,5.7568,5.805,5.678,5.7283,80100.0
2004-06-04,5.7064,5.816,5.7064,5.7524,40500.0
2004-06-07,5.7743,5.851,5.7721,5.805,49200.0
2004-06-08,5.8269,5.9014,5.7393,5.8006,76800.0
2004-06-09,5.8028,5.8028,5.6955,5.6999,28200.0
2004-06-10,5.7218,5.7502,5.6823,5.7283,31500.0
2004-06-14,5.7174,5.7502,5.6867,5.702,73800.0
2004-06-15,5.7283,5.7919,5.7283,5.7919,36900.0
2004-06-16,5.7831,5.9036,5.7831,5.9036,123900.0
2004-06-17,5.8926,5.9123,5.8401,5.8839,95700.0
2004-06-18,5.862,5.8882,5.7984,5.8269,297300.0
2004-06-21,5.8269,5.862,5.805,5.8313,100200.0
2004-06-22,5.8444,5.8444,5.8138,5.8291,24600.0
2004-06-23,5.8269,5.8707,5.8269,5.8663,97500.0
2004-06-24,5.8532,5.9934,5.8488,5.9167,110400.0
2004-06-25,5.9167,6.0131,5.9145,6.0087,74400.0
2004-06-28,6.0241,6.1993,6.0241,6.1533,80700.0
2004-06-29,6.2081,6.3307,6.1993,6.2979,254700.0
2004-06-30,6.3526,6.3855,6.3307,6.3767,156900.0
2004-07-01,6.3986,6.4074,6.3658,6.3745,131400.0
2004-07-02,6.3965,6.3965,6.3307,6.3614,59400.0
2004-07-06,6.3855,6.5761,6.3855,6.5301,152100.0
2004-07-07,6.5695,6.6484,6.5498,6.552,216300.0
2004-07-08,6.5739,6.6046,6.5388,6.5739,111600.0
2004-07-09,6.5717,6.5717,6.4775,6.541,47400.0
2004-07-12,6.5586,6.5586,6.5388,6.5432,80400.0
2004-07-13,6.5388,6.6199,6.5235,6.552,41100.0
2004-07-14,6.541,6.6265,6.4841,6.5717,28200.0
2004-07-15,6.552,6.552,6.4622,6.4709,100500.0
2004-07-16,6.4731,6.5038,6.4622,6.4753,23700.0
2004-07-19,6.506,6.5126,6.4293,6.4512,32100.0
2004-07-20,6.4293,6.5607,6.3855,6.4841,61500.0
2004-07-21,6.5016,6.5607,6.4907,6.5016,83700.0
2004-07-22,6.5235,6.5235,6.3548,6.357,67500.0
2004-07-23,6.3548,6.3965,6.3461,6.357,17700.0
2004-07-26,6.4074,6.4315,6.3329,6.3702,104100.0
2004-07-27,6.3526,6.4008,6.2847,6.3526,53700.0
2004-07-28,6.3614,6.3614,6.2431,6.3176,107400.0
2004-07-29,6.3417,6.5191,6.2935,6.4731,68400.0
2004-07-30,6.495,6.5235,6.4315,6.4797,27300.0
2004-08-02,6.4249,6.5257,6.3702,6.4622,39600.0
2004-08-03,6.4403,6.4556,6.3877,6.4293,36000.0
2004-08-04,6.4512,6.5717,6.4162,6.4841,69000.0
2004-08-05,6.495,6.5016,6.3986,6.403,38700.0
2004-08-06,6.3855,6.3855,6.0241,6.0263,247800.0
2004-08-09,6.0153,6.0942,5.9583,6.0219,40200.0
2004-08-10,6.0766,6.0766,6.0372,6.0679,36900.0
2004-08-11,6.0569,6.0788,6.0547,6.0744,33300.0
2004-08-12,6.0657,6.0679,6.0109,6.0263,36900.0
2004-08-13,6.0175,6.081,5.9583,6.0723,61500.0
2004-08-16,6.081,6.1752,6.081,6.092,21300.0
2004-08-17,6.1007,6.2124,6.1007,6.2124,17400.0
2004-08-18,6.1993,6.2387,6.1862,6.2146,18000.0
2004-08-19,6.2365,6.2387,6.1993,6.2387,16500.0
2004-08-20,6.2256,6.2431,6.1949,6.2168,20400.0
2004-08-23,6.2168,6.2278,6.1664,6.1664,27300.0
2004-08-24,6.1664,6.2212,6.1664,6.2037,31200.0
2004-08-25,6.1575,6.1685,6.1135,6.1311,48600.0
2004-08-26,6.1135,6.1487,6.1047,6.1465,41400.0
2004-08-27,6.1509,6.1927,6.1487,6.1773,74100.0
2004-08-30,6.1795,6.1795,6.1443,6.1619,99300.0
2004-08-31,6.1597,6.1597,6.1399,6.1421,15600.0
2004-09-01,6.1531,6.1575,6.1135,6.1575,23400.0
2004-09-02,6.1355,6.1597,6.1333,6.1553,61800.0
2004-09-03,6.1355,6.1575,6.1025,6.1245,44100.0
2004-09-07,6.1465,6.1575,6.1267,6.1575,29100.0
2004-09-08,6.1575,6.1575,6.0783,6.0915,25200.0
2004-09-09,6.0783,6.1135,6.0256,6.0278,42600.0
2004-09-10,6.019,6.0695,6.0146,6.0541,49800.0
2004-09-13,6.0476,6.1443,6.0124,6.1245,30600.0
2004-09-14,6.1025,6.1135,6.0322,6.0322,18000.0
2004-09-15,5.9596,6.0739,5.953,6.0695,227700.0
2004-09-16,6.0695,6.1289,6.0673,6.1179,159600.0
2004-09-17,6.1399,6.1971,6.1157,6.1795,37500.0
2004-09-20,6.2345,6.2587,6.1421,6.1729,33000.0
2004-09-21,6.1839,6.1971,6.1597,6.1949,76800.0
2004-09-22,6.2125,6.2279,6.1817,6.2279,49800.0
2004-09-23,6.2191,6.2565,6.1905,6.2565,21300.0
2004-09-24,6.2477,6.3664,6.2477,6.3532,28800.0
2004-09-27,6.3664,6.4654,6.3554,6.4654,107400.0
2004-09-28,6.4874,6.5138,6.4676,6.494,84600.0
2004-09-29,6.5204,6.6567,6.516,6.6083,99000.0
2004-09-30,6.6083,6.7403,6.6083,6.7403,109500.0
2004-10-01,6.7733,6.9052,6.7513,6.8722,101400.0
2004-10-04,6.8612,6.8722,6.8172,6.8172,13200.0
2004-10-05,6.8018,6.815,6.7887,6.804,24300.0
2004-10-06,6.7513,6.815,6.7249,6.7623,52800.0
2004-10-07,6.7733,6.782,6.7601,6.7799,37200.0
2004-10-08,6.7689,6.8128,6.7667,6.7952,69000.0
2004-10-11,6.7952,6.7952,6.7645,6.7952,35700.0
2004-10-12,6.7645,6.826,6.7337,6.8172,54900.0
2004-10-13,6.8062,6.8062,6.7447,6.7579,28200.0
2004-10-14,6.7293,6.7645,6.6699,6.6809,50700.0
2004-10-15,6.6633,6.6787,6.6611,6.6611,28500.0
2004-10-18,6.6061,6.6391,6.5797,6.6083,140700.0
2004-10-19,6.6193,6.6369,6.5687,6.5819,23700.0
2004-10-20,6.5929,6.5973,6.5423,6.5841,76200.0
2004-10-21,6.5929,6.5929,6.5248,6.527,69300.0
2004-10-22,6.527,6.5577,6.5094,6.5445,147300.0
2004-10-25,6.5775,6.5841,6.5643,6.5643,40200.0
2004-10-26,6.5731,6.6281,6.5533,6.5973,312900.0
2004-10-27,6.5863,6.7117,6.5863,6.6809,167400.0
2004-10-28,6.6963,6.87,6.6853,6.7952,56400.0
2004-10-29,6.7974,6.7974,6.6523,6.7095,42600.0
2004-11-01,6.7293,6.7403,6.5973,6.6523,47400.0
2004-11-02,6.5973,6.5973,6.1707,6.2389,866700.0
2004-11-03,6.2675,6.4192,6.2675,6.4192,538800.0
2004-11-04,6.4192,6.4544,6.3774,6.4544,133500.0
2004-11-05,6.4764,6.516,6.4654,6.5028,143400.0
2004-11-08,6.5204,6.5599,6.5204,6.5467,66300.0
2004-11-09,6.5423,6.5555,6.4654,6.4808,72600.0
2004-11-10,6.4984,6.5489,6.4478,6.5489,72300.0
2004-11-11,6.5753,6.6655,6.5533,6.6325,79200.0
2004-11-12,6.6325,6.8392,6.6193,6.8172,193800.0
2004-11-15,6.8282,6.8282,6.7403,6.7535,70500.0
2004-11-16,6.7513,6.8172,6.7513,6.7842,635400.0
2004-11-17,6.8062,6.815,6.5599,6.6127,93300.0
2004-11-18,6.5973,6.6413,6.5973,6.6215,27300.0
2004-11-19,6.6215,6.6215,6.5973,6.5995,21300.0
2004-11-22,6.5995,6.6413,6.5973,6.5995,30600.0
2004-11-23,6.615,6.6525,6.5951,6.6172,79500.0
2004-11-24,6.6216,6.6613,6.5907,6.6304,43200.0
2004-11-26,6.6547,6.6702,6.5995,6.6106,32700.0
2004-11-29,6.6437,6.6437,6.5995,6.6172,36600.0
2004-11-30,6.6216,6.6238,6.5973,6.5995,190800.0
2004-12-01,6.5885,6.6481,6.5598,6.6481,328200.0
2004-12-02,6.6878,6.7209,6.5973,6.6878,77400.0
2004-12-03,6.6989,6.8225,6.6657,6.7783,47100.0
2004-12-06,6.7099,6.7562,6.7099,6.732,141000.0
2004-12-07,6.743,6.7695,6.7253,6.7651,118800.0
2004-12-08,6.732,6.7518,6.7033,6.743,54900.0
2004-12-09,6.7209,6.743,6.7077,6.732,93900.0
2004-12-10,6.743,6.7871,6.7099,6.7452,134100.0
2004-12-13,6.7452,6.7739,6.743,6.7651,33600.0
2004-12-14,6.754,6.8379,6.7408,6.7717,59100.0
2004-12-15,6.7871,6.9196,6.7871,6.9085,103800.0
2004-12-16,6.9085,7.0343,6.8688,6.988,186300.0
2004-12-17,6.9659,7.0299,6.9549,6.9725,36300.0
2004-12-20,6.9858,6.9858,6.7717,6.7982,97800.0
2004-12-21,6.8313,6.8865,6.8202,6.8379,57600.0
2004-12-22,6.8423,6.9063,6.8269,6.8975,140700.0
2004-12-23,6.9306,7.0321,6.9284,7.0189,125400.0
2004-12-27,7.0189,7.1513,7.0079,7.1513,57000.0
2004-12-28,7.3058,7.3389,7.2661,7.3367,73800.0
2004-12-29,7.3036,7.3279,7.2948,7.2992,23700.0
2004-12-30,7.3014,7.3389,7.2838,7.2882,38400.0
2004-12-31,7.2904,7.3102,7.2838,7.297,26100.0
2005-01-03,7.3058,7.3058,7.1734,7.1734,115200.0
2005-01-04,7.1734,7.2065,7.0388,7.041,84300.0
2005-01-05,7.0079,7.0299,6.9748,6.9748,55800.0
2005-01-06,6.9814,6.9814,6.9681,6.9681,31200.0
2005-01-07,6.9196,6.9747,6.9196,6.9306,114300.0
2005-01-10,6.9637,7.041,6.9637,7.0299,57600.0
2005-01-11,7.052,7.052,6.9659,6.977,140100.0
2005-01-12,7.0079,7.0145,6.9571,6.9748,60300.0
2005-01-13,6.9968,7.0321,6.977,6.9968,65100.0
2005-01-14,7.0299,7.0895,7.0189,7.0895,52200.0
2005-01-18,7.1182,7.222,7.116,7.2131,52500.0
2005-01-19,7.2573,7.2573,7.2109,7.2109,48000.0
2005-01-20,7.1844,7.2352,7.105,7.2065,43200.0
2005-01-21,7.1844,7.244,7.1844,7.233,21900.0
2005-01-24,7.1977,7.1977,7.1513,7.1535,30000.0
2005-01-25,7.1535,7.2374,7.1513,7.1756,34500.0
2005-01-26,7.1734,7.1734,7.1072,7.1403,33600.0
2005-01-27,7.1624,7.1844,7.0851,7.0939,26700.0
2005-01-28,7.1072,7.1293,6.9659,6.9748,83700.0
2005-01-31,7.0586,7.0586,6.9858,6.9858,123300.0
2005-02-01,7.0079,7.1182,7.0079,7.1182,49500.0
2005-02-02,7.0961,7.1888,7.0498,7.0697,53700.0
2005-02-03,7.052,7.0961,7.0432,7.063,27600.0
2005-02-04,7.1072,7.1072,7.0145,7.0321,67800.0
2005-02-07,7.0189,7.1072,7.0189,7.041,49800.0
2005-02-08,7.0189,7.1182,7.0189,7.1182,87600.0
2005-02-09,7.1182,7.2286,7.1182,7.2065,89700.0
2005-02-10,7.2065,7.2065,7.1226,7.1337,47700.0
2005-02-11,7.1469,7.1469,7.1116,7.1138,46500.0
2005-02-14,7.1403,7.1403,7.0454,7.0454,40800.0
2005-02-15,7.0454,7.063,6.9946,6.9946,92400.0
2005-02-16,7.0079,7.0189,6.9527,6.9615,77700.0
2005-02-17,7.063,7.063,6.9858,6.999,50700.0
2005-02-18,7.0101,7.0101,6.977,6.9902,12900.0
2005-02-22,6.9858,7.0189,6.9549,6.9858,60600.0
2005-02-23,7.0301,7.0367,6.8152,6.8706,94500.0
2005-02-24,6.833,6.9459,6.7953,6.8551,360900.0
2005-02-25,6.844,6.8994,6.8152,6.8662,194400.0
2005-02-28,6.8883,6.9105,6.864,6.864,189900.0
2005-03-01,6.875,7.0744,6.875,7.0544,197700.0
2005-03-02,7.0766,7.0766,6.926,6.9548,119100.0
2005-03-03,6.9437,6.9437,6.8374,6.864,285600.0
2005-03-04,6.8662,6.9769,6.8241,6.9747,511800.0
2005-03-07,6.9747,7.0212,6.9481,6.9902,929100.0
2005-03-08,6.9681,7.0877,6.9681,7.081,771900.0
2005-03-09,7.0877,7.0965,6.988,7.0146,96300.0
2005-03-10,7.0323,7.0855,7.0212,7.0412,207600.0
2005-03-11,7.0434,7.0522,6.9969,7.019,184800.0
2005-03-14,7.0212,7.1209,7.019,7.0943,648300.0
2005-03-15,7.0877,7.1187,7.07,7.07,30900.0
2005-03-16,7.07,7.112,7.0035,7.0124,154800.0
2005-03-17,6.9991,7.019,6.8773,6.8994,104700.0
2005-03-18,6.8773,7.0102,6.8773,7.0102,47100.0
2005-03-21,7.0057,7.0057,6.9326,6.9659,49500.0
2005-03-22,6.9437,7.0323,6.9437,7.0057,43200.0
2005-03-23,6.9548,7.0057,6.9481,7.0057,336300.0
2005-03-24,7.0124,7.1231,7.0124,7.0855,51900.0
2005-03-28,7.0855,7.1364,7.0855,7.1098,49500.0
2005-03-29,7.1209,7.1475,7.0611,7.0611,92700.0
2005-03-30,7.0544,7.0766,7.0234,7.0522,53100.0
2005-03-31,7.0544,7.0899,6.9769,6.9991,49200.0
2005-04-01,6.9991,7.0257,6.988,6.9924,85800.0
2005-04-04,6.9924,6.9924,6.9326,6.9659,173400.0
2005-04-05,6.9659,6.9991,6.9659,6.9991,566400.0
2005-04-06,6.988,7.0389,6.9769,7.0035,54000.0
2005-04-07,7.0212,7.0412,7.0035,7.0035,22500.0
2005-04-08,6.9769,7.0633,6.9548,7.0633,98100.0
2005-04-11,7.0522,7.0544,6.9659,6.9681,73800.0
2005-04-12,6.9548,6.9614,6.8175,6.844,159000.0
2005-04-13,6.844,6.8706,6.8064,6.8064,169200.0
2005-04-14,6.8108,6.8241,6.7709,6.7776,48600.0
2005-04-15,6.7599,6.7798,6.7089,6.7311,71400.0
2005-04-18,6.72,6.72,6.658,6.6779,52500.0
2005-04-19,6.6735,6.6979,6.6447,6.6823,65700.0
2005-04-20,6.6779,6.8108,6.6779,6.7798,62400.0
2005-04-21,6.7997,6.8928,6.7887,6.8662,99900.0
2005-04-22,6.8662,6.8861,6.8595,6.875,62400.0
2005-04-25,7.0655,7.2184,7.0589,7.1763,157800.0
2005-04-26,7.1984,7.2095,7.1541,7.1674,233400.0
2005-04-27,7.1763,7.2272,7.1763,7.1873,114900.0
2005-04-28,7.1896,7.3446,7.1896,7.2981,242400.0
2005-04-29,7.2981,7.5351,7.2914,7.5329,296100.0
2005-05-02,7.6082,7.6148,7.5351,7.5905,435300.0
2005-05-03,7.7455,7.7455,7.5307,7.6768,520200.0
2005-05-04,7.679,7.7078,7.5971,7.6503,395700.0
2005-05-05,7.6613,7.6813,7.6082,7.6414,123600.0
2005-05-06,7.6192,7.6281,7.4908,7.5329,88800.0
2005-05-09,7.555,7.6392,7.5351,7.5749,183600.0
2005-05-10,7.575,7.6237,7.5284,7.5971,196500.0
2005-05-11,7.6192,7.6968,7.5639,7.6968,152100.0
2005-05-12,7.6901,7.7233,7.5284,7.5749,149100.0
2005-05-13,7.5971,7.6082,7.5307,7.5307,39300.0
2005-05-16,7.5329,7.586,7.5284,7.5727,145800.0
2005-05-17,7.5749,7.5971,7.5373,7.5417,138900.0
2005-05-18,7.5528,7.5639,7.5085,7.5417,240300.0
2005-05-19,7.5528,7.6414,7.5417,7.6392,118500.0
2005-05-20,7.6259,7.6879,7.6015,7.6414,41700.0
2005-05-23,7.6613,7.9714,7.6613,7.8939,119100.0
2005-05-24,7.8673,7.9338,7.8629,7.9338,82800.0
2005-05-25,7.9538,7.9915,7.8649,7.9071,162000.0
2005-05-26,7.8871,7.9138,7.8427,7.8938,169800.0
2005-05-27,7.8871,8.2781,7.8738,8.2404,140100.0
2005-05-31,8.2204,8.3115,8.1537,8.2648,176100.0
2005-06-01,8.2537,8.2648,8.1248,8.1271,106200.0
2005-06-02,8.1426,8.1937,8.1204,8.1937,46500.0
2005-06-03,8.1981,8.3048,8.1404,8.3048,71100.0
2005-06-06,8.3048,8.3848,8.1648,8.1959,73800.0
2005-06-07,8.1981,8.2315,8.1981,8.2048,498000.0
2005-06-08,8.2048,8.2559,8.1537,8.1759,130500.0
2005-06-09,8.187,8.2159,8.1759,8.2159,144600.0
2005-06-10,8.2181,8.2181,8.1937,8.2093,49500.0
2005-06-13,8.2248,8.2426,8.1893,8.2159,45000.0
2005-06-14,8.2159,8.2159,8.1582,8.167,74400.0
2005-06-15,8.1693,8.2093,8.1626,8.2093,98400.0
2005-06-16,8.2093,8.2093,8.1515,8.1559,91200.0
2005-06-17,8.1693,8.187,8.1315,8.1315,58500.0
2005-06-20,8.1382,8.1537,8.0982,8.1426,606000.0
2005-06-21,8.1426,8.1537,8.1048,8.1093,26100.0
2005-06-22,8.1093,8.1204,8.0671,8.076,67200.0
2005-06-23,8.076,8.0893,8.016,8.0204,81300.0
2005-06-24,8.0871,8.0893,8.0182,8.0315,249000.0
2005-06-27,8.0426,8.0537,7.9538,7.976,162000.0
2005-06-28,7.9426,8.2204,7.9426,8.2181,477300.0
2005-06-29,8.2093,8.4981,8.187,8.4892,378000.0
2005-06-30,8.4892,8.6092,8.3981,8.5647,201000.0
2005-07-01,8.567,8.7402,8.5603,8.7402,163200.0
2005-07-05,8.7958,8.9735,8.7847,8.8869,237600.0
2005-07-06,8.8869,8.9091,8.8558,8.9002,300600.0
2005-07-07,8.898,9.0202,8.8824,8.8891,97500.0
2005-07-08,8.8869,8.898,8.6847,8.6891,292200.0
2005-07-11,8.698,8.8691,8.698,8.8536,414600.0
2005-07-12,8.8536,8.9269,8.8202,8.9113,79800.0
2005-07-13,8.9535,8.9869,8.8913,8.938,32700.0
2005-07-14,8.9535,9.2979,8.9224,9.2979,161400.0
2005-07-15,9.2979,9.2979,8.9957,8.998,182700.0
2005-07-18,8.998,8.998,8.7203,8.7336,132300.0
2005-07-19,8.7558,8.7913,8.7203,8.758,71400.0
2005-07-20,8.7758,8.7825,8.7358,8.758,64200.0
2005-07-21,8.7758,8.7847,8.7647,8.7713,121800.0
2005-07-22,8.7536,8.7602,8.7158,8.7447,54300.0
2005-07-25,8.7647,8.7825,8.5892,8.5892,62700.0
2005-07-26,8.5758,8.6847,8.5758,8.6403,127800.0
2005-07-27,8.6536,8.678,8.6003,8.6381,200700.0
2005-07-28,8.6314,8.6847,8.6092,8.6247,161700.0
2005-07-29,8.6425,8.6514,8.6114,8.6114,123900.0
2005-08-01,8.5892,8.658,8.5758,8.5847,45600.0
2005-08-02,8.6292,8.7314,8.6181,8.6669,123900.0
2005-08-03,9.4423,9.8822,9.4423,9.5512,846000.0
2005-08-04,9.5645,9.6089,9.4956,9.5334,305100.0
2005-08-05,9.5001,9.529,9.1535,9.1535,130800.0
2005-08-08,9.1757,9.3401,9.1002,9.1002,150300.0
2005-08-09,9.078,9.1224,8.878,8.9424,127500.0
2005-08-10,8.9313,9.038,8.838,8.938,129900.0
2005-08-11,8.9535,9.149,8.9535,9.1002,338100.0
2005-08-12,9.0668,9.0846,9.0557,9.058,77100.0
2005-08-15,9.0691,9.1024,9.0557,9.0824,75600.0
2005-08-16,9.0979,9.1113,9.0868,9.1091,71700.0
2005-08-17,9.0979,9.1135,9.0557,9.0868,85200.0
2005-08-18,9.1024,9.129,9.0113,9.0491,63600.0
2005-08-19,9.0646,9.129,9.0535,9.1091,72900.0
2005-08-22,9.1402,9.1868,8.8869,8.9424,84600.0
2005-08-23,8.9535,8.9535,8.8447,8.8824,34200.0
2005-08-24,8.9271,8.9963,8.9271,8.9829,57900.0
2005-08-25,9.0052,9.2551,9.0052,9.1949,171300.0
2005-08-26,9.186,9.2016,9.1056,9.1614,98700.0
2005-08-29,9.1636,9.2395,9.1592,9.2395,99900.0
2005-08-30,9.2373,9.5096,9.2373,9.3645,130200.0
2005-08-31,9.3645,9.4069,9.3065,9.3533,94500.0
2005-09-01,9.4069,9.523,9.4069,9.4716,76200.0
2005-09-02,9.4761,9.4939,9.4292,9.4582,35700.0
2005-09-06,9.4694,9.6948,9.4694,9.6234,88500.0
2005-09-07,9.6212,9.6993,9.5363,9.5966,100500.0
2005-09-08,9.6412,9.7551,9.5832,9.6613,402300.0
2005-09-09,9.6613,9.6836,9.6524,9.6636,275100.0
2005-09-12,9.6591,9.6591,9.5877,9.61,118200.0
2005-09-13,9.6412,9.6636,9.6323,9.639,213900.0
2005-09-14,9.6524,9.6725,9.6412,9.6636,117300.0
2005-09-15,9.6836,9.7194,9.6703,9.6747,74400.0
2005-09-16,9.6792,9.7818,9.6479,9.6524,104100.0
2005-09-19,9.6591,9.8064,9.6591,9.7684,150300.0
2005-09-20,9.7908,9.8019,9.7283,9.7417,51600.0
2005-09-21,9.7528,9.7818,9.5877,9.6256,124200.0
2005-09-22,9.6145,9.6412,9.5743,9.5787,154500.0
2005-09-23,9.5966,9.6881,9.5609,9.5654,169500.0
2005-09-26,9.5854,9.7193,9.5721,9.6725,128100.0
2005-09-27,9.6859,9.7952,9.6859,9.7707,98400.0
2005-09-28,9.7305,9.7528,9.6167,9.6301,76200.0
2005-09-29,9.6278,9.7082,9.5721,9.7082,116400.0
2005-09-30,9.7417,9.8622,9.6903,9.8176,100200.0
2005-10-03,9.8399,9.8666,9.7439,9.8064,225600.0
2005-10-04,9.8622,10.1322,9.8622,10.0541,216600.0
2005-10-05,10.0541,10.0541,9.7037,9.7037,79200.0
2005-10-06,9.6814,9.7975,9.4292,9.5274,89100.0
2005-10-07,9.552,9.6836,9.552,9.6368,174900.0
2005-10-10,9.5988,9.7439,9.5988,9.7082,44700.0
2005-10-11,9.7082,9.7283,9.5854,9.5966,52500.0
2005-10-12,9.5564,9.5631,9.485,9.5363,107400.0
2005-10-13,9.5051,9.523,9.3734,9.4136,41700.0
2005-10-14,9.4694,9.4694,9.2819,9.2819,150300.0
2005-10-17,9.2261,9.3757,9.1458,9.3757,99000.0
2005-10-18,9.3757,9.3757,9.3109,9.3288,43500.0
2005-10-19,9.3623,9.3623,9.206,9.2284,44400.0
2005-10-20,9.2618,9.2931,9.1949,9.2328,76200.0
2005-10-21,9.2105,9.3444,9.2105,9.3444,99600.0
2005-10-24,9.3377,9.3734,9.2462,9.2596,90300.0
2005-10-25,9.2507,9.2752,9.0521,9.0766,91200.0
2005-10-26,9.0766,9.0766,8.6883,8.7061,302400.0
2005-10-27,8.7396,8.9695,8.7396,8.9672,288000.0
2005-10-28,8.9829,9.1681,8.9806,9.0721,168900.0
2005-10-31,9.0163,9.3087,9.0163,9.1547,182100.0
2005-11-01,9.3109,9.3623,9.1346,9.1391,212400.0
2005-11-02,9.1503,9.1681,8.994,9.0163,379500.0
2005-11-03,9.0163,9.0989,9.0052,9.0565,228000.0
2005-11-04,9.0654,9.1458,9.061,9.0788,128400.0
2005-11-07,9.0833,9.0833,9.0476,9.0766,156600.0
2005-11-08,9.0699,9.1458,9.0699,9.0766,204900.0
2005-11-09,8.9181,8.9204,8.6503,8.6548,301500.0
2005-11-10,8.6927,8.7262,8.4919,8.5811,394800.0
2005-11-11,8.57,8.57,8.3825,8.3914,360000.0
2005-11-14,8.3914,8.7017,8.3914,8.5298,305100.0
2005-11-15,8.5477,8.5901,8.4673,8.4986,194700.0
2005-11-16,8.5209,8.57,8.4696,8.5097,93300.0
2005-11-17,8.5544,8.6369,8.4919,8.6012,133800.0
2005-11-18,8.6459,8.6816,8.5053,8.5164,139800.0
2005-11-21,8.5097,8.532,8.4205,8.5053,181500.0
2005-11-22,8.521,8.7631,8.5075,8.725,238800.0
2005-11-23,8.7699,8.7699,8.6196,8.6869,281400.0
2005-11-25,8.6869,8.7564,8.6824,8.734,77400.0
2005-11-28,8.734,8.8551,8.734,8.799,312000.0
2005-11-29,8.799,8.9246,8.6824,8.7317,357300.0
2005-11-30,8.7093,8.7811,8.6936,8.7564,291300.0
2005-12-01,8.7923,8.8214,8.7676,8.7744,110100.0
2005-12-02,8.7744,8.8349,8.7205,8.8125,139500.0
2005-12-05,8.8573,8.9246,8.8371,8.8708,135600.0
2005-12-06,8.9223,8.9223,8.8528,8.8551,84900.0
2005-12-07,8.8013,8.8685,8.7519,8.7631,105900.0
2005-12-08,8.7631,8.8237,8.7295,8.8237,105900.0
2005-12-09,8.8237,8.8461,8.7721,8.8237,127800.0
2005-12-12,8.8259,8.9537,8.8259,8.9425,162300.0
2005-12-13,8.9246,9.0726,8.891,9.0591,275700.0
2005-12-14,9.0614,9.1712,9.0524,9.1219,329400.0
2005-12-15,9.1242,9.1488,9.0591,9.0771,434700.0
2005-12-16,9.0816,9.1376,9.0703,9.1219,261000.0
2005-12-19,9.1242,9.1533,9.0838,9.1085,117600.0
2005-12-20,9.1107,9.2609,9.0995,9.252,284400.0
2005-12-21,9.2722,9.4919,9.2722,9.4179,290400.0
2005-12-22,9.3618,9.4381,9.3618,9.4246,202500.0
2005-12-23,9.4403,9.5323,9.4403,9.5076,69300.0
2005-12-27,9.5076,9.5368,9.4291,9.4897,105600.0
2005-12-28,9.4897,9.6489,9.4829,9.6108,106500.0
2005-12-29,9.6108,9.6444,9.5054,9.613,84600.0
2005-12-30,9.5861,9.5861,9.4717,9.474,65100.0
2006-01-03,9.53,9.7318,9.53,9.6646,322200.0
2006-01-04,9.6444,9.7386,9.5457,9.6691,224700.0
2006-01-05,9.6421,9.6847,9.5547,9.6354,174300.0
2006-01-06,9.6758,9.8552,9.6758,9.7655,152700.0
2006-01-09,9.7386,9.7453,9.4852,9.5412,149400.0
2006-01-10,9.5973,9.7094,9.5816,9.6421,191700.0
2006-01-11,9.6758,9.6758,9.5255,9.5368,135300.0
2006-01-12,9.5412,9.5726,9.5233,9.5726,183600.0
2006-01-13,9.6735,9.7475,9.622,9.7341,135300.0
2006-01-17,9.7632,9.7632,9.5682,9.5816,131400.0
2006-01-18,9.5973,9.5973,9.4336,9.4986,160200.0
2006-01-19,9.4852,9.8664,9.4852,9.7857,207600.0
2006-01-20,9.7879,9.9493,9.7229,9.7543,143400.0
2006-01-23,9.7318,9.8866,9.7274,9.8866,47100.0
2006-01-24,9.9202,9.9224,9.7475,9.9157,98700.0
2006-01-25,9.9224,9.9785,9.9135,9.9785,82800.0
2006-01-26,9.9785,10.0233,9.9449,9.9785,156300.0
2006-01-27,9.9785,10.1399,9.9785,10.122,177900.0
2006-01-30,10.113,10.1467,10.0727,10.122,147300.0
2006-01-31,10.1243,10.1243,10.0121,10.0794,70500.0
2006-02-01,10.0861,10.0861,10.0233,10.0435,126900.0
2006-02-02,10.0413,10.0861,9.8664,9.8664,286800.0
2006-02-03,9.8776,9.9561,9.8574,9.9561,123900.0
2006-02-06,9.9561,9.9561,9.7565,9.8238,124800.0
2006-02-07,9.8328,9.8395,9.7498,9.7588,63900.0
2006-02-08,9.7251,9.7632,9.6892,9.6937,105900.0
2006-02-09,9.6915,10.0166,9.6915,9.8619,147900.0
2006-02-10,9.8664,9.9112,9.7969,9.9112,60000.0
2006-02-13,9.8888,9.9337,9.8574,9.8776,71400.0
2006-02-14,9.9,9.9628,9.844,9.9337,133500.0
2006-02-15,9.9763,10.2476,9.9673,10.1736,130200.0
2006-02-16,10.1938,10.4315,10.187,10.4068,343500.0
2006-02-17,10.409,10.6198,10.409,10.6131,249600.0
2006-02-21,10.6288,10.7387,10.6288,10.6736,277500.0
2006-02-22,11.0293,11.0315,10.8942,11.0158,270900.0
2006-02-23,10.919,11.0563,10.4891,10.5498,201000.0
2006-02-24,10.5273,10.7749,10.4598,10.7524,154200.0
2006-02-27,10.7367,10.9955,10.7231,10.9617,148800.0
2006-02-28,10.9617,11.1328,10.6691,10.7434,227100.0
2006-03-01,10.7344,11.1351,10.6916,10.946,211200.0
2006-03-02,10.9505,11.1463,10.946,11.1103,95400.0
2006-03-03,11.1216,11.4277,11.0855,11.3106,182700.0
2006-03-06,11.3129,11.3219,11.1868,11.2116,258000.0
2006-03-07,11.1891,11.1981,11.1193,11.1846,115200.0
2006-03-08,11.1756,11.1756,11.0653,11.0765,72600.0
2006-03-09,11.0518,11.0563,10.9842,10.9865,152700.0
2006-03-10,10.9392,11.1373,10.9392,11.0765,114600.0
2006-03-13,11.0878,11.1958,11.0045,11.1418,214800.0
2006-03-14,11.0855,11.1666,11.0068,11.0248,204900.0
2006-03-15,11.0225,11.3084,11.0225,11.3084,78600.0
2006-03-16,11.3241,11.7608,11.3241,11.5155,303900.0
2006-03-17,11.547,11.6145,11.4524,11.4569,265800.0
2006-03-20,11.4659,11.6212,11.3849,11.4997,78300.0
2006-03-21,11.5042,11.5087,11.2363,11.2431,133500.0
2006-03-22,11.2453,11.2611,11.1801,11.1958,118800.0
2006-03-23,11.1958,11.2318,11.063,11.1193,240000.0
2006-03-24,11.063,11.0788,10.8627,10.9392,270000.0
2006-03-27,10.9167,11.09,10.9167,10.9752,235200.0
2006-03-28,11.0068,11.0383,10.8672,10.901,134700.0
2006-03-29,10.919,11.0068,10.883,11.0068,153300.0
2006-03-30,11.0068,11.1531,11.0068,11.1441,144300.0
2006-03-31,11.108,11.1508,11.081,11.1418,174300.0
2006-04-03,11.0968,11.4299,11.0833,11.3331,168900.0
2006-04-04,11.3894,11.6573,11.3872,11.5897,177900.0
2006-04-05,11.6032,11.6032,11.4479,11.4749,104700.0
2006-04-06,11.4839,11.547,11.4547,11.547,127800.0
2006-04-07,11.538,11.7158,11.538,11.7023,150000.0
2006-04-10,11.7023,11.8688,11.7023,11.7721,282300.0
2006-04-11,11.6145,11.7653,11.6145,11.7428,420900.0
2006-04-12,11.7428,12.0737,11.7045,11.9971,192900.0
2006-04-13,12.0872,12.803,12.0872,12.6026,985800.0
2006-04-17,12.6139,12.7399,12.4923,12.4923,184200.0
2006-04-18,12.5486,12.6837,12.4946,12.6837,80700.0
2006-04-19,12.6611,13.0663,12.6071,12.8029,105000.0
2006-04-20,12.8525,12.8637,12.5261,12.5576,102900.0
2006-04-21,12.5576,12.6274,12.5081,12.5261,100200.0
2006-04-24,12.5238,12.5238,12.3798,12.4248,90000.0
2006-04-25,12.4586,12.5779,12.4361,12.5711,101400.0
2006-04-26,12.5261,12.7174,12.4901,12.4968,162000.0
2006-04-27,12.5193,12.5193,12.2335,12.2425,182100.0
2006-04-28,12.0557,12.175,12.0197,12.1322,254700.0
2006-05-01,12.1322,12.211,12.1254,12.1885,295500.0
2006-05-02,11.9746,12.4788,11.7585,12.3685,482100.0
2006-05-03,12.4473,12.83,12.382,12.7669,318900.0
2006-05-04,12.9358,12.9358,12.7737,12.8502,275100.0
2006-05-05,12.8615,12.8862,12.7354,12.794,99000.0
2006-05-08,12.8615,12.8615,12.6724,12.7242,182700.0
2006-05-09,12.7579,12.8075,12.6859,12.7849,166200.0
2006-05-10,12.794,12.938,12.785,12.839,208500.0
2006-05-11,12.8525,13.6155,12.8525,13.3994,721800.0
2006-05-12,13.3994,13.4377,13.1563,13.3342,151200.0
2006-05-15,13.3454,13.3747,13.2014,13.2801,186300.0
2006-05-16,13.2801,13.3364,13.2689,13.2801,145800.0
2006-05-17,13.2351,13.2891,12.7174,12.7849,207300.0
2006-05-18,12.83,12.9605,12.5621,12.5711,178500.0
2006-05-19,12.5148,12.6296,12.4136,12.5824,194700.0
2006-05-22,12.6049,12.6747,11.7923,11.9409,451800.0
2006-05-23,12.0534,12.812,12.0534,12.5981,216600.0
2006-05-24,12.5552,12.6772,12.2391,12.2775,141000.0
2006-05-25,12.3317,12.7065,12.3317,12.5146,116100.0
2006-05-26,12.6004,12.702,12.5055,12.6365,126600.0
2006-05-30,12.7268,13.052,12.7268,12.9797,344100.0
2006-05-31,12.9572,13.323,12.9572,13.323,868200.0
2006-06-01,13.2665,13.4359,13.0656,13.2327,414000.0
2006-06-02,13.323,13.323,13.1197,13.2462,210000.0
2006-06-05,13.2914,13.2914,12.7652,12.7652,223200.0
2006-06-06,12.7246,12.7246,12.0494,12.2617,357000.0
2006-06-07,12.2752,12.2888,12.0313,12.0697,336900.0
2006-06-08,12.0675,12.0675,11.5526,11.7875,425700.0
2006-06-09,11.7875,11.8326,11.5639,11.6204,151800.0
2006-06-12,11.6271,11.6271,11.0265,11.2545,397500.0
2006-06-13,11.2523,11.6316,11.2387,11.5842,463800.0
2006-06-14,11.6204,11.6339,11.4307,11.6023,330900.0
2006-06-15,11.6587,12.0494,11.6587,12.0087,429600.0
2006-06-16,12.0065,12.1713,11.8868,11.9568,379800.0
2006-06-19,12.0133,12.0539,11.7536,11.7558,146700.0
2006-06-20,11.7558,11.7558,11.6633,11.6745,69000.0
2006-06-21,11.6745,11.7716,11.5165,11.7513,174600.0
2006-06-22,11.7175,11.7445,11.5278,11.7107,218100.0
2006-06-23,11.6407,11.661,11.5842,11.6497,82500.0
2006-06-26,11.6045,11.9997,11.5887,11.9184,267000.0
2006-06-27,11.9297,11.9839,11.6904,11.7829,135300.0
2006-06-28,11.81,11.8597,11.5278,11.6745,118200.0
2006-06-29,11.7084,12.0742,11.7084,11.9681,150300.0
2006-06-30,11.9636,12.1194,11.9229,12.0087,109200.0
2006-07-03,12.0088,12.1262,11.9636,12.1262,40800.0
2006-07-05,12.2278,12.2391,11.8304,11.8981,201600.0
2006-07-06,11.8575,12.0359,11.6587,11.8281,297300.0
2006-07-07,11.8055,11.8462,11.3652,11.4397,291600.0
2006-07-10,11.4262,11.4284,11.3133,11.3155,122400.0
2006-07-11,11.3155,11.3155,11.0219,11.1778,256500.0
2006-07-12,11.2003,11.6791,11.2003,11.6204,649800.0
2006-07-13,11.5504,11.582,11.3403,11.3426,154800.0
2006-07-14,11.3426,11.652,11.3358,11.4984,481500.0
2006-07-17,11.4465,11.4781,11.2771,11.4036,332100.0
2006-07-18,11.4216,11.5368,11.3087,11.4397,194400.0
2006-07-19,11.4374,11.7829,11.4374,11.7581,125100.0
2006-07-20,11.7807,11.7807,11.5729,11.7423,218100.0
2006-07-21,11.7491,11.7807,11.6678,11.7807,191400.0
2006-07-24,11.8258,11.9184,11.7423,11.9184,176700.0
2006-07-25,11.8846,12.0855,11.7739,12.0788,170100.0
2006-07-26,12.1239,12.1623,12.0133,12.1578,83400.0
2006-07-27,12.2571,12.2617,12.011,12.0607,87000.0
2006-07-28,12.1442,12.352,12.1104,12.2978,72900.0
2006-07-31,12.2075,12.3655,12.081,12.1939,252000.0
2006-08-01,12.081,12.1849,11.8281,11.9252,384300.0
2006-08-02,11.9794,12.1488,11.8507,12.0087,241800.0
2006-08-03,12.011,12.1668,12.002,12.0562,131700.0
2006-08-04,12.09,12.1126,11.6452,11.9342,200100.0
2006-08-07,11.9342,11.9387,11.7784,11.8349,88500.0
2006-08-08,11.8575,11.9229,11.731,11.7852,165300.0
2006-08-09,11.7852,11.7875,11.2907,11.4849,1152600.0
2006-08-10,11.5142,11.6158,11.3313,11.4962,194400.0
2006-08-11,11.4962,11.5481,11.4239,11.4284,145800.0
2006-08-14,11.5413,11.5729,11.3132,11.3336,162300.0
2006-08-15,11.3832,11.4984,11.3358,11.4578,153300.0
2006-08-16,11.5007,11.6068,11.4645,11.5233,174300.0
2006-08-17,11.5458,11.6068,11.4239,11.4239,75300.0
2006-08-18,11.3923,11.5187,11.3832,11.5187,113100.0
2006-08-21,11.5549,11.5774,11.4691,11.5029,126600.0
2006-08-22,11.5052,11.5955,11.4758,11.5571,164100.0
2006-08-23,11.5843,11.6297,11.0968,11.1467,345300.0
2006-08-24,11.1762,11.2125,11.1104,11.1445,276000.0
2006-08-25,11.1581,11.1603,11.0469,11.0878,73800.0
2006-08-28,11.0651,11.1513,11.0084,11.1059,87300.0
2006-08-29,11.1059,11.3916,10.9268,11.3916,160500.0
2006-08-30,11.3916,11.4506,11.0424,11.0878,284100.0
2006-08-31,11.2238,11.2238,11.0311,11.0991,198000.0
2006-09-01,11.1558,11.2896,11.0787,11.115,143400.0
2006-09-05,11.1467,11.1875,11.0447,11.1671,144600.0
2006-09-06,11.1671,11.3168,11.1671,11.2102,128700.0
2006-09-07,11.2102,11.2238,11.1127,11.1377,120600.0
2006-09-08,11.3553,11.3553,11.1694,11.2125,31500.0
2006-09-11,11.2011,11.2147,11.1263,11.1875,136200.0
2006-09-12,11.2011,11.2805,11.0538,11.276,140100.0
2006-09-13,11.31,11.539,11.276,11.4007,236400.0
2006-09-14,11.344,11.3712,11.2692,11.3145,66000.0
2006-09-15,11.1785,11.3644,11.1376,11.3394,305700.0
2006-09-18,11.3508,11.4551,11.3508,11.4506,234900.0
2006-09-19,11.4846,11.5322,11.3168,11.3236,214200.0
2006-09-20,11.3463,11.5639,11.3394,11.5413,97500.0
2006-09-21,11.6319,12.2101,11.6319,12.1875,549000.0
2006-09-22,12.2101,12.2442,12.0877,12.1013,288600.0
2006-09-25,12.1353,12.2918,12.1353,12.1875,249000.0
2006-09-26,12.2215,12.3008,12.1308,12.2306,126300.0
2006-09-27,12.2532,12.3054,12.2238,12.2419,96600.0
2006-09-28,12.2147,12.2782,12.1467,12.26,90900.0
2006-09-29,12.2827,12.2827,12.1036,12.1557,57300.0
2006-10-02,12.1557,12.2306,12.1421,12.2283,46800.0
2006-10-03,12.1988,12.1988,12.0356,12.1195,109500.0
2006-10-04,12.1195,12.4074,12.0673,12.4074,202200.0
2006-10-05,12.4414,12.4709,12.2237,12.2578,294300.0
2006-10-06,12.2351,12.2464,12.0764,12.09,83400.0
2006-10-09,12.09,12.1489,11.7952,12.1489,125100.0
2006-10-10,12.1172,12.1217,11.9789,12.0151,52200.0
2006-10-11,12.0174,12.0514,11.9494,11.9585,115200.0
2006-10-12,11.9925,12.2238,11.9925,12.2169,83400.0
2006-10-13,12.2442,12.2487,12.1104,12.1308,84300.0
2006-10-16,12.1648,12.2147,12.0356,12.0809,130200.0
2006-10-17,12.1149,12.2532,12.0809,12.251,67500.0
2006-10-18,12.2668,12.3054,12.2578,12.2736,108900.0
2006-10-19,12.2736,12.3349,12.1127,12.1263,51300.0
2006-10-20,12.1376,12.1557,11.9108,11.9381,117900.0
2006-10-23,11.9426,12.065,11.929,12.065,58200.0
2006-10-24,12.0877,12.1217,11.8519,11.8632,111300.0
2006-10-25,11.8972,12.0854,11.8156,12.0832,71400.0
2006-10-26,12.0832,12.1126,11.9675,12.1058,82800.0
2006-10-27,12.1399,12.3394,12.0922,12.3371,80700.0
2006-10-30,12.3371,12.4256,12.2918,12.3212,159000.0
2006-10-31,12.4777,12.48,12.3349,12.3643,293400.0
2006-11-01,12.3394,12.3394,12.1716,12.251,136200.0
2006-11-02,12.2782,12.2782,12.0968,12.1444,94500.0
2006-11-03,12.1671,12.2101,12.1489,12.1603,162000.0
2006-11-06,12.1603,12.3984,12.0129,12.0242,248700.0
2006-11-07,12.0469,12.1512,12.0401,12.1081,129900.0
2006-11-08,12.1081,12.1625,11.9675,11.9834,132600.0
2006-11-09,11.9607,11.9947,11.802,11.87,166800.0
2006-11-10,11.904,12.0832,11.904,12.0741,104400.0
2006-11-13,12.0968,12.1081,11.9562,11.9811,482700.0
2006-11-14,11.9947,12.0628,11.8836,11.9539,78900.0
2006-11-15,11.9313,11.9721,11.7929,11.8723,90000.0
2006-11-16,11.895,11.9494,11.895,11.9222,46800.0
2006-11-17,11.8927,11.8927,11.7952,11.7997,69000.0
2006-11-20,11.7997,11.8859,11.7907,11.8859,156900.0
2006-11-21,11.9087,11.9223,11.7857,11.8062,146100.0
2006-11-22,11.8085,11.9064,11.7994,11.8722,69600.0
2006-11-24,11.895,11.895,11.829,11.8381,45000.0
2006-11-27,11.8495,11.8791,11.7357,11.7584,112500.0
2006-11-28,11.7356,11.8905,11.7311,11.8722,82200.0
2006-11-29,11.895,12.0088,11.895,12.0043,111600.0
2006-11-30,11.9542,12.3617,11.9542,12.3116,286800.0
2006-12-01,12.3116,12.3435,11.8882,12.0043,115200.0
2006-12-04,12.0043,12.348,12.0043,12.2729,217200.0
2006-12-05,12.216,12.2797,12.134,12.1477,49200.0
2006-12-06,12.1249,12.1363,12.043,12.0589,45600.0
2006-12-07,12.0999,12.0999,11.9018,11.9155,74400.0
2006-12-08,11.9292,11.9292,11.6469,11.7129,213600.0
2006-12-11,11.7129,11.7835,11.6173,11.6537,117300.0
2006-12-12,11.6469,11.6491,11.549,11.5831,197100.0
2006-12-13,11.5831,11.6173,11.4238,11.5194,129000.0
2006-12-14,11.4966,11.6469,11.4966,11.5125,132900.0
2006-12-15,11.508,11.5535,11.4465,11.4784,157500.0
2006-12-18,11.4784,11.6742,11.4625,11.6696,229800.0
2006-12-19,11.6719,11.9383,11.5877,11.895,297300.0
2006-12-20,11.8381,12.1887,11.8381,12.175,184800.0
2006-12-21,12.1978,12.3093,12.1318,12.3093,168900.0
2006-12-22,12.3162,12.3321,12.043,12.0658,218400.0
2006-12-26,12.0658,12.1591,12.0498,12.1341,87900.0
2006-12-27,12.191,12.2638,12.1728,12.2433,102600.0
2006-12-28,12.2433,12.2706,12.2365,12.2388,68700.0
2006-12-29,12.2433,12.2843,12.1796,12.1887,117300.0
2007-01-03,12.1841,12.257,12.1819,12.2456,195000.0
2007-01-04,12.2365,12.2456,12.1773,12.1796,83400.0
2007-01-05,12.2365,12.257,12.0088,12.0453,125100.0
2007-01-08,12.0088,12.1705,12.0088,12.1636,74400.0
2007-01-09,12.1636,12.3139,12.15,12.3139,169800.0
2007-01-10,12.2934,12.3936,12.2365,12.389,110400.0
2007-01-11,12.405,12.5211,12.3663,12.5211,195600.0
2007-01-12,12.5211,12.6007,12.4573,12.5985,129600.0
2007-01-16,12.5894,12.9308,12.5529,12.7442,199500.0
2007-01-17,12.7373,12.7373,12.5165,12.6873,138600.0
2007-01-18,12.6918,12.7305,12.5962,12.6918,191700.0
2007-01-19,12.6918,12.7146,12.5416,12.6736,79500.0
2007-01-22,12.6827,12.792,12.6827,12.7874,131400.0
2007-01-23,12.7533,13.0105,12.7396,12.9923,123000.0
2007-01-24,12.9991,13.1335,12.9787,13.0219,260400.0
2007-01-25,13.0333,13.0697,12.9582,13.0538,295500.0
2007-01-26,13.0447,13.3406,13.0037,13.3065,322200.0
2007-01-29,13.2837,13.4772,13.1608,13.4135,402000.0
2007-01-30,13.3975,13.5478,13.3953,13.5341,875400.0
2007-01-31,13.4931,13.5523,13.4249,13.4931,676800.0
2007-02-01,13.5114,13.5728,13.4795,13.5706,177900.0
2007-02-02,13.5569,13.6275,13.4476,13.5569,267600.0
2007-02-05,13.5455,13.6002,13.3019,13.3816,278700.0
2007-02-06,13.3474,13.3816,13.2131,13.3361,138600.0
2007-02-07,13.3292,13.3702,13.2746,13.3179,126600.0
2007-02-08,13.2951,13.327,13.2382,13.2564,85800.0
2007-02-09,13.1995,13.3816,13.1653,13.204,69900.0
2007-02-12,13.2951,13.5182,13.0629,13.4704,285900.0
2007-02-13,13.4476,13.7709,13.4317,13.7459,263100.0
2007-02-14,13.7549,13.846,13.6662,13.7686,465900.0
2007-02-15,13.7686,13.805,13.5819,13.7459,390900.0
2007-02-16,13.7367,14.3992,13.7367,14.1147,387300.0
2007-02-20,14.0919,14.1807,13.8961,13.9803,303600.0
2007-02-21,13.994,14.0466,13.9095,14.0055,256500.0
2007-02-22,13.9369,13.9369,12.7742,13.1899,1257900.0
2007-02-23,13.3636,13.7359,13.3224,13.6126,796200.0
2007-02-26,13.6582,13.793,13.2836,13.3339,308400.0
2007-02-27,13.2608,13.263,13.0415,13.078,196800.0
2007-02-28,13.1351,13.1785,13.0095,13.1374,237900.0
2007-03-01,13.1374,13.1374,12.7696,12.7948,475500.0
2007-03-02,12.8267,12.9661,12.6714,12.9341,282300.0
2007-03-05,12.8884,12.9113,12.564,12.5846,224400.0
2007-03-06,12.6531,12.7948,12.347,12.7856,323700.0
2007-03-07,12.7925,12.9958,12.7696,12.9844,391500.0
2007-03-08,12.9798,13.0437,12.8907,12.9478,450600.0
2007-03-09,12.9912,13.0437,12.7788,12.861,234900.0
2007-03-12,12.8838,12.8975,12.7673,12.829,134100.0
2007-03-13,12.8427,12.861,12.628,12.6577,151500.0
2007-03-14,12.6942,12.7856,12.4726,12.5732,178500.0
2007-03-15,12.6074,12.7034,12.596,12.6782,156000.0
2007-03-16,12.6326,12.6783,12.5503,12.6486,144000.0
2007-03-19,12.6211,12.6783,12.5869,12.5937,91800.0
2007-03-20,12.5892,12.829,12.5869,12.7605,107100.0
2007-03-21,12.6965,13.2014,12.6874,13.174,300300.0
2007-03-22,13.2196,13.2722,13.142,13.2539,185100.0
2007-03-23,13.2493,13.2608,13.1077,13.1968,156300.0
2007-03-26,13.1625,13.2151,13.0552,13.1031,158400.0
2007-03-27,13.1488,13.2402,13.1168,13.1694,235800.0
2007-03-28,13.1534,13.2242,12.9364,13.1146,177300.0
2007-03-29,13.1168,13.3773,13.0963,13.2493,282300.0
2007-03-30,13.2493,13.4755,13.2265,13.3681,304200.0
2007-04-02,13.343,13.64,13.343,13.6011,226500.0
2007-04-03,13.6034,13.6879,13.5395,13.6217,526800.0
2007-04-04,13.6217,13.9986,13.5235,13.9232,412800.0
2007-04-05,13.9689,14.0466,13.8775,13.9301,186900.0
2007-04-09,13.8958,13.8958,13.7633,13.7907,83100.0
2007-04-10,13.8296,14.0123,13.6719,13.6788,223500.0
2007-04-11,13.6651,13.8067,13.5532,13.6171,153000.0
2007-04-12,13.6331,13.8661,13.6285,13.8638,114900.0
2007-04-13,13.873,14.0603,13.8501,13.9095,125700.0
2007-04-16,13.9164,14.1631,13.9164,14.0237,150000.0
2007-04-17,14.0192,14.0192,13.8341,13.9118,271200.0
2007-04-18,13.889,13.9324,13.6582,13.6811,134100.0
2007-04-19,13.6582,13.6925,13.5257,13.5669,100500.0
2007-04-20,13.592,13.6834,13.5349,13.6582,218700.0
2007-04-23,13.6582,13.7062,13.6354,13.6537,92100.0
2007-04-24,13.6491,13.6879,13.4664,13.4664,120000.0
2007-04-25,13.5806,13.7656,13.5577,13.7656,107400.0
2007-04-26,13.761,13.9712,13.6834,13.7976,164700.0
2007-04-27,13.7405,13.8753,13.7313,13.8387,113400.0
2007-04-30,13.9484,13.9803,13.4892,13.4961,190200.0
2007-05-01,13.8821,14.2933,13.7176,13.9095,665100.0
2007-05-02,13.8775,13.8775,13.5417,13.6034,470100.0
2007-05-03,13.6263,13.7907,13.5897,13.6011,288900.0
2007-05-04,13.6468,13.7382,13.6377,13.7268,186600.0
2007-05-07,13.745,13.8181,13.6994,13.7496,168900.0
2007-05-08,13.7496,13.7588,13.6377,13.7245,348300.0
2007-05-09,13.7108,13.7976,13.6765,13.7062,153300.0
2007-05-10,13.7336,13.7359,13.6423,13.6423,127500.0
2007-05-11,13.6948,13.7976,13.656,13.761,138300.0
2007-05-14,13.6902,13.7702,13.6879,13.7039,138900.0
2007-05-15,13.7062,13.7542,13.6719,13.7085,480300.0
2007-05-16,13.6537,13.7039,13.5029,13.5714,149400.0
2007-05-17,13.5806,13.7199,13.5029,13.5235,120900.0
2007-05-18,13.5806,13.6651,13.4047,13.6377,132600.0
2007-05-21,13.6834,13.7016,13.5189,13.5463,72000.0
2007-05-22,13.5806,13.6811,13.5806,13.6674,123300.0
2007-05-23,13.7086,13.7086,13.4565,13.4588,92100.0
2007-05-24,13.5023,13.5023,12.8192,12.8834,486900.0
2007-05-25,12.9407,13.2226,12.9407,13.0186,141900.0
2007-05-29,13.0209,13.1722,13.0209,13.1241,337200.0
2007-05-30,13.0897,13.4473,13.0897,13.2662,234000.0
2007-05-31,13.3808,13.5573,13.2662,13.523,357300.0
2007-06-01,13.5161,13.5734,13.3487,13.4542,159900.0
2007-06-04,13.4542,13.8278,13.4542,13.7728,292800.0
2007-06-05,13.7361,13.8233,13.6972,13.7086,127200.0
2007-06-06,13.7453,13.7958,13.4725,13.5092,148800.0
2007-06-07,13.5482,13.6215,13.4863,13.523,426000.0
2007-06-08,13.6376,13.7362,13.5253,13.6422,144900.0
2007-06-11,13.6743,13.782,13.5734,13.7659,129300.0
2007-06-12,13.7086,13.9356,13.6651,13.6857,269100.0
2007-06-13,13.6857,13.7178,13.3923,13.5344,171900.0
2007-06-14,13.5826,13.6536,13.406,13.4496,264000.0
2007-06-15,13.4725,13.6078,13.4313,13.5734,249300.0
2007-06-18,13.5252,13.892,13.5252,13.8393,227100.0
2007-06-19,13.8003,13.892,13.7155,13.8554,145800.0
2007-06-20,13.8531,13.9104,13.7545,13.7659,132300.0
2007-06-21,13.7545,13.9814,13.7545,13.9425,146700.0
2007-06-22,13.9356,13.9791,13.8026,13.9287,149400.0
2007-06-25,13.8508,13.8897,13.672,13.672,242100.0
2007-06-26,13.6926,13.7384,13.6307,13.6765,193500.0
2007-06-27,13.6445,14.1465,13.6445,14.1396,178800.0
2007-06-28,14.1052,14.7425,14.1052,14.4697,392100.0
2007-06-29,14.4651,14.4651,14.2474,14.3551,316800.0
2007-07-02,14.4308,14.4972,14.1603,14.1786,96000.0
2007-07-03,14.2634,14.362,14.2038,14.2703,76800.0
2007-07-05,14.472,14.4881,14.1809,14.2749,141600.0
2007-07-06,14.3276,14.8617,14.2084,14.7975,262800.0
2007-07-09,14.7173,14.8296,14.6371,14.6783,192600.0
2007-07-10,14.5843,14.7265,14.5752,14.6531,183900.0
2007-07-11,14.6394,14.7173,14.605,14.6715,153000.0
2007-07-12,14.6898,14.848,14.6692,14.8182,98700.0
2007-07-13,14.8182,15.0428,14.7861,15.0428,270600.0
2007-07-16,15.0887,15.2744,14.9695,15.2102,240600.0
2007-07-17,15.2125,15.3821,15.2125,15.2675,119700.0
2007-07-18,15.2583,15.2904,15.1208,15.2514,78300.0
2007-07-19,15.2514,15.4096,15.2262,15.3592,86700.0
2007-07-20,15.4165,15.4165,15.185,15.2193,193500.0
2007-07-23,15.2148,15.2285,15.0451,15.1299,183000.0
2007-07-24,15.1299,15.185,15.0589,15.1437,228000.0
2007-07-25,15.1299,15.1918,15.0887,15.1276,295500.0
2007-07-26,15.1299,15.1529,14.7998,14.8503,123000.0
2007-07-27,14.8159,14.8365,14.5706,14.7288,266700.0
2007-07-30,14.6944,15.1139,14.2863,14.3551,280200.0
2007-07-31,14.4445,15.1597,14.0686,14.9466,682200.0
2007-08-01,14.9007,14.9626,14.3941,14.8205,531300.0
2007-08-02,14.7677,14.7815,14.6073,14.6485,141600.0
2007-08-03,14.6829,14.699,14.3024,14.3138,317400.0
2007-08-06,14.2909,14.6027,14.1465,14.6027,246300.0
2007-08-07,14.5454,14.942,14.3299,14.809,352500.0
2007-08-08,14.8273,15.146,14.7632,15.1047,636600.0
2007-08-09,15.185,15.256,15.013,15.0772,375000.0
2007-08-10,15.0956,15.107,14.3689,14.378,351900.0
2007-08-13,14.3757,14.4216,14.2153,14.3849,324300.0
2007-08-14,14.362,14.3895,14.1396,14.19,227400.0
2007-08-15,14.1557,14.3505,13.6697,13.6811,264000.0
2007-08-16,13.6353,13.7041,13.3121,13.5917,182400.0
2007-08-17,13.7522,13.9356,13.4909,13.7247,210300.0
2007-08-20,13.688,14.3115,13.688,14.2382,314400.0
2007-08-21,14.1923,14.3047,13.8576,14.0754,239700.0
2007-08-22,14.0938,14.5035,14.0731,14.4759,155100.0
2007-08-23,14.5081,14.5219,14.2734,14.3769,237900.0
2007-08-24,14.3539,14.5794,14.2273,14.2803,175500.0
2007-08-27,14.2803,14.3976,14.179,14.2849,154500.0
2007-08-28,14.2618,14.2849,13.8821,14.0524,140400.0
2007-08-29,14.0524,14.2342,14.0271,14.1261,181500.0
2007-08-30,14.0846,14.2803,13.9995,14.1882,108000.0
2007-08-31,14.1859,14.9638,14.1859,14.8694,324900.0
2007-09-04,14.8234,15.1479,14.7635,15.0834,174600.0
2007-09-05,14.9914,14.9914,14.8027,14.8694,124500.0
2007-09-06,14.8441,14.8786,14.7866,14.8533,114300.0
2007-09-07,14.7751,14.8924,14.6439,14.7221,199200.0
2007-09-10,14.7566,14.8924,14.7336,14.8763,168300.0
2007-09-11,14.9223,14.9845,14.8441,14.9085,151200.0
2007-09-12,14.9707,14.9707,14.8441,14.9523,87000.0
2007-09-13,14.9592,14.9753,14.8625,14.9408,276000.0
2007-09-14,14.538,14.706,14.4644,14.6922,192600.0
2007-09-17,14.6439,14.729,14.6024,14.6738,118800.0
2007-09-18,14.6439,14.8947,14.6439,14.8832,169200.0
2007-09-19,14.7613,15.0305,14.7613,14.9408,191100.0
2007-09-20,14.9638,14.9661,14.6991,14.7751,179700.0
2007-09-21,14.7566,14.7682,14.5518,14.6094,352200.0
2007-09-24,14.5633,14.8809,14.4759,14.8464,213900.0
2007-09-25,14.7981,14.7981,14.614,14.6922,131400.0
2007-09-26,14.6462,14.8165,14.614,14.8165,145800.0
2007-09-27,14.7705,14.927,14.752,14.8142,156600.0
2007-09-28,14.7336,14.9822,14.7336,14.9822,226800.0
2007-10-01,15.0167,15.523,14.9177,15.355,354900.0
2007-10-02,15.263,15.5276,15.1755,15.4885,227700.0
2007-10-03,15.454,16.2687,15.2745,16.1191,918000.0
2007-10-04,16.0961,16.0984,15.9419,16.0408,390000.0
2007-10-05,16.0408,16.4137,16.0408,16.2065,400200.0
2007-10-08,16.1605,16.3446,16.0892,16.1352,120000.0
2007-10-09,16.0777,16.2756,16.0592,16.2226,103800.0
2007-10-10,16.1651,16.3009,16.1329,16.2756,107700.0
2007-10-11,16.2756,16.4321,16.1904,16.3193,129600.0
2007-10-12,16.3423,16.3423,16.218,16.2848,121800.0
2007-10-15,16.2272,16.3285,16.2042,16.2802,108000.0
2007-10-16,16.2595,16.294,16.1812,16.1858,157500.0
2007-10-17,16.2088,16.248,16.0408,16.1214,407700.0
2007-10-18,16.1444,16.9729,16.1444,16.798,542400.0
2007-10-19,16.7174,16.966,16.4275,16.4413,326100.0
2007-10-22,16.3952,16.3975,15.8912,16.3722,532800.0
2007-10-23,16.3722,16.5264,16.3515,16.5011,639000.0
2007-10-24,16.5563,16.5563,16.363,16.4781,182400.0
2007-10-25,16.4919,16.508,16.0753,16.0868,707700.0
2007-10-26,16.0869,16.1628,15.7808,16.1398,585000.0
2007-10-29,16.1628,16.5241,16.1398,16.416,627000.0
2007-10-30,16.5817,16.8716,16.149,16.5333,482100.0
2007-10-31,16.7819,17.5137,16.6093,17.2215,1001700.0
2007-11-01,17.1961,17.4516,16.9614,17.1708,615000.0
2007-11-02,17.2629,17.4815,16.9936,17.3135,327300.0
2007-11-05,17.1708,17.2836,17.1386,17.2261,204000.0
2007-11-06,17.2905,17.6081,17.1524,17.6058,372900.0
2007-11-07,17.6058,17.638,17.1386,17.1892,423600.0
2007-11-08,17.1708,17.615,17.0189,17.5321,365700.0
2007-11-09,17.4401,17.5552,17.1869,17.401,468000.0
2007-11-12,17.4332,17.4332,16.5725,16.5748,318000.0
2007-11-13,16.7266,17.2606,16.5632,17.1639,393900.0
2007-11-14,17.1225,17.2606,16.8924,17.0926,203100.0
2007-11-15,17.1225,17.1225,16.4206,16.4528,342600.0
2007-11-16,16.4988,16.8578,16.2917,16.6277,222300.0
2007-11-19,16.5886,16.5932,16.2871,16.5011,181800.0
2007-11-20,16.5242,16.6974,15.9931,16.3372,390300.0
2007-11-21,16.291,16.3349,16.0716,16.2125,132300.0
2007-11-23,16.3949,16.9468,16.2102,16.8221,101400.0
2007-11-26,16.8613,17.2123,16.6882,16.7367,209100.0
2007-11-27,16.7967,17.0992,16.7805,17.0161,232500.0
2007-11-28,17.0161,17.7411,16.9999,17.5379,390000.0
2007-11-29,17.3878,17.6488,17.344,17.4548,308700.0
2007-11-30,17.5495,17.5795,17.083,17.1107,254700.0
2007-12-03,16.9422,17.7411,16.9422,17.4571,254100.0
2007-12-04,17.3463,17.591,17.2654,17.5841,195900.0
2007-12-05,17.6418,17.8081,17.6349,17.7804,335400.0
2007-12-06,17.7804,17.8727,17.6811,17.8335,85800.0
2007-12-07,17.9189,18.0875,17.748,18.0759,146700.0
2007-12-10,18.1868,18.1868,17.9767,18.1129,106500.0
2007-12-11,18.226,18.2722,17.8704,17.8981,239100.0
2007-12-12,18.0182,18.039,17.6187,17.7342,203700.0
2007-12-13,17.7781,17.7896,17.2331,17.3509,304800.0
2007-12-14,17.4086,17.9189,17.1708,17.8427,219600.0
2007-12-17,17.8081,17.8127,17.4548,17.4733,466800.0
2007-12-18,17.8243,17.8243,17.531,17.5795,276000.0
2007-12-19,17.755,18.0298,17.434,17.7596,436800.0
2007-12-20,17.7873,18.4731,17.7342,18.4316,421800.0
2007-12-21,18.8241,19.5168,18.8195,19.0989,713700.0
2007-12-24,19.3737,19.817,19.3414,19.5977,266100.0
2007-12-26,19.6508,19.8378,19.3852,19.4291,244500.0
2007-12-27,19.5122,19.5954,19.1335,19.2074,243600.0
2007-12-28,19.3968,19.3968,18.7664,19.279,447300.0
2007-12-31,19.3621,19.3945,19.0527,19.0966,234000.0
2008-01-02,19.0158,19.3044,18.8056,18.8403,338400.0
2008-01-03,18.928,19.4684,18.7271,19.2005,426600.0
2008-01-04,19.189,19.3275,18.6371,18.6579,256500.0
2008-01-07,18.7618,18.8195,18.4015,18.5955,323400.0
2008-01-08,18.7271,18.9881,18.6024,18.6255,363600.0
2008-01-09,18.6809,18.7641,18.2976,18.3646,337500.0
2008-01-10,18.3346,18.3346,17.531,17.6187,836700.0
2008-01-11,17.3139,18.009,16.986,17.5333,790200.0
2008-01-14,17.5726,17.9374,17.4225,17.9259,438900.0
2008-01-15,17.8104,17.8727,16.672,16.9145,719100.0
2008-01-16,17.1338,17.9951,17.0876,17.8843,1121100.0
2008-01-17,18.0067,18.0067,17.053,17.3971,453000.0
2008-01-18,17.5495,17.8912,17.5148,17.5425,468000.0
2008-01-22,16.9629,17.0876,16.6027,16.7459,874200.0
2008-01-23,16.7436,17.1246,16.4919,16.7644,837600.0
2008-01-24,17.1384,17.9397,16.9653,17.7342,917400.0
2008-01-25,17.7411,17.9305,17.3763,17.5772,338400.0
2008-01-28,17.8358,18.2538,17.598,18.1291,490200.0
2008-01-29,17.9628,18.3323,17.9628,18.2745,339900.0
2008-01-30,18.45,18.4731,17.9651,18.3022,198900.0
2008-01-31,18.2029,19.212,18.0875,19.025,406800.0
2008-02-01,18.8033,19.4938,18.8033,19.4522,407400.0
2008-02-04,19.4591,19.7154,19.2213,19.6023,275100.0
2008-02-05,19.5122,19.5376,18.9719,18.995,187500.0
2008-02-06,19.189,19.189,18.801,18.8264,202800.0
2008-02-07,18.8357,19.3529,18.7364,19.249,212100.0
2008-02-08,19.3183,19.4845,19.2836,19.4406,226800.0
2008-02-11,19.443,19.5584,18.8033,18.8888,319800.0
2008-02-12,18.9326,19.2513,18.8888,19.0435,185100.0
2008-02-13,19.0504,19.0781,18.8888,19.0712,208500.0
2008-02-14,19.0504,19.0504,18.7664,18.8195,170400.0
2008-02-15,18.8495,18.8495,18.4015,18.6555,177300.0
2008-02-19,18.8426,19.0619,18.5101,18.8726,359100.0
2008-02-20,18.9212,18.9212,17.8142,17.893,753600.0
2008-02-21,18.8379,18.8703,15.5631,16.9643,3114900.0
2008-02-22,17.3464,17.7911,16.8462,17.7517,1222800.0
2008-02-25,17.6614,17.8189,16.9203,17.1449,906900.0
2008-02-26,17.1264,17.3742,17.0592,17.2607,700800.0
2008-02-27,17.1681,17.2514,16.7558,16.9295,525900.0
2008-02-28,16.9064,17.0245,16.6423,16.9457,473100.0
2008-02-29,17.0615,17.0615,16.3135,16.5844,917400.0
2008-03-03,16.5358,16.559,16.2787,16.4339,589500.0
2008-03-04,16.4432,16.7304,16.4293,16.5729,782700.0
2008-03-05,16.6192,16.7072,16.4293,16.691,625800.0
2008-03-06,16.8276,16.8276,16.5613,16.6261,381600.0
2008-03-07,16.5706,16.7072,16.5057,16.6771,389100.0
2008-03-10,16.7118,16.7442,16.2718,16.4339,607800.0
2008-03-11,16.4849,16.7929,16.4849,16.7929,226200.0
2008-03-12,16.8485,17.2399,16.7628,17.0639,338700.0
2008-03-13,16.999,17.4854,16.8902,17.3742,254100.0
2008-03-14,17.3719,17.5363,17.2538,17.4599,437100.0
2008-03-17,17.3649,17.4344,17.1542,17.3117,446700.0
2008-03-18,17.4274,17.893,17.3464,17.8003,574800.0
2008-03-19,17.7332,18.4187,17.7332,18.2681,912000.0
2008-03-20,18.2218,18.414,17.937,18.3538,796200.0
2008-03-24,18.3886,19.3636,18.3654,19.1389,806400.0
2008-03-25,18.9907,19.4632,18.7614,18.7846,887400.0
2008-03-26,18.6896,19.0671,18.5229,18.736,307500.0
2008-03-27,18.736,18.8448,18.6202,18.6781,348900.0
2008-03-28,18.6781,18.7638,18.4696,18.4835,219000.0
2008-03-31,18.4696,19.0903,18.1408,19.0185,661800.0
2008-04-01,19.2501,19.3358,18.8402,18.956,356700.0
2008-04-02,18.817,18.9861,18.5067,18.7591,245400.0
2008-04-03,18.7035,19.2987,18.2797,18.9328,484500.0
2008-04-04,18.8749,19.0787,18.7383,19.0509,390600.0
2008-04-07,19.0857,19.1042,18.7174,18.9629,340500.0
2008-04-08,18.8865,18.9676,18.5924,18.8888,301500.0
2008-04-09,18.8657,19.213,18.773,19.037,421800.0
2008-04-10,18.9537,19.1528,18.7105,19.1389,334800.0
2008-04-11,19.0718,19.0949,18.7128,18.7244,261000.0
2008-04-14,18.7939,18.7939,18.3816,18.4025,266100.0
2008-04-15,18.4719,18.5692,18.333,18.3978,387900.0
2008-04-16,18.7591,19.1042,18.7591,19.0486,484500.0
2008-04-17,19.1042,19.1783,18.9676,19.0926,509100.0
2008-04-18,19.4076,19.4076,19.0625,19.1621,445500.0
2008-04-21,19.1783,19.4284,19.1783,19.3497,417900.0
2008-04-22,19.1181,19.4377,18.8332,18.8355,375300.0
2008-04-23,18.9537,19.4516,18.8124,19.4331,324600.0
2008-04-24,19.4331,20.063,19.3497,20.0097,504300.0
2008-04-25,19.9194,20.7184,19.9194,20.4775,2790900.0
2008-04-28,21.1839,21.1839,19.7666,19.836,396100.0
2008-04-29,18.9328,19.8221,16.7165,17.3209,2071500.0
2008-04-30,18.3353,18.3353,17.314,17.3348,1348300.0
2008-05-01,18.2102,18.2102,17.0708,17.4182,851800.0
2008-05-02,17.3835,18.7035,17.3835,18.4326,809100.0
2008-05-05,18.37,19.3427,18.0782,19.0648,801400.0
2008-05-06,19.0718,19.0718,18.6341,18.7313,296100.0
2008-05-07,18.8911,18.8911,18.377,18.377,156600.0
2008-05-08,18.5021,18.6341,18.1477,18.245,253500.0
2008-05-09,18.0713,18.2728,18.0296,18.2172,189200.0
2008-05-12,18.3284,18.3284,17.9949,18.2797,306100.0
2008-05-13,18.2033,18.377,17.8629,18.0435,300300.0
2008-05-14,17.9462,18.0852,17.7031,18.0088,409000.0
2008-05-15,18.1825,18.3423,17.8351,18.3145,206800.0
2008-05-16,18.4743,18.4743,18.0574,18.3909,227300.0
2008-05-19,18.5715,18.9606,18.3075,18.502,401200.0
2008-05-20,18.3422,18.5993,18.3353,18.4604,170000.0
2008-05-21,18.6137,18.7113,18.328,18.328,320600.0
2008-05-22,18.328,18.5928,18.328,18.5858,178500.0
2008-05-23,18.4813,18.7043,18.4813,18.6485,165000.0
2008-05-27,18.5161,18.9342,18.4882,18.9342,178600.0
2008-05-28,18.8855,18.99,18.8785,18.9621,128800.0
2008-05-29,18.983,19.3524,18.9412,19.1572,237000.0
2008-05-30,19.4569,19.5057,18.774,19.213,351000.0
2008-06-02,18.8785,19.0457,17.9377,18.105,1256500.0
2008-06-03,18.2792,18.4604,18.0004,18.1886,375600.0
2008-06-04,18.1119,18.2374,17.9447,18.2165,280100.0
2008-06-05,18.1398,18.5719,18.1398,18.5719,141100.0
2008-06-06,18.3976,18.5649,17.9447,18.0004,525000.0
2008-06-09,17.9795,18.0701,17.6938,17.8262,780800.0
2008-06-10,17.7217,17.9168,17.5126,17.6659,685400.0
2008-06-11,17.6659,17.7774,17.422,17.4359,459700.0
2008-06-12,17.5753,17.652,17.4638,17.4847,155600.0
2008-06-13,17.5056,17.882,17.2826,17.7983,262900.0
2008-06-16,17.5962,17.9029,17.5962,17.8959,88900.0
2008-06-17,17.7914,17.8889,17.5475,17.8471,489900.0
2008-06-18,17.7914,17.9377,17.4708,17.8541,324800.0
2008-06-19,17.9516,17.9586,17.6938,17.8192,215100.0
2008-06-20,17.6868,17.9168,17.3105,17.3175,300900.0
2008-06-23,17.4429,17.652,17.2896,17.3941,221000.0
2008-06-24,17.5126,17.5126,16.976,16.9899,216600.0
2008-06-25,17.0875,17.4081,17.0875,17.3244,217200.0
2008-06-26,17.2826,18.0144,16.8088,18.0004,855000.0
2008-06-27,18.0353,19.1154,17.9935,18.3907,1141200.0
2008-06-30,17.6311,18.9691,17.6311,18.9064,800600.0
2008-07-01,18.6764,18.767,18.2583,18.3489,387100.0
2008-07-02,18.3558,18.4673,18.0074,18.098,267200.0
2008-07-03,17.9795,18.2095,17.7077,17.9586,239300.0
2008-07-07,18.0631,18.2165,17.8332,18.0004,454000.0
2008-07-08,17.8332,18.2234,17.8053,18.2234,301000.0
2008-07-09,18.4255,18.7043,18.2374,18.2722,489000.0
2008-07-10,18.1189,18.4255,17.8959,18.098,260600.0
2008-07-11,18.0841,18.0841,16.7739,17.1433,732000.0
2008-07-14,17.3593,17.4708,17.0109,17.213,219500.0
2008-07-15,17.1224,17.1363,16.4673,16.6554,346800.0
2008-07-16,16.9133,17.5753,16.8227,17.4917,478500.0
2008-07-17,17.3802,18.0074,17.3802,17.8401,329300.0
2008-07-18,17.9098,17.9656,17.4778,17.5753,185400.0
2008-07-21,17.652,17.7983,17.3314,17.4987,253600.0
2008-07-22,17.4778,18.0631,17.4708,17.875,248600.0
2008-07-23,18.0074,18.0074,17.7426,17.882,224800.0
2008-07-24,17.9935,18.0144,17.7565,17.9865,231000.0
2008-07-25,17.9935,17.9935,17.7077,17.8332,354400.0
2008-07-28,17.8889,18.0004,17.7565,17.9238,138700.0
2008-07-29,17.868,18.0771,17.868,18.0422,201900.0
2008-07-30,18.1746,18.4186,18.1328,18.3767,217500.0
2008-07-31,18.551,18.551,18.091,18.1956,246200.0
2008-08-01,18.314,18.537,18.105,18.4325,131700.0
2008-08-04,18.4325,19.3315,18.4325,18.9761,375400.0
2008-08-05,18.9342,19.1085,18.3001,18.4325,442000.0
2008-08-06,18.4882,18.5091,18.105,18.4116,343900.0
2008-08-07,18.4604,18.5091,18.2095,18.2861,431000.0
2008-08-08,19.2478,19.5754,18.328,19.4221,1005300.0
2008-08-11,19.4708,19.6729,19.3245,19.4987,555600.0
2008-08-12,19.436,19.4848,19.0876,19.1991,292900.0
2008-08-13,18.2722,19.213,18.098,19.0666,367300.0
2008-08-14,18.8018,19.4918,18.7461,19.4918,159500.0
2008-08-15,19.5127,19.5963,19.1224,19.5266,182000.0
2008-08-18,19.652,19.652,19.0597,19.3036,144400.0
2008-08-19,19.1224,19.3733,18.6625,18.7879,451100.0
2008-08-20,18.9277,19.2634,18.7739,19.2564,160700.0
2008-08-21,19.0816,19.2983,19.0047,19.0956,164500.0
2008-08-22,19.2564,19.2564,18.9907,19.1235,156500.0
2008-08-25,19.0186,19.1165,18.69,18.8019,127200.0
2008-08-26,18.8229,18.9627,18.2775,18.5152,206500.0
2008-08-27,18.6411,18.9207,18.4033,18.8438,176500.0
2008-08-28,18.9138,18.9767,18.697,18.7949,106300.0
2008-08-29,18.739,18.7669,18.4663,18.5012,122800.0
2008-09-02,18.5012,18.5082,17.7531,17.8579,285400.0
2008-09-03,17.781,18.0328,17.7391,18.0118,318800.0
2008-09-04,17.9698,18.0048,17.2426,17.3335,445500.0
2008-09-05,17.4174,17.4384,17.1238,17.2566,274900.0
2008-09-08,17.3615,17.4314,16.7182,16.8091,557800.0
2008-09-09,16.6553,17.3475,16.6553,16.8441,1118700.0
2008-09-10,16.7881,17.2496,16.6623,16.7742,347600.0
2008-09-11,16.6763,16.893,16.6064,16.8511,226200.0
2008-09-12,16.7812,17.2916,16.7182,17.2286,206500.0
2008-09-15,16.5015,17.1937,16.4805,16.921,288000.0
2008-09-16,16.914,16.914,16.2777,16.2917,610100.0
2008-09-17,17.3685,17.3685,15.0611,15.2289,1102000.0
2008-09-18,15.5435,16.2078,14.9352,16.033,946800.0
2008-09-19,15.7533,18.5292,15.7253,17.0399,449700.0
2008-09-22,15.3547,16.893,15.3547,16.7951,182400.0
2008-09-23,16.921,17.2356,16.7532,16.879,181700.0
2008-09-24,16.7112,16.9629,16.5714,16.6833,264400.0
2008-09-25,16.5854,16.9839,16.5854,16.8301,251700.0
2008-09-26,16.3756,16.6483,16.1938,16.2707,352900.0
2008-09-29,16.0819,16.3616,15.2149,15.3478,565900.0
2008-09-30,15.4876,16.3686,15.4876,16.3337,589900.0
2008-10-01,15.984,16.3686,15.8162,15.9071,792500.0
2008-10-02,15.7463,15.7463,14.7744,15.0681,1096300.0
2008-10-03,15.2429,15.3757,15.0051,15.2289,764800.0
2008-10-06,14.8443,14.8653,13.8375,14.4668,1245900.0
2008-10-07,14.6555,14.8583,14.3269,14.4947,855500.0
2008-10-08,14.264,14.5017,13.5857,13.6067,599200.0
2008-10-09,14.236,14.3269,13.2921,13.4879,537700.0
2008-10-10,13.327,14.222,12.6208,13.7605,893300.0
2008-10-13,14.229,14.7954,13.9843,14.7884,159200.0
2008-10-14,15.5435,15.7044,14.7884,14.8513,720100.0
2008-10-15,14.8863,14.9352,13.4459,13.4948,509100.0
2008-10-16,13.5648,13.9493,13.1942,13.8095,661200.0
2008-10-17,13.6347,13.9773,13.369,13.5018,476800.0
2008-10-20,14.5856,14.5856,13.9843,14.4108,456300.0
2008-10-21,14.3409,14.4038,13.8165,13.8514,286000.0
2008-10-22,13.6696,13.6696,12.6977,12.8516,878200.0
2008-10-23,12.5159,12.7747,12.1104,12.474,1177100.0
2008-10-24,11.6489,12.2293,11.1665,12.0615,1492600.0
2008-10-27,11.9566,12.2922,11.6839,11.8517,996200.0
2008-10-28,12.1663,12.8166,11.7748,12.7677,1139300.0
2008-10-29,12.8655,13.6417,12.5299,13.376,1733000.0
2008-10-30,13.8794,13.9354,12.6488,12.7117,1190700.0
2008-10-31,12.2642,13.0054,12.2363,12.9844,1484800.0
2008-11-03,13.0823,13.7256,12.9774,13.5997,494200.0
2008-11-04,13.7605,14.5646,13.5997,14.2989,398500.0
2008-11-05,13.9074,14.6695,13.9074,14.0612,373700.0
2008-11-06,13.9144,14.1661,13.2361,13.334,564100.0
2008-11-07,13.362,13.5787,12.9355,13.0404,506400.0
2008-11-10,13.362,13.4389,12.9145,13.0054,968200.0
2008-11-11,12.9704,13.0194,12.2013,12.8446,1210100.0
2008-11-12,12.5859,12.6488,12.439,12.5509,1060500.0
2008-11-13,12.5369,13.1592,11.9216,13.1522,1099800.0
2008-11-14,12.9634,13.0543,12.6628,12.7327,547800.0
2008-11-17,12.9145,12.9145,12.5369,12.6208,295400.0
2008-11-18,12.6138,12.7607,11.8097,12.0615,1025300.0
2008-11-19,12.1388,12.4691,11.8998,12.0193,851500.0
2008-11-20,11.7522,12.1809,11.5554,11.6608,759600.0
2008-11-21,11.8646,12.1809,11.4499,11.696,1636300.0
2008-11-24,11.8787,12.7854,11.7241,12.6097,1175300.0
2008-11-25,12.9611,13.172,12.2091,12.5394,504200.0
2008-11-26,12.6097,12.7784,12.1388,12.7292,449700.0
2008-11-28,12.7643,13.3196,12.5605,13.1228,246300.0
2008-12-01,12.7573,13.0877,12.4832,12.5113,501300.0
2008-12-02,12.6519,12.7573,11.8365,12.0333,659500.0
2008-12-03,11.8787,12.7573,11.8787,12.7432,766000.0
2008-12-04,12.6519,12.8276,12.1599,12.2864,582300.0
2008-12-05,12.3426,12.5464,11.8787,12.3778,603900.0
2008-12-08,12.6519,13.4742,12.6097,13.425,407000.0
2008-12-09,13.5024,13.8397,13.3056,13.657,835100.0
2008-12-10,13.7413,14.4302,13.6218,14.2826,592800.0
2008-12-11,14.7043,15.112,14.395,14.7746,648400.0
2008-12-12,14.4161,15.2385,14.4091,15.1823,969500.0
2008-12-15,15.1963,16.1522,14.6621,15.4212,1090900.0
2008-12-16,15.4775,15.7375,14.9925,15.5759,864100.0
2008-12-17,15.5337,15.6462,15.3509,15.5196,528400.0
2008-12-18,15.4283,15.864,15.2104,15.6251,619100.0
2008-12-19,15.5618,15.9484,14.7043,15.8289,899200.0
2008-12-22,15.864,15.864,13.9803,14.2474,1664300.0
2008-12-23,14.2896,14.5286,13.896,14.0506,631700.0
2008-12-24,14.1209,14.3388,14.0084,14.1279,821200.0
2008-12-26,14.1139,14.2755,14.0576,14.2404,45500.0
2008-12-29,14.2826,14.4653,14.0436,14.4091,350500.0
2008-12-30,14.6551,15.3158,14.4794,15.2877,440700.0
2008-12-31,15.2877,15.3299,14.8168,15.0557,249700.0
2009-01-02,15.0276,15.112,14.7043,14.8519,430400.0
2009-01-05,15.0909,15.2877,14.7816,15.1471,535700.0
2009-01-06,15.9132,15.9132,15.1612,15.358,437000.0
2009-01-07,15.4001,15.6883,14.9644,15.0698,578800.0
2009-01-08,15.0698,15.1471,14.7324,14.8308,520600.0
2009-01-09,14.9995,14.9995,14.0928,14.4091,486800.0
2009-01-12,14.1701,14.3177,13.9522,14.0576,346600.0
2009-01-13,13.9522,14.0576,13.5937,13.8257,398800.0
2009-01-14,13.9171,13.9171,12.7362,12.7784,565700.0
2009-01-15,13.158,13.158,12.6519,12.8909,690200.0
2009-01-16,13.0877,13.1228,12.5324,12.7925,584100.0
2009-01-20,12.7432,12.7432,12.0966,12.1317,786200.0
2009-01-21,12.3988,13.4321,12.2161,13.2423,964900.0
2009-01-22,13.2493,13.2493,12.5464,12.7784,446700.0
2009-01-23,12.5324,12.9471,12.3004,12.7854,384600.0
2009-01-26,12.919,13.165,12.7924,12.9401,645100.0
2009-01-27,12.926,13.1158,12.7362,12.7925,312400.0
2009-01-28,13.0455,13.2774,12.8557,13.1439,395300.0
2009-01-29,13.1579,13.1931,12.7995,13.1017,281500.0
2009-01-30,13.1017,13.2071,12.7573,12.9049,428200.0
2009-02-02,12.8276,12.8276,12.2512,12.3426,514600.0
2009-02-03,12.5254,12.5886,12.2512,12.3848,552700.0
2009-02-04,12.7714,13.2212,12.4059,12.9682,466600.0
2009-02-05,12.8979,13.3477,12.8487,13.3126,232700.0
2009-02-06,13.2001,13.8608,13.1439,13.6711,330000.0
2009-02-09,13.6992,13.7835,13.2774,13.4461,294800.0
2009-02-10,13.418,13.5094,12.933,13.0666,342200.0
2009-02-11,13.0666,13.172,12.8627,13.1439,237800.0
2009-02-12,13.0806,13.1017,12.5183,12.7854,608100.0
2009-02-13,12.8909,12.9611,12.2583,12.3707,740800.0
2009-02-17,12.2583,12.448,11.5343,12.1528,936200.0
2009-02-18,12.2653,13.4953,12.2512,12.9752,1160300.0
2009-02-19,13.0811,14.3949,13.0811,14.2678,945100.0
2009-02-20,14.1336,14.5574,13.4272,13.7239,1341200.0
2009-02-23,13.4484,13.4484,11.2941,11.8663,2830900.0
2009-02-24,11.8098,11.8451,11.1811,11.3577,1092300.0
2009-02-25,11.4566,11.5272,10.4607,10.7715,1522300.0
2009-02-26,12.1417,12.1417,10.9975,11.0257,1234100.0
2009-02-27,11.4213,11.4213,10.4324,10.6302,586500.0
2009-03-02,10.9057,10.9057,9.8815,9.9874,1152000.0
2009-03-03,10.1428,10.4183,9.8886,10.3335,826300.0
2009-03-04,10.3477,10.7503,10.0016,10.3759,782300.0
2009-03-05,10.2629,10.4042,10.2064,10.2417,567700.0
2009-03-06,10.496,10.5949,10.051,10.164,633600.0
2009-03-09,10.2417,10.3265,9.8886,10.0369,457000.0
2009-03-10,10.4254,10.6443,10.2488,10.5384,981300.0
2009-03-11,10.5808,10.8845,10.4748,10.8209,871200.0
2009-03-12,10.835,11.1246,10.7785,11.0611,648400.0
2009-03-13,11.0822,11.2023,11.0046,11.1599,631500.0
2009-03-16,11.1599,11.6049,11.0611,11.4919,636800.0
2009-03-17,11.499,12.1064,11.393,12.0217,517100.0
2009-03-18,11.9934,12.9328,11.838,12.7704,698300.0
2009-03-19,13.1447,13.1447,12.3607,12.5867,628600.0
2009-03-20,12.5373,13.0035,12.3536,12.3607,772400.0
2009-03-23,12.5867,13.1447,12.4666,13.1377,511200.0
2009-03-24,13.0953,13.5897,12.7916,13.4838,554700.0
2009-03-25,13.5685,13.738,12.8339,13.0882,432500.0
2009-03-26,13.2153,13.7027,12.9893,13.3284,490800.0
2009-03-27,13.2153,13.2153,12.4878,12.5726,355700.0
2009-03-30,12.6362,13.5968,12.3607,13.5261,929300.0
2009-03-31,13.2507,13.4626,12.5231,13.1306,719000.0
2009-04-01,13.067,13.5685,12.9046,13.4979,850300.0
2009-04-02,13.6038,14.2325,13.4414,13.7945,943600.0
2009-04-03,13.9075,14.6068,13.7945,14.4655,552000.0
2009-04-06,14.402,14.6492,14.2607,14.5997,865900.0
2009-04-07,14.2678,14.854,14.2678,14.7551,727400.0
2009-04-08,14.6986,15.073,14.5362,14.7269,1005300.0
2009-04-09,14.9176,15.2001,14.8116,15.0447,370000.0
2009-04-13,14.9953,15.4473,14.7622,15.405,506000.0
2009-04-14,15.1012,15.6592,15.1012,15.5462,626400.0
2009-04-15,15.4191,15.7016,15.2072,15.5533,717500.0
2009-04-16,15.6875,15.9206,15.4615,15.857,693900.0
2009-04-17,15.6734,15.6804,14.8117,15.0165,1038500.0
2009-04-20,15.0235,15.186,13.9994,14.7763,766900.0
2009-04-21,14.7905,14.8611,14.1265,14.6492,657900.0
2009-04-22,14.6209,15.518,14.4938,15.3131,671600.0
2009-04-23,15.3273,15.4685,14.9812,15.4544,621800.0
2009-04-24,15.518,15.6804,15.3626,15.638,756100.0
2009-04-27,15.5392,15.7511,15.3485,15.4544,359700.0
2009-04-28,15.3696,15.518,14.967,15.0801,468300.0
2009-04-29,15.5886,15.631,15.3061,15.4756,497100.0
2009-04-30,15.4968,15.9206,15.3979,15.8217,588000.0
2009-05-01,15.9206,17.0224,15.8499,16.7046,941800.0
2009-05-04,16.6905,17.1001,16.4644,16.9094,916100.0
2009-05-05,16.9518,18.6611,16.7752,17.2838,2184800.0
2009-05-06,17.9054,17.9548,16.7823,16.8953,704200.0
2009-05-07,17.1284,17.3968,16.8953,17.2767,803400.0
2009-05-08,17.9619,17.9619,16.86,16.8953,641000.0
2009-05-11,16.4221,17.312,16.3797,17.2697,487200.0
2009-05-12,16.9165,17.305,16.9165,17.1425,331800.0
2009-05-13,16.8529,16.9024,15.9983,16.2596,534400.0
2009-05-14,16.2949,16.86,16.0477,16.6905,241500.0
2009-05-15,16.5068,16.7964,16.302,16.3938,720200.0
2009-05-18,16.528,17.2767,16.4221,17.2343,361100.0
2009-05-19,17.3544,17.87,17.1637,17.6652,828400.0
2009-05-20,17.7219,17.885,17.2186,17.3675,534200.0
2009-05-21,17.4171,17.7219,17.1406,17.3675,362600.0
2009-05-22,17.7006,17.8141,17.2753,17.7432,136400.0
2009-05-26,17.651,18.4024,17.5447,18.0338,340400.0
2009-05-27,17.8353,18.1685,17.7219,18.0622,399500.0
2009-05-28,17.2895,17.4455,15.8009,16.2404,1710700.0
2009-05-29,16.5239,17.2328,16.1198,16.2333,1552000.0
2009-06-01,17.0768,17.0768,16.2758,16.3254,852300.0
2009-06-02,16.2474,16.6373,16.1057,16.5948,590700.0
2009-06-03,16.694,16.8075,15.893,16.0702,606400.0
2009-06-04,16.2758,16.2758,15.8079,15.9852,438100.0
2009-06-05,16.1198,16.1198,15.6874,15.8079,393700.0
2009-06-08,15.7725,16.0348,15.4535,15.7867,536200.0
2009-06-09,16.0915,16.2262,15.9001,16.0348,474100.0
2009-06-10,16.2191,17.1619,15.8505,16.8358,823300.0
2009-06-11,16.7791,17.1973,16.6232,17.0059,520600.0
2009-06-12,16.7508,17.0414,16.6586,16.9351,309000.0
2009-06-15,16.5452,16.8358,16.3821,16.4885,360500.0
2009-06-16,16.4956,16.6019,15.7016,15.8363,393200.0
2009-06-17,15.9426,15.9852,15.5031,15.9143,338400.0
2009-06-18,15.8363,16.2262,15.7725,15.9355,555400.0
2009-06-19,15.971,16.7082,15.815,16.5097,367600.0
2009-06-22,17.2541,17.2541,16.0773,16.0986,318600.0
2009-06-23,16.2829,16.2829,15.4464,15.7512,322200.0
2009-06-24,15.8505,16.7366,15.7229,16.4034,381100.0
2009-06-25,16.2687,16.6232,16.1624,16.5664,259100.0
2009-06-26,16.7295,16.7295,16.134,16.3325,350600.0
2009-06-29,16.5097,16.694,16.3892,16.6728,291700.0
2009-06-30,16.6728,16.6799,16.4814,16.6231,227600.0
2009-07-01,16.5806,16.6586,16.368,16.3821,361700.0
2009-07-02,16.4814,16.7437,16.3183,16.6019,503100.0
2009-07-06,16.4814,17.1335,16.2687,16.3609,531700.0
2009-07-07,16.1978,16.5097,16.1978,16.2758,441800.0
2009-07-08,16.772,16.772,16.2474,16.3183,722700.0
2009-07-09,16.3821,16.6231,16.0348,16.4743,322700.0
2009-07-10,16.3892,16.4105,16.134,16.3467,95300.0
2009-07-13,16.2475,16.3821,16.0135,16.2758,283800.0
2009-07-14,16.2829,16.8642,16.2829,16.5877,405400.0
2009-07-15,16.7933,17.2399,16.6586,16.9776,562200.0
2009-07-16,16.8571,17.3179,16.609,17.1477,373500.0
2009-07-17,17.0627,17.0839,16.7295,16.8854,144900.0
2009-07-20,17.091,17.5092,17.0272,17.4951,299800.0
2009-07-21,17.7219,18.0905,17.651,17.8637,406800.0
2009-07-22,17.6794,18.0338,17.6014,17.6865,141300.0
2009-07-23,17.6014,17.8708,17.5022,17.7857,167400.0
2009-07-24,17.6227,17.8991,17.488,17.7715,273300.0
2009-07-27,17.7219,17.7219,17.4454,17.4951,190800.0
2009-07-28,17.4313,17.5092,16.8358,17.0485,656500.0
2009-07-29,17.0414,17.2328,16.8146,16.9634,267400.0
2009-07-30,17.1052,17.2257,16.8713,16.8925,419800.0
2009-07-31,17.1123,17.41,16.85,17.013,356300.0
2009-08-03,17.247,17.247,15.9852,16.7791,432300.0
2009-08-04,16.9705,17.7219,16.8287,17.4242,611300.0
2009-08-05,17.4951,17.4951,17.0697,17.1548,211800.0
2009-08-06,17.2257,17.6156,16.9634,17.5943,617800.0
2009-08-07,18.3386,19.005,17.7432,18.204,1758000.0
2009-08-10,18.1472,18.6293,18.1472,18.4591,346600.0
2009-08-11,18.1898,18.4804,18.1685,18.289,466000.0
2009-08-12,18.1614,18.2961,17.7574,17.9913,521200.0
2009-08-13,17.9204,17.97,17.6368,17.8141,403600.0
2009-08-14,17.6652,17.8141,17.4738,17.6581,144900.0
2009-08-17,17.3746,17.4667,17.0201,17.2044,262600.0
2009-08-18,17.1903,17.8779,16.9067,17.3887,311700.0
2009-08-19,17.2606,17.4172,17.0827,17.4172,176800.0
2009-08-20,17.3389,17.6236,17.2606,17.6236,280500.0
2009-08-21,17.6023,17.8727,17.524,17.7019,379100.0
2009-08-24,17.7162,18.0578,17.588,18.0222,357100.0
2009-08-25,17.951,18.2998,17.9083,17.9653,319000.0
2009-08-26,17.8585,18.3069,17.8158,18.1432,810200.0
2009-08-27,18.0792,18.2144,17.8229,18.1717,136400.0
2009-08-28,18.3212,18.3283,18.0507,18.1575,338600.0
2009-08-31,18.0649,18.2286,17.645,17.8372,145000.0
2009-09-01,17.6165,18.0934,17.3389,17.403,312100.0
2009-09-02,17.467,17.588,17.1467,17.2179,268300.0
2009-09-03,17.2108,17.4101,17.0613,17.2677,388000.0
2009-09-04,17.225,17.3033,16.9546,17.1112,588200.0
2009-09-08,17.225,17.5667,17.0471,17.4386,687400.0
2009-09-09,17.3745,17.5026,17.2606,17.3959,220300.0
2009-09-10,17.3674,17.6094,17.1467,17.5311,197800.0
2009-09-11,17.645,17.7945,17.3887,17.5097,175700.0
2009-09-14,17.5026,17.5525,17.3318,17.4599,266200.0
2009-09-15,17.3674,17.7731,17.3033,17.6806,235600.0
2009-09-16,17.7802,18.0578,17.5026,18.0009,297700.0
2009-09-17,17.9226,18.1503,17.8728,18.008,165500.0
2009-09-18,17.9866,18.1503,17.9439,18.0365,147600.0
2009-09-21,17.7589,17.9083,17.5524,17.7873,132000.0
2009-09-22,17.9155,17.9439,17.5809,17.6307,186500.0
2009-09-23,17.6236,18.6842,17.6023,18.4066,1187500.0
2009-09-24,18.4066,18.4991,17.6877,17.9795,537900.0
2009-09-25,17.8585,18.0649,17.6023,17.7731,219800.0
2009-09-28,17.7233,18.1931,17.6379,18.0934,187600.0
2009-09-29,18.0863,18.2144,17.9439,18.1219,117900.0
2009-09-30,18.3639,18.3852,17.4243,17.467,512200.0
2009-10-01,17.5453,17.6592,16.4848,16.5488,771800.0
2009-10-02,16.378,16.5773,16.0364,16.3211,589600.0
2009-10-05,16.435,16.6343,16.1004,16.5915,382600.0
2009-10-06,16.6129,16.8335,16.5346,16.5844,204200.0
2009-10-07,16.8264,17.2037,16.378,16.6983,368100.0
2009-10-08,16.8691,16.9617,16.6342,16.7837,414400.0
2009-10-09,16.862,17.0684,16.7268,16.9901,182300.0
2009-10-12,17.1325,17.1325,16.5346,16.62,128200.0
2009-10-13,16.6058,17.1467,16.5987,16.9973,425200.0
2009-10-14,17.0827,17.0827,16.5844,16.8193,314000.0
2009-10-15,16.8976,16.919,16.62,16.7624,433300.0
2009-10-16,16.7837,16.8336,16.5346,16.7126,364000.0
2009-10-19,16.7837,16.8193,16.2214,16.6129,919900.0
2009-10-20,16.6414,16.7125,16.5061,16.6912,537400.0
2009-10-21,16.9688,17.0684,16.6129,16.7908,506800.0
2009-10-22,16.677,17.1752,16.5773,17.0969,748300.0
2009-10-23,17.2179,17.4386,16.7268,16.8264,477000.0
2009-10-26,16.7766,17.0969,16.4421,16.5488,713700.0
2009-10-27,16.5844,16.6698,16.1645,16.2428,662200.0
2009-10-28,16.1645,16.2214,15.6947,15.7374,855800.0
2009-10-29,15.8584,16.0008,15.7588,15.894,352900.0
2009-10-30,16.1716,16.3994,15.5096,15.6022,1104200.0
2009-11-02,15.5595,16.015,15.3958,15.894,744100.0
2009-11-03,15.6449,16.1574,15.0612,16.1075,1652000.0
2009-11-04,16.6698,17.5596,16.4777,16.8051,1279200.0
2009-11-05,17.0115,17.2749,16.7197,17.2037,648500.0
2009-11-06,17.0257,17.4101,16.9474,17.4101,310000.0
2009-11-09,17.6023,17.9724,17.4101,17.9155,618100.0
2009-11-10,17.887,18.2358,17.83,18.2358,1128400.0
2009-11-11,18.2856,18.2856,17.9297,18.0578,841800.0
2009-11-12,17.8443,18.0863,17.6806,17.8087,247300.0
2009-11-13,17.8585,17.8656,17.5382,17.6521,292200.0
2009-11-16,17.7945,17.7945,17.5667,17.6592,293700.0
2009-11-17,17.5382,17.645,17.4955,17.5382,283000.0
2009-11-18,17.5811,17.8598,17.3024,17.3524,527500.0
2009-11-19,17.3524,17.3881,17.1523,17.2738,248100.0
2009-11-20,17.1952,17.3453,17.1451,17.2666,144300.0
2009-11-23,17.4239,17.6526,17.3953,17.6097,207300.0
2009-11-24,17.6383,17.6668,17.1952,17.2595,528100.0
2009-11-25,17.5311,17.5311,17.2881,17.3238,268900.0
2009-11-27,16.8307,17.381,16.7163,17.2952,87500.0
2009-11-30,17.1952,17.3881,16.9522,17.0236,338600.0
2009-12-01,17.1523,17.3738,17.0737,17.238,159400.0
2009-12-02,17.2166,17.6597,17.2166,17.6168,220500.0
2009-12-03,17.5811,17.6811,17.2809,17.3238,216700.0
2009-12-04,17.7026,17.7026,17.2595,17.5239,245400.0
2009-12-07,17.4382,17.6526,17.3524,17.3595,349400.0
2009-12-08,17.4239,17.431,16.9236,17.1523,457800.0
2009-12-09,16.5734,16.9021,16.5734,16.8235,595800.0
2009-12-10,16.8307,16.9736,16.5663,16.6663,404900.0
2009-12-11,16.7235,16.8021,16.6377,16.6949,287000.0
2009-12-14,16.7807,16.8879,16.3018,16.4305,765700.0
2009-12-15,16.4305,16.5805,16.116,16.1517,745000.0
2009-12-16,16.1946,16.3733,16.1446,16.3233,221500.0
2009-12-17,16.2732,16.2947,16.0803,16.2804,425700.0
2009-12-18,16.3304,16.6306,16.2375,16.5591,1186200.0
2009-12-21,16.7235,16.8235,16.0874,16.2304,870400.0
2009-12-22,16.2589,16.3876,16.0946,16.1517,589100.0
2009-12-23,16.1517,16.2661,15.9659,16.2089,593600.0
2009-12-24,16.2875,16.3519,16.0374,16.3304,235200.0
2009-12-28,16.4305,16.5734,16.0803,16.1946,276500.0
2009-12-29,16.3018,16.3804,16.2232,16.3018,645800.0
2009-12-30,16.3661,16.3661,16.0159,16.0374,244900.0
2009-12-31,16.0946,16.166,16.0231,16.0302,277000.0
2010-01-04,16.1946,16.3233,16.1517,16.2661,210200.0
2010-01-05,16.2375,16.3518,16.2018,16.3376,369800.0
2010-01-06,16.2661,16.3661,16.116,16.1946,166000.0
2010-01-07,16.166,16.2732,16.0731,16.2161,235900.0
2010-01-08,16.1517,16.3447,16.0445,16.309,263000.0
2010-01-11,16.2089,16.3376,15.9874,16.2589,347200.0
2010-01-12,16.2589,16.2589,15.9373,16.0017,298000.0
2010-01-13,16.0088,16.4376,16.0088,16.3518,263600.0
2010-01-14,16.309,16.5019,16.309,16.4519,215800.0
2010-01-15,16.4305,16.4305,16.0088,16.1875,287500.0
2010-01-19,16.2518,16.2518,15.8659,15.8802,287900.0
2010-01-20,15.8944,15.8944,15.4942,15.5371,435100.0
2010-01-21,15.5371,15.5371,15.0511,15.3513,1025300.0
2010-01-22,15.1726,15.387,15.0225,15.1512,907100.0
2010-01-25,15.237,15.2441,14.9582,15.1297,935300.0
2010-01-26,15.1297,15.1297,14.9582,15.0082,280900.0
2010-01-27,15.0082,15.1154,14.8653,15.094,448300.0
2010-01-28,15.0654,15.2441,14.9797,15.1369,448100.0
2010-01-29,15.1941,15.4299,14.9725,15.0225,553800.0
2010-02-01,15.0011,15.1154,14.7581,14.9939,462100.0
2010-02-02,14.9939,15.1726,14.9082,15.0583,215300.0
2010-02-03,14.9868,15.0511,14.9011,14.9153,131300.0
2010-02-04,14.8725,14.8725,14.458,14.5723,665000.0
2010-02-05,14.5937,14.6152,14.3007,14.558,611000.0
2010-02-08,14.4722,14.6295,14.1864,14.2936,677800.0
2010-02-09,14.4436,14.4436,13.9505,14.0506,863500.0
2010-02-10,14.0006,14.1506,13.7361,14.1506,696500.0
2010-02-11,14.2078,14.3579,14.0006,14.1506,583700.0
2010-02-12,14.1578,14.2007,13.9934,14.1435,407200.0
2010-02-16,14.4937,14.7653,14.122,14.4794,298100.0
2010-02-17,14.465,14.5799,14.307,14.3645,1188900.0
2010-02-18,14.4578,14.4578,13.991,13.9982,1224400.0
2010-02-19,13.9982,14.0915,13.8976,13.9479,916700.0
2010-02-22,14.0413,14.2855,13.9407,14.1706,875300.0
2010-02-23,14.1921,14.386,14.1921,14.3573,564500.0
2010-02-24,14.2927,14.8888,14.2927,14.8313,434500.0
2010-02-25,14.86,15.0683,14.7236,15.0683,243200.0
2010-02-26,15.0468,15.1617,14.8241,15.0612,222700.0
2010-03-01,14.975,15.1402,14.6805,14.8888,517300.0
2010-03-02,15.0899,15.2623,14.6518,15.2623,1079700.0
2010-03-03,15.2551,15.449,15.1186,15.3413,434500.0
2010-03-04,16.1241,16.1385,15.1402,15.4921,616400.0
2010-03-05,15.5136,15.6788,15.4059,15.6788,340500.0
2010-03-08,15.3628,15.8727,15.1761,15.8297,487400.0
2010-03-09,15.7435,15.8009,15.5495,15.6357,293800.0
2010-03-10,15.528,15.7794,15.4562,15.7722,333600.0
2010-03-11,15.6214,15.7363,15.5136,15.6716,240800.0
2010-03-12,15.6573,15.686,15.3054,15.3628,473600.0
2010-03-15,15.2838,15.3844,15.0037,15.2551,465300.0
2010-03-16,15.2263,15.37,15.212,15.2623,339900.0
2010-03-17,15.2551,15.9015,15.2551,15.844,309300.0
2010-03-18,15.8009,15.923,15.7435,15.7506,202700.0
2010-03-19,15.5711,15.8584,15.5065,15.5711,146400.0
2010-03-22,15.6645,15.765,15.5352,15.6788,225100.0
2010-03-23,15.6142,15.7219,15.5208,15.7147,208300.0
2010-03-24,15.7076,15.7363,15.449,15.4921,288200.0
2010-03-25,15.5424,15.6285,15.5136,15.528,269600.0
2010-03-26,15.528,15.7004,15.5136,15.6573,657600.0
2010-03-29,15.6214,15.7291,15.4418,15.4993,804000.0
2010-03-30,15.528,15.5639,15.3484,15.4921,1337700.0
2010-03-31,15.3843,15.6932,15.1258,15.4634,579500.0
2010-04-01,15.4562,15.7147,15.3915,15.6788,402700.0
2010-04-05,15.6357,15.7937,15.6285,15.7435,224300.0
2010-04-06,15.7506,15.7794,15.6645,15.6932,195700.0
2010-04-07,15.7578,15.7578,15.4131,15.5495,235500.0
2010-04-08,15.4849,15.4993,15.3125,15.4562,124500.0
2010-04-09,15.4993,15.765,15.4418,15.5639,155600.0
2010-04-12,15.4993,15.7363,15.4849,15.6716,117600.0
2010-04-13,15.5998,15.7363,15.4562,15.5352,144800.0
2010-04-14,15.5926,16.1816,15.5783,16.0164,420900.0
2010-04-15,15.8656,16.433,15.7794,16.3396,399400.0
2010-04-16,16.1744,16.3755,16.0954,16.1313,288400.0
2010-04-19,16.0523,16.1169,15.8728,16.0882,182500.0
2010-04-20,16.1672,16.4617,16.0954,16.3324,370900.0
2010-04-21,16.1888,16.6987,16.1241,16.2462,377300.0
2010-04-22,16.1169,16.397,16.1169,16.3827,173000.0
2010-04-23,16.4473,16.5622,16.3611,16.4832,219900.0
2010-04-26,16.4473,16.7993,16.318,16.3683,313600.0
2010-04-27,16.354,16.986,16.354,16.397,445800.0
2010-04-28,16.4114,16.7705,16.2749,16.4042,209400.0
2010-04-29,16.4832,16.7346,16.4042,16.5191,236500.0
2010-04-30,16.6341,17.1943,16.4617,16.8064,559600.0
2010-05-03,16.7921,17.1368,16.5479,16.6843,729100.0
2010-05-04,16.081,16.081,15.5495,15.8512,1095400.0
2010-05-05,16.0882,16.433,15.528,15.5495,692100.0
2010-05-06,15.528,15.7794,14.7236,15.0971,501000.0
2010-05-07,15.1832,15.1832,14.5297,14.8026,1482000.0
2010-05-10,15.6429,15.9087,15.2335,15.291,403200.0
2010-05-11,15.291,15.3484,15.1258,15.1976,367800.0
2010-05-12,15.2551,15.5208,15.1258,15.1832,636100.0
2010-05-13,15.1904,15.5352,15.1617,15.4993,380400.0
2010-05-14,15.449,15.5424,14.9965,15.1258,240100.0
2010-05-17,15.1761,15.1976,14.9606,15.1976,257200.0
2010-05-18,15.2838,15.3915,14.7451,14.7882,675100.0
2010-05-19,14.9109,14.9254,14.5428,14.8676,534000.0
2010-05-20,14.5861,14.7305,14.2902,14.6511,744300.0
2010-05-21,14.5717,15.1347,14.4851,14.7233,458000.0
2010-05-24,14.6655,14.8027,14.6294,14.6511,226700.0
2010-05-25,14.2974,14.615,14.2036,14.4707,579300.0
2010-05-26,14.6439,14.7449,14.3841,14.3913,259700.0
2010-05-27,14.5356,14.7377,14.4418,14.5356,339000.0
2010-05-28,14.5284,14.8893,14.4851,14.7088,358700.0
2010-06-01,14.6006,14.9831,14.5067,14.5212,541000.0
2010-06-02,14.6294,14.6439,14.3985,14.6439,455500.0
2010-06-03,14.7233,14.8893,14.6655,14.7521,292600.0
2010-06-04,14.5356,14.615,14.2974,14.3263,279600.0
2010-06-07,14.3263,14.4057,14.182,14.2397,551700.0
2010-06-08,14.3408,14.5717,14.2253,14.5428,289600.0
2010-06-09,14.5356,14.9254,14.5356,14.7666,259000.0
2010-06-10,14.8604,15.0553,14.5645,14.9831,365900.0
2010-06-11,14.8171,15.2646,14.8171,15.178,253900.0
2010-06-14,15.178,15.3728,15.1274,15.1491,112900.0
2010-06-15,15.2718,15.3007,15.0697,15.1491,146800.0
2010-06-16,15.0986,15.214,14.9614,14.9975,273400.0
2010-06-17,15.012,15.0553,14.8676,14.9759,204200.0
2010-06-18,14.9975,15.0625,14.7161,14.781,267700.0
2010-06-21,14.9037,14.9759,14.4274,14.4779,449100.0
2010-06-22,14.5356,14.5934,14.3335,14.3768,334700.0
2010-06-23,14.4779,14.4779,14.0737,14.0954,384400.0
2010-06-24,14.0809,14.2108,13.619,13.7056,672400.0
2010-06-25,13.6768,13.9221,13.5541,13.7489,403300.0
2010-06-28,13.7778,13.8428,13.6046,13.7273,212500.0
2010-06-29,13.5685,13.6262,13.3881,13.4314,916200.0
2010-06-30,13.3664,13.4747,12.9622,13.1499,902900.0
2010-07-01,13.1138,13.3592,13.1138,13.2365,481100.0
2010-07-02,13.3087,13.684,13.1716,13.5685,557400.0
2010-07-06,13.9438,13.9438,13.2365,13.3303,497800.0
2010-07-07,13.3375,13.5396,13.2076,13.5252,362000.0
2010-07-08,13.6118,13.6912,13.5757,13.5974,203000.0
2010-07-09,13.619,14.5934,13.3159,14.4923,898100.0
2010-07-12,14.4851,14.8171,14.3841,14.4418,399000.0
2010-07-13,14.5645,14.9181,14.5068,14.7954,567400.0
2010-07-14,14.615,14.68,13.1138,13.5541,3567400.0
2010-07-15,13.3015,13.6768,13.3015,13.4675,1730700.0
2010-07-16,12.7746,13.2582,12.3921,13.2004,5048200.0
2010-07-19,13.2149,13.3881,13.1427,13.2365,543100.0
2010-07-20,12.9911,13.5541,12.9911,13.4458,558900.0
2010-07-21,13.5469,13.5902,13.2654,13.3303,420200.0
2010-07-22,13.4386,13.4891,13.1932,13.3159,711700.0
2010-07-23,13.2654,13.3809,13.1788,13.2942,390100.0
2010-07-26,13.287,13.6262,13.287,13.6046,272800.0
2010-07-27,13.6695,13.7706,13.5396,13.6768,230600.0
2010-07-28,13.684,13.7273,13.5396,13.6407,614600.0
2010-07-29,13.7201,13.7273,13.4097,13.5468,462000.0
2010-07-30,13.4242,13.5974,13.352,13.4314,355400.0
2010-08-02,13.5541,13.5829,13.287,13.5396,341100.0
2010-08-03,13.518,13.5541,13.352,13.3664,299900.0
2010-08-04,13.3592,13.5252,13.3231,13.4025,314800.0
2010-08-05,13.4025,13.4963,13.3303,13.4819,421700.0
2010-08-06,13.6335,13.6335,13.121,13.2942,617900.0
2010-08-09,13.352,13.352,13.1716,13.2654,368400.0
2010-08-10,13.1427,13.2582,13.02,13.1355,761900.0
2010-08-11,12.9911,13.0128,12.6303,12.6663,402900.0
2010-08-12,12.5797,12.7385,12.5003,12.7096,281600.0
2010-08-13,12.7024,12.7674,12.5797,12.6447,201200.0
2010-08-16,12.5725,13.0416,12.5725,12.8323,474700.0
2010-08-17,12.955,13.0489,12.8468,12.9983,312500.0
2010-08-18,12.9947,13.2198,12.9366,13.2052,330400.0
2010-08-19,13.1835,13.198,12.9729,13.0673,164200.0
2010-08-20,13.0092,13.1181,12.9221,13.0746,512500.0
2010-08-23,13.1399,13.2778,12.9511,13.0528,306700.0
2010-08-24,12.9657,13.1617,12.9003,13.0673,325200.0
2010-08-25,13.031,13.2198,13.0237,13.2052,245900.0
2010-08-26,13.2488,13.3504,13.0963,13.1399,82500.0
2010-08-27,13.1762,13.2052,13.031,13.0818,186300.0
2010-08-30,13.1181,13.2052,13.031,13.0818,252400.0
2010-08-31,13.0746,13.2561,12.9076,13.2343,353000.0
2010-09-01,13.3359,13.4375,13.227,13.3577,262100.0
2010-09-02,13.3722,13.5174,13.2415,13.3649,155700.0
2010-09-03,13.4375,13.8296,13.4375,13.786,357400.0
2010-09-07,13.757,13.8513,13.6481,13.7715,205000.0
2010-09-08,13.7933,14.0256,13.7424,13.9602,223600.0
2010-09-09,14.0473,14.178,13.9312,14.1272,212300.0
2010-09-10,14.1345,14.1345,13.7787,13.8586,169300.0
2010-09-13,13.9893,14.0837,13.4956,13.59,312000.0
2010-09-14,13.5973,13.9022,13.5247,13.815,104800.0
2010-09-15,13.7933,13.7933,13.6553,13.7715,110400.0
2010-09-16,13.6989,13.9457,13.6844,13.9239,221700.0
2010-09-17,14.0038,14.149,13.8876,13.9385,371200.0
2010-09-20,13.9167,14.2288,13.9167,14.0982,139800.0
2010-09-21,14.0909,14.3305,13.8296,13.8659,252900.0
2010-09-22,13.8078,13.9602,13.7933,13.8804,66300.0
2010-09-23,13.7497,13.8296,13.4811,13.5029,145500.0
2010-09-24,13.6626,14.0256,13.6626,13.982,230300.0
2010-09-27,13.9602,14.3523,13.953,14.2942,198500.0
2010-09-28,14.2434,14.6935,14.2434,14.6426,538700.0
2010-09-29,14.6063,14.8604,14.541,14.7007,383300.0
2010-09-30,15.0637,15.3686,14.8096,15.0782,551800.0
2010-10-01,15.1436,15.5937,15.0492,15.5428,569600.0
2010-10-04,15.4485,15.5356,15.2524,15.3396,179200.0
2010-10-05,15.3904,15.5719,15.3686,15.4702,197200.0
2010-10-06,15.4267,15.5719,15.267,15.4049,150400.0
2010-10-07,15.4775,15.4848,15.2089,15.325,156100.0
2010-10-08,15.2525,15.4194,15.2307,15.3904,125100.0
2010-10-11,15.3759,15.4848,15.2742,15.2888,50400.0
2010-10-12,15.3178,15.463,15.2089,15.3541,166500.0
2010-10-13,15.4049,15.463,15.2597,15.3686,469200.0
2010-10-14,15.3976,15.4122,15.0201,15.1726,491200.0
2010-10-15,15.1799,15.1799,14.7588,15.1073,372100.0
2010-10-18,15.0927,15.4122,15.0927,15.2161,185800.0
2010-10-19,15.1,15.129,14.8749,14.9403,109100.0
2010-10-20,14.9766,15.0347,14.8386,14.8532,266500.0
2010-10-21,14.9403,15.0492,14.7588,14.9403,245900.0
2010-10-22,14.9548,15.0347,14.8677,14.9984,104000.0
2010-10-25,15.0927,15.2815,15.0782,15.2089,111900.0
2010-10-26,15.1363,15.1363,14.9911,15.0419,192200.0
2010-10-27,14.9693,15.0274,14.7661,14.8314,166800.0
2010-10-28,14.9258,15.1435,14.8895,15.0347,190200.0
2010-10-29,14.9403,15.4049,14.9403,15.3759,144900.0
2010-11-01,15.3468,15.5356,15.2234,15.2524,384400.0
2010-11-02,15.4049,15.4848,14.8604,15.3541,419400.0
2010-11-03,15.4194,15.463,15.2234,15.3468,771000.0
2010-11-04,15.4122,15.5428,15.3686,15.4122,947200.0
2010-11-05,15.3904,15.4267,15.1726,15.2307,1629600.0
2010-11-08,15.1073,15.1508,15.0129,15.0637,171600.0
2010-11-09,14.9911,15.1,14.8532,14.9621,211100.0
2010-11-10,14.9548,15.0855,14.708,14.8459,213800.0
2010-11-11,14.7951,14.9258,14.6789,14.7661,313000.0
2010-11-12,14.6717,14.7661,14.512,14.5265,183000.0
2010-11-15,14.5265,14.7007,14.4611,14.5265,234200.0
2010-11-16,14.4974,14.5265,14.2143,14.316,358000.0
2010-11-17,14.3196,14.4948,14.2831,14.3269,565400.0
2010-11-18,14.4145,14.6845,14.3707,14.575,207400.0
2010-11-19,14.5605,14.5823,14.3999,14.5532,282500.0
2010-11-22,14.4729,14.6553,14.3926,14.5678,372200.0
2010-11-23,14.4875,14.6261,14.3561,14.4875,196200.0
2010-11-24,14.575,14.7064,14.4948,14.6334,512200.0
2010-11-26,14.4729,14.6772,14.451,14.5605,93200.0
2010-11-29,14.4583,14.524,14.3269,14.451,264500.0
2010-11-30,14.2758,14.6699,14.2685,14.6116,308100.0
2010-12-01,14.8597,14.8597,14.5021,14.7867,609200.0
2010-12-02,14.8232,14.9546,14.8086,14.8743,278100.0
2010-12-03,14.8743,14.8743,14.6626,14.721,285400.0
2010-12-06,14.6772,14.9984,14.648,14.9473,386500.0
2010-12-07,15.0495,15.1954,14.9911,15.1005,239800.0
2010-12-08,15.1151,15.1954,15.0422,15.1151,184200.0
2010-12-09,15.1224,15.1735,14.9473,14.9838,155700.0
2010-12-10,14.9181,15.0786,14.6334,14.9108,232200.0
2010-12-13,14.9327,15.1224,14.8889,15.0641,634600.0
2010-12-14,15.1078,15.2027,14.9619,15.1516,515900.0
2010-12-15,15.1589,15.4217,15.0203,15.2757,367300.0
2010-12-16,15.2319,15.5093,15.1589,15.4582,417100.0
2010-12-17,15.3706,15.553,15.2465,15.4655,1179700.0
2010-12-20,15.4582,15.6771,15.3268,15.6625,462000.0
2010-12-21,15.6479,15.8304,15.6114,15.8012,261200.0
2010-12-22,15.8158,16.1004,15.7793,16.0566,264800.0
2010-12-23,16.1004,16.2099,16.0347,16.1515,248900.0
2010-12-27,16.0202,16.6843,15.9326,16.5529,266200.0
2010-12-28,16.5091,16.7573,16.4654,16.7208,173800.0
2010-12-29,16.6405,16.9763,16.5529,16.9763,264200.0
2010-12-30,16.9909,17.3339,16.9763,17.2244,415300.0
2010-12-31,17.2755,17.312,16.7646,16.823,224700.0
2011-01-03,16.969,17.1733,16.8011,16.9033,278500.0
2011-01-04,16.8741,17.1587,16.8449,17.093,431500.0
2011-01-05,17.0346,17.3485,16.9325,17.312,256000.0
2011-01-06,17.2025,17.2244,16.9762,17.1952,190500.0
2011-01-07,17.1222,17.5163,17.0127,17.5163,285700.0
2011-01-10,17.4653,17.6331,17.3266,17.6039,206900.0
2011-01-11,18.0199,18.414,17.6769,17.7864,928800.0
2011-01-12,17.9688,18.487,17.9542,18.2681,416900.0
2011-01-13,18.2389,18.363,18.1513,18.3411,412700.0
2011-01-14,18.29,18.6622,18.1148,18.5746,505800.0
2011-01-18,18.3776,18.5162,17.9688,18.3484,376200.0
2011-01-19,18.3046,18.3922,17.6331,17.7207,471900.0
2011-01-20,17.582,17.8959,17.3704,17.7572,227500.0
2011-01-21,17.8448,18.1367,17.8448,17.9615,124300.0
2011-01-24,17.8302,18.2097,17.728,18.2097,201200.0
2011-01-25,18.0856,18.2535,18.0418,18.1294,261900.0
2011-01-26,18.1221,18.3703,18.1002,18.3703,523000.0
2011-01-27,18.2462,18.3849,18.2462,18.3557,340400.0
2011-01-28,18.3484,18.3703,18.0272,18.2462,486300.0
2011-01-31,18.217,18.29,18.1367,18.1951,480900.0
2011-02-01,18.29,18.4724,18.1294,18.4724,555300.0
2011-02-02,18.4068,18.5162,18.3484,18.3703,275300.0
2011-02-03,18.3192,18.4578,18.2462,18.3994,189200.0
2011-02-04,18.3994,18.4432,18.3046,18.4432,196800.0
2011-02-07,18.4286,18.8957,18.4213,18.8519,270900.0
2011-02-08,18.7717,18.903,18.6987,18.8666,139600.0
2011-02-09,18.8447,18.9614,18.8447,18.8812,172400.0
2011-02-10,18.7863,19.0636,18.7863,18.8884,547800.0
2011-02-11,18.8812,18.9979,18.8447,18.8666,385000.0
2011-02-14,18.8374,18.9103,18.7133,18.8519,266000.0
2011-02-15,18.7936,18.9104,18.7279,18.8228,211900.0
2011-02-16,18.8557,19.0903,18.8118,19.0829,1000900.0
2011-02-17,19.1196,19.1269,18.8704,19.0903,212000.0
2011-02-18,19.0902,19.3248,18.995,19.3101,664400.0
2011-02-22,19.2441,19.4127,18.951,19.3761,340500.0
2011-02-23,19.42,19.42,19.1782,19.3687,615600.0
2011-02-24,19.1855,19.42,18.7238,18.9364,1523300.0
2011-02-25,18.8191,19.0536,17.8884,18.5333,1620900.0
2011-02-28,18.7092,18.7458,18.3721,18.6872,443700.0
2011-03-01,18.7165,18.8924,18.6212,18.7019,288700.0
2011-03-02,18.6725,19.0096,18.6432,18.973,388000.0
2011-03-03,18.8924,19.0683,18.7165,18.9877,426300.0
2011-03-04,19.1196,19.1196,18.4453,18.5992,298300.0
2011-03-07,18.5919,18.5919,17.9251,18.0276,430700.0
2011-03-08,18.057,18.3134,17.991,18.1669,216100.0
2011-03-09,18.1742,18.2475,18.0423,18.2108,178300.0
2011-03-10,18.1889,18.2255,17.8591,17.969,179700.0
2011-03-11,17.7712,17.9837,17.5953,17.925,165000.0
2011-03-14,17.8005,17.9617,17.7345,17.925,160100.0
2011-03-15,17.4121,18.3208,17.4121,18.2328,371700.0
2011-03-16,18.1376,18.6359,18.0936,18.5773,337300.0
2011-03-17,18.6212,18.7898,18.4527,18.5333,274600.0
2011-03-18,18.6286,18.995,18.438,18.9144,496800.0
2011-03-21,19.1489,19.2368,18.995,19.1489,311700.0
2011-03-22,19.2222,19.2441,19.0536,19.2002,129200.0
2011-03-23,19.1782,19.2222,19.0243,19.1709,189300.0
2011-03-24,19.2222,19.2588,18.8924,18.9144,1319600.0
2011-03-25,19.0023,19.017,18.6579,18.8704,603900.0
2011-03-28,19.0536,19.2515,18.9364,19.1782,953800.0
2011-03-29,19.1415,20.2115,19.1196,20.1455,1229200.0
2011-03-30,20.1895,20.6732,20.1895,20.5266,338800.0
2011-03-31,20.5559,20.7025,20.2921,20.6292,218700.0
2011-04-01,20.7171,20.9443,20.5559,20.9003,522300.0
2011-04-04,20.981,21.0249,20.8197,20.915,277300.0
2011-04-05,20.871,21.2081,20.7904,20.8417,453200.0
2011-04-06,20.6805,20.6878,20.0649,20.3141,771100.0
2011-04-07,20.3141,20.446,19.977,20.0063,221000.0
2011-04-08,20.0869,20.2921,19.999,20.1968,402400.0
2011-04-11,20.1675,20.2408,20.0503,20.1529,301600.0
2011-04-12,20.1235,20.2115,20.0503,20.1529,341900.0
2011-04-13,20.2555,20.3507,20.1309,20.2042,165700.0
2011-04-14,20.1382,20.3214,20.1382,20.2554,171200.0
2011-04-15,20.2115,20.5779,20.1822,20.5486,217200.0
2011-04-18,20.3654,20.8344,20.3654,20.8344,275700.0
2011-04-19,20.8344,20.8783,20.3654,20.4606,269000.0
2011-04-20,20.6292,20.8857,20.5852,20.8051,123700.0
2011-04-21,20.8124,21.1568,20.7098,21.1202,174200.0
2011-04-25,21.1275,21.4207,21.1202,21.3547,378300.0
2011-04-26,21.406,21.9776,21.3913,21.9043,566400.0
2011-04-27,21.8823,22.0509,21.6039,22.0362,381200.0
2011-04-28,21.9849,22.1828,21.875,22.0949,210800.0
2011-04-29,22.0802,23.1721,21.9336,22.9156,567000.0
2011-05-02,23.1794,23.2674,22.0289,22.0802,707900.0
2011-05-03,21.5526,22.1242,21.3254,21.8237,862900.0
2011-05-04,21.3254,21.7651,20.7904,20.871,695300.0
2011-05-05,20.6951,21.1568,20.6512,21.1055,324500.0
2011-05-06,21.2228,21.384,20.893,20.9297,302600.0
2011-05-09,20.9077,20.915,20.5266,20.8271,489300.0
2011-05-10,20.8271,21.1861,20.6805,21.0982,348100.0
2011-05-11,21.1202,21.1495,20.5339,20.8784,443000.0
2011-05-12,20.7684,21.0396,20.4387,20.7758,356000.0
2011-05-13,20.7611,20.8784,20.2848,20.402,182300.0
2011-05-16,20.3507,20.3507,19.7791,19.9623,278200.0
2011-05-17,19.8597,19.889,19.6252,19.7571,231400.0
2011-05-18,19.8049,20.1949,19.5916,20.0477,443000.0
2011-05-19,20.1581,20.4082,19.9521,20.2831,383900.0
2011-05-20,20.2317,20.3494,19.9006,20.0845,249600.0
2011-05-23,19.8859,19.9153,19.5769,19.8785,209300.0
2011-05-24,19.8638,19.9447,19.5548,19.6946,255800.0
2011-05-25,19.6137,19.8859,19.4739,19.8123,185900.0
2011-05-26,19.7902,19.8123,19.5769,19.6872,395100.0
2011-05-27,19.7682,20.2537,19.7387,20.2022,318200.0
2011-05-31,20.0109,20.4156,19.9227,20.3935,236200.0
2011-06-01,20.3641,20.4009,19.6946,19.7534,421600.0
2011-06-02,19.7534,19.8197,19.5769,19.7534,204400.0
2011-06-03,19.5475,19.724,19.3856,19.4739,573400.0
2011-06-06,19.4812,19.6431,19.1428,19.3782,482600.0
2011-06-07,19.4371,19.5475,19.2164,19.2605,359100.0
2011-06-08,19.0987,19.2237,18.8927,18.9663,615200.0
2011-06-09,19.0178,19.187,18.8412,19.1281,251800.0
2011-06-10,19.0913,19.106,18.8633,18.9074,270300.0
2011-06-13,18.8338,18.9221,18.5101,18.6205,462500.0
2011-06-14,18.7529,18.9221,18.5322,18.8044,313800.0
2011-06-15,18.7014,18.7308,18.3409,18.591,410400.0
2011-06-16,18.5028,18.8338,18.5028,18.7823,489100.0
2011-06-17,18.8927,18.9736,18.4365,18.4954,543000.0
2011-06-20,18.3041,18.9515,18.3041,18.8485,316400.0
2011-06-21,18.9663,19.4371,18.9589,19.3782,382700.0
2011-06-22,19.2458,19.415,19.1355,19.1796,281300.0
2011-06-23,18.9957,19.1207,18.672,19.0987,225200.0
2011-06-24,19.0987,19.2164,18.7603,18.8485,168100.0
2011-06-27,18.7529,19.209,18.694,19.106,245600.0
2011-06-28,19.1722,19.312,19.1134,19.1722,142000.0
2011-06-29,19.3709,19.724,19.2164,19.621,230400.0
2011-06-30,19.7019,20.2537,19.7019,20.2243,260700.0
2011-07-01,20.1801,20.3861,20.1213,20.2243,266900.0
2011-07-05,20.2537,20.2979,19.9227,20.0845,189000.0
2011-07-06,20.0257,20.2096,19.8344,20.1728,177000.0
2011-07-07,20.2832,21.0409,20.2096,20.8349,414300.0
2011-07-08,20.6142,20.8276,20.5039,20.8055,165600.0
2011-07-11,20.5921,20.6584,20.2243,20.3199,175600.0
2011-07-12,20.2684,20.4671,20.2096,20.2979,149200.0
2011-07-13,20.4229,21.0483,20.3861,20.8202,384200.0
2011-07-14,20.8791,21.1071,20.8423,20.9232,341800.0
2011-07-15,21.0188,21.0483,20.7687,20.9306,308700.0
2011-07-18,20.8644,20.8938,20.3861,20.4376,263800.0
2011-07-19,20.4891,20.7319,19.9668,20.1213,334200.0
2011-07-20,20.1581,20.5333,20.0257,20.4965,160400.0
2011-07-21,20.6363,20.7098,20.4229,20.6216,128300.0
2011-07-22,20.5995,20.6363,19.8638,20.4671,177400.0
2011-07-25,20.5112,21.7987,20.4082,21.1807,850600.0
2011-07-26,21.1439,21.1586,20.5259,20.7246,224000.0
2011-07-27,20.6731,20.6731,20.1139,20.6142,309300.0
2011-07-28,20.5848,20.6731,20.0477,20.1066,202700.0
2011-07-29,19.9447,20.3641,19.7314,20.1507,206800.0
2011-08-01,20.3346,20.3494,19.8712,20.136,379600.0
2011-08-02,20.1507,21.0115,20.0257,20.0845,543200.0
2011-08-03,20.0919,20.1507,19.6063,20.136,216700.0
2011-08-04,19.9227,19.9227,18.8191,18.981,612000.0
2011-08-05,16.5311,18.6058,16.3104,17.5831,1693300.0
2011-08-08,17.23,17.4066,15.8469,15.9058,1130900.0
2011-08-09,15.8469,16.8695,15.5673,16.8401,653100.0
2011-08-10,16.8327,17.0682,16.4722,16.5017,640000.0
2011-08-11,16.6267,16.9137,16.3398,16.7371,761500.0
2011-08-12,16.8548,17.0314,16.6047,17.0019,620800.0
2011-08-15,17.2153,17.4654,16.9431,17.2374,545200.0
2011-08-16,17.2153,17.2153,16.693,16.9946,344800.0
2011-08-17,17.189,17.2925,16.775,16.8341,362000.0
2011-08-18,16.5754,16.5754,15.7326,15.8657,353700.0
2011-08-19,15.7917,16.324,15.666,15.8213,521200.0
2011-08-22,16.1762,16.2501,15.8952,16.0209,437800.0
2011-08-23,16.117,16.8268,15.9913,16.7824,324700.0
2011-08-24,16.7233,17.1595,16.5384,16.7306,416100.0
2011-08-25,16.8933,16.9303,16.1096,16.2649,259900.0
2011-08-26,16.1466,16.9155,15.9026,16.8711,278800.0
2011-08-29,17.0264,17.263,16.8194,16.9894,173100.0
2011-08-30,16.9376,17.2186,16.7306,17.1299,203100.0
2011-08-31,17.1964,17.5661,16.8933,16.9968,325900.0
2011-09-01,16.9377,17.1077,16.5236,16.6271,284000.0
2011-09-02,16.3462,16.4349,16.0801,16.1022,138900.0
2011-09-06,15.74,15.8287,15.5478,15.8213,182800.0
2011-09-07,15.947,16.3166,15.91,16.2353,424600.0
2011-09-08,16.1614,16.2575,15.9174,16.0135,167400.0
2011-09-09,15.9026,16.0727,15.4886,15.7695,215800.0
2011-09-12,15.5921,15.74,15.2003,15.6808,180900.0
2011-09-13,15.74,16.0727,15.7252,15.9544,189200.0
2011-09-14,16.0431,16.3758,15.9026,16.3314,747000.0
2011-09-15,16.4349,16.4719,15.9987,16.2279,173100.0
2011-09-16,16.2279,16.2649,15.9322,16.0431,255100.0
2011-09-19,15.6956,15.8656,15.3407,15.5477,336000.0
2011-09-20,15.5477,16.1096,15.533,16.0431,386500.0
2011-09-21,16.0135,16.2131,15.3333,15.3851,235600.0
2011-09-22,15.0228,15.1337,14.7863,15.0302,511900.0
2011-09-23,15.0007,15.5551,14.9933,15.1855,357000.0
2011-09-26,15.3038,15.3555,15.1116,15.2372,262900.0
2011-09-27,15.6291,16.0948,15.496,15.6365,237200.0
2011-09-28,15.6734,15.7474,15.045,15.1929,396400.0
2011-09-29,15.4516,15.6143,14.875,15.1781,441200.0
2011-09-30,15.0007,15.3112,14.7197,14.9267,435900.0
2011-10-03,14.7123,14.7197,14.1357,14.3649,1335200.0
2011-10-04,14.2244,14.7049,14.0543,14.4166,1600000.0
2011-10-05,14.5275,14.5275,14.2835,14.4166,730800.0
2011-10-06,14.3501,14.4905,14.1431,14.1948,989800.0
2011-10-07,14.3205,14.3575,13.803,13.9508,1751200.0
2011-10-10,14.18,14.4388,14.1135,14.3427,493600.0
2011-10-11,14.2613,14.2983,13.8104,14.0469,1087400.0
2011-10-12,14.3131,14.3131,13.8325,13.8621,1380700.0
2011-10-13,13.7808,13.9065,13.4407,13.5516,962100.0
2011-10-14,13.7586,13.7734,13.3224,13.766,987200.0
2011-10-17,13.7808,13.8917,13.5738,13.7734,1003500.0
2011-10-18,13.7512,14.0026,13.596,13.9139,747100.0
2011-10-19,13.8473,13.936,13.6255,13.6921,581900.0
2011-10-20,13.7069,14.2096,13.6551,14.0322,601500.0
2011-10-21,14.217,14.3057,13.9213,13.9878,465900.0
2011-10-24,14.0617,14.4388,14.01,14.3205,545800.0
2011-10-25,14.2835,14.3575,14.1504,14.1578,476000.0
2011-10-26,14.3575,14.4462,14.0617,14.1874,467400.0
2011-10-27,14.5423,15.4073,14.5423,15.289,806600.0
2011-10-28,15.2446,16.1244,15.082,16.0357,1055600.0
2011-10-31,15.8287,16.3166,14.7197,14.7419,830100.0
2011-11-01,13.3002,15.0228,13.2337,14.7197,1612500.0
2011-11-02,15.0598,15.2372,14.8232,15.1042,808300.0
2011-11-03,15.2446,15.9174,15.045,15.6069,709600.0
2011-11-04,15.4738,15.5551,14.9933,15.2224,503900.0
2011-11-07,15.1855,15.5625,15.0746,15.5404,365000.0
2011-11-08,15.5995,15.8065,15.3333,15.5034,395300.0
2011-11-09,15.1929,15.2298,14.9045,14.9933,384900.0
2011-11-10,15.1707,15.1707,14.7863,14.8528,291000.0
2011-11-11,14.9341,15.289,14.9046,15.1781,186500.0
2011-11-14,15.1559,15.1633,14.6162,14.6975,399600.0
2011-11-15,14.6458,14.7197,14.4757,14.6162,491000.0
2011-11-16,14.5813,15.7635,14.5292,15.362,845400.0
2011-11-17,15.3546,15.5553,15.2505,15.3843,586400.0
2011-11-18,15.4438,15.6669,15.4066,15.5553,593800.0
2011-11-21,15.31,15.4364,14.901,15.02,539700.0
2011-11-22,14.9828,15.0572,14.6185,14.6482,344100.0
2011-11-23,14.4697,14.5367,14.1649,14.2615,467000.0
2011-11-25,14.2169,14.3359,14.0979,14.1574,143200.0
2011-11-28,14.5069,14.7225,14.4028,14.5367,308600.0
2011-11-29,14.5367,14.5961,14.3062,14.3433,384800.0
2011-11-30,14.8043,15.31,14.6408,15.2951,239400.0
2011-12-01,15.3174,15.5702,15.1612,15.2356,340700.0
2011-12-02,15.3918,15.5033,15.1984,15.3546,468300.0
2011-12-05,15.5405,15.5405,15.0423,15.0943,419700.0
2011-12-06,15.1612,15.1687,14.8341,14.9084,272400.0
2011-12-07,14.901,14.9679,14.7448,14.8936,664500.0
2011-12-08,14.782,14.8415,14.5292,14.5515,245500.0
2011-12-09,14.5887,14.8861,14.4772,14.8415,391400.0
2011-12-12,14.901,15.3694,14.7002,15.3546,597800.0
2011-12-13,15.362,15.5256,14.8118,14.9754,575000.0
2011-12-14,14.8564,14.9754,14.73,14.7969,433200.0
2011-12-15,14.9233,14.9233,14.6631,14.7151,346600.0
2011-12-16,14.8192,15.243,14.7523,14.9159,415300.0
2011-12-19,15.0348,15.2951,14.9084,15.2728,369300.0
2011-12-20,15.5702,16.4104,15.481,16.2022,778800.0
2011-12-21,16.0684,16.1874,15.5256,16.113,679500.0
2011-12-22,16.1353,16.9086,16.113,16.6856,523200.0
2011-12-23,16.7822,16.9012,16.4253,16.5071,323000.0
2011-12-27,16.5294,16.745,16.284,16.6335,139400.0
2011-12-28,16.4997,16.5889,16.2543,16.3138,269200.0
2011-12-29,16.3286,16.4997,16.1874,16.3658,123000.0
2011-12-30,16.3138,16.5368,16.1576,16.4179,152900.0
2012-01-03,16.6409,16.7376,15.9346,16.2468,569400.0
2012-01-04,16.232,16.5889,16.1502,16.4253,276000.0
2012-01-05,16.3212,16.3212,15.942,16.0312,258000.0
2012-01-06,16.0684,16.0684,15.7338,15.8379,223400.0
2012-01-09,15.9122,15.9345,15.5851,15.7635,191500.0
2012-01-10,15.9122,16.3584,15.9122,16.1204,244100.0
2012-01-11,16.061,16.2171,15.9197,15.942,171900.0
2012-01-12,15.9866,16.0312,15.6371,15.9271,197100.0
2012-01-13,15.8825,16.0163,15.6594,15.7784,123500.0
2012-01-17,16.0312,16.1353,15.6074,15.7189,126300.0
2012-01-18,15.7189,16.0758,15.5405,16.0089,343800.0
2012-01-19,16.0238,16.9607,16.0238,16.7227,553700.0
2012-01-20,16.7822,17.273,16.5666,17.2507,556100.0
2012-01-23,17.5035,18.0314,17.102,17.1689,517800.0
2012-01-24,17.0945,17.5927,16.9235,17.4663,354300.0
2012-01-25,17.4068,17.667,17.1986,17.5778,170800.0
2012-01-26,17.6968,17.6968,17.2432,17.4812,182700.0
2012-01-27,17.2284,17.5555,16.983,17.325,368400.0
2012-01-30,17.2284,17.3696,17.1466,17.2804,130300.0
2012-01-31,17.4142,17.5555,17.2878,17.5109,170500.0
2012-02-01,17.6299,17.6968,17.4589,17.5406,196700.0
2012-02-02,17.5778,17.8083,17.3994,17.563,141900.0
2012-02-03,17.734,18.5296,17.7265,18.3586,573200.0
2012-02-06,18.3065,18.4032,18.1429,18.3437,553200.0
2012-02-07,18.3883,18.3883,18.076,18.1281,305800.0
2012-02-08,18.195,18.247,18.0091,18.0537,221500.0
2012-02-09,18.1355,18.2991,17.9422,18.0017,374200.0
2012-02-10,17.8752,18.0017,17.5555,17.8827,338600.0
2012-02-13,18.0388,18.2916,17.9868,18.2024,260600.0
2012-02-14,18.1504,18.2991,17.9422,18.0388,150900.0
2012-02-15,18.1606,18.452,18.1382,18.3922,647200.0
2012-02-16,18.3399,19.4231,18.2652,18.9226,1077800.0
2012-02-17,18.9226,19.0869,18.8031,18.9151,557500.0
2012-02-21,18.8852,19.2513,18.7657,19.0645,556000.0
2012-02-22,18.9749,19.2065,18.9301,19.072,472100.0
2012-02-23,19.1318,19.3708,18.8852,19.1392,469500.0
2012-02-24,19.1243,19.3783,18.9525,19.2737,486100.0
2012-02-27,19.0944,19.2065,18.9301,19.0645,394200.0
2012-02-28,18.4146,18.8554,17.4509,17.8543,1409000.0
2012-02-29,18.1457,18.5192,17.9514,18.2428,1638900.0
2012-03-01,18.31,18.3847,17.9514,18.1905,502000.0
2012-03-02,18.198,18.3623,17.817,17.8319,309000.0
2012-03-05,17.8095,17.9664,17.69,17.7796,346400.0
2012-03-06,17.6526,17.6825,17.4136,17.5107,412500.0
2012-03-07,17.4883,17.5704,17.421,17.4509,190900.0
2012-03-08,17.5406,17.7423,17.4136,17.675,289200.0
2012-03-09,17.6676,17.8767,17.5779,17.6377,178400.0
2012-03-12,17.69,17.8767,17.5704,17.675,271800.0
2012-03-13,17.7572,17.8244,17.5107,17.6676,240900.0
2012-03-14,17.6302,17.69,17.2791,17.4509,360400.0
2012-03-15,17.436,17.6526,17.3463,17.6153,260200.0
2012-03-16,17.7273,17.8991,17.6003,17.8319,380000.0
2012-03-19,17.7946,18.071,17.7124,18.056,370100.0
2012-03-20,17.9141,17.9141,17.6078,17.6377,306100.0
2012-03-21,17.6153,17.802,17.5704,17.5928,250100.0
2012-03-22,17.4584,17.5555,17.294,17.3538,135000.0
2012-03-23,17.2268,17.4061,17.1297,17.4061,140400.0
2012-03-26,17.548,17.7198,17.4584,17.5928,557900.0
2012-03-27,17.6302,17.9365,17.6078,17.8095,475400.0
2012-03-28,17.8468,18.0934,17.6451,17.9141,450600.0
2012-03-29,17.944,18.0635,17.421,17.7348,229600.0
2012-03-30,17.7796,17.944,17.6153,17.7497,237100.0
2012-04-02,17.69,17.8394,17.5256,17.6451,309700.0
2012-04-03,17.6601,17.7049,17.3463,17.4061,236800.0
2012-04-04,17.2492,17.294,16.913,16.9728,264300.0
2012-04-05,16.8906,17.0027,16.7188,16.8906,531000.0
2012-04-09,16.659,16.8159,16.5619,16.6815,449800.0
2012-04-10,16.5769,16.5993,15.9269,15.9718,1035100.0
2012-04-11,16.0913,16.1884,16.0241,16.1361,516300.0
2012-04-12,16.1809,16.2258,15.9419,15.9792,661800.0
2012-04-13,15.9419,15.9419,15.6655,15.7551,1354600.0
2012-04-16,15.7477,15.9269,15.7028,15.8522,303900.0
2012-04-17,15.9344,15.9792,15.7925,15.8373,329300.0
2012-04-18,15.8373,15.8448,15.5235,15.5982,221800.0
2012-04-19,15.5758,15.7551,15.531,15.6356,335000.0
2012-04-20,15.7477,15.8224,15.6132,15.6207,167000.0
2012-04-23,15.4414,15.4414,15.2322,15.2994,292100.0
2012-04-24,15.2695,15.4414,14.9782,15.1724,847400.0
2012-04-25,15.3144,15.4638,15.1052,15.404,340100.0
2012-04-26,15.3891,15.4937,15.3368,15.3891,175600.0
2012-04-27,15.4713,15.8,15.404,15.7775,491700.0
2012-04-30,15.7178,15.7925,15.5908,15.785,347000.0
2012-05-01,15.7775,15.8672,15.673,15.6804,391800.0
2012-05-02,15.5982,15.7925,15.5534,15.7477,285000.0
2012-05-03,15.7178,16.3378,15.6954,16.2556,1012800.0
2012-05-04,16.1436,16.3005,15.9718,16.1436,596200.0
2012-05-07,16.1137,16.1735,15.8224,15.8896,333900.0
2012-05-08,15.8074,15.9045,15.4937,15.8747,451500.0
2012-05-09,15.7402,15.785,15.3592,15.4787,377400.0
2012-05-10,15.6057,16.0166,15.5758,15.5982,364100.0
2012-05-11,15.5982,15.7178,15.2621,15.3667,319600.0
2012-05-14,15.2322,15.3368,14.7914,15.2247,587100.0
2012-05-15,15.2023,15.5609,15.1351,15.3965,437700.0
2012-05-16,15.4213,15.827,15.3162,15.3612,370200.0
2012-05-17,15.2561,15.3612,14.4598,14.565,801800.0
2012-05-18,14.5951,15.3087,14.5951,14.9857,679400.0
2012-05-21,15.0683,15.181,14.8129,14.9781,417600.0
2012-05-22,14.9631,15.1058,14.6552,14.7228,537600.0
2012-05-23,14.6927,14.9631,14.565,14.8955,745000.0
2012-05-24,14.873,14.9105,14.7453,14.8354,488100.0
2012-05-25,14.858,15.0758,14.8054,15.0157,323400.0
2012-05-29,15.1058,15.549,15.1058,15.3237,235800.0
2012-05-30,15.2185,15.3988,14.9857,15.1434,638600.0
2012-05-31,15.1659,15.2561,14.7528,14.888,429300.0
2012-06-01,14.7228,14.7228,14.3998,14.6702,594300.0
2012-06-04,14.6702,14.7077,14.1444,14.2871,366400.0
2012-06-05,14.212,14.6251,14.1669,14.55,353600.0
2012-06-06,14.6702,15.1284,14.6401,15.0458,654300.0
2012-06-07,15.1359,15.1885,14.6476,14.8354,579500.0
2012-06-08,14.7904,15.1584,14.6627,14.9105,418700.0
2012-06-11,14.9706,15.0307,14.4448,14.4674,384200.0
2012-06-12,14.5049,14.6852,14.3998,14.6627,311600.0
2012-06-13,14.6101,14.9932,14.3397,14.4598,415700.0
2012-06-14,14.4598,14.6476,14.4373,14.5575,200600.0
2012-06-15,14.5875,15.1058,14.4824,15.0908,530400.0
2012-06-18,15.0458,15.3838,14.9331,15.2561,558600.0
2012-06-19,15.3237,15.6317,15.2185,15.5265,212500.0
2012-06-20,15.5791,15.5941,15.3537,15.3913,187100.0
2012-06-21,15.3988,15.3988,14.7829,14.7979,240700.0
2012-06-22,14.873,14.9406,14.7002,14.7528,361400.0
2012-06-25,14.5951,14.873,14.4373,14.858,376100.0
2012-06-26,14.858,15.2185,14.8429,15.0608,483600.0
2012-06-27,15.0533,15.4589,14.9781,15.3838,326900.0
2012-06-28,15.2636,15.5115,15.0458,15.3988,561700.0
2012-06-29,15.6842,16.0899,15.519,15.9622,339800.0
2012-07-02,15.9096,16.5556,15.8119,16.3753,637700.0
2012-07-03,16.4654,16.841,16.2326,16.503,191700.0
2012-07-05,16.4204,16.518,16.1049,16.4504,465800.0
2012-07-06,16.3152,16.4354,16.1199,16.2101,314000.0
2012-07-09,16.1725,16.2326,16.0824,16.18,269600.0
2012-07-10,16.2701,16.4279,15.9847,16.0523,312100.0
2012-07-11,16.0072,16.1725,15.8795,16.1199,345100.0
2012-07-12,16.0223,16.2777,16.0072,16.1875,316900.0
2012-07-13,16.2251,16.3453,16.165,16.195,187600.0
2012-07-16,16.2251,16.2476,15.8119,15.8871,295800.0
2012-07-17,15.9246,15.9547,15.6918,15.7744,329900.0
2012-07-18,15.7744,15.9471,15.7293,15.7969,329600.0
2012-07-19,15.827,15.872,15.6692,15.7443,258100.0
2012-07-20,15.6016,15.7669,15.2861,15.4889,313700.0
2012-07-23,15.211,15.3913,15.0382,15.3913,589600.0
2012-07-24,15.4063,15.504,15.1659,15.181,341800.0
2012-07-25,15.2486,15.6993,15.226,15.5641,340200.0
2012-07-26,15.7518,15.9246,15.6842,15.827,269200.0
2012-07-27,15.842,16.473,15.7669,16.2626,744100.0
2012-07-30,16.2476,16.3753,15.9847,16.0448,339100.0
2012-07-31,16.0148,16.15,15.7594,15.827,547200.0
2012-08-01,15.8946,15.9997,15.2711,15.3012,638000.0
2012-08-02,14.9481,15.0608,13.3782,14.2796,3804600.0
2012-08-03,14.2721,14.4148,14.0242,14.2871,2339900.0
2012-08-06,14.257,14.4073,14.1969,14.2721,1010600.0
2012-08-07,14.3021,14.4298,14.1218,14.242,1008000.0
2012-08-08,14.1744,14.2946,14.0392,14.1669,928500.0
2012-08-09,14.212,14.4148,14.1068,14.257,347500.0
2012-08-10,14.2045,14.4974,14.2045,14.3922,581600.0
2012-08-13,14.3472,14.4749,14.257,14.4298,342600.0
2012-08-14,14.55,14.6326,14.242,14.4073,673400.0
2012-08-15,14.591,14.6968,14.3642,14.5532,479200.0
2012-08-16,14.5834,14.8329,14.4776,14.7497,267500.0
2012-08-17,14.7649,14.78,14.659,14.6666,152400.0
2012-08-20,14.6515,14.9539,14.5154,14.8329,345300.0
2012-08-21,14.8631,15.0597,14.8329,14.969,434600.0
2012-08-22,14.8707,14.9917,14.8253,14.8405,525800.0
2012-08-23,14.8329,14.848,14.6515,14.7271,233400.0
2012-08-24,14.7044,14.8858,14.6741,14.7951,410100.0
2012-08-27,14.8253,14.8858,14.4776,14.5229,493000.0
2012-08-28,14.5381,14.6817,14.3793,14.591,195800.0
2012-08-29,14.6212,14.6515,14.5305,14.5985,172000.0
2012-08-30,13.9257,14.1222,13.6006,13.9106,3116400.0
2012-08-31,14.0391,14.1903,13.7669,14.1071,857900.0
2012-09-04,14.1147,14.1827,13.8425,13.9635,860300.0
2012-09-05,13.9332,14.1525,13.7594,14.0769,336200.0
2012-09-06,14.1449,14.3264,14.0618,14.1525,452700.0
2012-09-07,14.2205,14.2205,14.0391,14.1676,547100.0
2012-09-10,14.1676,14.2054,14.0467,14.1752,563400.0
2012-09-11,14.2281,14.4776,14.1374,14.402,547200.0
2012-09-12,14.4549,14.7119,14.4398,14.6741,424700.0
2012-09-13,14.6288,14.78,14.538,14.7346,435500.0
2012-09-14,14.8027,15.2185,14.7573,14.8934,680400.0
2012-09-17,14.8783,14.8783,14.5834,14.6212,273600.0
2012-09-18,14.5683,15.0521,14.5683,14.7875,420500.0
2012-09-19,14.8253,14.8253,14.5683,14.5834,373900.0
2012-09-20,14.4322,14.5683,14.3642,14.5305,635600.0
2012-09-21,14.5456,14.7044,14.4851,14.591,663600.0
2012-09-24,14.6439,14.9614,14.4549,14.8027,605100.0
2012-09-25,14.9387,15.4302,14.8783,15.3697,1998700.0
2012-09-26,15.3394,15.415,15.0143,15.1807,1131200.0
2012-09-27,15.2865,15.3545,14.9917,15.0068,533500.0
2012-09-28,15.0295,15.1958,14.402,14.5381,1672700.0
2012-10-01,14.6061,14.7497,14.4851,14.6515,1835900.0
2012-10-02,14.6515,14.7346,14.4851,14.591,643100.0
2012-10-03,14.6515,15.0295,14.3717,15.0219,685200.0
2012-10-04,15.2033,15.3545,15.0446,15.1807,315900.0
2012-10-05,15.3092,15.3621,15.158,15.3016,441400.0
2012-10-08,15.3092,15.604,15.2336,15.5133,306300.0
2012-10-09,15.536,15.536,15.1882,15.2714,301100.0
2012-10-10,15.2714,15.3545,15.0521,15.347,493400.0
2012-10-11,15.4302,15.8762,15.3848,15.8006,648200.0
2012-10-12,15.793,16.0501,15.6191,15.6796,327300.0
2012-10-15,15.7552,15.9518,15.4453,15.5965,454400.0
2012-10-16,15.6947,15.8762,15.4906,15.5662,421400.0
2012-10-17,15.657,15.725,15.5436,15.6948,293100.0
2012-10-18,15.6645,15.7779,15.5889,15.725,280800.0
2012-10-19,15.5738,15.9972,15.5738,15.7099,608200.0
2012-10-22,15.6796,16.0274,15.5662,16.0274,605100.0
2012-10-23,15.8686,16.0425,15.5436,16.035,554600.0
2012-10-24,16.0803,16.103,15.7704,15.9367,519400.0
2012-10-25,16.0803,16.2164,15.8308,15.9442,540000.0
2012-10-26,15.9291,16.035,15.5587,15.7704,707300.0
2012-10-31,15.9669,17.8191,15.7477,17.0026,1857300.0
2012-11-01,17.0631,17.2597,16.6473,16.7607,1059400.0
2012-11-02,16.8363,16.9195,16.2693,16.3978,689600.0
2012-11-05,16.3752,16.4961,15.9669,16.481,580100.0
2012-11-06,16.5264,16.7456,16.2693,16.67,401300.0
2012-11-07,16.4734,16.9951,16.3676,16.8061,828800.0
2012-11-08,16.7456,16.8892,16.0425,16.1106,662100.0
2012-11-09,16.103,16.2618,16.035,16.1484,531200.0
2012-11-12,16.1862,16.3071,15.8308,15.8762,572500.0
2012-11-13,15.8006,15.9745,15.6796,15.725,295500.0
2012-11-14,15.8033,16.0771,15.5904,15.598,723800.0
2012-11-15,15.6284,15.9782,15.6284,15.7881,415300.0
2012-11-16,15.8413,16.3205,15.7957,16.0999,609900.0
2012-11-19,16.2368,16.2824,16.0239,16.0999,310300.0
2012-11-20,16.0923,16.3053,16.0923,16.1532,300900.0
2012-11-21,16.1227,16.2977,15.8413,16.252,490300.0
2012-11-23,16.3129,16.4726,16.0543,16.465,226700.0
2012-11-26,16.4345,16.6931,16.4117,16.6551,287500.0
2012-11-27,16.6779,16.8148,16.5106,16.7311,350000.0
2012-11-28,16.6779,17.0429,16.6019,17.0353,449400.0
2012-11-29,17.0658,17.2787,16.9365,17.1874,319200.0
2012-11-30,17.2711,17.4308,17.1418,17.4232,577800.0
2012-12-03,17.3852,17.4536,16.9745,17.1418,369300.0
2012-12-04,17.0734,17.1874,16.6703,16.7616,624200.0
2012-12-05,16.7996,16.9593,16.7311,16.868,589500.0
2012-12-06,16.9365,16.9441,16.6323,16.8224,358300.0
2012-12-07,16.9213,16.9593,15.7957,16.1075,1630200.0
2012-12-10,16.1151,16.2672,15.7501,16.0391,1168500.0
2012-12-11,16.1151,16.3205,16.0391,16.0847,230200.0
2012-12-12,16.0999,16.2444,15.9478,16.1912,362800.0
2012-12-13,16.1608,16.214,15.9174,16.0695,393200.0
2012-12-14,16.0239,16.214,16.0011,16.1455,277500.0
2012-12-17,16.1608,16.4345,16.0619,16.4117,197600.0
2012-12-18,16.4421,16.6475,16.3585,16.4802,297000.0
2012-12-19,16.4117,16.579,16.29,16.4345,187400.0
2012-12-20,16.3813,16.4422,16.1684,16.1684,257400.0
2012-12-21,16.0163,16.2596,15.8337,16.0771,497100.0
2012-12-24,16.0619,16.1151,15.7653,16.1075,252000.0
2012-12-26,16.1684,16.3053,15.9478,15.9706,445800.0
2012-12-27,16.0543,16.0771,15.6284,15.8337,405600.0
2012-12-28,15.7425,16.0087,15.6208,15.7045,620900.0
2012-12-31,15.7425,15.8946,15.6056,15.887,226800.0
2013-01-02,16.1227,16.1227,15.8642,15.9706,441200.0
2013-01-03,15.9478,16.0619,15.8718,15.9706,303200.0
2013-01-04,15.9782,16.176,15.9402,16.0999,363400.0
2013-01-07,16.0619,16.3205,15.9174,15.963,410600.0
2013-01-08,15.9858,16.1227,15.8642,15.963,272800.0
2013-01-09,16.0011,16.0999,15.849,16.0315,257800.0
2013-01-10,16.1379,16.1379,15.9174,16.0619,241900.0
2013-01-11,16.0999,16.1532,15.9554,16.0999,153600.0
2013-01-14,16.1303,16.2292,15.9022,16.0239,194600.0
2013-01-15,16.0087,16.1456,15.9478,16.1075,206400.0
2013-01-16,16.0923,16.2216,16.0011,16.0619,271500.0
2013-01-17,16.0847,16.1684,15.8566,16.1379,292600.0
2013-01-18,16.1075,16.3357,16.0771,16.3357,396200.0
2013-01-22,16.3205,16.6931,16.2444,16.4726,408800.0
2013-01-23,16.503,16.503,16.2368,16.2824,220300.0
2013-01-24,16.2976,16.3965,16.1455,16.3281,230600.0
2013-01-25,16.3129,16.6095,16.2064,16.5562,380400.0
2013-01-28,16.5334,16.5562,16.2368,16.3965,545000.0
2013-01-29,16.4193,16.5714,16.3661,16.5258,257800.0
2013-01-30,16.5562,16.6855,16.4498,16.4802,446400.0
2013-01-31,16.465,16.7311,16.4422,16.6627,393800.0
2013-02-01,16.6855,16.7311,16.4802,16.6171,429800.0
2013-02-04,16.4726,16.6855,16.4421,16.6399,275900.0
2013-02-05,16.5486,16.5486,16.0619,16.214,465100.0
2013-02-06,16.1532,16.2444,16.0999,16.214,119600.0
2013-02-07,16.1912,16.2901,16.0695,16.2292,168000.0
2013-02-08,16.2064,16.3281,16.0771,16.1836,103000.0
2013-02-11,16.176,16.4269,15.9858,16.4041,236300.0
2013-02-12,16.176,16.8452,16.0239,16.6779,505900.0
2013-02-13,16.71,17.1383,16.6641,17.1077,542000.0
2013-02-14,17.0542,17.1612,16.8706,17.1612,181000.0
2013-02-15,17.1153,17.1842,16.9012,17.1459,435500.0
2013-02-19,17.1153,17.4442,17.0924,17.2683,384000.0
2013-02-20,17.2683,17.383,17.1459,17.3677,435400.0
2013-02-21,17.3371,17.3448,17.0006,17.2759,962700.0
2013-02-22,17.2148,17.3065,16.9471,17.2071,595100.0
2013-02-25,17.1918,17.2301,16.1594,16.2588,1152500.0
2013-02-26,16.2665,17.5513,15.8305,16.9394,1658400.0
2013-02-27,16.9547,17.3448,16.9394,17.2377,911500.0
2013-02-28,17.2606,17.4289,17.0618,17.4212,659000.0
2013-03-01,17.3677,17.5207,17.2454,17.4977,770300.0
2013-03-04,17.4366,17.4366,16.1135,16.2129,2383300.0
2013-03-05,16.32,16.4424,16.1365,16.32,577700.0
2013-03-06,16.32,16.3582,15.8688,15.9988,660300.0
2013-03-07,16.0141,16.0982,15.8535,15.8764,471900.0
2013-03-08,15.9988,16.0294,15.9223,16.0294,353900.0
2013-03-11,16.0064,16.2053,15.9376,16.1135,432300.0
2013-03-12,16.0906,16.2512,16.0829,16.19,380900.0
2013-03-13,16.19,16.2818,16.1135,16.2282,246000.0
2013-03-14,16.2129,16.2665,16.1976,16.2129,259500.0
2013-03-15,16.1976,16.4806,16.1747,16.4729,442200.0
2013-03-18,16.32,16.5571,16.2741,16.4424,249400.0
2013-03-19,16.45,16.5188,15.9911,16.0982,399100.0
2013-03-20,16.1059,16.2053,16.06,16.1747,468400.0
2013-03-21,16.1518,16.1594,16.0829,16.1059,275300.0
2013-03-22,16.1059,16.2053,16.0676,16.1518,299700.0
2013-03-25,16.2053,16.2894,16.167,16.2129,283700.0
2013-03-26,16.2512,16.2741,16.1059,16.2359,288800.0
2013-03-27,16.2512,16.3276,16.0829,16.3047,217200.0
2013-03-28,16.3429,16.7253,16.2588,16.5953,391600.0
2013-04-01,16.5724,16.6335,16.2665,16.3429,404500.0
2013-04-02,16.4194,16.4729,16.037,16.1059,196200.0
2013-04-03,16.1135,16.2129,15.8229,15.9147,406300.0
2013-04-04,15.9223,15.9223,15.4864,15.5399,611000.0
2013-04-05,15.387,15.4482,14.9587,15.104,982600.0
2013-04-08,15.1117,15.2417,15.0123,15.2034,592400.0
2013-04-09,15.2034,15.2799,15.1423,15.2187,337000.0
2013-04-10,15.2417,15.4329,15.1346,15.3717,330100.0
2013-04-11,15.4023,15.5629,15.2723,15.4099,157600.0
2013-04-12,15.3182,15.4023,15.1958,15.1958,365700.0
2013-04-15,15.0734,15.1117,14.8669,14.9205,535500.0
2013-04-16,15.0428,15.234,14.997,15.0964,245500.0
2013-04-17,15.0429,15.0429,14.5916,14.6069,678900.0
2013-04-18,14.6528,14.7828,14.5687,14.584,375600.0
2013-04-19,14.584,14.8593,14.5228,14.6146,339800.0
2013-04-22,14.6681,14.6834,14.5152,14.6069,279300.0
2013-04-23,14.6987,14.8899,14.6375,14.867,422300.0
2013-04-24,14.9052,15.4788,14.8975,15.3335,451000.0
2013-04-25,15.4482,15.5858,15.3258,15.3488,203800.0
2013-04-26,15.3029,15.4329,14.867,14.867,457200.0
2013-04-29,14.9511,15.3105,14.8517,14.9587,641000.0
2013-04-30,15.0428,15.6776,14.8364,15.4252,1031300.0
2013-05-01,15.2723,15.2876,14.714,14.9893,791900.0
2013-05-02,14.867,15.0505,14.5993,14.8593,956100.0
2013-05-03,14.974,15.6623,14.9052,15.0352,718600.0
2013-05-06,15.0658,15.3564,14.9281,15.2417,368300.0
2013-05-07,15.2799,15.6317,15.2417,15.6088,428900.0
2013-05-08,15.5858,15.7235,15.5552,15.6852,659000.0
2013-05-09,15.6929,15.8076,15.5323,15.6011,690500.0
2013-05-10,15.5094,15.777,15.5094,15.6394,582700.0
2013-05-13,15.6394,15.647,15.4711,15.5094,552400.0
2013-05-14,15.4941,15.6852,15.4635,15.5782,318800.0
2013-05-15,15.5259,15.9182,15.472,15.7798,463000.0
2013-05-16,15.6644,15.8875,15.3489,15.8644,1073600.0
2013-05-17,15.8259,16.0798,15.749,15.7874,540800.0
2013-05-20,15.8028,15.9798,15.7875,15.8259,386400.0
2013-05-21,15.8798,16.0644,15.8644,15.9028,498700.0
2013-05-22,15.8644,15.9798,15.5412,15.6566,932600.0
2013-05-23,15.5797,15.9105,15.5566,15.8567,439300.0
2013-05-24,15.8182,15.9875,15.649,15.7721,405000.0
2013-05-28,15.672,16.0644,15.672,15.8413,606400.0
2013-05-29,15.7413,16.049,15.7028,15.9567,535900.0
2013-05-30,15.9644,16.3876,15.9413,16.1798,1037900.0
2013-05-31,16.1106,16.1644,15.7798,15.9259,2849900.0
2013-06-03,15.9182,16.5414,15.9105,16.5183,1106100.0
2013-06-04,16.4414,16.5645,16.3645,16.3799,533900.0
2013-06-05,16.3337,16.4183,16.0721,16.2183,498600.0
2013-06-06,16.1875,16.2568,16.0259,16.2183,498100.0
2013-06-07,16.2721,16.426,16.0567,16.3952,444400.0
2013-06-10,15.9413,16.3645,15.6951,16.049,1001800.0
2013-06-11,15.8721,16.0029,15.7182,15.8798,384300.0
2013-06-12,15.9259,16.1567,15.7951,15.8413,522600.0
2013-06-13,15.8952,16.1029,15.7413,16.0029,774600.0
2013-06-14,16.0183,16.0336,15.8336,15.949,879800.0
2013-06-17,16.049,16.4029,16.0336,16.0798,1016400.0
2013-06-18,16.0798,16.3106,16.0106,16.1567,1316700.0
2013-06-19,16.1644,16.2029,15.9721,16.0183,538900.0
2013-06-20,15.8413,15.8798,15.2335,15.4412,1565800.0
2013-06-21,15.3951,15.5412,15.1412,15.1873,642100.0
2013-06-24,15.095,15.1643,14.6949,14.8873,658200.0
2013-06-25,15.0719,15.0719,14.8334,14.8719,554600.0
2013-06-26,14.9796,15.0027,14.795,14.8027,1174800.0
2013-06-27,14.9104,14.9104,14.7565,14.8488,951500.0
2013-06-28,14.7488,14.9027,14.7488,14.7873,866900.0
2013-07-01,14.8796,15.095,14.618,14.6565,685300.0
2013-07-02,14.6026,14.9719,14.6026,14.9565,529300.0
2013-07-03,14.995,15.0642,14.8488,14.9488,123800.0
2013-07-05,14.8719,15.0489,14.8027,15.0489,164400.0
2013-07-08,15.1104,15.1566,15.0027,15.0719,234500.0
2013-07-09,14.995,14.995,14.4334,14.618,948400.0
2013-07-10,14.5026,14.6719,14.4334,14.618,660700.0
2013-07-11,14.7719,14.8026,14.5641,14.6411,644200.0
2013-07-12,14.5872,14.718,14.4487,14.6642,651700.0
2013-07-15,14.5718,14.6411,14.4641,14.5795,1070800.0
2013-07-16,14.5872,14.6257,14.4949,14.5718,317700.0
2013-07-17,14.5949,14.718,14.5411,14.5718,357900.0
2013-07-18,14.5949,14.6642,14.518,14.6257,713600.0
2013-07-19,14.618,14.8334,14.5642,14.7796,449500.0
2013-07-22,14.7796,14.895,14.718,14.795,374900.0
2013-07-23,14.818,14.8642,14.7488,14.8411,436900.0
2013-07-24,14.8642,14.8642,14.6103,14.6334,533900.0
2013-07-25,14.5872,14.6642,14.4949,14.5411,270500.0
2013-07-26,14.5795,14.5795,14.418,14.4641,412700.0
2013-07-29,14.4718,14.718,14.4334,14.6103,581500.0
2013-07-30,14.6334,14.8873,14.5718,14.8257,285700.0
2013-07-31,14.8873,15.0335,14.7257,14.8103,600600.0
2013-08-01,14.8719,14.8873,14.3026,14.318,635100.0
2013-08-02,14.2795,14.4718,14.2179,14.2872,303500.0
2013-08-05,14.2872,14.5103,14.2564,14.2949,281500.0
2013-08-06,14.6257,15.4181,14.5103,15.3566,1370500.0
2013-08-07,15.3181,15.6028,15.1719,15.1873,937600.0
2013-08-08,15.2412,15.3181,14.9488,15.0027,493500.0
2013-08-09,14.9334,15.0565,14.7103,15.0104,363800.0
2013-08-12,14.9411,14.9411,14.7488,14.9104,355800.0
2013-08-13,14.895,14.9873,14.7257,14.9873,408900.0
2013-08-14,14.9719,15.0796,14.8488,15.0642,203600.0
2013-08-15,14.9642,14.9642,14.6411,14.8488,391000.0
2013-08-16,14.795,14.8257,14.4641,14.5718,849900.0
2013-08-19,14.5411,14.7411,14.4334,14.7026,376100.0
2013-08-20,14.6872,14.6872,14.4334,14.4641,385400.0
2013-08-21,14.3867,14.5106,14.255,14.3479,394700.0
2013-08-22,14.3324,14.5494,14.3014,14.5029,323800.0
2013-08-23,14.4719,14.6268,14.3712,14.5571,384200.0
2013-08-26,14.5494,14.8747,14.5494,14.712,363500.0
2013-08-27,14.6191,14.8825,14.4951,14.6423,506000.0
2013-08-28,14.6423,14.6888,14.4099,14.4564,405900.0
2013-08-29,14.3944,14.5106,14.3479,14.3712,316800.0
2013-08-30,14.4254,14.4719,14.2472,14.3557,354800.0
2013-09-03,14.5184,14.5339,14.2162,14.2937,470300.0
2013-09-04,14.255,14.4641,14.224,14.3324,448600.0
2013-09-05,14.3324,14.4331,14.2859,14.3712,383500.0
2013-09-06,14.3789,14.6423,14.3247,14.5803,478900.0
2013-09-09,14.6036,14.9677,14.5726,14.8592,742600.0
2013-09-10,15.0064,15.4015,14.9832,15.4015,984000.0
2013-09-11,15.3628,15.4325,15.2079,15.3008,526800.0
2013-09-12,15.2621,15.6495,15.2234,15.4868,572600.0
2013-09-13,15.4713,15.4945,15.2621,15.4248,563000.0
2013-09-16,15.541,15.5487,15.2544,15.4945,616100.0
2013-09-17,15.5487,15.8121,15.4945,15.6495,485300.0
2013-09-18,15.6107,15.8896,15.5255,15.8664,415800.0
2013-09-19,15.9594,16.2692,15.9206,16.2305,434100.0
2013-09-20,16.2383,16.2615,15.7967,15.8431,723300.0
2013-09-23,15.8664,15.9439,15.6727,15.8664,681700.0
2013-09-24,15.8199,15.9594,15.6882,15.6882,818800.0
2013-09-25,15.6417,15.9051,15.6417,15.7579,494700.0
2013-09-26,15.7657,15.9206,15.7502,15.8819,402300.0
2013-09-27,15.8354,15.9284,15.6882,15.6882,438100.0
2013-09-30,15.6805,15.8277,15.5333,15.634,560100.0
2013-10-01,15.7037,15.8974,15.6727,15.8509,362200.0
2013-10-02,15.8199,15.8819,15.7192,15.7502,292800.0
2013-10-03,15.7269,15.7502,15.1769,15.3241,571100.0
2013-10-04,15.3086,15.6262,15.2776,15.5952,385900.0
2013-10-07,15.448,15.5565,15.4016,15.4945,456700.0
2013-10-08,15.2698,15.2698,14.712,14.898,1369500.0
2013-10-09,14.8515,14.8515,14.0613,14.0845,2065200.0
2013-10-10,14.2162,14.6578,14.2007,14.3324,1868700.0
2013-10-11,14.3402,14.4564,14.255,14.3324,784500.0
2013-10-14,14.3169,14.3169,14.1697,14.193,551100.0
2013-10-15,14.2007,14.3479,14.007,14.2162,2607800.0
2013-10-16,14.3092,14.3169,14.1,14.2937,471500.0
2013-10-17,14.2937,14.7275,14.2472,14.6346,550700.0
2013-10-18,14.6346,14.8592,14.6036,14.8205,887000.0
2013-10-21,14.8515,15.1536,14.774,14.8825,1041500.0
2013-10-22,14.9135,14.929,14.5339,14.5726,641100.0
2013-10-23,14.4564,14.5184,14.069,14.3712,827400.0
2013-10-24,14.7895,15.1226,14.4641,15.0219,1457800.0
2013-10-25,15.0607,15.2234,14.9832,15.2156,486000.0
2013-10-28,15.2389,15.4093,15.2156,15.2776,508300.0
2013-10-29,15.2931,15.5332,15.2853,15.5023,537000.0
2013-10-30,15.5565,15.6417,15.2621,15.3628,440300.0
2013-10-31,15.3783,15.479,15.2156,15.3396,480400.0
2013-11-01,15.3551,15.3551,15.0219,15.1614,782100.0
2013-11-04,15.1924,15.2079,14.9677,15.1149,776800.0
2013-11-05,15.9051,16.8038,15.9051,16.1066,2039700.0
2013-11-06,16.153,16.184,15.7657,15.9051,897200.0
2013-11-07,15.3783,15.5255,15.1846,15.3086,1242000.0
2013-11-08,15.2389,15.6805,15.2234,15.5565,524500.0
2013-11-11,15.4945,15.5023,15.3938,15.479,451500.0
2013-11-12,15.4093,15.7037,15.3473,15.6417,326900.0
2013-11-13,15.5952,15.8896,15.5333,15.8741,446300.0
2013-11-14,15.8354,16.1995,15.7347,16.153,654300.0
2013-11-15,16.1375,16.308,15.9903,16.246,626800.0
2013-11-18,16.2382,16.4242,16.1453,16.277,961900.0
2013-11-19,16.184,16.3467,16.1685,16.2383,531200.0
2013-11-20,16.246,16.2616,15.7939,15.8329,259200.0
2013-11-21,15.8329,16.0122,15.7471,15.8952,286500.0
2013-11-22,15.942,15.981,15.8641,15.942,190400.0
2013-11-25,15.9498,15.9966,15.8329,15.903,142600.0
2013-11-26,15.8485,15.981,15.8251,15.9108,281400.0
2013-11-27,15.8563,16.0979,15.8407,16.0434,334800.0
2013-11-29,15.9888,16.1603,15.942,16.0979,122100.0
2013-12-02,16.1135,16.3708,15.8407,15.8797,419100.0
2013-12-03,15.8095,15.9654,15.599,15.7471,494800.0
2013-12-04,15.716,16.0122,15.5055,15.7549,375400.0
2013-12-05,15.7159,15.8329,15.3807,15.3963,514500.0
2013-12-06,15.6146,15.8641,15.4743,15.8173,459800.0
2013-12-09,15.9108,16.8931,15.903,16.4877,851600.0
2013-12-10,16.5189,16.8619,16.4721,16.6904,615700.0
2013-12-11,16.6592,17.0022,16.4955,16.8385,960700.0
2013-12-12,16.7762,17.2985,16.7372,17.2283,1126300.0
2013-12-13,17.2751,17.2751,17.0646,17.1114,860900.0
2013-12-16,17.1425,17.9377,17.088,17.7272,1243400.0
2013-12-17,17.6882,17.6882,17.3764,17.47,459700.0
2013-12-18,17.4232,17.5401,17.0724,17.47,414000.0
2013-12-19,17.4076,17.5557,17.2751,17.3686,749100.0
2013-12-20,17.3764,17.6415,17.3686,17.5401,600200.0
2013-12-23,17.6571,17.8597,17.5401,17.6882,594800.0
2013-12-24,17.6415,17.774,17.6337,17.696,109800.0
2013-12-26,17.8052,17.8519,17.7272,17.7584,143700.0
2013-12-27,17.7584,17.7974,17.5011,17.6025,193900.0
2013-12-30,17.5479,18.078,17.5479,17.9689,347100.0
2013-12-31,17.9611,18.0936,17.8519,17.8753,152600.0
2014-01-02,17.7662,17.8987,17.5791,17.7662,575600.0
2014-01-03,17.7662,18.3119,17.7584,18.1872,607000.0
2014-01-06,18.195,18.2573,17.7194,17.9533,662200.0
2014-01-07,17.9455,18.1638,17.8675,18.0468,495000.0
2014-01-08,18.0079,18.117,17.9299,17.9767,541100.0
2014-01-09,18.0157,18.3275,18.0157,18.2729,556200.0
2014-01-10,18.2339,18.3976,18.1248,18.2885,303800.0
2014-01-13,18.2651,18.3119,17.7428,17.8364,351500.0
2014-01-14,17.8987,18.1326,17.8208,18.1326,352600.0
2014-01-15,17.9455,18.5302,17.8753,18.3353,507100.0
2014-01-16,18.2183,18.538,18.2183,18.499,327400.0
2014-01-17,18.46,18.4912,18.2417,18.3197,351500.0
2014-01-21,18.4912,18.5146,18.3743,18.4834,336800.0
2014-01-22,18.5613,18.6237,18.2729,18.3587,584900.0
2014-01-23,18.2495,18.3197,18.0079,18.1872,303300.0
2014-01-24,18.0624,18.0624,17.8519,17.8987,524700.0
2014-01-27,17.9065,17.9611,17.4232,17.6181,764600.0
2014-01-28,17.5947,17.9455,17.5947,17.9065,667900.0
2014-01-29,17.8597,18.1638,17.6103,17.6882,729400.0
2014-01-30,18.0468,18.1248,17.7584,17.9221,827600.0
2014-01-31,17.735,17.9143,17.6804,17.8987,426300.0
2014-02-03,17.9299,17.9377,17.1581,17.4154,1264500.0
2014-02-04,17.6727,17.7116,17.2751,17.5011,929200.0
2014-02-05,17.3842,17.5869,17.1893,17.4388,628300.0
2014-02-06,17.4778,17.6882,17.353,17.4154,665200.0
2014-02-07,17.5167,17.6726,17.4466,17.6571,630100.0
2014-02-10,17.5245,17.6259,17.4856,17.5869,253700.0
2014-02-11,17.6571,17.7584,17.6025,17.6648,366500.0
2014-02-12,17.7041,17.8609,17.5943,17.7433,267300.0
2014-02-13,17.6727,17.9393,17.508,17.9314,536800.0
2014-02-14,17.9471,18.0177,17.6021,17.6256,457800.0
2014-02-18,17.6413,17.7903,17.5708,17.6178,704300.0
2014-02-19,17.6021,17.6257,17.4296,17.4296,405500.0
2014-02-20,17.4532,17.5472,17.4061,17.5159,457100.0
2014-02-21,17.5237,17.5472,17.4375,17.508,338200.0
2014-02-24,17.5865,17.6884,17.508,17.6335,851500.0
2014-02-25,17.6492,17.8687,17.6178,17.7903,701400.0
2014-02-26,17.8609,17.9863,17.8138,17.9471,791300.0
2014-02-27,17.9001,18.0412,17.8766,18.002,365600.0
2014-02-28,17.9942,18.2843,17.9471,18.2372,841700.0
2014-03-03,18.347,18.5665,17.1866,17.5159,1062300.0
2014-03-04,17.6649,17.9314,17.5002,17.8687,488500.0
2014-03-05,17.8687,18.0098,17.7433,17.7903,438900.0
2014-03-06,17.8609,17.8765,17.7197,17.7981,278200.0
2014-03-07,17.7746,17.8373,17.3904,17.5002,361800.0
2014-03-10,17.5159,17.5159,17.2336,17.3748,339700.0
2014-03-11,17.3748,17.7746,17.2885,17.61,452400.0
2014-03-12,17.5237,17.6492,17.2963,17.5786,266400.0
2014-03-13,17.6648,17.6648,17.4845,17.5394,308900.0
2014-03-14,17.508,17.6805,17.508,17.5551,262800.0
2014-03-17,17.6178,17.8844,17.6178,17.8765,574900.0
2014-03-18,17.8687,18.1588,17.8373,18.1431,410600.0
2014-03-19,18.1588,18.6214,18.1039,18.4332,1119000.0
2014-03-20,18.4019,18.6136,18.1275,18.2764,945000.0
2014-03-21,18.4019,18.6371,18.4019,18.5587,1004700.0
2014-03-24,18.5979,18.6763,18.2372,18.2999,376100.0
2014-03-25,18.394,18.4724,18.2137,18.3078,166000.0
2014-03-26,18.4097,18.4097,18.151,18.2137,230400.0
2014-03-27,18.2451,18.5822,18.1118,18.4724,288600.0
2014-03-28,18.5665,18.9115,18.496,18.8566,289400.0
2014-03-31,18.935,18.9507,18.6841,18.9193,252100.0
2014-04-01,18.9742,20.1738,18.9586,19.5309,1212600.0
2014-04-02,19.5309,19.6015,19.3506,19.3506,450700.0
2014-04-03,19.3741,19.4055,19.1938,19.3035,306000.0
2014-04-04,19.3976,19.476,18.9664,19.0918,444900.0
2014-04-07,19.0291,19.0683,18.6528,18.7155,280200.0
2014-04-08,18.739,19.0683,18.6841,19.0683,296200.0
2014-04-09,19.1624,19.2643,19.0683,19.2094,363700.0
2014-04-10,19.2094,19.2094,18.7155,18.8645,170300.0
2014-04-11,18.7939,18.9507,18.5979,18.8174,504300.0
2014-04-14,18.9586,18.9742,18.7704,18.888,570600.0
2014-04-15,18.9037,19.0213,18.6371,18.8331,250200.0
2014-04-16,18.9507,19.0683,18.8645,18.888,237900.0
2014-04-17,18.8801,18.9429,18.8174,18.8958,855400.0
2014-04-21,18.888,19.0526,18.8723,18.9585,174800.0
2014-04-22,19.0291,19.131,18.9507,18.9821,332200.0
2014-04-23,18.9821,19.1075,18.8958,18.9821,395200.0
2014-04-24,19.0134,19.0918,18.7861,18.8958,350600.0
2014-04-25,18.8566,18.935,18.6449,18.8017,232700.0
2014-04-28,19.131,19.1624,18.9429,19.0762,994600.0
2014-04-29,19.1546,19.5309,19.1232,19.3898,842300.0
2014-04-30,19.3741,19.7034,19.3584,19.6015,619500.0
2014-05-01,19.6015,19.6015,19.4133,19.5388,217300.0
2014-05-02,19.4995,19.7112,19.4133,19.6642,413700.0
2014-05-05,19.429,19.429,17.8766,18.2529,1276400.0
2014-05-06,18.2137,18.6214,18.0647,18.5352,360700.0
2014-05-07,18.5038,18.59,18.1902,18.3156,219000.0
2014-05-08,18.2843,18.4567,18.1431,18.1666,195500.0
2014-05-09,18.1588,18.1588,18.0177,18.0412,164100.0
2014-05-12,18.1274,18.2686,17.9863,17.9942,254500.0
2014-05-13,18.0334,18.049,17.7981,17.8295,246700.0
2014-05-14,17.8373,17.8922,17.6648,17.6962,106700.0
2014-05-15,17.6492,17.7041,17.4845,17.7041,169100.0
2014-05-16,17.7197,17.7903,17.6492,17.657,114100.0
2014-05-19,17.5472,17.7354,17.4845,17.5629,143600.0
2014-05-20,17.5629,17.6257,17.3199,17.3591,172700.0
2014-05-21,17.3827,17.5247,17.3433,17.4616,139900.0
2014-05-22,17.4853,17.6036,17.3275,17.3985,208800.0
2014-05-23,17.3906,17.3985,17.2723,17.2802,155300.0
2014-05-27,17.3039,17.9033,17.2723,17.8717,274000.0
2014-05-28,17.9506,18.3292,17.9427,18.2345,326500.0
2014-05-29,18.3134,18.3134,18.1162,18.2187,265100.0
2014-05-30,18.1872,18.2109,18.0216,18.1004,252000.0
2014-06-02,18.0531,18.2109,17.9979,18.0216,601000.0
2014-06-03,17.9979,18.203,17.919,18.1083,393600.0
2014-06-04,18.1083,18.4948,18.0373,18.2897,317800.0
2014-06-05,18.3213,18.479,18.1399,18.1714,271200.0
2014-06-06,18.2503,18.479,18.1872,18.2739,263000.0
2014-06-09,18.408,19.457,18.408,18.9838,596800.0
2014-06-10,19.0863,19.2283,18.897,19.2283,368300.0
2014-06-11,19.1888,19.3466,19.0311,19.3229,421600.0
2014-06-12,19.2835,19.3545,19.1257,19.315,258700.0
2014-06-13,19.2677,19.4254,19.1494,19.315,269800.0
2014-06-16,19.3545,19.6542,19.2914,19.528,288700.0
2014-06-17,19.457,19.8356,19.457,19.5201,315000.0
2014-06-18,19.6147,19.6857,19.4491,19.5437,653500.0
2014-06-19,19.5437,19.6542,19.4728,19.5122,278100.0
2014-06-20,19.5911,19.6305,19.2835,19.3545,368300.0
2014-06-23,19.3623,19.5122,19.2283,19.2914,193900.0
2014-06-24,19.3071,19.5201,19.2204,19.2992,279400.0
2014-06-25,19.2519,19.3545,19.1888,19.2756,147400.0
2014-06-26,19.2992,19.3702,19.2283,19.3071,195600.0
2014-06-27,19.2756,19.5437,19.2756,19.4728,239100.0
2014-06-30,19.4728,19.5201,19.3702,19.4412,213300.0
2014-07-01,19.4806,19.528,19.386,19.4018,276100.0
2014-07-02,19.4018,19.8356,19.3387,19.6936,353900.0
2014-07-03,19.7173,19.8119,19.6463,19.8119,79600.0
2014-07-07,19.6068,19.8513,19.5437,19.6857,322500.0
2014-07-08,19.7015,19.7725,19.4964,19.733,268100.0
2014-07-09,19.7646,19.9775,19.6857,19.9223,294000.0
2014-07-10,19.8198,19.8198,19.6699,19.7251,258100.0
2014-07-11,19.6699,19.6699,19.457,19.4964,156200.0
2014-07-14,19.5595,19.7173,19.5201,19.5674,121200.0
2014-07-15,19.5516,19.5911,19.2677,19.3623,213300.0
2014-07-16,19.4412,19.6778,19.3781,19.5832,177400.0
2014-07-17,19.5122,19.6936,19.457,19.5201,151500.0
2014-07-18,19.5359,19.7173,19.4807,19.6463,135800.0
2014-07-21,19.6463,19.6857,19.4964,19.6778,130200.0
2014-07-22,19.7409,19.7567,19.6384,19.6384,151600.0
2014-07-23,19.6305,19.7409,19.6068,19.7015,102600.0
2014-07-24,19.7251,19.8513,19.6936,19.7725,341000.0
2014-07-25,19.6857,19.7882,19.6147,19.662,187700.0
2014-07-28,19.6384,19.7646,19.4254,19.457,247800.0
2014-07-29,19.4649,19.6226,19.2835,19.315,204900.0
2014-07-30,19.3545,19.4412,19.2519,19.386,164000.0
2014-07-31,19.2519,19.2756,18.9917,19.1021,225000.0
2014-08-01,19.0863,19.1494,18.8024,19.0232,305600.0
2014-08-04,19.0863,19.1888,18.5421,19.0784,1319000.0
2014-08-05,19.1021,19.3545,18.8024,19.3071,1194200.0
2014-08-06,19.1336,19.2204,18.8024,18.9286,963000.0
2014-08-07,18.9522,19.0705,18.8655,18.9286,195100.0
2014-08-08,18.9207,19.2125,18.8339,19.1336,217200.0
2014-08-11,19.2046,19.3939,19.1494,19.2677,258300.0
2014-08-12,19.2677,19.3387,19.1021,19.1652,167500.0
2014-08-13,19.1652,19.2598,19.0863,19.1336,351800.0
2014-08-14,19.1257,19.2283,18.9443,18.9838,262100.0
2014-08-15,18.9917,19.1257,18.7551,18.9286,240700.0
2014-08-18,18.968,19.1336,18.8891,19.0784,695500.0
2014-08-19,19.11,19.1652,19.0232,19.11,316100.0
2014-08-20,19.0386,19.2289,19.0068,19.1734,322700.0
2014-08-21,19.1813,19.2051,19.0227,19.1338,208400.0
2014-08-22,19.1655,19.229,19.0465,19.1417,229900.0
2014-08-25,19.221,19.2686,19.102,19.1258,197900.0
2014-08-26,19.1179,19.2686,19.0148,19.11,361300.0
2014-08-27,19.1258,19.1655,19.0148,19.0624,248900.0
2014-08-28,19.0386,19.0544,18.9275,18.9513,226800.0
2014-08-29,18.9275,18.991,18.8006,18.8403,166700.0
2014-09-02,18.8561,18.9116,18.5547,18.6657,532500.0
2014-09-03,18.745,18.753,18.4436,18.5626,472000.0
2014-09-04,18.5785,18.6895,18.3881,18.396,359500.0
2014-09-05,18.4039,18.4198,18.0866,18.285,494400.0
2014-09-08,18.285,18.285,18.0152,18.0866,471000.0
2014-09-09,18.0946,18.1342,17.8328,17.9914,891300.0
2014-09-10,17.9835,18.0549,17.8566,17.9121,389500.0
2014-09-11,17.8725,18.0073,17.7455,17.9676,807400.0
2014-09-12,17.9121,17.9756,17.8407,17.8883,189000.0
2014-09-15,17.928,17.9914,17.5948,17.69,260300.0
2014-09-16,17.6503,17.7535,17.5234,17.5551,494100.0
2014-09-17,17.5789,17.7614,17.5234,17.7455,808500.0
2014-09-18,17.809,18.0311,17.7693,18.0232,274100.0
2014-09-19,18.1104,18.1263,17.6424,17.6979,348000.0
2014-09-22,17.6583,17.6741,17.333,17.4996,232500.0
2014-09-23,17.4282,17.5234,17.3013,17.4203,306600.0
2014-09-24,17.3965,17.4838,17.2616,17.4044,279500.0
2014-09-25,17.4203,17.4203,17.1188,17.2934,879100.0
2014-09-26,17.341,17.4758,17.2061,17.4124,256300.0
2014-09-29,17.3489,17.7297,17.2616,17.69,404600.0
2014-09-30,17.7217,17.8011,17.6265,17.7614,492300.0
2014-10-01,17.7614,18.3167,17.7138,18.166,677700.0
2014-10-02,18.2374,18.3563,18.039,18.2691,551700.0
2014-10-03,18.2532,18.4277,18.1977,18.2453,294100.0
2014-10-06,18.2612,18.4357,18.166,18.3563,300200.0
2014-10-07,18.3325,18.3325,18.0787,18.2453,478500.0
2014-10-08,18.3008,18.5547,18.1422,18.5547,241400.0
2014-10-09,18.4833,18.5071,18.158,18.2532,235500.0
2014-10-10,18.2215,18.3008,18.0628,18.1342,325900.0
2014-10-13,18.1263,18.396,18.0628,18.277,359600.0
2014-10-14,18.277,18.4198,18.2056,18.285,276900.0
2014-10-15,18.166,18.277,17.8169,18.2532,460700.0
2014-10-16,18.047,18.4833,17.9359,18.3167,288400.0
2014-10-17,18.4039,18.5388,18.1739,18.2056,237400.0
2014-10-20,18.1263,18.5864,18.039,18.4595,299100.0
2014-10-21,18.5388,18.8799,18.4912,18.7926,266800.0
2014-10-22,18.7926,18.9275,18.5547,18.5626,255700.0
2014-10-23,18.6419,18.7847,18.5626,18.634,182900.0
2014-10-24,18.6261,18.8482,18.5626,18.8006,166100.0
2014-10-27,18.6975,18.872,18.6419,18.8085,153700.0
2014-10-28,18.872,18.9116,18.8085,18.9037,324400.0
2014-10-29,18.8878,19.1655,18.7927,19.0624,384100.0
2014-10-30,19.0465,19.3638,18.9196,19.2052,335600.0
2014-10-31,19.2607,19.4511,19.0862,19.3479,387700.0
2014-11-03,19.3003,19.4114,19.1655,19.3083,689200.0
2014-11-04,19.1893,19.3321,18.6657,18.6737,857500.0
2014-11-05,18.634,19.3083,18.634,19.229,964600.0
2014-11-06,19.2686,19.4749,19.1814,19.459,626100.0
2014-11-07,19.4749,19.6811,19.4035,19.6573,268600.0
2014-11-10,19.6573,19.7049,19.4273,19.6176,354100.0
2014-11-11,19.6335,19.697,19.5145,19.6732,272200.0
2014-11-12,19.6415,20.0936,19.6415,20.0778,329300.0
2014-11-13,20.1174,20.1174,19.7208,19.7684,212000.0
2014-11-14,19.816,20.0222,19.7128,19.8398,187400.0
2014-11-17,19.808,20.0302,19.7842,19.9826,235100.0
2014-11-18,20.0143,20.2761,20.0143,20.2126,612200.0
2014-11-19,20.1807,20.404,20.0212,20.3801,482900.0
2014-11-20,20.3562,20.5397,20.2844,20.3961,363000.0
2014-11-21,20.5397,20.7949,20.4679,20.6513,624300.0
2014-11-24,20.7231,20.8109,20.5237,20.7949,499000.0
2014-11-25,20.8188,21.0023,20.7869,20.9225,287600.0
2014-11-26,20.9465,21.1299,20.8587,21.0581,275200.0
2014-11-28,20.7949,21.0103,20.747,20.8428,178300.0
2014-12-01,20.6753,20.763,20.5237,20.6992,533100.0
2014-12-02,20.6912,20.8507,20.5636,20.7391,411300.0
2014-12-03,20.7391,21.2017,20.6992,20.8986,541000.0
2014-12-04,20.8667,20.8986,20.5396,20.7072,473800.0
2014-12-05,20.7151,21.0422,20.6593,21.0023,265800.0
2014-12-08,20.9704,21.0661,20.5077,20.5396,465600.0
2014-12-09,20.3961,20.6354,20.2286,20.6354,374400.0
2014-12-10,20.5476,20.6752,20.0132,20.1568,293100.0
2014-12-11,20.1408,20.3243,19.9494,19.9972,372900.0
2014-12-12,19.9095,20.1568,19.8616,20.0212,371300.0
2014-12-15,20.1249,20.3482,19.9414,19.9574,323700.0
2014-12-16,19.9334,20.2126,19.8935,19.9574,243300.0
2014-12-17,19.9733,20.4439,19.9175,20.404,269400.0
2014-12-18,20.6194,20.6753,20.1488,20.436,294000.0
2014-12-19,20.4998,20.5237,20.2445,20.3004,582400.0
2014-12-22,20.3083,20.404,20.1249,20.3083,229600.0
2014-12-23,20.3881,21.0581,20.3881,20.9465,611700.0
2014-12-24,21.0581,21.2735,21.0023,21.2336,155100.0
2014-12-26,21.3373,21.5926,21.2815,21.4649,178300.0
2014-12-29,21.5607,21.768,21.3533,21.7361,405300.0
2014-12-30,21.6723,21.7521,21.5686,21.6803,232200.0
2014-12-31,21.6883,21.6883,21.4171,21.449,162500.0
2015-01-02,21.4729,21.7202,21.425,21.5606,385900.0
2015-01-05,21.4729,21.6564,21.0661,21.1698,401200.0
2015-01-06,21.1778,21.1778,20.6114,20.6593,523500.0
2015-01-07,20.771,20.8507,20.5556,20.6593,366700.0
2015-01-08,20.755,20.8587,20.6673,20.7072,560200.0
2015-01-09,20.6513,20.9145,20.5716,20.8826,824000.0
2015-01-12,21.1539,21.2815,20.5556,20.8268,504600.0
2015-01-13,20.8109,21.3054,20.077,20.2206,1059600.0
2015-01-14,20.0451,20.3083,19.7819,19.9813,479600.0
2015-01-15,20.069,20.093,19.8058,19.8696,395100.0
2015-01-16,19.8616,20.1807,19.7021,20.069,607400.0
2015-01-20,20.0611,20.085,19.6543,19.75,866600.0
2015-01-21,19.7101,19.9015,19.6223,19.8138,327300.0
2015-01-22,19.8856,20.436,19.7819,20.3562,776600.0
2015-01-23,20.3482,20.4998,20.1488,20.1727,203300.0
2015-01-26,20.1807,20.3961,20.1009,20.1249,274400.0
2015-01-27,19.9813,20.2684,19.8537,20.1727,827900.0
2015-01-28,20.2445,20.2525,19.8936,19.9015,667700.0
2015-01-29,19.8935,19.9494,19.6782,19.9494,372500.0
2015-01-30,19.758,19.9893,19.6064,19.9414,601700.0
2015-02-02,19.9574,20.2525,19.8936,20.1648,408200.0
2015-02-03,20.2525,20.747,20.2525,20.7311,486100.0
2015-02-04,20.6513,20.8268,20.3163,20.4918,338800.0
2015-02-05,20.5556,21.0262,20.5237,20.8587,374700.0
2015-02-06,20.8587,20.8906,20.5397,20.5795,320800.0
2015-02-09,20.5476,20.779,20.5317,20.6114,470400.0
2015-02-10,20.6593,20.8667,20.3642,20.755,680200.0
2015-02-11,20.7229,20.7711,20.4743,20.6187,333200.0
2015-02-12,21.0277,21.5009,20.9395,21.2923,732200.0
2015-02-13,21.3324,21.549,21.2362,21.4207,282600.0
2015-02-17,21.557,21.7174,21.4207,21.4447,327600.0
2015-02-18,21.2763,21.6773,21.2522,21.5971,291700.0
2015-02-19,21.3806,21.5329,21.2603,21.2923,293600.0
2015-02-20,21.2763,21.4367,21.14,21.3084,362800.0
2015-02-23,20.9315,21.2683,20.8673,20.9956,985100.0
2015-02-24,20.9715,20.9876,20.6427,20.8753,693400.0
2015-02-25,20.8914,21.0116,20.7711,20.8513,482600.0
2015-02-26,20.8272,20.9876,20.6267,20.8192,960700.0
2015-02-27,20.8512,20.8512,19.6964,20.1936,1062400.0
2015-03-02,20.2819,20.3941,19.6483,19.7205,762300.0
2015-03-03,19.7686,19.953,19.544,19.929,938500.0
2015-03-04,19.9049,20.2819,19.8328,20.2418,720600.0
2015-03-05,20.1616,20.4743,20.1375,20.2498,918500.0
2015-03-06,20.1455,20.3941,20.0573,20.2418,1433800.0
2015-03-09,20.2578,20.4823,20.1295,20.346,941300.0
2015-03-10,20.1776,20.2899,19.9049,19.921,872400.0
2015-03-11,19.8408,19.913,19.3596,19.6563,960800.0
2015-03-12,19.8247,19.937,19.3917,19.6323,1332300.0
2015-03-13,19.5601,19.953,19.4799,19.9129,1028600.0
2015-03-16,19.929,20.1616,19.6643,20.0252,1030900.0
2015-03-17,19.9771,20.2498,19.9771,19.9771,609800.0
2015-03-18,19.953,20.354,19.8408,20.3059,472000.0
2015-03-19,20.1535,20.2738,20.0653,20.0814,520500.0
2015-03-20,20.1215,20.4583,20.0012,20.4503,677800.0
2015-03-23,20.4904,20.6187,20.4102,20.4102,912400.0
2015-03-24,20.4102,20.4904,20.2658,20.2979,272300.0
2015-03-25,20.4503,20.4743,20.0172,20.0332,562100.0
2015-03-26,20.0573,20.1375,19.7365,20.0332,439000.0
2015-03-27,20.0092,20.2658,19.9771,20.1535,428000.0
2015-03-30,20.1696,20.2738,20.0092,20.1776,406400.0
2015-03-31,20.1215,20.2819,19.9931,20.0012,672600.0
2015-04-01,20.0092,20.0653,19.5922,19.921,721300.0
2015-04-02,19.945,20.5786,19.945,20.4904,548800.0
2015-04-06,20.4342,20.8914,20.4342,20.8593,634800.0
2015-04-07,20.8593,20.9315,20.5866,20.5946,363500.0
2015-04-08,20.6989,20.8593,20.2738,20.4904,595100.0
2015-04-09,20.2498,20.8112,20.2498,20.7149,878700.0
2015-04-10,20.8112,21.1159,20.755,21.0357,718900.0
2015-04-13,21.0117,21.2202,20.9796,21.0277,741600.0
2015-04-14,21.148,21.172,20.7871,20.9154,493200.0
2015-04-15,20.9234,21.172,20.8994,21.1319,594800.0
2015-04-16,21.0918,21.148,20.1455,20.4342,1089300.0
2015-04-17,20.3861,20.3941,19.9931,20.0814,397600.0
2015-04-20,20.1455,20.2899,19.9932,20.1215,346700.0
2015-04-21,20.1616,20.2819,19.7526,19.7846,355600.0
2015-04-22,19.8247,19.9611,19.6082,19.7606,511400.0
2015-04-23,19.6884,20.1535,19.6403,20.0653,368600.0
2015-04-24,20.0733,20.3139,20.0252,20.2658,529300.0
2015-04-27,20.346,20.4182,20.0332,20.1776,390100.0
2015-04-28,20.1295,20.2418,19.9771,20.0172,241700.0
2015-04-29,19.9851,20.5786,19.7285,20.5625,906000.0
2015-04-30,20.5385,20.5385,20.1776,20.2819,680700.0
2015-05-01,20.33,20.3701,20.0252,20.362,336000.0
2015-05-04,20.9315,21.3485,20.5224,20.5866,1610300.0
2015-05-05,20.6187,20.6668,20.3781,20.5224,572600.0
2015-05-06,20.6107,20.755,20.2418,20.4663,713000.0
2015-05-07,20.3621,20.5706,20.1455,20.4503,653500.0
2015-05-08,22.1905,22.5595,21.6131,21.966,3281600.0
2015-05-11,22.1986,22.6316,22.1344,22.4552,1332700.0
2015-05-12,22.4552,22.6637,22.1825,22.5755,848200.0
2015-05-13,22.6878,22.9364,22.6797,22.768,681400.0
2015-05-14,22.9203,23.0005,22.8321,22.9123,554300.0
2015-05-15,22.9364,23.1048,22.8241,22.8963,964500.0
2015-05-18,22.8401,22.8482,22.5113,22.6236,413000.0
2015-05-19,22.6156,22.8482,22.5514,22.8321,472800.0
2015-05-20,22.8722,23.3454,22.8401,23.2973,711600.0
2015-05-21,23.2812,23.4577,22.9364,23.0487,474600.0
2015-05-22,23.0005,23.0567,22.8722,22.8963,398400.0
2015-05-26,22.8883,22.9284,22.5996,22.8802,626700.0
2015-05-27,22.8722,23.2187,22.7997,23.1543,450500.0
2015-05-28,23.0978,23.1784,22.7997,22.9931,185300.0
2015-05-29,23.0253,23.0575,22.6385,22.7755,496100.0
2015-06-01,23.0334,23.3557,22.8238,23.2993,517800.0
2015-06-02,23.3396,23.8071,23.2429,23.7748,786600.0
2015-06-03,23.7668,24.0247,23.6862,23.8876,541000.0
2015-06-04,23.8635,24.1536,23.8554,24.1375,711900.0
2015-06-05,24.1133,24.3309,23.9682,24.1697,681200.0
2015-06-08,24.1939,24.202,23.8635,24.1214,470400.0
2015-06-09,24.0811,24.5324,24.0247,24.3551,738200.0
2015-06-10,24.4921,24.8628,24.3954,24.6855,652900.0
2015-06-11,24.5485,24.5888,23.4202,23.5169,1340400.0
2015-06-12,23.396,23.5733,23.2187,23.2671,558200.0
2015-06-15,23.1945,23.4041,23.114,23.2832,400700.0
2015-06-16,23.3396,23.4686,23.1623,23.2429,264400.0
2015-06-17,23.259,23.4605,23.1784,23.251,372200.0
2015-06-18,23.4847,23.5653,23.1784,23.4121,735100.0
2015-06-19,23.3799,23.4524,23.0092,23.0414,547800.0
2015-06-22,23.1542,23.3638,23.0414,23.2671,372900.0
2015-06-23,23.2993,23.4444,23.0495,23.2751,352000.0
2015-06-24,23.2187,23.3638,23.1301,23.1623,193900.0
2015-06-25,23.1784,23.2348,22.9367,23.1623,228800.0
2015-06-26,23.1462,23.2832,23.0011,23.0414,253900.0
2015-06-29,22.8883,22.9367,22.6304,22.6385,384200.0
2015-06-30,22.7835,22.7835,22.445,22.5015,456100.0
2015-07-01,22.6223,22.9125,22.5176,22.8883,489800.0
2015-07-02,22.7835,23.1704,22.7352,23.1301,609400.0
2015-07-06,22.9447,23.0172,22.7594,22.9931,548400.0
2015-07-07,22.9689,23.0172,22.711,22.9931,526400.0
2015-07-08,22.8399,23.0253,22.7191,22.9528,544200.0
2015-07-09,23.1381,23.1462,21.7278,21.76,1147900.0
2015-07-10,21.8487,22.1227,21.7761,22.026,1421600.0
2015-07-13,21.9776,22.1066,21.8648,21.897,866400.0
2015-07-14,21.897,22.0501,21.5102,22.0179,1048400.0
2015-07-15,21.9131,22.026,21.6391,21.6552,490300.0
2015-07-16,21.76,21.9373,21.6794,21.7358,400400.0
2015-07-17,21.7278,21.9212,21.6391,21.7922,386200.0
2015-07-20,21.8003,21.8325,21.3329,21.357,501800.0
2015-07-21,21.3168,21.3973,21.1878,21.3409,490100.0
2015-07-22,21.1878,21.3167,21.0266,21.0991,341900.0
2015-07-23,21.1314,21.3087,21.0105,21.083,475700.0
2015-07-24,21.0992,21.1797,20.672,20.8171,340200.0
2015-07-27,20.7042,20.9783,20.6962,20.8815,546300.0
2015-07-28,20.9541,21.2523,20.8654,21.1636,989000.0
2015-07-29,21.1959,21.4779,21.1959,21.4135,501800.0
2015-07-30,21.3651,21.8245,21.2603,21.76,558700.0
2015-07-31,21.8406,21.8567,21.6713,21.7761,491000.0
2015-08-03,21.7842,21.7842,21.2926,21.3409,285200.0
2015-08-04,21.3006,21.6069,21.1797,21.349,353800.0
2015-08-05,21.4296,21.5424,21.1636,21.3006,904500.0
2015-08-06,21.2845,21.3812,20.938,20.938,807800.0
2015-08-07,21.6713,22.437,21.3812,22.3806,2276100.0
2015-08-10,22.985,23.8554,22.9044,23.6217,2601900.0
2015-08-11,23.6056,23.8796,23.4686,23.7829,1205600.0
2015-08-12,23.662,24.3229,23.662,24.3148,837700.0
2015-08-13,24.2584,24.2664,23.9441,24.0891,500000.0
2015-08-14,24.1214,24.5566,24.0005,24.5002,357400.0
2015-08-17,24.4518,24.5807,24.1455,24.476,524400.0
2015-08-18,24.3873,24.6372,24.347,24.4518,830000.0
2015-08-19,24.3551,24.4196,23.8877,24.2181,729900.0
2015-08-20,24.0085,24.1455,23.6217,23.6297,731400.0
2015-08-21,23.4041,23.5492,22.8722,22.9528,951400.0
2015-08-24,21.8728,22.8883,21.8728,22.4612,1633800.0
2015-08-25,23.0656,23.0737,22.163,22.171,1683200.0
2015-08-26,22.5579,22.6465,22.1388,22.4934,1665400.0
2015-08-27,22.7916,23.1059,22.5982,23.0253,897500.0
2015-08-28,22.9044,23.0334,22.2033,22.4289,1016000.0
2015-08-31,22.3,22.4612,22.0985,22.2274,989100.0
2015-09-01,21.9212,22.0824,21.1959,21.3409,1283700.0
2015-09-02,21.5517,21.7463,21.3734,21.6328,1268400.0
2015-09-03,21.7058,22.249,21.6409,22.1842,792600.0
2015-09-04,22.0058,22.1031,21.6328,21.7058,731000.0
2015-09-08,21.9896,22.0788,21.8436,22.0139,890200.0
2015-09-09,22.1599,22.3139,21.8436,21.8842,1017300.0
2015-09-10,21.868,22.095,21.6815,21.7058,596900.0
2015-09-11,21.6247,21.7058,21.5193,21.6166,787200.0
2015-09-14,21.6409,21.6815,21.1058,21.2842,1181400.0
2015-09-15,21.3247,21.6815,21.2193,21.6653,831700.0
2015-09-16,21.7139,22.095,21.6815,22.0544,979100.0
2015-09-17,22.0626,22.2004,21.6734,21.6977,668200.0
2015-09-18,21.4788,21.6815,21.0977,21.1301,1065600.0
2015-09-21,21.2193,21.2679,20.9274,21.0328,851900.0
2015-09-22,20.8058,21.2193,20.6355,21.1788,1116700.0
2015-09-23,21.2031,21.4625,21.1463,21.349,878100.0
2015-09-24,21.2112,21.2274,20.5625,20.895,1025000.0
2015-09-25,21.0004,21.2112,20.9436,21.0896,758600.0
2015-09-28,20.9355,21.0328,20.5625,20.7571,574900.0
2015-09-29,20.7652,21.2598,20.6841,21.0328,862400.0
2015-09-30,21.1869,21.3571,20.8706,20.9842,927500.0
2015-10-01,21.0166,21.3734,20.9598,21.1058,719100.0
2015-10-02,20.8706,21.3896,20.8382,21.3896,946900.0
2015-10-05,21.5112,22.2085,21.4544,22.0869,598800.0
2015-10-06,22.0869,22.1761,21.6328,21.7463,487600.0
2015-10-07,21.8517,22.0463,21.4058,21.4382,1174100.0
2015-10-08,21.349,21.3652,20.9112,20.976,888800.0
2015-10-09,20.9761,21.1058,20.8463,20.9031,494300.0
2015-10-12,20.8625,20.8625,19.9382,20.3923,763900.0
2015-10-13,20.4409,20.9274,20.2463,20.7733,668500.0
2015-10-14,20.7652,20.8544,20.3112,20.3598,700500.0
2015-10-15,20.4004,20.5869,20.3436,20.4328,260600.0
2015-10-16,20.4409,20.5706,20.222,20.4328,464700.0
2015-10-19,20.3274,20.4004,20.0598,20.2625,416800.0
2015-10-20,20.2301,20.4409,20.0923,20.3193,652300.0
2015-10-21,20.3679,20.5058,20.2382,20.4004,435400.0
2015-10-22,20.4896,21.1463,20.4896,20.976,883000.0
2015-10-23,21.0733,21.2031,20.9355,21.1382,635900.0
2015-10-26,21.0977,21.1544,20.7166,20.7409,565600.0
2015-10-27,20.6598,20.7004,20.2544,20.2868,444900.0
2015-10-28,20.3274,21.0733,20.3274,20.976,522800.0
2015-10-29,20.8869,21.0815,20.7652,21.0166,423300.0
2015-10-30,21.0085,21.1544,20.9436,21.0571,875700.0
2015-11-02,21.049,21.0977,20.8706,20.976,606900.0
2015-11-03,20.976,21.049,20.7896,20.9193,265800.0
2015-11-04,20.9112,21.0409,20.7247,20.8788,561100.0
2015-11-05,20.822,20.9842,20.5787,20.6923,1171700.0
2015-11-06,20.8788,22.1599,20.6923,21.9247,1605500.0
2015-11-09,21.868,21.9328,21.722,21.8193,859300.0
2015-11-10,21.7626,22.3058,21.7626,22.2896,731200.0
2015-11-11,22.3463,22.4274,22.0463,22.2977,448500.0
2015-11-12,22.1518,22.3626,21.8761,21.8923,362000.0
2015-11-13,21.8193,22.095,21.7382,21.9572,495100.0
2015-11-16,21.9328,22.1274,21.795,22.1274,436000.0
2015-11-17,22.1517,22.3626,21.9409,22.0301,785500.0
2015-11-18,22.095,22.1842,21.7788,21.9977,336800.0
2015-11-19,21.9896,22.1193,21.6652,21.722,591200.0
2015-11-20,21.7707,21.9247,21.6896,21.7869,457900.0
2015-11-23,21.7382,21.8517,21.5842,21.795,363200.0
2015-11-24,21.5842,21.8193,21.349,21.7544,496600.0
2015-11-25,21.9257,22.1623,21.8768,21.9176,332600.0
2015-11-27,21.9094,21.9094,21.6484,21.7708,110500.0
2015-11-30,21.8034,21.885,21.6729,21.8523,721500.0
2015-12-01,21.8686,21.9176,21.2976,21.5342,700200.0
2015-12-02,21.5179,21.5179,20.9061,21.1671,926400.0
2015-12-03,21.2569,21.2569,20.5798,20.6206,455100.0
2015-12-04,20.5962,21.314,20.5554,21.1427,513400.0
2015-12-07,21.0693,21.1264,20.7348,21.0448,670300.0
2015-12-08,20.8327,20.9224,20.0741,20.2128,637800.0
2015-12-09,20.1394,20.278,19.6663,19.8457,691100.0
2015-12-10,19.8702,19.9926,19.6989,19.911,333000.0
2015-12-11,19.6907,19.8131,19.185,19.2584,386500.0
2015-12-14,19.2584,19.4868,18.8587,19.1361,796300.0
2015-12-15,19.2747,19.5358,19.1769,19.4705,689200.0
2015-12-16,19.601,19.7805,19.3971,19.6336,562000.0
2015-12-17,19.65,19.8865,19.4868,19.7315,790300.0
2015-12-18,19.6663,19.9599,19.5766,19.8865,1219400.0
2015-12-21,20.0089,20.0497,19.0708,19.3889,1355600.0
2015-12-22,19.4868,19.6663,19.3318,19.5521,793200.0
2015-12-23,19.5929,20.0415,19.5439,19.9681,587800.0
2015-12-24,19.7805,19.8702,19.5929,19.7642,379900.0
2015-12-28,19.6908,20.1557,19.6173,20.0007,552200.0
2015-12-29,20.0578,20.3759,20.0007,20.1802,529700.0
2015-12-30,20.1312,20.3107,20.0007,20.1394,386400.0
2015-12-31,20.0497,20.1312,19.6418,19.6663,449000.0
2016-01-04,19.2503,19.2911,18.6467,18.9566,1041000.0
2016-01-05,18.9729,19.03,18.614,18.7772,913800.0
2016-01-06,18.6059,18.6548,17.8391,17.9452,980100.0
2016-01-07,17.6434,18.0431,17.5781,17.9533,701600.0
2016-01-08,18.0512,18.0838,17.7413,17.8554,1217900.0
2016-01-11,17.9125,18.1409,17.8228,18.1328,742100.0
2016-01-12,18.1573,18.2551,17.6026,17.8799,1393700.0
2016-01-13,17.9615,18.0349,17.6271,17.7576,659300.0
2016-01-14,17.7576,18.198,17.5944,18.1083,552900.0
2016-01-15,17.7168,18.0104,17.6352,17.8554,950900.0
2016-01-19,17.7494,18.1246,17.5455,17.7657,553600.0
2016-01-20,17.521,17.8473,17.154,17.7331,1073100.0
2016-01-21,17.782,18.1817,17.521,18.0431,694300.0
2016-01-22,18.2633,18.663,18.2062,18.4591,527900.0
2016-01-25,18.402,18.4998,17.6515,17.7005,1407000.0
2016-01-26,17.8147,18.1165,17.7168,18.092,507500.0
2016-01-27,18.0431,18.5488,17.986,18.5243,1061800.0
2016-01-28,18.7527,18.7609,18.0267,18.0757,841100.0
2016-01-29,18.1409,18.6711,18.1409,18.663,630700.0
2016-02-01,18.5406,18.9485,18.247,18.8914,725900.0
2016-02-02,18.6385,18.7201,18.2633,18.4754,790100.0
2016-02-03,18.6222,18.6222,18.0023,18.5406,1129100.0
2016-02-04,18.6467,18.7038,18.3449,18.4183,562200.0
2016-02-05,18.4101,18.8098,18.3856,18.7853,805200.0
2016-02-08,18.769,19.3237,18.5896,19.2258,990300.0
2016-02-09,19.1442,19.495,18.9158,19.1932,860800.0
2016-02-10,19.2917,19.727,18.6758,18.7004,996600.0
2016-02-11,18.3965,18.7168,18.2569,18.3637,582500.0
2016-02-12,18.5936,18.9386,18.3801,18.6183,637100.0
2016-02-16,18.799,19.0864,18.4869,19.0454,813400.0
2016-02-17,19.1603,19.3739,19.07,19.226,865700.0
2016-02-18,19.2917,19.6942,19.2014,19.5217,764900.0
2016-02-19,19.4231,19.4642,18.7579,18.8729,806800.0
2016-02-22,19.1193,19.1767,18.7661,18.8811,590000.0
2016-02-23,18.7497,18.9879,18.6347,18.7908,1566400.0
2016-02-24,18.6347,18.9304,18.5197,18.8236,500900.0
2016-02-25,18.9714,19.226,18.8318,19.0454,715000.0
2016-02-26,19.0043,19.4724,18.0434,19.3164,1444500.0
2016-02-29,19.2753,20.4661,19.2507,19.6367,1561100.0
2016-03-01,19.8009,19.8091,19.3246,19.6285,1066200.0
2016-03-02,19.5053,19.883,19.4396,19.7681,955400.0
2016-03-03,19.7599,20.0884,19.6942,19.9241,618100.0
2016-03-04,19.9816,20.4908,19.957,20.2198,790200.0
2016-03-07,20.4169,21.3121,20.3348,20.9589,1028000.0
2016-03-08,20.7865,20.9589,20.2198,20.6304,1023100.0
2016-03-09,20.7125,21.0246,20.5811,20.8439,751100.0
2016-03-10,20.8029,21.0903,19.9734,20.0719,678900.0
2016-03-11,20.1212,20.3019,19.9898,20.1951,883000.0
2016-03-14,20.1951,20.5647,20.1951,20.4333,564000.0
2016-03-15,20.343,20.4169,20.1048,20.1951,431900.0
2016-03-16,20.1541,20.4251,20.0145,20.4087,362500.0
2016-03-17,20.4744,20.9918,20.4662,20.8275,643000.0
2016-03-18,20.8275,20.885,20.6058,20.7043,268600.0
2016-03-21,20.7207,20.9096,20.5236,20.8604,352000.0
2016-03-22,20.77,21.1807,20.77,21.0657,566100.0
2016-03-23,21.0164,21.2299,20.8521,21.2217,760800.0
2016-03-24,21.1232,21.2874,20.7372,21.115,507100.0
2016-03-28,21.115,21.4681,21.115,21.386,377600.0
2016-03-29,21.3942,21.9116,21.2546,21.8377,469200.0
2016-03-30,21.9444,22.6425,21.887,22.5275,900000.0
2016-03-31,22.5358,22.659,22.1498,22.2401,543900.0
2016-04-01,22.158,22.3715,21.7063,22.3222,808500.0
2016-04-04,22.314,22.3633,22.0594,22.1662,463000.0
2016-04-05,21.928,22.2237,21.887,21.9527,322400.0
2016-04-06,21.9444,22.0841,21.7966,22.0758,331900.0
2016-04-07,21.9937,22.1662,21.6899,22.0594,519100.0
2016-04-08,22.273,22.7247,22.1415,22.2565,535200.0
2016-04-11,22.3305,22.8807,22.2565,22.5933,510100.0
2016-04-12,22.6918,22.8478,22.5193,22.8314,364200.0
2016-04-13,22.9382,23.2092,22.8725,22.9875,519100.0
2016-04-14,23.0285,23.5213,22.9464,23.4638,444300.0
2016-04-15,23.4063,23.5377,23.2174,23.5295,241400.0
2016-04-18,23.431,23.6116,23.3653,23.5706,328800.0
2016-04-19,23.6198,23.7923,23.3817,23.743,352400.0
2016-04-20,23.6609,23.8498,23.3406,23.6281,573700.0
2016-04-21,23.6116,23.7348,23.4556,23.5541,237600.0
2016-04-22,23.6363,23.9894,23.5459,23.8498,470800.0
2016-04-25,23.7841,23.817,23.3899,23.4802,265200.0
2016-04-26,23.587,23.8827,23.472,23.8498,276400.0
2016-04-27,23.8416,23.9976,23.7266,23.9237,205500.0
2016-04-28,23.9155,24.0223,23.6445,23.6445,658500.0
2016-04-29,23.6445,23.7595,23.4884,23.5624,409000.0
2016-05-02,23.8416,24.0223,23.5459,23.743,570800.0
2016-05-03,23.6034,23.817,23.2667,23.7348,471600.0
2016-05-04,23.587,23.8169,23.5624,23.743,405900.0
2016-05-05,23.8005,23.8416,23.5624,23.7759,332500.0
2016-05-06,23.6445,23.9812,23.4638,23.9401,482900.0
2016-05-09,24.0223,25.5745,23.7595,25.2049,945700.0
2016-05-10,25.2295,25.7305,24.9667,25.287,636200.0
2016-05-11,25.287,26.3054,25.287,26.2315,672500.0
2016-05-12,26.2808,26.5354,25.9194,26.1329,511800.0
2016-05-13,26.1494,26.2561,25.7141,25.8783,411200.0
2016-05-16,25.8701,26.3301,25.8701,26.2561,334000.0
2016-05-17,26.0837,26.4122,25.9523,26.3711,471000.0
2016-05-18,26.2397,26.445,25.9687,26.0672,583700.0
2016-05-19,26.1415,26.4222,25.9682,26.3727,446600.0
2016-05-20,26.2076,26.4222,26.1333,26.3231,264500.0
2016-05-23,26.2158,26.4222,26.1745,26.3066,191800.0
2016-05-24,26.3561,26.967,26.3561,26.9587,457600.0
2016-05-25,26.9752,27.3219,26.8679,26.8927,442100.0
2016-05-26,26.967,27.2063,26.8927,26.9009,276100.0
2016-05-27,26.8431,27.0495,26.7523,26.8844,235700.0
2016-05-31,27.0743,27.1403,26.7936,27.0082,413600.0
2016-06-01,27.0165,27.1073,26.7276,27.0247,208900.0
2016-06-02,27.0247,27.1403,26.8762,27.0495,340900.0
2016-06-03,27.2641,27.487,27.0082,27.4127,463700.0
2016-06-06,27.454,27.8915,27.454,27.8502,431300.0
2016-06-07,27.7511,28.2546,27.7264,28.073,451000.0
2016-06-08,28.1556,28.6343,28.073,28.5023,649200.0
2016-06-09,28.4032,28.6178,28.2877,28.5848,240800.0
2016-06-10,28.5848,28.5931,27.5035,27.6521,664600.0
2016-06-13,27.5695,27.8172,27.4787,27.586,190600.0
2016-06-14,27.5695,27.6933,27.1651,27.3054,285900.0
2016-06-15,27.3302,27.4044,27.1403,27.2476,339900.0
2016-06-16,27.033,27.3054,26.9009,27.2311,433800.0
2016-06-17,27.2394,27.4292,27.0495,27.1816,379200.0
2016-06-20,27.3879,28.1556,27.3879,27.9575,429500.0
2016-06-21,27.941,28.1886,27.8997,28.1061,464000.0
2016-06-22,28.2216,28.4362,28.0978,28.2629,336600.0
2016-06-23,28.3867,28.5848,28.1391,28.2381,363000.0
2016-06-24,27.0908,27.6521,27.066,27.066,407500.0
2016-06-27,27.0247,27.0247,26.1993,26.3974,444000.0
2016-06-28,26.5955,27.2559,26.5873,27.0743,443900.0
2016-06-29,27.2559,27.6521,27.2229,27.4622,254500.0
2016-06-30,27.5695,27.8997,27.3549,27.8832,394500.0
2016-07-01,27.7841,28.0483,27.6521,27.9245,220400.0
2016-07-05,27.6768,27.9575,27.6191,27.8997,238100.0
2016-07-06,27.908,28.0235,27.454,27.9245,267500.0
2016-07-07,28.0483,28.0896,27.7346,28.073,290500.0
2016-07-08,28.1556,28.8655,28.1143,28.8324,510400.0
2016-07-11,28.8159,28.981,28.5931,28.7912,740700.0
2016-07-12,28.8902,29.0883,28.6674,28.7334,429500.0
2016-07-13,28.6509,28.882,28.5436,28.6178,349800.0
2016-07-14,28.5848,28.7664,28.5105,28.6343,344300.0
2016-07-15,28.3702,28.4527,27.5778,27.6438,637000.0
2016-07-18,27.6108,27.8502,27.421,27.8172,341500.0
2016-07-19,27.7346,27.8089,27.2641,27.3054,323000.0
2016-07-20,27.3549,27.6356,27.2228,27.553,391900.0
2016-07-21,27.5943,27.9327,27.5283,27.8667,432100.0
2016-07-22,27.5117,27.6851,26.967,27.4209,706800.0
2016-07-25,27.3549,27.4622,26.967,27.0908,439600.0
2016-07-26,27.2063,27.6025,27.1238,27.4457,293400.0
2016-07-27,27.52,27.52,26.967,27.099,341600.0
2016-07-28,27.0908,27.2641,27.0082,27.1981,198000.0
2016-07-29,27.2311,27.5283,27.1073,27.4045,432600.0
2016-08-01,27.4044,27.4127,27.0743,27.1568,168400.0
2016-08-02,27.2394,27.2889,26.7689,26.967,640100.0
2016-08-03,26.9009,27.1898,26.7358,27.0412,958700.0
2016-08-04,27.1155,27.2146,26.6038,27.1155,556200.0
2016-08-05,27.0743,27.4375,27.0578,27.0825,677300.0
2016-08-08,27.2394,27.3219,26.8266,27.1155,596100.0
2016-08-09,25.671,25.6875,22.9719,24.2265,2740900.0
2016-08-10,24.4411,24.4411,23.6157,23.7478,798200.0
2016-08-11,23.7478,23.7478,23.2525,23.3598,689500.0
2016-08-12,23.3351,23.4836,23.0296,23.1535,517500.0
2016-08-15,23.5001,23.6322,23.0214,23.5332,1036900.0
2016-08-16,23.5249,23.5909,23.203,23.203,482700.0
2016-08-17,23.1287,23.17,22.5426,22.848,970500.0
2016-08-18,22.7738,22.9553,22.4766,22.8068,684600.0
2016-08-19,22.6995,22.782,22.4683,22.6417,502100.0
2016-08-22,22.5757,22.7077,22.3941,22.5096,438900.0
2016-08-23,22.5344,22.8646,22.4931,22.8563,617100.0
2016-08-24,22.749,23.2525,22.7407,22.9471,634600.0
2016-08-25,22.8976,23.1122,22.7325,23.0792,419200.0
2016-08-26,23.203,23.5497,23.1865,23.4919,572200.0
2016-08-29,23.6157,23.9459,23.4919,23.8468,638700.0
2016-08-30,28.2216,29.6661,27.5118,29.4763,5279100.0
2016-08-31,29.7002,30.513,28.4064,28.8874,3212100.0
2016-09-01,28.8874,28.9455,28.4478,28.7962,1012200.0
2016-09-02,28.9704,29.3519,28.9704,29.0948,890900.0
2016-09-06,29.0533,29.4929,28.987,29.2441,750600.0
2016-09-07,29.2358,29.4431,28.9869,29.1362,822800.0
2016-09-08,28.9787,29.0699,28.2073,28.2737,866500.0
2016-09-09,28.1244,28.2737,27.3531,27.5936,858000.0
2016-09-12,27.2784,28.0332,27.2618,27.8756,540500.0
2016-09-13,27.5521,27.8175,27.3945,27.6019,454400.0
2016-09-14,27.7014,27.9419,27.6019,27.8756,536900.0
2016-09-15,27.9253,28.5474,27.9253,28.2654,484100.0
2016-09-16,27.9834,28.2903,27.9834,28.2405,588000.0
2016-09-19,28.3898,28.9455,28.3317,28.622,451200.0
2016-09-20,28.6635,28.9372,28.481,28.8791,289800.0
2016-09-21,29.0533,29.1943,28.8625,29.0948,314500.0
2016-09-22,29.2275,29.5095,29.1362,29.3104,488300.0
2016-09-23,29.2855,29.3104,28.9704,29.0284,275000.0
2016-09-26,28.8625,29.045,28.5557,28.6552,310400.0
2016-09-27,28.6303,28.7215,28.34,28.3898,644300.0
2016-09-28,28.4561,28.5059,28.1493,28.3649,920400.0
2016-09-29,28.3981,28.5474,28.2654,28.3732,520500.0
2016-09-30,28.5557,29.2441,28.4893,29.0865,491000.0
2016-10-03,29.1445,30.878,29.0865,29.8578,1457900.0
2016-10-04,29.9076,30.1398,29.2026,29.2358,622400.0
2016-10-05,29.3104,29.5924,29.1777,29.4431,367800.0
2016-10-06,29.3021,29.5758,29.2772,29.5095,231900.0
2016-10-07,29.5343,29.5343,29.0284,29.1694,329600.0
2016-10-10,29.5095,30.0983,29.4846,29.7583,357500.0
2016-10-11,29.4597,29.5509,29.2192,29.5178,442700.0
2016-10-12,29.5261,29.6588,29.3187,29.6173,333100.0
2016-10-13,29.4265,29.609,29.186,29.4514,369600.0
2016-10-14,29.5841,29.7168,29.3934,29.4099,446600.0
2016-10-17,29.4265,29.4265,29.0533,29.1777,301800.0
2016-10-18,29.4431,29.5178,29.2607,29.3187,509300.0
2016-10-19,29.468,29.5675,29.2938,29.4016,372600.0
2016-10-20,29.3187,29.4431,29.2192,29.3933,222000.0
2016-10-21,29.1445,29.3685,29.0533,29.2938,183800.0
2016-10-24,29.3685,29.4182,28.8543,28.9538,191900.0
2016-10-25,28.9289,28.9289,28.622,28.6884,207900.0
2016-10-26,28.6718,28.7381,28.423,28.6635,295000.0
2016-10-27,28.7298,28.7298,28.4313,28.564,331400.0
2016-10-28,28.6054,28.8791,28.4644,28.5971,228600.0
2016-10-31,28.5888,28.7962,28.3898,28.6884,213900.0
2016-11-01,28.6967,28.8542,28.1576,28.2986,507300.0
2016-11-02,28.3649,28.4561,28.1741,28.2156,432500.0
2016-11-03,28.2405,28.6469,28.1742,28.4313,368100.0
2016-11-04,28.4147,28.7962,28.2322,28.5723,274800.0
2016-11-07,28.8128,29.1777,28.7879,29.0533,425400.0
2016-11-08,29.045,29.1031,28.7713,28.7713,217400.0
2016-11-09,28.4562,29.5841,28.3235,29.4929,751500.0
2016-11-10,29.5426,31.3009,29.5178,30.8365,849600.0
2016-11-11,30.9277,31.0106,30.5628,30.8696,398100.0
2016-11-14,30.9775,31.1019,30.8282,30.9277,439900.0
2016-11-15,30.9692,31.1434,30.8779,31.0024,486200.0
2016-11-16,31.0853,31.0936,30.737,30.8779,534200.0
2016-11-17,30.8945,30.8945,30.4467,30.6789,408300.0
2016-11-18,30.7038,30.8448,30.5379,30.7701,315100.0
2016-11-21,30.8945,31.0853,30.795,31.0438,542100.0
2016-11-22,31.0853,31.782,30.9277,31.6907,494700.0
2016-11-23,31.5244,32.0659,31.4827,31.7826,705700.0
2016-11-25,31.883,31.95,31.6152,31.724,129400.0
2016-11-28,31.6571,32.2931,31.4311,31.4813,412600.0
2016-11-29,31.3224,31.7324,31.3224,31.5734,416800.0
2016-11-30,31.791,32.1508,31.6906,31.9918,569800.0
2016-12-01,32.1341,32.5441,31.8244,32.3851,670200.0
2016-12-02,32.3851,32.3851,31.0713,31.1717,492900.0
2016-12-05,31.1801,31.724,31.1132,31.7157,988200.0
2016-12-06,31.5901,31.791,31.2303,31.7491,584100.0
2016-12-07,31.7659,33.0881,31.7659,32.996,697400.0
2016-12-08,33.4395,33.4395,32.1759,32.9458,543400.0
2016-12-09,32.9625,33.2471,32.6445,32.8789,669100.0
2016-12-12,32.8956,32.9458,32.5357,32.6529,397200.0
2016-12-13,32.7701,32.904,32.3265,32.7366,579800.0
2016-12-14,32.6111,32.7115,31.9416,31.9834,345000.0
2016-12-15,31.9165,32.3516,31.9165,32.0587,473500.0
2016-12-16,32.1173,32.1759,31.3809,31.4479,1057800.0
2016-12-19,31.4395,31.6236,30.7868,31.1885,905600.0
2016-12-20,31.3475,31.6571,31.2805,31.4562,645200.0
2016-12-21,31.4228,31.8328,31.4228,31.7491,397500.0
2016-12-22,31.6487,31.6487,29.4562,29.4981,1019900.0
2016-12-23,29.4228,30.1843,29.1633,30.1508,841100.0
2016-12-27,29.6152,29.7073,28.3851,28.4688,858900.0
2016-12-28,28.5608,28.7198,28.0838,28.2763,506000.0
2016-12-29,28.1592,28.5274,28.0336,28.4102,396800.0
2016-12-30,28.4855,28.7533,28.3182,28.452,448900.0
2017-01-03,28.5441,29.0043,28.4269,28.4855,746700.0
2017-01-04,28.5776,28.8956,28.4186,28.837,677300.0
2017-01-05,28.8705,28.9709,28.7031,28.837,390800.0
2017-01-06,28.678,28.9709,28.4771,28.5943,451100.0
2017-01-09,28.4688,28.5022,27.8328,27.9499,478900.0
2017-01-10,27.9165,28.5525,27.6487,28.5106,698100.0
2017-01-11,28.6027,28.6612,27.9332,28.2512,341300.0
2017-01-12,28.2261,28.4437,28.0002,28.4186,396500.0
2017-01-13,27.7073,27.9332,27.4478,27.5817,754600.0
2017-01-17,27.4981,27.5483,26.929,27.0127,564700.0
2017-01-18,26.9374,27.3642,26.8704,26.996,464800.0
2017-01-19,26.9123,26.9876,26.2847,26.4018,661700.0
2017-01-20,26.201,26.5943,25.5399,26.4855,816400.0
2017-01-23,26.5441,26.5608,26.1759,26.519,513800.0
2017-01-24,26.6361,27.0713,26.519,26.8704,405700.0
2017-01-25,26.9709,27.2721,26.8704,27.2721,488700.0
2017-01-26,27.2554,27.5148,27.1048,27.3307,496200.0
2017-01-27,27.3809,27.473,27.2638,27.2805,485100.0
2017-01-30,27.247,27.4395,26.7282,26.8872,275200.0
2017-01-31,26.9123,27.314,26.8872,27.1466,650800.0
2017-02-01,27.0713,27.2052,26.7533,27.0713,401900.0
2017-02-02,27.0211,27.0211,26.611,26.7951,443700.0
2017-02-03,26.8872,27.4144,26.8286,27.4144,588700.0
2017-02-06,27.2637,27.4311,26.8704,26.9206,478800.0
2017-02-07,26.7784,26.7784,26.201,26.2345,651500.0
2017-02-08,26.1419,26.2597,25.8558,25.8895,726200.0
2017-02-09,25.8306,26.5878,25.8306,26.3523,917400.0
2017-02-10,26.3691,26.916,26.2513,26.7982,415700.0
2017-02-13,26.7814,27.0254,26.3691,26.3859,376900.0
2017-02-14,26.3691,26.4532,25.7633,26.1419,930500.0
2017-02-15,26.0914,26.3691,25.94,26.0914,706100.0
2017-02-16,26.0325,26.327,26.0325,26.1587,588700.0
2017-02-17,26.0325,26.226,25.8811,26.0578,509700.0
2017-02-21,27.3872,29.6253,27.3451,29.1877,1987100.0
2017-02-22,29.2214,29.5075,28.6072,28.6492,1388800.0
2017-02-23,28.767,28.868,28.1612,28.3127,746200.0
2017-02-24,28.1023,28.6661,27.9509,28.6072,717100.0
2017-02-27,28.6661,29.112,28.5735,29.0026,1172500.0
2017-02-28,28.8343,29.0363,28.3295,28.3463,844600.0
2017-03-01,28.6408,28.8091,27.9593,27.9593,603300.0
2017-03-02,27.9593,27.9593,27.0422,27.059,616300.0
2017-03-03,27.1095,27.3283,26.9917,27.1011,356600.0
2017-03-06,27.0422,27.2357,26.7225,26.7645,327300.0
2017-03-07,26.7561,26.8403,26.5205,26.5289,236300.0
2017-03-08,26.6299,26.6299,25.9484,25.9905,349900.0
2017-03-09,26.0409,26.0409,25.5866,25.7717,974800.0
2017-03-10,25.9905,26.6299,25.8222,26.5374,880900.0
2017-03-13,26.4532,26.6636,26.428,26.571,371800.0
2017-03-14,26.5205,26.5626,26.083,26.2934,314000.0
2017-03-15,26.3775,26.7393,26.3018,26.6972,360500.0
2017-03-16,26.7056,26.8234,26.3354,26.5121,284300.0
2017-03-17,26.5542,26.8066,26.5037,26.6804,382500.0
2017-03-20,26.5794,26.6299,26.3607,26.4196,194800.0
2017-03-21,26.5878,26.7225,26.2345,26.3102,457100.0
2017-03-22,26.2513,26.672,26.1335,26.5963,870000.0
2017-03-23,26.6467,27.1432,26.571,27.059,479900.0
2017-03-24,27.0758,27.2021,26.9412,27.1347,381400.0
2017-03-27,27.0758,27.3535,26.8403,27.2946,374700.0
2017-03-28,27.2357,27.791,27.2189,27.5723,402800.0
2017-03-29,27.4965,27.6312,27.3451,27.547,222700.0
2017-03-30,27.5891,27.7574,27.5049,27.5134,324600.0
2017-03-31,27.547,27.8499,27.404,27.6816,335900.0
2017-04-03,27.6648,27.7658,27.0338,27.0422,1072300.0
2017-04-04,27.16,27.2441,26.8992,27.2441,689000.0
2017-04-05,27.3956,27.5891,26.9917,27.1431,885700.0
2017-04-06,27.2105,27.7237,27.1095,27.5302,449800.0
2017-04-07,27.4545,27.648,26.8487,26.9076,636700.0
2017-04-10,26.1587,26.1587,24.7031,25.6034,1980000.0
2017-04-11,25.5866,25.9568,25.4351,25.9231,689500.0
2017-04-12,25.8811,25.8895,25.5025,25.6876,758500.0
2017-04-13,25.7969,25.9652,25.6539,25.839,475900.0
2017-04-17,25.9568,26.0914,25.8642,25.9568,590100.0
2017-04-18,25.7717,26.1167,25.7633,26.0325,582200.0
2017-04-19,26.1335,26.2176,25.839,25.9905,589300.0
2017-04-20,26.0998,26.2345,25.839,25.9568,359200.0
2017-04-21,25.9989,26.0662,25.6707,25.8642,210500.0
2017-04-24,26.327,26.7645,26.2092,26.6552,409700.0
2017-04-25,26.7393,27.1179,26.6551,27.0001,977500.0
2017-04-26,27.0085,27.4461,27.0001,27.3619,315200.0
2017-04-27,27.4629,27.7237,27.3872,27.6564,826600.0
2017-04-28,27.7405,27.7658,27.4797,27.5638,547300.0
2017-05-01,27.0338,27.4713,26.8403,27.4208,1199600.0
2017-05-02,27.3872,27.4965,27.1684,27.4376,680800.0
2017-05-03,27.4124,27.4461,27.0085,27.2778,835600.0
2017-05-04,27.2778,27.4545,26.5963,26.916,935100.0
2017-05-05,25.7549,26.6467,25.1827,25.9989,1686800.0
2017-05-08,25.8222,26.0073,25.4772,25.5529,690300.0
2017-05-09,25.494,26.3775,25.494,26.3523,677100.0
2017-05-10,26.3102,26.9665,26.2429,26.7309,768900.0
2017-05-11,26.6972,26.7477,26.0662,26.184,604200.0
2017-05-12,26.1503,26.6972,25.839,26.0494,267700.0
2017-05-15,26.0157,26.3607,26.0073,26.083,292300.0
2017-05-16,26.1587,26.226,25.8222,25.9568,436800.0
2017-05-17,25.6707,26.0241,25.6034,26.0073,562100.0
2017-05-18,26.3795,27.4032,26.2273,26.8618,1066000.0
2017-05-19,26.7687,26.7941,26.168,26.4303,1474300.0
2017-05-22,26.278,26.3119,25.6435,26.0157,1194600.0
2017-05-23,26.1934,26.5995,26.1934,26.5572,310000.0
2017-05-24,26.6757,26.8449,26.5234,26.7264,532700.0
2017-05-25,26.6757,26.8702,26.4641,26.6503,348100.0
2017-05-26,26.6587,26.701,26.3542,26.3711,411000.0
2017-05-30,26.4388,26.7264,26.4303,26.5487,211600.0
2017-05-31,26.4134,26.608,25.8888,26.2611,576000.0
2017-06-01,26.3119,26.5403,26.0919,26.5149,422700.0
2017-06-02,26.6249,26.8026,26.4726,26.718,464000.0
2017-06-05,26.5911,26.8618,26.5911,26.7264,376500.0
2017-06-06,26.608,26.7687,26.4134,26.7349,330100.0
2017-06-07,26.7941,26.7941,25.9311,25.9819,634300.0
2017-06-08,26.0496,26.2103,25.9142,26.168,342400.0
2017-06-09,26.2696,26.608,26.0919,26.5149,246700.0
2017-06-12,26.5572,27.4202,26.5572,27.4032,317100.0
2017-06-13,27.4963,27.5978,26.9548,27.0479,366800.0
2017-06-14,26.8618,27.1325,26.6249,26.8279,368100.0
2017-06-15,26.5741,26.608,25.525,25.8127,925000.0
2017-06-16,25.855,25.855,24.9413,25.0936,1192700.0
2017-06-19,25.0936,25.1782,24.882,25.0851,1226900.0
2017-06-20,24.9667,25.0936,24.3067,24.4083,1576500.0
2017-06-21,24.4759,24.5521,24.146,24.1798,654400.0
2017-06-22,24.1375,24.1629,23.393,23.5368,1713200.0
2017-06-23,23.7061,24.5944,23.5368,24.3913,1071900.0
2017-06-26,24.459,24.6113,24.256,24.3913,565400.0
2017-06-27,24.2814,24.6536,24.1798,24.4421,523100.0
2017-06-28,24.5775,24.7636,24.1968,24.2983,904900.0
2017-06-29,24.3829,24.7213,24.1798,24.5352,906300.0
2017-06-30,24.5859,24.7551,24.2137,24.3152,815700.0
2017-07-03,24.4675,25.0343,24.3152,24.6875,427600.0
2017-07-05,24.8736,25.1189,24.6198,24.7551,530100.0
2017-07-06,24.6367,24.8482,24.459,24.5521,370300.0
2017-07-07,24.569,24.6621,24.0783,24.5859,551700.0
2017-07-10,23.3761,23.9599,22.657,22.8177,1838700.0
2017-07-11,22.7839,23.393,22.5724,23.2492,994500.0
2017-07-12,23.4184,23.5792,23.0715,23.1646,903000.0
2017-07-13,23.0715,23.2577,22.7416,23.1392,704500.0
2017-07-14,23.19,23.5622,23.1307,23.5115,596200.0
2017-07-17,23.5876,23.5876,23.3084,23.4015,600000.0
2017-07-18,23.3761,23.6638,23.3423,23.6638,673000.0
2017-07-19,23.6976,23.7907,23.4353,23.7314,453800.0
2017-07-20,23.7314,24.0868,23.7314,23.8583,442800.0
2017-07-21,23.926,24.1798,23.8499,24.0275,365600.0
2017-07-24,23.9091,23.9853,23.7145,23.8245,390900.0
2017-07-25,23.8837,24.2983,23.8245,24.1545,617700.0
2017-07-26,24.1968,24.256,23.8499,24.1375,649700.0
2017-07-27,24.0275,24.256,23.9683,24.146,672100.0
2017-07-28,24.2052,24.3744,23.926,24.0783,717500.0
2017-07-31,24.1122,24.1122,23.6553,23.8837,609100.0
2017-08-01,23.9345,23.9345,23.0292,23.283,732900.0
2017-08-02,23.1815,23.4438,22.9023,23.2407,759200.0
2017-08-03,23.2238,23.4184,23.1307,23.2238,291100.0
2017-08-04,23.3084,23.3846,23.0292,23.2323,471800.0
2017-08-07,23.1984,23.3507,22.7923,23.0969,1114300.0
2017-08-08,23.3338,25.9988,23.1815,25.0766,2781800.0
2017-08-09,24.2306,24.3829,22.9277,23.6045,2201000.0
2017-08-10,23.6215,23.6299,22.9954,23.0038,489100.0
2017-08-11,22.7754,23.1054,22.6823,22.9277,629300.0
2017-08-14,23.0715,23.5792,23.0208,23.5199,604900.0
2017-08-15,23.4353,24.0783,23.4353,24.0191,784000.0
2017-08-16,24.1122,24.6621,24.0783,24.3237,651700.0
2017-08-17,24.1629,24.6452,24.1206,24.1883,1011800.0
2017-08-18,24.1968,24.3744,23.6638,24.0445,772600.0
2017-08-21,23.9852,24.1714,23.816,23.9937,617200.0
2017-08-22,24.0106,24.0614,23.8076,23.9937,762600.0
2017-08-23,23.9937,24.3257,23.9171,24.2576,558500.0
2017-08-24,24.2491,24.4448,24.198,24.3512,346000.0
2017-08-25,24.3937,24.4618,24.215,24.3682,378100.0
2017-08-28,24.3682,24.4533,24.2065,24.3257,355000.0
2017-08-29,24.3597,24.8278,24.2491,24.7172,413000.0
2017-08-30,24.6746,24.9895,24.547,24.8959,302700.0
2017-08-31,25.0491,25.33,24.947,25.313,492900.0
2017-09-01,25.4066,25.5768,25.1598,25.4066,747600.0
2017-09-05,25.3555,25.4407,24.981,25.0661,275600.0
2017-09-06,25.0661,25.7556,25.0661,25.4917,574900.0
2017-09-07,25.5172,25.7811,25.2619,25.2789,299200.0
2017-09-08,25.2364,25.5087,25.1087,25.3896,357300.0
2017-09-11,25.4236,26.0024,25.4236,25.8492,652500.0
2017-09-12,25.9598,26.2152,25.6024,25.7811,654600.0
2017-09-13,25.8407,25.8662,25.6705,25.7386,385600.0
2017-09-14,25.679,26.062,25.679,25.8832,462300.0
2017-09-15,25.8492,26.0279,25.696,25.8918,645800.0
2017-09-18,25.8918,26.0535,25.5428,25.9769,538800.0
2017-09-19,26.0024,26.045,25.7726,25.9428,248500.0
2017-09-20,25.9939,26.479,25.9769,26.2663,330800.0
2017-09-21,26.3088,26.3514,26.1045,26.1641,191500.0
2017-09-22,26.1386,26.845,26.1386,26.7855,327300.0
2017-09-25,26.8791,27.0238,26.7174,26.8025,233700.0
2017-09-26,26.8365,26.845,26.3939,26.5301,373000.0
2017-09-27,26.6833,26.7344,26.0109,26.0705,584500.0
2017-09-28,25.9769,26.4365,25.9684,26.428,940500.0
2017-09-29,26.428,26.9216,26.3003,26.9131,430600.0
2017-10-02,26.8535,26.9472,26.1982,26.4365,634300.0
2017-10-03,26.3599,26.6833,25.9513,25.9598,919100.0
2017-10-04,26.113,26.113,25.3981,25.5428,986000.0
2017-10-05,25.5002,25.7641,25.296,25.4832,922800.0
2017-10-06,25.347,25.4492,24.8789,25.2364,498800.0
2017-10-09,24.9215,25.2194,24.7002,24.7938,431400.0
2017-10-10,24.581,24.6491,23.2787,23.6703,1386000.0
2017-10-11,23.832,24.0618,23.6277,23.8916,938100.0
2017-10-12,23.7809,24.1129,23.7043,23.9767,730400.0
2017-10-13,24.0192,24.1214,23.7128,23.9937,806300.0
2017-10-16,23.9597,24.3427,23.9171,24.2661,671200.0
2017-10-17,24.3512,24.3512,23.8575,23.9256,384200.0
2017-10-18,24.0533,24.1724,23.7639,24.0788,490400.0
2017-10-19,24.0703,24.6236,23.8405,24.6236,635200.0
2017-10-20,24.5895,24.6065,23.2617,24.4703,1036700.0
2017-10-23,24.4363,24.6065,24.3001,24.3342,367000.0
2017-10-24,24.4703,25.0151,24.4278,24.8874,730200.0
2017-10-25,24.7512,24.8448,24.1299,24.1299,370500.0
2017-10-26,24.2746,24.3427,23.9256,24.1299,450300.0
2017-10-27,23.9426,24.232,23.9171,24.1384,408400.0
2017-10-30,23.9256,24.0363,23.483,23.7299,294000.0
2017-10-31,23.7469,23.9341,23.6958,23.8575,300700.0
2017-11-01,23.849,24.4363,23.849,24.0873,649500.0
2017-11-02,24.1384,24.5299,24.1384,24.4363,393700.0
2017-11-03,24.564,24.6236,24.4023,24.4959,423800.0
2017-11-06,24.5555,24.7087,24.4023,24.4959,422000.0
2017-11-07,24.6065,24.6065,24.2831,24.3171,246800.0
2017-11-08,24.4108,24.4363,23.8831,23.9682,371100.0
2017-11-09,23.9682,24.0873,23.6788,24.0022,611400.0
2017-11-10,23.832,23.9001,21.2871,21.585,3169000.0
2017-11-13,21.1254,21.5339,20.4955,21.3722,1857400.0
2017-11-14,21.2615,21.5339,21.0913,21.3126,1098200.0
2017-11-15,21.1083,21.3722,20.6998,21.1509,1049900.0
2017-11-16,21.0658,21.4488,21.0658,21.4318,848700.0
2017-11-17,21.3211,21.9254,21.253,21.5254,970700.0
2017-11-20,22.0531,22.7425,22.0446,22.2233,1124200.0
2017-11-21,22.2063,22.4106,21.9169,22.2148,839000.0
2017-11-22,22.1893,22.4446,21.7467,21.7637,487900.0
2017-11-24,21.9424,22.1212,21.8999,22.002,334400.0
2017-11-27,21.9084,22.1042,21.8318,22.002,503700.0
2017-11-28,22.1134,22.4304,22.0192,22.4218,609700.0
2017-11-29,22.3704,22.8845,22.2676,22.7303,625500.0
2017-11-30,22.8502,22.8502,22.5161,22.7046,680100.0
2017-12-01,22.7474,22.7474,21.8478,22.1734,876000.0
2017-12-04,22.5075,23.2101,22.4733,23.2101,1120200.0
2017-12-05,23.2444,23.3643,23.0644,23.073,955300.0
2017-12-06,23.0387,23.2187,22.9273,23.1672,755800.0
2017-12-07,23.1073,23.8355,23.0816,23.8184,734300.0
2017-12-08,24.0412,24.778,23.7927,24.5381,1915600.0
2017-12-11,24.5295,24.778,24.4096,24.7009,1069900.0
2017-12-12,24.7351,24.778,24.1611,24.1954,824600.0
2017-12-13,24.1611,24.4696,24.0497,24.3239,677000.0
2017-12-14,24.3924,24.5895,24.2639,24.5809,681400.0
2017-12-15,24.658,25.0779,24.5467,24.838,766200.0
2017-12-18,24.9236,25.2321,24.7266,24.8123,534400.0
2017-12-19,24.838,25.1207,24.6066,24.658,487200.0
2017-12-20,24.6495,25.3006,24.6495,24.975,860100.0
2017-12-21,25.0265,25.2064,24.8722,25.1207,446700.0
2017-12-22,25.1635,25.3863,24.9322,25.3178,282500.0
2017-12-26,25.3606,25.6091,25.2064,25.4805,252700.0
2017-12-27,25.4377,25.4977,25.0179,25.0436,374900.0
2017-12-28,25.1635,25.4463,24.9751,25.4034,299100.0
2017-12-29,25.5234,25.8147,25.4377,25.6433,464800.0
2018-01-02,25.6519,25.8832,25.3949,25.7547,521600.0
2018-01-03,25.789,26.7314,25.7804,26.6629,694500.0
2018-01-04,26.6715,27.0742,26.6715,26.86,622500.0
2018-01-05,26.8857,26.9885,26.6286,26.8428,400100.0
2018-01-08,26.8343,27.2969,26.8257,26.9114,449700.0
2018-01-09,26.997,27.1855,26.2174,26.5087,851800.0
2018-01-10,26.5858,27.177,26.4144,26.9371,713000.0
2018-01-11,27.0485,27.3226,26.8685,27.2798,500600.0
2018-01-12,27.2369,27.5282,27.0827,27.5025,363100.0
2018-01-16,27.5968,27.871,27.3826,27.4768,412200.0
2018-01-17,27.5111,27.8624,27.5111,27.6396,515400.0
2018-01-18,27.6482,27.8281,27.0656,27.0999,503000.0
2018-01-19,27.1341,27.3312,26.8942,26.9114,735700.0
2018-01-22,27.0142,27.0742,26.74,26.9114,910700.0
2018-01-23,26.9542,27.4854,26.7229,27.4169,651100.0
2018-01-24,27.5368,27.8367,27.1684,27.3055,495400.0
2018-01-25,27.4083,27.5025,27.1598,27.4768,229000.0
2018-01-26,27.5454,27.9309,27.3997,27.9138,298600.0
2018-01-29,27.871,28.0509,27.5797,27.8538,258600.0
2018-01-30,27.7167,27.8281,27.3826,27.4511,267400.0
2018-01-31,27.6739,28.0166,27.6653,27.8624,358900.0
2018-02-01,28.3936,28.5307,27.6653,27.8024,805400.0
2018-02-02,27.7253,27.7253,27.1513,27.2027,618300.0
2018-02-05,26.9799,27.3912,26.483,26.5001,677800.0
2018-02-06,25.9603,26.8942,25.6605,26.8,1200300.0
2018-02-07,26.7743,27.0399,26.4059,26.5601,410300.0
2018-02-08,26.5944,26.7229,26.0289,26.0289,485600.0
2018-02-09,26.1745,26.4658,25.6519,26.3202,611700.0
2018-02-12,26.2945,26.8,26.2088,26.4915,681700.0
2018-02-13,26.4316,27.0827,26.3031,26.9199,934900.0
2018-02-14,26.7143,27.1684,26.423,27.0484,738600.0
2018-02-15,27.238,27.6428,26.7125,27.6342,525700.0
2018-02-16,27.5481,28.1855,27.5222,27.8754,560300.0
2018-02-20,27.7376,27.7376,27.3327,27.6084,674800.0
2018-02-21,27.5825,27.9529,27.4619,27.5653,414300.0
2018-02-22,27.7807,27.7807,27.2896,27.6428,698700.0
2018-02-23,27.6859,27.9357,27.5136,27.8582,1778400.0
2018-02-26,28.0046,28.8488,27.9013,28.7541,898100.0
2018-02-27,29.3312,30.296,28.3147,28.3406,2009100.0
2018-02-28,28.7454,28.8746,27.9012,27.9012,1305800.0
2018-03-01,27.9271,28.0391,27.4102,27.7031,1139500.0
2018-03-02,27.617,28.0908,27.5567,27.9874,1612300.0
2018-03-05,27.8496,28.0563,27.6342,27.8065,1123800.0
2018-03-06,27.8496,28.0649,27.772,28.0219,982100.0
2018-03-07,27.8237,28.6679,27.7893,28.5818,834100.0
2018-03-08,28.8833,29.1589,28.332,28.599,531100.0
2018-03-09,28.711,28.9522,28.5301,28.599,1427600.0
2018-03-12,28.6851,28.823,28.4956,28.7454,533800.0
2018-03-13,28.9436,29.0125,28.5473,28.6507,403700.0
2018-03-14,28.7024,28.7541,28.2114,28.2803,349400.0
2018-03-15,28.3664,28.3664,27.7117,27.772,749300.0
2018-03-16,27.8323,27.8582,27.505,27.7117,768200.0
2018-03-19,27.5825,27.6428,27.0571,27.1518,594000.0
2018-03-20,27.2207,27.4705,27.1087,27.3327,424700.0
2018-03-21,27.4016,28.0563,27.3586,27.6256,530900.0
2018-03-22,27.4447,27.4447,26.5402,26.5747,529700.0
2018-03-23,26.5747,26.5747,25.92,26.032,579500.0
2018-03-26,26.411,26.678,26.1612,26.6091,747600.0
2018-03-27,26.5919,27.0915,26.5747,26.7556,978900.0
2018-03-28,26.6522,26.9623,26.5402,26.9279,449200.0
2018-03-29,26.902,27.2724,26.902,27.1088,869700.0
2018-04-02,27.1087,27.1949,26.6608,26.747,1085500.0
2018-04-03,26.9365,27.5998,26.902,27.5481,484700.0
2018-04-04,27.238,27.9357,27.1949,27.7979,674000.0
2018-04-05,28.0391,28.4181,27.6514,27.7462,428100.0
2018-04-06,27.4619,27.7204,27.0571,27.2552,536700.0
2018-04-09,27.5825,28.3492,27.4016,27.9185,762400.0
2018-04-10,28.4353,28.5732,28.0046,28.3061,595200.0
2018-04-11,28.2114,28.2286,27.8668,28.1252,273500.0
2018-04-12,28.263,28.6076,28.1597,28.5042,293000.0
2018-04-13,28.5387,28.6076,28.3578,28.4956,494100.0
2018-04-16,28.599,28.7368,28.4353,28.6765,265400.0
2018-04-17,28.7713,28.8144,28.5732,28.7282,212800.0
2018-04-18,28.7454,29.0125,28.6421,28.8316,333100.0
2018-04-19,28.6938,28.7885,28.0649,28.3923,378900.0
2018-04-20,28.263,28.3664,27.9702,28.0821,230700.0
2018-04-23,28.1424,28.4784,27.9099,28.4526,345900.0
2018-04-24,28.6335,28.7627,28.1166,28.2889,262900.0
2018-04-25,28.263,28.263,27.7979,28.0305,340600.0
2018-04-26,28.1425,28.1511,27.729,28.0735,216400.0
2018-04-27,28.0477,28.4698,28.0219,28.4095,237200.0
2018-04-30,28.5129,28.9263,28.1597,28.1941,395600.0
2018-05-01,28.0649,28.3492,27.7548,28.2372,328000.0
2018-05-02,28.2458,28.5301,28.108,28.2889,252000.0
2018-05-03,28.2458,28.4439,28.0219,28.3234,222900.0
2018-05-04,28.3061,28.935,28.2114,28.8057,192500.0
2018-05-07,28.7282,28.9866,28.599,28.8057,239700.0
2018-05-08,28.8574,29.2451,28.4956,29.0297,457900.0
2018-05-09,29.1761,29.2278,28.7541,29.1158,374800.0
2018-05-10,29.2106,29.6585,29.0211,29.314,684200.0
2018-05-11,28.7024,28.7627,27.4878,28.5904,798300.0
2018-05-14,28.866,29.1331,28.3836,28.4439,251000.0
2018-05-15,28.2975,28.6679,28.1252,28.3923,498100.0
2018-05-16,28.3147,28.6421,28.263,28.4698,286600.0
2018-05-17,28.5042,28.6938,28.22,28.22,291000.0
2018-05-18,28.1511,28.2114,28.0219,28.0908,491700.0
2018-05-21,28.2889,28.4698,28.2889,28.3923,304000.0
2018-05-22,28.6507,28.7454,28.4095,28.4439,350000.0
2018-05-23,28.375,28.7024,28.3664,28.599,320500.0
2018-05-24,28.5301,29.2881,28.5301,29.2364,353300.0
2018-05-25,29.0642,29.5207,29.0642,29.3743,392100.0
2018-05-29,29.3483,29.3483,28.9154,29.0193,298200.0
2018-05-30,29.0713,29.8677,29.0713,29.6253,425800.0
2018-05-31,29.66,29.7898,29.3396,29.5041,312000.0
2018-06-01,29.6253,30.2313,29.5734,30.1448,253900.0
2018-06-04,30.3006,30.6556,30.0409,30.5344,461100.0
2018-06-05,30.6123,30.6123,30.0842,30.4911,325400.0
2018-06-06,30.5084,30.7162,30.2833,30.6123,236900.0
2018-06-07,30.6556,30.7594,30.3093,30.5344,211500.0
2018-06-08,30.5257,30.9413,30.4305,30.7248,408200.0
2018-06-11,30.7335,31.0971,30.6642,30.9499,302200.0
2018-06-12,30.9586,31.1663,30.7768,30.898,292900.0
2018-06-13,30.9499,31.0192,30.6469,30.8114,580900.0
2018-06-14,30.8893,30.9413,30.595,30.6729,232900.0
2018-06-15,30.5344,30.7248,30.1361,30.4478,318000.0
2018-06-18,30.3093,30.7335,30.1794,30.7075,159000.0
2018-06-19,30.3439,30.6556,30.2054,30.5257,210300.0
2018-06-20,30.569,31.0105,30.4738,30.8547,295800.0
2018-06-21,30.7508,30.9066,30.4997,30.6209,319000.0
2018-06-22,30.846,30.9239,30.5863,30.6036,300400.0
2018-06-25,30.5863,30.5863,29.8158,30.0928,249200.0
2018-06-26,30.1967,30.5949,30.0582,30.3179,232900.0
2018-06-27,30.3179,30.7941,30.1015,30.1188,244400.0
2018-06-28,29.2011,29.2704,27.738,29.0713,764300.0
2018-06-29,29.2011,29.7119,29.0886,29.5388,298300.0
2018-07-02,29.4435,30.0495,29.1751,29.9976,206500.0
2018-07-03,29.9716,29.9889,29.1492,29.2877,425700.0
2018-07-05,29.4349,29.582,29.2358,29.5301,305000.0
2018-07-06,29.5907,29.7206,29.1319,29.5734,400300.0
2018-07-09,29.7465,30.1448,29.7465,30.0409,217300.0
2018-07-10,29.8677,30.1534,29.8158,29.8764,205000.0
2018-07-11,29.5128,29.5214,28.3008,28.4566,538900.0
2018-07-12,28.6124,28.9847,28.4739,28.5085,396200.0
2018-07-13,28.5518,29.0886,28.396,28.9068,291300.0
2018-07-16,28.8375,29.0453,28.6211,28.6644,344500.0
2018-07-17,28.699,28.8375,28.1363,28.1969,527600.0
2018-07-18,28.1709,28.5865,28.1363,28.396,494400.0
2018-07-19,28.3614,28.5172,28.1882,28.2661,575700.0
2018-07-20,28.2402,28.8635,28.2402,28.3181,289200.0
2018-07-23,28.2921,28.3008,27.9978,28.093,280600.0
2018-07-24,28.1363,28.3181,27.6688,27.7207,459400.0
2018-07-25,27.8073,28.0237,27.7034,27.9891,352900.0
2018-07-26,27.9631,28.7336,27.9545,28.5865,235000.0
2018-07-27,28.5259,28.7596,28.1449,28.4912,222100.0
2018-07-30,28.5865,28.699,28.3787,28.4479,189300.0
2018-07-31,28.4999,28.9501,28.3527,28.8029,143000.0
2018-08-01,28.7856,29.0886,28.699,28.7077,165400.0
2018-08-02,28.673,29.3223,28.5605,29.3223,230700.0
2018-08-03,28.673,29.8071,28.5605,29.6686,289500.0
2018-08-06,29.7292,29.7812,29.4695,29.6167,163600.0
2018-08-07,29.6167,29.9543,29.5214,29.5821,387600.0
2018-08-08,29.6859,29.9716,29.4176,29.8851,230400.0
2018-08-09,30.0322,30.3872,29.937,30.1275,333700.0
2018-08-10,31.452,33.3653,31.452,32.5775,1226000.0
2018-08-13,32.6814,32.9844,32.413,32.6554,452400.0
2018-08-14,32.8458,33.1489,32.5255,32.6381,550500.0
2018-08-15,32.5688,32.7333,32.4043,32.5948,457700.0
2018-08-16,32.8026,33.2874,32.4996,32.8112,864100.0
2018-08-17,32.7506,33.1142,32.7506,32.8718,346500.0
2018-08-20,32.8718,33.3566,32.7506,33.1402,368500.0
2018-08-21,33.1229,33.5644,33.1229,33.3566,738200.0
2018-08-22,33.3307,33.5298,33.0277,33.1316,260500.0
2018-08-23,33.1489,33.2787,32.9151,33.019,220300.0
2018-08-24,33.1922,33.2095,32.9584,33.0883,290500.0
2018-08-27,33.2268,33.4172,33.1229,33.2181,288300.0
2018-08-28,33.4443,33.5487,32.9572,33.0007,311300.0
2018-08-29,33.0442,33.1398,32.9311,33.0442,279900.0
2018-08-30,33.0181,33.3399,33.0094,33.2094,177300.0
2018-08-31,33.1659,33.3486,32.992,33.1485,219000.0
2018-09-04,33.1485,33.4095,32.9659,33.279,426100.0
2018-09-05,33.3399,33.4008,32.7136,32.9572,213200.0
2018-09-06,32.8441,33.2268,32.7397,32.818,179700.0
2018-09-07,32.6528,32.7919,32.3396,32.4005,205800.0
2018-09-10,32.3309,32.731,32.3309,32.6093,423100.0
2018-09-11,32.818,32.9746,32.5919,32.7919,327000.0
2018-09-12,32.8354,33.2964,32.6267,32.9224,457300.0
2018-09-13,32.9485,33.3138,32.8441,32.9224,215200.0
2018-09-14,32.8354,33.1572,32.7397,32.9572,247100.0
2018-09-17,32.9572,33.0094,32.4962,32.6875,179200.0
2018-09-18,32.5571,32.8006,32.5136,32.6353,185800.0
2018-09-19,32.5658,32.644,32.1483,32.1657,226200.0
2018-09-20,32.3135,32.618,32.1222,32.5049,386200.0
2018-09-21,32.5136,32.5397,31.8873,31.9047,221700.0
2018-09-24,31.9134,31.9743,31.4002,31.5568,233800.0
2018-09-25,31.6438,31.9917,31.4176,31.7829,386600.0
2018-09-26,31.7481,31.9482,31.4437,31.522,226300.0
2018-09-27,31.6003,31.7916,31.3393,31.6438,197800.0
2018-09-28,31.6785,31.6785,31.3132,31.4263,296900.0
2018-10-01,31.609,31.7133,31.1915,31.4611,370500.0
2018-10-02,31.4698,31.8264,31.4002,31.5307,237700.0
2018-10-03,31.6176,31.7307,31.348,31.5916,257000.0
2018-10-04,31.4437,31.809,31.4089,31.4698,279400.0
2018-10-05,31.4002,31.896,31.4002,31.7568,218100.0
2018-10-08,31.7481,31.983,31.3567,31.4176,178000.0
2018-10-09,31.0958,31.4176,28.7821,30.3042,1142800.0
2018-10-10,30.3043,30.5913,29.0169,29.0865,489400.0
2018-10-11,28.8691,29.5214,28.8691,28.9212,582400.0
2018-10-12,29.3909,29.5997,28.669,28.8169,522000.0
2018-10-15,28.8169,29.3562,28.7473,29.13,244000.0
2018-10-16,29.3475,29.7128,29.1996,29.4953,370600.0
2018-10-17,29.4344,29.4431,28.9386,29.0604,329700.0
2018-10-18,29.0517,29.0517,28.382,28.756,234000.0
2018-10-19,28.7908,28.9299,28.5646,28.7038,449400.0
2018-10-22,28.6951,28.9039,28.4255,28.5994,261500.0
2018-10-23,28.3559,28.5994,27.834,28.4429,273200.0
2018-10-24,28.3559,28.7212,27.8688,27.8949,364400.0
2018-10-25,27.9992,28.382,27.9297,28.1384,294000.0
2018-10-26,27.9471,28.0253,27.4078,27.5991,408900.0
2018-10-29,27.9558,28.3385,27.6165,27.9123,249500.0
2018-10-30,27.921,28.7821,27.921,28.7299,268900.0
2018-10-31,28.9473,29.3909,28.7734,29.2344,290200.0
2018-11-01,29.304,29.6432,29.1039,29.5301,286400.0
2018-11-02,29.591,29.8172,29.13,29.1561,332900.0
2018-11-05,29.2344,29.3475,29.0604,29.0952,348100.0
2018-11-06,28.9213,29.1561,28.3472,28.5646,389800.0
2018-11-07,28.582,29.0517,28.1645,28.9908,559900.0
2018-11-08,28.8865,29.304,28.5385,29.0952,515900.0
2018-11-09,28.756,31.5481,28.5124,30.7391,1157400.0
2018-11-12,30.6261,30.9305,30.2869,30.3912,571200.0
2018-11-13,30.5565,30.7566,30.2521,30.5565,408500.0
2018-11-14,30.8261,30.887,29.8606,29.9215,457900.0
2018-11-15,29.6084,29.9389,29.1561,29.8693,381800.0
2018-11-16,29.7563,30.3999,29.678,30.2086,244400.0
2018-11-19,30.0433,30.339,29.8606,30.0694,362500.0
2018-11-20,29.7302,30.5304,29.5562,29.7998,696000.0
2018-11-21,29.878,30.5478,29.7824,29.8693,255900.0
2018-11-23,29.6954,29.8085,29.5736,29.6519,81900.0
2018-11-26,29.7911,30.313,29.7911,30.1825,421100.0
2018-11-27,30.1125,30.3486,29.7803,29.824,246900.0
2018-11-28,29.8502,30.6546,29.7715,30.5585,339700.0
2018-11-29,30.5497,30.882,30.506,30.7683,246200.0
2018-11-30,30.812,30.847,30.0076,30.4098,237500.0
2018-12-03,30.7945,30.882,30.0426,30.0688,277400.0
2018-12-04,30.1213,30.2699,29.1682,29.1857,401900.0
2018-12-06,28.7748,29.1507,28.4862,29.0983,474300.0
2018-12-07,29.0721,29.7715,29.0021,29.0983,435600.0
2018-12-10,29.1682,29.4917,28.9584,29.0371,389600.0
2018-12-11,29.2644,29.448,28.5387,28.7398,313500.0
2018-12-12,28.8535,29.2557,28.5387,28.5737,422600.0
2018-12-13,28.6524,28.9322,28.2677,28.3114,307300.0
2018-12-14,28.0666,28.5562,27.8392,28.0928,257600.0
2018-12-17,28.0054,28.0841,27.5682,27.8305,300500.0
2018-12-18,28.0054,28.2939,27.7868,27.9879,468600.0
2018-12-19,28.0141,28.7485,27.9529,28.1452,353100.0
2018-12-20,27.9179,28.2152,27.7343,28.0228,486400.0
2018-12-21,28.0578,28.2064,27.4108,27.4458,488300.0
2018-12-24,27.3321,27.3933,26.9474,27.2622,125200.0
2018-12-26,27.3234,28.3901,26.8949,28.3638,210100.0
2018-12-27,27.8655,28.3026,27.6119,28.3026,214200.0
2018-12-28,28.495,28.7835,28.0666,28.4163,324900.0
2018-12-31,28.4076,28.9409,28.3726,28.6087,475200.0
2019-01-02,28.2677,28.8535,27.9354,28.8097,260200.0
2019-01-03,28.6786,29.5792,28.6349,29.2906,1083100.0
2019-01-04,29.6754,30.0513,29.3431,29.8415,610300.0
2019-01-07,29.9289,30.6022,29.8065,30.3049,1045600.0
2019-01-08,30.3399,30.7945,30.1825,30.2961,726000.0
2019-01-09,30.1475,30.5759,30.1475,30.2961,600600.0
2019-01-10,30.3224,30.7858,29.9901,30.4972,766900.0
2019-01-11,30.4098,30.9694,30.4098,30.4273,637200.0
2019-01-14,30.3486,30.6197,30.2437,30.471,537100.0
2019-01-15,30.3661,30.8557,30.3661,30.5934,400200.0
2019-01-16,30.6109,30.9519,30.5147,30.7071,840600.0
2019-01-17,30.7071,31.4765,30.7071,31.1618,811800.0
2019-01-18,31.2142,31.9836,31.1268,31.6951,1026200.0
2019-01-22,31.5814,31.9662,31.5465,31.7213,453900.0
2019-01-23,31.7738,32.0099,31.424,31.4852,325400.0
2019-01-24,31.5115,31.87,31.3016,31.3541,239900.0
2019-01-25,31.5552,31.7825,31.3366,31.6776,223100.0
2019-01-28,31.5639,31.7126,31.3803,31.6601,334200.0
2019-01-29,31.6776,31.7738,31.4066,31.4328,214600.0
2019-01-30,31.5727,31.6426,31.0568,31.4415,311100.0
2019-01-31,31.4853,31.6077,31.2929,31.4415,245900.0
2019-02-01,31.4415,31.7738,31.4415,31.5989,307000.0
2019-02-04,31.9749,32.5082,31.5989,31.8263,439600.0
2019-02-05,31.835,32.3072,31.7651,32.1847,428100.0
2019-02-06,32.211,32.2634,32.0011,32.0973,300300.0
2019-02-07,31.9574,32.1148,31.7825,31.8,224300.0
2019-02-08,31.6951,31.8525,31.494,31.7388,228500.0
2019-02-11,31.7388,31.9749,31.5115,31.6426,404300.0
2019-02-12,31.7213,31.8437,31.6164,31.8,192800.0
2019-02-13,31.9749,31.9749,31.459,31.5727,254900.0
2019-02-14,31.6342,32.056,31.3794,31.9154,265100.0
2019-02-15,31.9857,32.2932,31.9769,32.1966,325100.0
2019-02-19,32.1087,32.2669,31.9945,32.056,264900.0
2019-02-20,31.9418,32.2932,31.9154,32.1527,387100.0
2019-02-21,32.0911,32.346,32.0208,32.0911,237800.0
2019-02-22,32.2669,32.5745,32.0384,32.5305,289100.0
2019-02-25,32.6447,32.6447,32.2054,32.3284,547500.0
2019-02-26,32.346,32.6711,32.2493,32.4514,430000.0
2019-02-27,32.4163,32.9699,32.2932,32.8381,621600.0
2019-02-28,32.8381,33.3038,32.5481,32.9523,711600.0
2019-03-01,31.7309,32.6184,31.3794,32.4514,817500.0
2019-03-04,32.4602,32.4602,30.6852,30.7467,529400.0
2019-03-05,30.6588,30.8609,30.4303,30.4391,380700.0
2019-03-06,30.3952,30.5182,29.868,29.9558,316100.0
2019-03-07,29.8504,29.991,29.6043,29.6922,416600.0
2019-03-08,29.6219,29.7274,29.455,29.6922,426000.0
2019-03-11,29.6483,29.7449,29.165,29.6746,355300.0
2019-03-12,29.7361,29.7361,29.4022,29.4462,273000.0
2019-03-13,29.455,29.8855,29.455,29.7713,327600.0
2019-03-14,29.6922,29.8943,29.534,29.8855,335900.0
2019-03-15,29.8767,30.1843,29.7449,29.7537,356100.0
2019-03-18,29.7625,29.947,29.6307,29.8064,229000.0
2019-03-19,29.8504,30.2634,29.8416,29.947,388300.0
2019-03-20,29.9998,29.9998,29.5692,29.7274,189300.0
2019-03-21,29.7186,29.824,29.6219,29.7186,311900.0
2019-03-22,29.6834,29.6922,29.2177,29.3056,321500.0
2019-03-25,29.2089,29.3056,28.9892,29.0507,270400.0
2019-03-26,29.1738,29.4286,28.9365,29.3583,333700.0
2019-03-27,29.3583,29.5428,29.2529,29.3847,211900.0
2019-03-28,29.455,29.701,29.3935,29.6746,168500.0
2019-03-29,29.8152,30.0789,29.7274,29.8767,226200.0
2019-04-01,30.1052,30.3864,29.9822,30.3688,345600.0
2019-04-02,30.36,30.404,29.991,30.3249,182300.0
2019-04-03,30.4216,30.6676,30.1404,30.2019,204900.0
2019-04-04,30.0437,30.2195,29.9734,30.1228,188100.0
2019-04-05,30.1228,30.2282,29.9822,30.1052,104100.0
2019-04-08,30.0349,30.1931,29.9031,30.1052,201700.0
2019-04-09,29.9822,30.1843,29.6834,29.8152,220200.0
2019-04-10,29.7449,30.0437,29.7449,29.8064,180000.0
2019-04-11,29.7361,29.8504,29.5604,29.6395,154900.0
2019-04-12,29.7889,30.1843,29.6307,30.1667,172900.0
2019-04-15,30.2019,30.2985,29.9119,29.9646,156500.0
2019-04-16,29.8855,30.0789,29.8504,29.8943,167200.0
2019-04-17,29.9822,30.5358,29.9822,30.4303,196200.0
2019-04-18,30.3513,30.8082,30.3073,30.6325,212600.0
2019-04-22,30.4743,30.5446,30.0613,30.0964,110600.0
2019-04-23,30.1052,30.5446,30.0789,30.404,171200.0
2019-04-24,30.4831,30.7467,30.3864,30.65,185500.0
2019-04-25,30.6149,30.6149,30.0525,30.1492,134100.0
2019-04-26,30.0876,30.3776,30.0876,30.2985,90600.0
2019-04-29,30.4831,30.5446,30.2107,30.404,153300.0
2019-04-30,30.3864,30.6588,30.2107,30.5709,132300.0
2019-05-01,30.5534,30.6061,30.237,30.3776,175000.0
2019-05-02,30.2898,30.5094,30.1228,30.3513,131900.0
2019-05-03,30.5007,30.5797,30.281,30.5094,97700.0
2019-05-06,30.1843,30.5622,30.1404,30.4303,150700.0
2019-05-07,30.2546,30.6676,30.2195,30.3601,407100.0
2019-05-08,30.36,30.6852,30.1579,30.3952,360300.0
2019-05-09,30.3337,30.5885,30.114,30.4128,251300.0
2019-05-10,30.0261,30.0261,27.9787,29.4725,1521900.0
2019-05-13,28.8574,29.4022,28.4181,28.4444,480900.0
2019-05-14,28.5938,29.411,28.4181,29.2001,359000.0
2019-05-15,28.9892,29.1562,28.9277,28.9717,251300.0
2019-05-16,29.0683,29.578,29.042,29.3847,149700.0
2019-05-17,29.2529,29.578,29.0771,29.3847,148700.0
2019-05-20,29.042,29.6131,29.042,29.4637,142800.0
2019-05-21,29.6483,29.7801,29.534,29.6307,195000.0
2019-05-22,29.4901,29.7274,29.4198,29.6131,204300.0
2019-05-23,29.5165,29.8592,29.3495,29.534,253200.0
2019-05-24,29.7625,30.0525,29.6746,29.7098,167000.0
2019-05-28,29.6921,30.0102,29.4536,29.5596,192500.0
2019-05-29,29.4624,29.5508,29.1444,29.1444,164500.0
2019-05-30,29.1532,29.4536,29.0649,29.2769,195700.0
2019-05-31,29.1091,29.4801,29.0472,29.4801,225700.0
2019-06-03,29.2592,29.6745,29.2592,29.4094,240800.0
2019-06-04,29.4889,29.6126,29.3122,29.3652,259200.0
2019-06-05,29.3299,29.8511,29.3034,29.8511,211500.0
2019-06-06,29.8776,29.9395,29.6568,29.8776,149800.0
2019-06-07,29.966,30.5137,29.8953,30.2929,156200.0
2019-06-10,30.4077,30.6816,30.2663,30.5932,154300.0
2019-06-11,30.6197,30.8052,30.496,30.5756,185400.0
2019-06-12,30.5667,31.0261,30.4342,30.8494,248100.0
2019-06-13,30.8671,31.2381,30.7522,30.9466,244100.0
2019-06-14,30.9113,31.5562,30.8759,31.4855,227700.0
2019-06-17,31.6092,32.0951,31.6003,31.6533,315800.0
2019-06-18,31.6975,32.0155,31.6003,31.7063,155800.0
2019-06-19,31.5562,32.0685,31.5562,32.0332,184300.0
2019-06-20,32.2629,32.3247,31.7063,31.7152,215400.0
2019-06-21,31.724,31.9537,31.6268,31.8389,179900.0
2019-06-24,31.1144,31.5297,30.5402,30.5756,294500.0
2019-06-25,30.6374,30.6374,29.4271,29.8511,464800.0
2019-06-26,29.86,30.2398,29.5331,29.5773,245100.0
2019-06-27,29.5949,29.7628,29.2857,29.3741,335200.0
2019-06-28,29.4978,29.7186,29.3034,29.3476,359000.0
2019-07-01,29.648,29.9483,29.4094,29.7186,190400.0
2019-07-02,29.86,29.86,29.2946,29.6391,298100.0
2019-07-03,29.7098,29.8688,29.6833,29.807,81400.0
2019-07-05,29.7981,29.9748,29.5419,29.8246,309300.0
2019-07-08,29.7628,29.8423,29.6126,29.6745,164500.0
2019-07-09,29.7451,29.8158,29.5243,29.701,234100.0
2019-07-10,29.7716,29.9041,29.5773,29.6479,279700.0
2019-07-11,29.6833,29.9572,29.6568,29.86,348000.0
2019-07-12,29.9571,30.4872,29.9395,30.3724,702700.0
2019-07-15,30.4165,31.2205,30.4165,31.1321,402000.0
2019-07-16,31.0879,31.9095,31.0526,31.7152,989900.0
2019-07-17,31.7152,31.9272,31.5827,31.7063,646300.0
2019-07-18,31.7593,32.0067,31.565,31.9802,663600.0
2019-07-19,32.0244,32.0862,31.8654,31.9625,740100.0
2019-07-22,32.0244,32.0774,31.3353,31.3441,319900.0
2019-07-23,31.4237,31.5562,31.1145,31.353,380400.0
2019-07-24,31.2735,31.406,31.0173,31.3883,272100.0
2019-07-25,31.3706,31.5297,31.2205,31.2735,138400.0
2019-07-26,31.1498,31.353,30.9201,31.2116,199000.0
2019-07-29,31.2116,31.4767,31.0173,31.406,231500.0
2019-07-30,31.2028,31.8035,31.2028,31.7682,307100.0
2019-07-31,31.7947,32.0685,31.6887,31.883,324100.0
2019-08-01,31.883,31.936,31.4148,31.5915,187200.0
2019-08-02,31.5208,31.5827,31.2028,31.3795,152400.0
2019-08-05,30.9731,31.1586,30.4695,30.6992,226800.0
2019-08-06,30.7434,31.3971,30.7434,31.3088,272900.0
2019-08-07,31.1056,31.2116,30.6816,31.0526,393200.0
2019-08-08,31.0438,31.565,31.0349,31.3618,898000.0
2019-08-09,32.1039,33.5174,31.9802,32.952,1248700.0
2019-08-12,33.0138,34.2241,33.0138,33.8442,1158300.0
2019-08-13,33.7471,33.9856,33.5262,33.8707,644300.0
2019-08-14,33.5969,33.8796,33.429,33.8266,631200.0
2019-08-15,33.8796,33.9149,33.2612,33.8619,547800.0
2019-08-16,33.8089,34.4273,33.8089,34.3125,376500.0
2019-08-19,34.4538,35.0722,34.4361,34.6747,407500.0
2019-08-20,34.551,34.8514,34.3566,34.657,243100.0
2019-08-21,34.7453,35.2047,34.7012,34.8955,269600.0
2019-08-22,34.8779,35.0104,34.6128,34.6658,195100.0
2019-08-23,34.7365,34.9397,34.445,34.5333,306800.0
2019-08-26,34.6217,34.7718,34.5157,34.6747,204700.0
2019-08-27,34.8523,34.9322,34.3461,34.4083,275800.0
2019-08-28,34.3639,34.9322,34.2218,34.8789,303400.0
2019-08-29,35.0743,35.2607,34.9055,35.1453,248100.0
2019-08-30,35.163,35.2696,34.9588,35.1186,142900.0
2019-09-03,34.8345,35.1275,34.6658,35.0831,224000.0
2019-09-04,35.2518,35.2874,34.9322,35.1808,176000.0
2019-09-05,35.3406,35.4738,34.5947,34.8878,537900.0
2019-09-06,34.8079,35.1364,34.6924,34.7102,340400.0
2019-09-09,34.87,34.87,34.3106,34.577,320600.0
2019-09-10,34.5326,34.5326,34.0176,34.1241,404500.0
2019-09-11,34.1419,34.2129,33.6802,33.9199,517700.0
2019-09-12,33.9554,34.1952,33.8045,33.8134,215300.0
2019-09-13,33.8844,33.9554,33.6446,33.7512,198800.0
2019-09-16,33.6269,34.0353,33.3871,33.9288,211900.0
2019-09-17,33.8666,34.1686,33.7157,34.1686,181600.0
2019-09-18,34.1508,34.1508,33.689,33.9377,157300.0
2019-09-19,33.9199,34.3994,33.8222,34.0353,176400.0
2019-09-20,34.0176,34.3017,33.8311,33.9554,348900.0
2019-09-23,33.991,34.284,33.7334,34.2751,333300.0
2019-09-24,34.355,34.9588,34.1064,34.7635,289300.0
2019-09-25,34.7191,34.7191,34.2751,34.3106,261100.0
2019-09-26,34.2218,35.0387,34.1419,34.8523,211100.0
2019-09-27,35.0032,35.4383,34.7901,35.1542,404400.0
2019-09-30,35.0831,35.5981,35.0831,35.4294,301000.0
2019-10-01,35.4827,35.6603,34.8878,34.9677,353900.0
2019-10-02,34.6303,34.8434,34.4172,34.6924,307300.0
2019-10-03,34.7457,35.0121,34.355,34.7368,365800.0
2019-10-04,34.8256,35.0476,34.6924,34.7635,595600.0
2019-10-07,34.5592,34.9766,34.5326,34.9677,472300.0
2019-10-08,34.8611,35.0831,34.6924,34.799,266200.0
2019-10-09,35.0476,35.1098,34.7546,34.9499,236700.0
2019-10-10,34.8789,35.3584,34.87,35.1186,339800.0
2019-10-11,35.4738,35.5094,34.9588,34.9943,391300.0
2019-10-14,34.9766,35.2074,34.8345,35.0565,494200.0
2019-10-15,35.0742,35.2696,34.7102,34.8611,308000.0
2019-10-16,34.9144,35.1009,34.506,34.9766,434100.0
2019-10-17,35.0565,35.4028,34.8256,35.2785,522200.0
2019-10-18,35.3406,35.5981,35.243,35.4028,220300.0
2019-10-21,35.5537,35.9444,35.5005,35.6603,288500.0
2019-10-22,35.6869,36.2108,35.5981,35.8201,339300.0
2019-10-23,35.7047,35.7313,35.2163,35.3406,253700.0
2019-10-24,35.3939,35.7491,35.1275,35.6781,477100.0
2019-10-25,35.7313,36.344,35.5715,35.6337,358800.0
2019-10-28,35.7313,36.2108,35.7313,35.9356,271000.0
2019-10-29,35.9711,36.1842,35.829,36.0776,229400.0
2019-10-30,36.0688,36.4062,35.829,36.3174,357900.0
2019-10-31,36.3085,36.6282,36.0954,36.5127,384400.0
2019-11-01,36.6371,36.8679,36.4328,36.6815,381100.0
2019-11-04,36.6193,37.0544,36.5838,36.9123,466200.0
2019-11-05,37.0189,37.1876,36.6015,36.8857,394200.0
2019-11-06,36.8679,36.9834,36.6015,36.8324,408700.0
2019-11-07,36.9656,37.0011,36.6371,36.9922,443300.0
2019-11-08,36.6459,38.1555,35.0032,36.6548,1077600.0
2019-11-11,36.6992,37.6227,36.5749,37.2053,791800.0
2019-11-12,37.2764,37.4184,37.0633,37.1965,474900.0
2019-11-13,37.1432,37.3918,36.8768,36.8857,671100.0
2019-11-14,36.8857,37.676,36.7347,37.6493,705800.0
2019-11-15,37.6493,37.7559,37.4007,37.5339,312400.0
2019-11-18,37.4984,37.5872,37.0988,37.303,382100.0
2019-11-19,37.3208,37.5605,37.1521,37.4717,378000.0
2019-11-20,37.3385,37.4717,36.9123,37.1432,219800.0
2019-11-21,37.1787,37.2853,36.9301,37.1165,351500.0
2019-11-22,37.2053,37.2853,36.859,37.2053,227100.0
2019-11-25,37.2142,37.9779,37.1254,37.6671,575000.0
2019-11-26,37.7385,38.5949,37.4708,38.4433,790200.0
2019-11-27,38.5771,38.9786,38.4165,38.7109,436100.0
2019-11-29,38.7644,38.8804,38.3451,38.354,198800.0
2019-12-02,38.479,38.7644,38.3273,38.6039,287800.0
2019-12-03,38.6217,38.7288,38.3719,38.7288,229800.0
2019-12-04,38.7644,39.4514,38.7644,38.9429,418800.0
2019-12-05,38.9964,39.2908,38.8537,39.1927,666700.0
2019-12-06,39.1748,39.264,38.7377,38.7644,984400.0
2019-12-09,38.7466,38.8715,38.5682,38.6574,178600.0
2019-12-10,38.5146,38.9429,38.47,38.6395,214200.0
2019-12-11,38.6574,38.9518,38.5949,38.8715,214500.0
2019-12-12,38.8269,39.0142,38.5414,38.5682,256300.0
2019-12-13,38.47,38.6574,38.2202,38.3094,433000.0
2019-12-16,38.4522,38.6574,37.8723,38.4076,437500.0
2019-12-17,38.4968,38.6663,38.3451,38.5949,204300.0
2019-12-18,38.5146,38.6752,38.363,38.363,507100.0
2019-12-19,38.2648,38.6841,38.2559,38.5682,433000.0
2019-12-20,38.6306,38.8983,38.47,38.8269,322800.0
2019-12-23,38.7823,38.9696,38.5057,38.5414,249900.0
2019-12-24,38.5236,38.8983,38.3986,38.7644,206800.0
2019-12-26,38.7734,38.7734,38.3451,38.4433,193400.0
2019-12-27,38.7198,38.8269,38.5236,38.5949,182900.0
2019-12-30,38.6128,38.6128,38.3362,38.4165,255100.0
2019-12-31,38.3897,38.5593,38.2024,38.3184,211300.0
2020-01-02,38.3184,38.4611,37.8009,38.3273,584900.0
2020-01-03,38.131,38.5236,38.131,38.3451,388900.0
2020-01-06,38.024,38.7377,37.9883,38.6395,532300.0
2020-01-07,38.8001,38.8001,38.1399,38.5949,422800.0
2020-01-08,38.5146,38.5949,38.2737,38.5236,387900.0
2020-01-09,38.5682,39.4425,38.5592,39.0678,487900.0
2020-01-10,39.0142,39.1927,38.7377,38.9875,463100.0
2020-01-13,39.1392,39.8707,39.1124,39.7191,311300.0
2020-01-14,39.6655,39.9867,39.5763,39.844,457600.0
2020-01-15,39.844,40.29,39.7012,39.7547,454900.0
2020-01-16,39.8261,40.0046,39.5852,39.7191,251800.0
2020-01-17,39.8172,39.8975,39.5139,39.5406,230300.0
2020-01-21,39.4425,39.5228,38.8804,38.8804,423400.0
2020-01-22,38.8537,39.2551,38.6217,38.7555,393900.0
2020-01-23,38.7288,38.818,38.5146,38.6485,267900.0
2020-01-24,38.7198,38.7823,38.3362,38.6931,260300.0
2020-01-27,38.3273,38.6395,38.0329,38.5325,521000.0
2020-01-28,38.6128,38.6128,38.3897,38.5414,241300.0
2020-01-29,38.4968,38.6663,38.1845,38.3897,445600.0
2020-01-30,38.3005,38.3005,37.9258,38.1667,474900.0
2020-01-31,38.0596,38.2024,37.5333,37.6671,284900.0
2020-02-03,37.5868,37.8188,37.2745,37.4173,582700.0
2020-02-04,37.7385,37.9258,37.4708,37.5779,364900.0
2020-02-05,37.6492,38.1042,37.6314,38.0686,336700.0
2020-02-06,38.0775,38.8804,38.0775,38.7198,250900.0
2020-02-07,38.6574,38.9518,38.024,38.0418,221600.0
2020-02-10,37.9972,38.2648,37.9169,38.0329,160900.0
2020-02-11,38.1399,38.6485,37.9793,38.4968,187600.0
2020-02-12,38.5146,38.5146,38.024,38.3005,247100.0
2020-02-13,38.2916,38.4081,38.2019,38.3453,199200.0
2020-02-14,38.426,38.7397,38.3991,38.6053,138100.0
2020-02-18,38.5694,38.7756,38.0764,38.3901,632500.0
2020-02-19,38.3812,38.919,38.3812,38.7845,435100.0
2020-02-20,38.5784,39.1879,38.5784,39.1162,335700.0
2020-02-21,38.9638,39.2686,38.9279,39.0355,254100.0
2020-02-24,38.175,38.91,37.7717,38.7487,618800.0
2020-02-25,38.677,39.0983,37.6103,37.6283,632500.0
2020-02-26,37.6641,38.2288,37.1263,37.1353,457000.0
2020-02-27,36.463,37.198,36.2389,36.2658,896300.0
2020-02-28,35.8177,36.5616,35.2082,35.5846,842600.0
2020-03-02,35.7191,36.1135,35.002,35.504,842600.0
2020-03-03,35.4233,36.714,35.4233,36.0059,757100.0
2020-03-04,36.3017,37.5297,36.3017,37.5297,643200.0
2020-03-05,37.0815,37.3504,36.3017,36.4272,740700.0
2020-03-06,35.6294,36.6871,35.6294,36.2927,722000.0
2020-03-09,35.1095,35.2081,33.8099,33.8368,1185500.0
2020-03-10,34.3835,35.3785,33.9981,35.1902,874800.0
2020-03-11,34.6524,34.8048,33.1914,33.3707,564300.0
2020-03-12,31.569,31.7483,29.4805,29.5702,1498600.0
2020-03-13,30.3948,31.3091,29.624,31.2732,796300.0
2020-03-16,29.1131,30.5113,28.0106,28.8262,761100.0
2020-03-17,29.2385,29.4985,27.419,27.5534,1479700.0
2020-03-18,26.1014,26.191,23.2331,24.3176,1033900.0
2020-03-19,24.2191,26.2089,23.8336,25.7876,676700.0
2020-03-20,26.0924,26.3703,25.2498,25.3843,838100.0
2020-03-23,25.2319,25.9579,24.4521,24.9989,1142200.0
2020-03-24,26.3165,27.8671,26.1193,27.8492,871800.0
2020-03-25,27.9299,28.889,27.2307,27.894,463000.0
2020-03-26,28.1092,29.9556,28.1092,29.7495,435500.0
2020-03-27,28.9517,30.2693,28.7904,29.4626,557100.0
2020-03-30,29.5433,29.9646,28.9338,29.866,331200.0
2020-03-31,29.5792,30.7085,29.5792,30.6368,516800.0
2020-04-01,30.2962,31.2284,29.8749,30.4755,973600.0
2020-04-02,30.35,31.318,30.0811,31.3001,642000.0
2020-04-03,31.0671,31.7662,30.834,31.3808,473900.0
2020-04-06,32.2054,33.0838,31.7124,32.5102,511600.0
2020-04-07,33.4782,34.0519,32.3399,32.6894,485200.0
2020-04-08,33.1018,34.2222,32.7791,33.9174,676400.0
2020-04-09,34.4194,35.6384,34.2132,35.1006,580300.0
2020-04-13,35.011,35.2799,33.8099,34.5628,505600.0
2020-04-14,35.1902,36.23,35.0558,36.1134,816400.0
2020-04-15,35.1544,35.3695,34.3118,34.6703,597900.0
2020-04-16,34.5359,35.495,34.5359,35.3964,467500.0
2020-04-17,36.1045,37.1532,36.1045,37.0098,604800.0
2020-04-20,36.4989,37.4221,36.2389,36.9112,533000.0
2020-04-21,36.0238,37.4221,36.0238,36.7947,526000.0
2020-04-22,37.3773,38.2467,37.1532,38.0944,399800.0
2020-04-23,38.2647,38.8652,38.0854,38.3543,561700.0
2020-04-24,38.7308,38.8831,38.3633,38.4708,600600.0
2020-04-27,38.9011,39.152,38.5515,38.7308,592900.0
2020-04-28,39.17,39.4747,38.3453,38.3812,575800.0
2020-04-29,39.1431,39.6002,38.6411,39.1431,690400.0
2020-04-30,38.91,39.0355,38.4977,38.6232,575200.0
2020-05-01,38.1302,38.2378,37.7627,38.0764,548900.0
2020-05-04,37.8434,37.8882,37.3594,37.5476,739300.0
2020-05-05,38.2288,38.2288,37.8344,37.9599,1437200.0
2020-05-06,38.2199,38.4529,37.4311,37.6104,1012100.0
2020-05-07,38.1661,39.4478,37.8613,39.3761,798600.0
2020-05-08,39.2775,39.9408,38.2378,39.7167,948400.0
2020-05-11,39.1789,39.3851,38.3453,38.4081,534300.0
2020-05-12,38.3812,38.4619,37.5028,37.5028,677700.0
2020-05-13,37.5655,38.0585,36.5258,36.714,519400.0
2020-05-14,36.2479,36.6154,35.9611,36.4361,851000.0
2020-05-15,36.2479,36.4541,35.9521,36.212,1227500.0
2020-05-18,36.8395,37.3146,36.5527,36.5527,389500.0
2020-05-19,36.6513,37.6283,36.6513,36.7499,420700.0
2020-05-20,37.0725,37.198,36.4092,36.5616,320200.0
2020-05-21,36.4003,36.4272,35.8983,35.988,450300.0
2020-05-22,36.0866,36.0866,35.5577,35.8446,489600.0
2020-05-26,36.5202,37.1418,36.4932,36.9796,1016200.0
2020-05-27,37.1148,37.2949,36.1869,37.2409,607300.0
2020-05-28,37.385,38.7903,37.3309,38.475,927600.0
2020-05-29,38.5561,39.3759,38.439,38.9795,1659600.0
2020-06-01,39.0966,39.4209,38.8083,39.3038,949400.0
2020-06-02,39.2768,39.4479,38.2048,38.6282,674800.0
2020-06-03,38.8083,39.0876,38.5831,38.6192,784300.0
2020-06-04,38.3669,39.1957,38.3669,38.8444,412400.0
2020-06-05,39.511,39.6641,38.9254,39.1597,274100.0
2020-06-08,39.0155,39.2047,38.8444,38.9975,465200.0
2020-06-09,38.6192,38.8354,38.3309,38.5381,459900.0
2020-06-10,38.2318,38.3129,36.8175,37.4661,565900.0
2020-06-11,36.7544,36.7544,35.5293,35.6013,439300.0
2020-06-12,36.2229,36.4842,35.3941,35.9076,270800.0
2020-06-15,35.286,36.5202,34.9527,36.349,280200.0
2020-06-16,37.0877,37.4481,36.5652,37.0787,233300.0
2020-06-17,37.0967,37.3039,36.6373,36.8985,196900.0
2020-06-18,36.5742,36.7634,36.3761,36.4031,152600.0
2020-06-19,36.6823,36.6823,35.7274,35.8265,362200.0
2020-06-22,36.0337,36.6643,35.8175,36.4481,237500.0
2020-06-23,36.6463,36.7364,36.277,36.313,281100.0
2020-06-24,35.9617,36.7184,35.9617,36.4661,581600.0
2020-06-25,36.286,36.295,35.3041,35.8626,348000.0
2020-06-26,35.7274,36.0067,35.3581,35.6554,202100.0
2020-06-29,35.7995,35.9617,35.259,35.6644,265800.0
2020-06-30,35.6554,36.9075,35.6554,36.7994,333800.0
2020-07-01,36.7634,36.8175,36.0518,36.1779,299000.0
2020-07-02,36.4031,36.7544,36.1238,36.4481,359800.0
2020-07-06,36.8445,36.9526,36.5562,36.7364,686600.0
2020-07-07,36.7364,37.5111,36.6823,36.9436,486600.0
2020-07-08,36.9166,37.43,36.8085,37.1508,407800.0
2020-07-09,37.1147,37.2499,36.4571,37.1778,283500.0
2020-07-10,37.1147,37.385,36.7094,37.3039,244600.0
2020-07-13,37.5832,37.5832,36.9436,37.1868,418100.0
2020-07-14,37.2409,37.8174,36.9886,37.7633,246300.0
2020-07-15,37.9976,38.5921,37.9706,38.2768,366700.0
2020-07-16,38.2318,38.439,37.9976,38.2588,435700.0
2020-07-17,38.3939,38.5471,38.1327,38.3309,243400.0
2020-07-20,38.3309,38.412,37.8264,38.2678,269700.0
2020-07-21,38.5831,38.8263,38.3129,38.457,526800.0
2020-07-22,38.8354,41.0965,38.6552,40.5199,1254100.0
2020-07-23,40.4839,41.1505,40.0245,40.1416,341100.0
2020-07-24,40.0785,40.0785,39.4569,39.7002,171700.0
2020-07-27,39.8353,40.1055,39.4659,40.0335,387800.0
2020-07-28,40.0335,40.2677,39.6461,40.1596,446000.0
2020-07-29,40.3308,41.1595,40.2857,41.0785,393000.0
2020-07-30,40.556,41.7811,40.4479,41.7091,599200.0
2020-07-31,41.691,41.709,41.0785,41.691,673900.0
2020-08-03,41.8982,42.5468,41.7901,42.0694,462300.0
2020-08-04,41.9973,42.6459,41.7901,42.5108,620900.0
2020-08-05,42.727,43.5017,42.691,43.4567,613000.0
2020-08-06,43.5558,44.1774,43.2044,44.0693,559400.0
2020-08-07,44.2945,50.3391,44.2855,50.186,1680700.0
2020-08-10,49.9788,52.5822,49.9157,52.366,810000.0
2020-08-11,52.366,53.2669,51.0688,51.7715,1229400.0
2020-08-12,52.0237,56.0595,52.0237,55.7622,1189000.0
2020-08-13,55.546,56.0054,54.9154,55.546,808700.0
2020-08-14,55.1496,56.4468,54.7893,56.0234,811100.0
2020-08-17,55.9874,57.8071,55.8793,57.0864,708900.0
2020-08-18,56.9063,57.3657,56.4198,56.5099,990900.0
2020-08-19,56.5189,57.726,56.5189,56.9603,532700.0
2020-08-20,56.7531,57.2936,56.5369,56.6721,435800.0
2020-08-21,56.3928,57.3116,55.6,56.8162,426100.0
2020-08-24,57.0414,57.2936,56.1225,56.2036,466700.0
2020-08-25,56.2307,56.4296,54.9832,55.0917,604000.0
2020-08-26,55.4261,55.7245,55.0555,55.2363,484000.0
2020-08-27,55.5527,55.7697,54.2328,54.5854,318900.0
2020-08-28,54.7029,54.8295,53.7356,53.9345,258700.0
2020-08-31,53.9707,54.1424,52.7593,52.8406,398900.0
2020-09-01,52.7683,53.3921,52.5332,53.2022,356500.0
2020-09-02,53.2203,53.5186,52.7683,53.3017,463800.0
2020-09-03,53.2384,53.2565,51.7467,52.2982,403400.0
2020-09-04,52.6236,52.8677,50.8337,51.6834,447800.0
2020-09-08,51.2586,51.584,50.5263,50.7704,457400.0
2020-09-09,51.0597,51.7648,51.0597,51.5117,300400.0
2020-09-10,51.6111,52.262,50.9602,51.0416,516700.0
2020-09-11,51.6835,52.1716,51.2405,51.5931,235900.0
2020-09-14,51.7919,52.4971,51.5569,52.1264,631400.0
2020-09-15,52.3434,52.7954,52.0089,52.1535,519100.0
2020-09-16,52.2711,52.4248,51.2676,51.3309,498400.0
2020-09-17,50.9422,51.8552,50.6709,51.6292,274600.0
2020-09-18,52.018,53.3288,51.9999,52.4067,786600.0
2020-09-21,51.6744,51.6744,50.4088,51.5388,478200.0
2020-09-22,51.5659,51.9908,51.3399,51.8462,619300.0
2020-09-23,51.7287,52.0541,50.7161,50.9602,452800.0
2020-09-24,50.6257,51.4032,49.9567,51.2676,677500.0
2020-09-25,51.132,52.5784,51.0416,52.4428,355400.0
2020-09-28,52.8858,53.4102,52.5965,52.6056,446500.0
2020-09-29,52.6327,53.5186,52.3524,53.4644,311200.0
2020-09-30,53.4192,54.6668,53.374,53.5638,449900.0
2020-10-01,53.9978,54.8657,53.8622,54.7933,404300.0
2020-10-02,54.0159,54.2419,53.5006,53.9887,358700.0
2020-10-05,54.495,55.5798,54.0701,55.5346,249300.0
2020-10-06,55.6341,56.6195,55.5437,55.6883,412900.0
2020-10-07,55.9866,57.5145,55.9866,57.3427,473500.0
2020-10-08,57.4421,57.632,56.5833,57.6139,271000.0
2020-10-09,57.858,59.196,57.8128,59.0061,336700.0
2020-10-12,59.1055,59.6208,58.9971,59.1417,186800.0
2020-10-13,59.1869,59.648,58.6897,59.2683,298500.0
2020-10-14,59.1688,59.4129,57.0624,57.1709,417600.0
2020-10-15,56.7008,57.6591,56.3483,57.3698,250000.0
2020-10-16,57.867,58.5451,57.8128,57.9574,374000.0
2020-10-19,58.1925,58.2467,56.1674,56.4477,355400.0
2020-10-20,56.3935,57.3789,56.3392,56.3392,444400.0
2020-10-21,56.3302,57.0805,55.6793,55.6793,218300.0
2020-10-22,55.7606,56.4387,55.4804,55.7878,296700.0
2020-10-23,55.8691,56.2579,55.3357,55.8691,128200.0
2020-10-26,55.1821,55.4442,53.8441,54.4408,270400.0
2020-10-27,54.3142,54.9832,54.278,54.5221,549400.0
2020-10-28,53.7356,54.8024,53.4734,54.3413,519800.0
2020-10-29,54.2328,55.2092,54.0882,54.7481,407700.0
2020-10-30,54.4588,55.5075,54.0339,54.8114,615700.0
2020-11-02,55.2363,57.1438,55.2092,57.1438,408000.0
2020-11-03,57.6772,58.6716,57.5506,58.5089,492700.0
2020-11-04,58.6626,60.6514,57.7495,60.5701,617900.0
2020-11-05,61.4741,62.1973,60.3169,61.8719,729100.0
2020-11-06,63.2279,68.6521,61.8719,67.9831,2415200.0
2020-11-09,69.8002,71.093,62.9748,62.9929,988000.0
2020-11-10,63.0742,63.1014,60.6876,60.8594,650900.0
2020-11-11,61.0583,61.2571,59.6299,59.6932,620500.0
2020-11-12,59.4129,60.3531,58.1202,58.4456,700000.0
2020-11-13,58.536,59.1869,57.6591,57.8761,608300.0
2020-11-16,57.7314,57.849,56.7551,57.0715,454100.0
2020-11-17,57.0986,57.2704,56.1313,56.8726,659000.0
2020-11-18,57.0353,58.2739,57.0353,57.5416,865000.0
2020-11-19,57.5687,59.196,57.5687,58.6716,435300.0
2020-11-20,58.9067,60.4345,58.4547,60.0457,643100.0
2020-11-23,60.5882,60.5882,58.2467,59.0061,500900.0
2020-11-24,59.4687,60.2125,58.3077,60.1944,401700.0
2020-11-25,60.14,61.2375,59.505,61.0652,320700.0
2020-11-27,61.165,62.5437,61.0652,61.9541,193100.0
2020-11-30,62.2081,65.2197,62.2081,65.138,854000.0
2020-12-01,65.3195,65.7004,62.6254,63.0789,821200.0
2020-12-02,62.8885,63.5416,62.2988,63.1152,546400.0
2020-12-03,63.4146,64.1584,63.1969,63.342,258600.0
2020-12-04,63.4146,64.0314,62.6072,62.7887,314300.0
2020-12-07,62.7252,63.986,62.2535,63.6413,270800.0
2020-12-08,63.7139,65.5009,63.5234,65.3195,542900.0
2020-12-09,65.5644,66.0451,63.8228,64.1765,493000.0
2020-12-10,64.0767,65.7821,63.7502,65.646,354500.0
2020-12-11,65.5281,65.5281,63.0064,64.113,390100.0
2020-12-14,64.4124,64.4124,63.5144,63.5597,299300.0
2020-12-15,63.6232,64.0495,62.6707,62.6798,644700.0
2020-12-16,62.5891,62.9792,61.3011,61.3192,483600.0
2020-12-17,61.546,62.1991,61.0652,61.0924,451800.0
2020-12-18,61.6911,62.0449,60.9473,61.809,533900.0
2020-12-21,61.165,63.3148,61.165,62.9157,535900.0
2020-12-22,62.9247,63.6957,62.0448,63.5778,267100.0
2020-12-23,63.7593,64.7933,63.7593,64.2763,391300.0
2020-12-24,64.2854,64.7298,64.113,64.621,184100.0
2020-12-28,64.9022,64.9566,63.3329,63.8137,271100.0
2020-12-29,64.3035,64.8931,62.4531,62.7524,309100.0
2020-12-30,62.7977,64.0949,62.7977,63.8046,279700.0
2020-12-31,63.9316,63.9316,62.7252,63.088,230200.0
2021-01-04,62.4258,62.8703,60.1581,60.4665,534600.0
2021-01-05,60.3758,62.1628,60.1853,62.0539,317600.0
2021-01-06,61.7909,62.1719,60.7931,61.4552,607300.0
2021-01-07,61.7546,62.9247,61.5732,62.2535,367500.0
2021-01-08,63.723,63.8862,62.0539,62.698,399300.0
2021-01-11,61.9814,62.2626,59.8316,59.8316,372900.0
2021-01-12,57.8178,59.3871,56.4753,59.2692,1058600.0
2021-01-13,59.4415,59.6048,57.328,57.4278,1372500.0
2021-01-14,57.3371,57.6818,55.9855,56.1669,836400.0
2021-01-15,55.6045,56.1306,53.9808,54.8517,1342700.0
2021-01-19,55.2961,57.0468,54.8879,56.5661,1081300.0
2021-01-20,56.8291,57.3189,56.2304,56.8019,583700.0
2021-01-21,56.6749,57.1919,56.4572,56.9924,363000.0
2021-01-22,56.5207,57.4459,56.3937,57.1829,616800.0
2021-01-25,57.4187,58.0809,56.9924,57.6364,685700.0
2021-01-26,57.8632,58.1535,57.1466,57.2736,636900.0
2021-01-27,56.8472,56.8472,53.4275,54.135,1450300.0
2021-01-28,54.6793,55.7043,54.2983,55.0875,1029200.0
2021-01-29,55.1056,55.1056,53.3277,53.4366,589100.0
2021-02-01,53.7087,55.3415,53.5726,55.0603,794800.0
2021-02-02,55.6862,55.9674,54.8698,55.1963,704600.0
2021-02-03,55.405,55.405,53.8992,54.0806,798700.0
2021-02-04,52.6111,53.3277,52.5658,53.0828,2027400.0
2021-02-05,53.3912,54.0353,53.2642,53.5273,1061500.0
2021-02-08,54.0353,54.0353,52.5204,52.7653,508700.0
2021-02-09,52.3481,53.5182,51.5226,51.5952,629800.0
2021-02-10,51.8945,51.9399,50.8332,51.695,1081800.0
2021-02-11,52.123,52.123,50.8663,51.8316,834200.0
2021-02-12,51.5129,53.1611,51.5129,52.815,1022900.0
2021-02-16,53.1611,54.0534,52.2504,52.296,675900.0
2021-02-17,52.0137,53.0518,51.1577,52.2687,829100.0
2021-02-18,52.1776,52.4599,51.4764,51.9864,700500.0
2021-02-19,51.2032,51.7678,47.7065,48.3804,2246900.0
2021-02-22,48.1436,48.3713,46.3315,46.8961,1227600.0
2021-02-23,46.5228,48.3804,46.3042,48.2529,987300.0
2021-02-24,48.6627,49.6461,47.6974,49.4913,934800.0
2021-02-25,49.3729,50.1743,49.3001,49.9284,846600.0
2021-02-26,50.0559,50.4839,49.2455,49.464,867800.0
2021-03-01,50.1743,50.1743,49.3365,49.5095,481400.0
2021-03-02,49.3365,49.8191,47.7612,47.8158,759700.0
2021-03-03,47.8613,48.4077,47.2421,47.4516,1303100.0
2021-03-04,47.488,47.7885,46.0857,46.5501,922300.0
2021-03-05,46.887,49.546,46.632,49.4731,1005800.0
2021-03-08,49.4458,49.719,47.7521,47.834,581800.0
2021-03-09,48.7993,49.0907,48.2893,48.7537,716300.0
2021-03-10,49.3001,50.3473,49.0998,49.9648,1076000.0
2021-03-11,50.0286,52.0865,50.0286,52.0501,755300.0
2021-03-12,51.7223,52.5236,50.9665,52.3233,900900.0
2021-03-15,52.2869,53.1975,52.0137,52.214,1066900.0
2021-03-16,52.0319,52.5509,51.2215,51.5493,823000.0
2021-03-17,51.4218,51.7405,50.7297,51.5402,393700.0
2021-03-18,50.9574,51.267,50.238,50.7662,352900.0
2021-03-19,50.9847,51.9135,50.6933,51.6859,507700.0
2021-03-22,51.5402,51.8225,51.0211,51.6494,445000.0
2021-03-23,51.7314,51.868,51.3489,51.3945,626800.0
2021-03-24,51.3854,51.9408,51.094,51.5402,563400.0
2021-03-25,51.7223,52.0046,50.6023,51.9317,615900.0
2021-03-26,52.0683,54.2174,51.6312,54.19,645600.0
2021-03-29,54.017,54.272,52.2596,52.6602,706700.0
2021-03-30,52.6238,53.2885,51.8771,52.9698,434000.0
2021-03-31,53.3887,53.7803,53.0609,53.3159,660400.0
2021-04-01,53.5253,55.0915,53.2976,55.0733,504600.0
2021-04-05,55.3283,56.2571,54.3995,55.9475,830300.0
2021-04-06,55.9202,55.9293,54.9185,55.4649,515100.0
2021-04-07,55.5468,55.9657,55.2372,55.9202,576700.0
2021-04-08,56.2298,56.2844,55.474,56.0568,564200.0
2021-04-09,56.3755,57.0311,56.0112,56.849,446300.0
2021-04-12,56.5758,57.7414,56.4301,57.6048,495900.0
2021-04-13,57.3225,57.8962,56.9492,57.5411,693400.0
2021-04-14,57.5046,57.532,56.2116,56.4028,1207800.0
2021-04-15,56.7761,57.4773,56.5394,57.4136,467900.0
2021-04-16,57.5411,57.5502,56.9856,57.2497,481200.0
2021-04-19,57.3043,57.3771,56.9218,57.0038,527300.0
2021-04-20,56.849,57.2588,56.1752,56.8035,577300.0
2021-04-21,56.4939,57.1222,55.7472,56.8399,705200.0
2021-04-22,57.022,57.0675,56.4756,56.594,507300.0
2021-04-23,56.8672,57.7778,56.2298,57.532,376700.0
2021-04-26,57.5684,57.9781,57.022,57.5411,304000.0
2021-04-27,57.5137,58.0783,57.3043,57.8689,184000.0
2021-04-28,57.705,58.4608,57.6776,58.1329,231500.0
2021-04-29,58.3697,58.9889,58.1329,58.8614,266500.0
2021-04-30,58.7157,58.907,57.8598,57.9144,273700.0
2021-05-03,58.2331,58.5154,57.4682,57.4955,790500.0
2021-05-04,57.0675,57.4227,56.3482,56.8308,623600.0
2021-05-05,57.3316,60.7373,57.0311,59.599,1020900.0
2021-05-06,59.4624,60.1636,59.4624,60.1636,804500.0
2021-05-07,60.373,61.3019,60.3457,61.0924,322700.0
2021-05-10,61.32,62.3217,60.6735,61.4657,472600.0
2021-05-11,60.5643,62.1214,59.4897,59.5444,1248500.0
2021-05-12,58.5882,58.7613,54.8639,55.128,973300.0
2021-05-13,55.1826,56.4756,55.0096,55.9202,522700.0
2021-05-14,56.1296,57.7596,55.993,57.5775,342300.0
2021-05-17,57.3863,57.5866,56.7215,57.3225,752700.0
2021-05-18,57.2679,57.3498,55.7107,55.7107,336200.0
2021-05-19,54.9731,56.0386,54.4905,56.0203,295100.0
2021-05-20,56.4939,57.1495,55.9384,56.4392,296700.0
2021-05-21,56.7488,57.1404,56.3937,56.5667,316500.0
2021-05-24,56.9674,57.022,56.3208,56.7306,157600.0
2021-05-25,56.8403,56.8403,55.6157,56.1092,506800.0
2021-05-26,56.3834,56.8951,55.6614,55.6614,895200.0
2021-05-27,55.762,55.9082,54.839,55.04,476600.0
2021-05-28,55.1862,55.1862,54.3272,54.5648,544100.0
2021-06-01,54.8755,55.2502,54.3729,54.4095,732300.0
2021-06-02,54.6562,55.4238,54.2815,55.369,636900.0
2021-06-03,55.0035,55.2593,54.4552,54.6654,233800.0
2021-06-04,55.04,55.5244,54.1262,54.4552,227100.0
2021-06-07,54.2907,54.7019,53.0296,53.0936,438400.0
2021-06-08,53.4682,53.6876,52.8651,53.45,496600.0
2021-06-09,53.587,53.6419,52.5727,52.6915,329600.0
2021-06-10,52.7463,52.9839,52.1341,52.7098,443100.0
2021-06-11,53.0113,53.7241,52.9108,53.6053,1283400.0
2021-06-14,53.5962,54.8299,53.4957,54.4095,1073300.0
2021-06-15,54.4278,54.711,53.8886,54.2084,652800.0
2021-06-16,54.4826,55.0309,53.9617,54.0896,661300.0
2021-06-17,54.0074,54.0988,53.057,53.8429,324000.0
2021-06-18,53.3312,54.6288,53.2672,53.852,320900.0
2021-06-21,54.1627,54.6928,53.7515,54.6471,217600.0
2021-06-22,54.6836,55.7894,54.4735,55.5609,300900.0
2021-06-23,55.6614,56.0635,55.3325,55.6614,211300.0
2021-06-24,56.1366,56.2554,55.2959,55.8899,223000.0
2021-06-25,56.1183,56.1915,55.1223,55.369,223300.0
2021-06-28,55.04,55.3142,53.7241,53.9434,697800.0
2021-06-29,53.6327,54.2998,52.8468,54.0896,396400.0
2021-06-30,54.1354,54.4826,53.7698,54.1719,296600.0
2021-07-01,54.2633,54.7476,53.5231,54.6197,158800.0
2021-07-02,55.0035,55.0035,54.3821,54.711,226300.0
2021-07-06,54.1536,54.3821,53.2489,54.2724,210200.0
2021-07-07,54.3912,55.3507,54.3455,55.0766,211500.0
2021-07-08,54.5283,54.775,53.6876,53.8612,330300.0
2021-07-09,54.0165,54.574,53.8977,54.5283,231400.0
2021-07-12,54.1536,54.5466,53.9891,54.4004,218500.0
2021-07-13,54.1628,54.5923,54.0714,54.3729,216200.0
2021-07-14,54.7202,55.1314,54.1171,54.1719,212500.0
2021-07-15,54.1353,54.1353,53.2124,53.6967,202600.0
2021-07-16,53.9252,55.2137,53.7607,54.775,457200.0
2021-07-19,53.9252,53.9526,52.8103,53.1575,314600.0
2021-07-20,53.0936,54.9304,52.8834,54.7293,161000.0
2021-07-21,54.8847,55.8808,54.7842,55.5975,139400.0
2021-07-22,55.8168,55.8168,55.3781,55.4056,219400.0
2021-07-23,55.4878,55.8077,55.2228,55.3233,197300.0
2021-07-26,55.1497,55.2868,54.2907,54.6836,232600.0
2021-07-27,54.6379,55.168,53.5139,54.0531,267300.0
2021-07-28,54.0257,54.4095,53.4043,54.1902,201600.0
2021-07-29,54.4826,55.0857,54.3821,54.4643,173800.0
2021-07-30,54.1079,54.7019,54.1079,54.5831,203500.0
2021-08-02,54.9761,55.1497,54.0165,54.0348,133600.0
2021-08-03,54.181,54.3912,53.3677,53.5779,294500.0
2021-08-04,53.1941,53.9617,53.1941,53.3586,269600.0
2021-08-05,53.6876,54.4826,53.2581,54.4734,422500.0
2021-08-06,52.0975,53.7333,48.7346,53.2581,1728000.0
2021-08-09,56.6667,56.8494,53.9252,54.1079,1005100.0
2021-08-10,53.8521,55.4421,53.5779,54.2907,548700.0
2021-08-11,54.6014,55.2685,54.3455,55.1862,317900.0
2021-08-12,55.2593,56.3651,54.5374,56.1823,496800.0
2021-08-13,56.1183,56.4839,55.1771,56.2371,699000.0
2021-08-16,55.7163,57.7176,55.2685,57.617,831300.0
2021-08-17,57.1144,57.5896,56.7854,57.352,1409600.0
2021-08-18,57.48,57.48,55.2776,55.3964,1643200.0
2021-08-19,55.1862,56.0818,54.7019,55.8625,653900.0
2021-08-20,55.9356,56.6575,55.4787,56.3559,622900.0
2021-08-23,56.6941,56.8586,55.7345,56.5296,696100.0
2021-08-24,56.7039,57.2177,56.2635,56.9058,538100.0
2021-08-25,57.0434,57.5205,56.7039,57.126,484400.0
2021-08-26,57.0342,57.0984,56.6305,57.0893,375200.0
2021-08-27,57.3278,57.805,56.9516,57.4655,579000.0
2021-08-30,57.4196,57.9334,57.1535,57.805,231200.0
2021-08-31,58.0894,58.1628,57.4012,57.4288,458000.0
2021-09-01,57.4563,58.3738,57.4012,58.1261,446700.0
2021-09-02,58.5665,59.3648,58.3188,58.8326,399300.0
2021-09-03,58.9886,58.9886,57.6581,57.6949,360200.0
2021-09-07,57.5113,57.649,56.814,56.814,619500.0
2021-09-08,56.6213,57.7958,56.4103,57.7683,314100.0
2021-09-09,58.1811,59.0895,57.8692,58.8601,386300.0
2021-09-10,58.9702,60.0254,58.9152,59.6125,343200.0
2021-09-13,59.9887,59.9887,58.3279,58.4931,322800.0
2021-09-14,58.5665,58.9702,57.8508,58.0894,217900.0
2021-09-15,58.1628,58.7684,57.7958,58.594,167800.0
2021-09-16,58.6858,58.9244,57.6765,57.7499,240300.0
2021-09-17,57.7132,57.7407,56.3369,56.4929,1025300.0
2021-09-20,55.0615,56.4286,55.0065,56.3461,639900.0
2021-09-21,56.3461,56.7131,55.5478,56.1259,532200.0
2021-09-22,56.4286,57.6031,55.9699,57.2728,363000.0
2021-09-23,57.7132,57.9701,57.3095,57.4012,350500.0
2021-09-24,56.7498,57.0984,56.4286,56.8691,365200.0
2021-09-27,56.759,57.1902,56.3277,57.0526,331000.0
2021-09-28,56.3277,56.759,55.5478,55.8781,431400.0
2021-09-29,56.135,56.814,55.8781,56.4195,211900.0
2021-09-30,56.7131,57.2269,56.3185,56.5755,325700.0
2021-10-01,56.3461,56.8323,55.9423,56.5112,332100.0
2021-10-04,56.5755,57.1443,56.0249,56.9975,490900.0
2021-10-05,57.2544,58.5023,56.8232,58.2178,471900.0
2021-10-06,57.8049,58.3922,57.1351,57.6765,279500.0
2021-10-07,58.1536,59.6951,58.1353,58.9519,355000.0
2021-10-08,58.9886,59.3372,58.3463,58.4105,277000.0
2021-10-11,58.5115,59.0528,58.0252,58.0527,111200.0
2021-10-12,58.1353,59.1354,58.0435,58.328,475300.0
2021-10-13,58.7041,59.6859,58.6124,59.5299,237200.0
2021-10-14,60.0988,60.7135,60.0254,60.6677,169700.0
2021-10-15,60.842,61.521,60.6493,61.1081,272800.0
2021-10-18,60.842,61.888,60.5576,61.8238,331000.0
2021-10-19,62.0715,62.4752,61.5118,62.3835,362800.0
2021-10-20,62.6679,62.8147,61.5852,61.7137,521700.0
2021-10-21,61.8513,61.9981,61.209,61.7412,290900.0
2021-10-22,61.6862,62.255,61.3467,61.9706,422600.0
2021-10-25,61.8788,63.0991,61.6586,62.8973,309200.0
2021-10-26,62.9707,62.9707,61.9522,62.1724,530800.0
2021-10-27,62.1816,62.4844,61.4017,61.7504,570600.0
2021-10-28,61.9247,62.5028,61.5118,62.3926,254600.0
2021-10-29,62.2734,62.9432,62.1357,62.7138,269500.0
2021-11-01,62.723,63.0533,62.3468,62.7046,187200.0
2021-11-02,62.3284,64.136,61.6311,62.7505,450700.0
2021-11-03,62.8422,62.9523,61.8329,62.411,507900.0
2021-11-04,62.5578,63.3377,61.8696,63.145,558200.0
2021-11-05,63.769,69.8981,63.5763,68.3475,1232300.0
2021-11-08,67.9254,67.9713,64.3195,64.8884,742300.0
2021-11-09,64.8884,65.1636,64.1452,64.8608,417200.0
2021-11-10,64.7691,65.9986,64.558,64.7599,358300.0
2021-11-11,64.925,65.0535,64.2277,64.4663,209200.0
2021-11-12,64.4663,65.6132,64.4663,65.1361,329800.0
2021-11-15,65.2921,65.9986,65.0351,65.6499,244100.0
2021-11-16,65.604,66.8519,65.3288,66.6133,238000.0
2021-11-17,66.4298,66.6867,65.9802,66.4298,478300.0
2021-11-18,66.6776,67.1455,66.1638,66.751,341800.0
2021-11-19,66.8978,67.5584,66.6133,66.7234,241300.0
2021-11-22,66.7326,67.1455,64.659,64.6773,264700.0
2021-11-23,64.5944,64.7694,63.7565,64.5576,263000.0
2021-11-24,64.1156,64.8523,63.821,64.7694,158000.0
2021-11-26,63.8854,64.6957,63.4711,63.6368,179100.0
2021-11-29,64.2722,64.7602,63.5539,63.9959,391700.0
2021-11-30,63.646,64.0972,62.3201,62.5042,428000.0
2021-12-01,63.158,63.4066,61.4361,61.5374,651900.0
2021-12-02,61.6479,63.6644,61.6479,63.4711,557900.0
2021-12-03,63.8026,64.1893,62.4674,63.1396,237500.0
2021-12-06,63.2316,64.3458,63.1119,64.0512,188600.0
2021-12-07,64.9351,65.9756,64.6221,65.2298,268900.0
2021-12-08,65.3495,65.3587,64.4379,64.7326,300500.0
2021-12-09,64.5208,64.7141,62.6239,62.6976,373200.0
2021-12-10,62.6884,62.7805,61.74,62.1727,353400.0
2021-12-13,62.0346,62.0346,60.6626,60.6902,518400.0
2021-12-14,60.6074,60.7455,58.4158,58.6184,744300.0
2021-12-15,58.7657,58.7657,57.6884,58.3514,434500.0
2021-12-16,58.8026,59.1617,57.8818,58.3882,533800.0
2021-12-17,57.7529,58.6092,57.3938,57.6608,681800.0
2021-12-20,57.007,57.1451,54.8339,55.3219,600100.0
2021-12-21,55.8928,56.3164,55.4417,56.1783,618500.0
2021-12-22,56.1967,56.2796,55.4232,55.902,406400.0
2021-12-23,55.7824,56.6571,55.4417,56.3993,345100.0
2021-12-27,56.5466,57.2188,56.0494,57.1636,196900.0
2021-12-28,57.3017,57.5043,56.5098,56.786,197000.0
2021-12-29,56.7124,57.274,56.6019,56.6019,293900.0
2021-12-30,56.8965,56.9518,56.3532,56.3809,258600.0
2021-12-31,56.2243,56.5927,55.9941,56.3624,221900.0
2022-01-03,56.3072,56.8413,55.5798,56.5558,273400.0
2022-01-04,56.4914,56.7952,55.9573,56.3624,243600.0
2022-01-05,56.1599,57.2833,55.7823,55.9297,825700.0
2022-01-06,56.5558,56.5558,55.1378,55.9665,448900.0
2022-01-07,55.6074,56.0954,54.1157,55.0549,630400.0
2022-01-10,54.5116,55.6534,54.1341,55.5982,525900.0
2022-01-11,55.5982,56.252,54.6405,55.7639,486700.0
2022-01-12,55.8652,56.8413,55.6534,56.8044,692400.0
2022-01-13,57.182,57.9002,56.8873,57.4306,573400.0
2022-01-14,57.1451,57.6424,56.7032,56.961,474800.0
2022-01-18,56.8136,57.2372,55.9113,56.4914,533000.0
2022-01-19,56.5558,57.9647,56.2888,57.449,499100.0
2022-01-20,58.0015,59.4748,57.67,57.6976,556500.0
2022-01-21,57.449,57.449,56.0402,56.0678,543100.0
2022-01-24,55.0733,56.9426,54.7234,56.8321,616300.0
2022-01-25,55.9757,56.077,54.4656,55.3772,643500.0
2022-01-26,55.8284,56.4453,54.5485,54.6866,478900.0
2022-01-27,55.193,55.5245,53.1949,53.2133,374800.0
2022-01-28,53.4159,54.6129,52.5779,54.5669,379200.0
2022-01-31,54.484,56.298,54.4564,56.1322,283500.0
2022-02-01,56.0218,56.8505,55.2759,56.8229,203500.0
2022-02-02,57.1359,57.3109,56.7308,56.9886,225300.0
2022-02-03,56.2704,56.7768,55.8192,56.1415,332600.0
2022-02-04,55.8928,56.1046,55.0549,55.7179,217600.0
2022-02-07,56.252,56.252,55.1838,55.4693,261800.0
2022-02-08,55.2391,56.7676,55.2114,56.3809,318400.0
2022-02-09,56.9518,58.0291,56.9518,57.7713,2372600.0
2022-02-10,56.7174,56.893,54.1288,54.3784,1574800.0
2022-02-11,54.3692,54.628,52.7328,53.0564,508900.0
2022-02-14,52.9732,53.5741,52.5664,53.0656,506300.0
2022-02-15,53.6481,53.9624,53.5649,53.7128,426200.0
2022-02-16,53.5649,53.8792,53.1211,53.6018,443000.0
2022-02-17,53.2783,53.796,52.8622,53.1119,409300.0
2022-02-18,50.8561,51.8268,44.9764,47.4078,2417300.0
2022-02-22,47.9994,48.6836,47.3523,47.8515,1104500.0
2022-02-23,47.9347,48.397,46.622,46.6774,801200.0
2022-02-24,45.4479,48.2028,45.4479,48.1104,694000.0
2022-02-25,48.1751,48.4894,47.528,48.2491,633600.0
2022-02-28,48.0272,48.6281,47.8238,48.4247,466500.0
2022-03-01,48.5541,50.5325,48.4247,50.0426,543800.0
2022-03-02,50.4031,52.7698,50.4031,51.9932,669300.0
2022-03-03,52.0949,52.4277,51.605,52.1596,495800.0
2022-03-04,51.8083,53.0656,51.8083,52.8345,410100.0
2022-03-07,52.9177,53.5926,52.326,52.4925,566400.0
2022-03-08,52.1966,53.6203,51.984,52.0302,678700.0
2022-03-09,52.6589,53.6758,52.6589,53.2413,592500.0
2022-03-10,52.7051,53.4909,52.5387,53.3892,219900.0
2022-03-11,53.685,53.9531,52.7328,52.9639,438100.0
2022-03-14,53.2136,53.3615,52.3815,52.6311,414500.0
2022-03-15,52.7698,53.3707,52.4185,53.343,257200.0
2022-03-16,53.9531,54.2305,53.0564,54.212,277300.0
2022-03-17,54.0548,56.0147,54.0363,55.7466,336100.0
2022-03-18,55.2844,55.7097,54.5725,55.6265,521100.0
2022-03-21,55.3769,55.7189,54.5726,54.9423,226200.0
2022-03-22,55.0533,55.2659,54.5818,54.7205,216500.0
2022-03-23,54.5726,54.9793,53.8699,54.4154,183000.0
2022-03-24,54.4616,54.5448,53.9716,54.3507,185200.0
2022-03-25,54.3507,54.5633,53.9531,54.4616,176500.0
2022-03-28,54.739,54.739,54.1196,54.665,221500.0
2022-03-29,55.0071,55.9223,54.9886,55.497,351300.0
2022-03-30,55.4231,55.4693,54.7759,54.9054,424900.0
2022-03-31,55.0625,55.7097,54.5725,54.5725,192600.0
2022-04-01,54.6465,55.1735,54.6373,54.7482,193200.0
2022-04-04,54.8129,55.7466,54.7574,55.6357,270100.0
2022-04-05,55.645,56.4215,55.3214,55.3861,218200.0
2022-04-06,54.9054,55.0256,54.4431,54.5448,180500.0
2022-04-07,54.5078,54.5078,53.5001,54.0271,254900.0
2022-04-08,53.9624,54.0826,53.5649,53.7682,406900.0
2022-04-11,53.3707,53.8977,53.2505,53.4724,256500.0
2022-04-12,53.8145,53.8145,52.6404,52.7421,364300.0
2022-04-13,52.7051,53.2968,52.5017,52.7513,287400.0
2022-04-14,53.1396,53.1951,51.4108,51.4108,323500.0
2022-04-18,51.2259,51.4016,50.4678,50.7267,305800.0
2022-04-19,50.8746,51.8268,50.5418,51.6512,562900.0
2022-04-20,52.1319,53.0749,50.7452,52.9547,525100.0
2022-04-21,53.3152,53.4724,52.1874,52.3908,511100.0
2022-04-22,52.1966,52.4185,51.0965,51.2721,348500.0
2022-04-25,51.3091,52.3168,50.7914,52.1966,333200.0
2022-04-26,51.984,52.3908,50.4308,50.588,305000.0
2022-04-27,50.2737,51.5957,50.2737,51.2906,275000.0
2022-04-28,51.7621,52.4,51.0502,52.1134,485800.0
2022-04-29,52.0302,52.7051,50.8931,50.9301,273500.0
2022-05-02,50.6342,50.7637,48.6558,49.1643,362900.0
2022-05-03,49.0441,49.7375,48.9054,49.2845,591400.0
2022-05-04,49.2845,50.4124,48.4432,50.1165,1196300.0
2022-05-05,49.682,50.3107,48.3415,48.7113,312600.0
2022-05-06,48.397,48.9054,47.6574,48.3692,280200.0
2022-05-09,47.7221,47.7683,46.8623,47.1397,491600.0
2022-05-10,49.1828,53.8422,49.1828,52.7883,1344200.0
2022-05-11,53.0841,54.6927,52.8992,53.8977,819300.0
2022-05-12,53.8422,54.9701,52.9732,54.4616,680800.0
2022-05-13,55.6542,57.4755,55.4231,57.1889,793200.0
2022-05-16,56.7174,57.6788,56.2181,57.4015,395800.0
2022-05-17,58.1041,58.326,56.7543,57.004,364100.0
2022-05-18,56.2829,56.7451,55.9593,56.1072,262800.0
2022-05-19,55.8114,56.7081,55.4231,55.9685,384800.0
2022-05-20,56.403,56.514,54.4339,55.4878,322200.0
2022-05-23,55.8946,56.0148,54.6558,54.9701,295300.0
2022-05-24,55.0163,55.1735,54.0179,54.8037,430200.0
2022-05-25,54.8684,55.155,54.138,54.7667,472600.0
2022-05-26,54.9709,55.9086,54.9152,55.2309,413200.0
2022-05-27,55.4537,55.9643,55.3887,55.6858,417300.0
2022-05-31,55.5373,56.1686,54.7853,55.8808,349100.0
2022-06-01,56.2243,56.54,55.3052,55.8344,345500.0
2022-06-02,55.9458,57.1806,55.9458,57.1434,265300.0
2022-06-03,56.837,57.0227,56.3636,56.5864,241300.0
2022-06-06,56.4843,57.4219,56.1315,56.9856,301400.0
2022-06-07,57.1156,57.5798,56.5678,57.2548,239700.0
2022-06-08,57.162,57.162,55.8158,56.0201,195000.0
2022-06-09,55.9736,56.6699,55.7137,56.2336,201700.0
2022-06-10,55.5187,55.8808,55.0916,55.4723,279000.0
2022-06-13,54.5625,56.8649,54.3582,55.7972,571200.0
2022-06-14,55.8529,56.8185,55.5001,56.2707,459000.0
2022-06-15,56.6142,57.0227,55.5837,56.6514,503300.0
2022-06-16,56.085,56.1407,54.3582,54.7481,659600.0
2022-06-17,54.7296,55.8065,54.6182,55.2402,848400.0
2022-06-21,55.7787,56.4007,55.5651,56.0386,437100.0
2022-06-22,55.6672,56.02,55.1288,55.4259,398000.0
2022-06-23,55.5744,56.2429,54.9617,56.1593,468500.0
2022-06-24,56.5214,57.3755,56.4193,57.3384,520600.0
2022-06-27,57.5241,58.9631,57.1991,58.0068,680100.0
2022-06-28,58.4896,59.3437,58.0718,58.0811,570400.0
2022-06-29,58.3875,59.1673,57.9883,59.0559,377400.0
2022-06-30,59.0466,60.4393,58.3875,60.4021,489100.0
2022-07-01,60.2629,63.0574,60.1329,62.6582,1038800.0
2022-07-05,61.2934,61.934,58.9631,59.8637,640800.0
2022-07-06,59.8544,61.3027,59.8544,61.0056,462200.0
2022-07-07,60.9499,61.1541,60.1329,60.6342,557400.0
2022-07-08,60.3093,61.4419,60.3093,61.0799,543700.0
2022-07-11,61.052,61.3862,60.2072,60.8478,450100.0
2022-07-12,60.2907,61.9433,60.2907,61.5719,590600.0
2022-07-13,60.1329,60.2814,56.0201,56.0201,839500.0
2022-07-14,56.3636,62.1754,56.215,62.0083,1446900.0
2022-07-15,62.2311,63.4659,61.5998,62.9274,701100.0
2022-07-18,63.1781,63.3637,62.2961,62.4168,454800.0
2022-07-19,62.5746,64.2921,62.5746,63.8372,647800.0
2022-07-20,64.1714,64.1714,61.934,62.4075,628300.0
2022-07-21,62.2032,63.438,62.1289,63.1502,602600.0
2022-07-22,63.178,64.2828,62.7324,64.2643,424700.0
2022-07-25,63.9765,64.4221,62.9645,64.2272,305200.0
2022-07-26,63.8929,64.5985,63.6701,64.0879,229200.0
2022-07-27,64.1529,64.9235,63.7537,64.7285,219400.0
2022-07-28,64.5985,65.9169,64.5985,65.6105,445000.0
2022-07-29,65.5733,67.4116,65.5733,66.9102,486800.0
2022-08-01,66.6967,67.0774,66.149,66.8453,580600.0
2022-08-02,66.576,67.0774,66.0747,66.0933,476600.0
2022-08-03,66.2511,66.9567,65.9726,66.6503,420300.0
2022-08-04,66.641,67.523,66.4553,67.458,704100.0
2022-08-05,66.901,66.966,61.5533,62.8067,1468200.0
2022-08-08,62.9831,65.6755,62.9831,63.9394,630000.0
2022-08-09,63.8836,64.9884,63.503,64.877,627800.0
2022-08-10,66.0004,66.446,65.0906,65.3505,514500.0
2022-08-11,65.0999,66.3254,64.8399,64.9235,288700.0
2022-08-12,64.812,66.2696,64.812,66.2232,252300.0
2022-08-15,66.1025,66.6596,65.6662,65.9911,168000.0
2022-08-16,65.3691,66.1025,65.2762,65.7033,336900.0
2022-08-17,65.6105,65.8797,65.2391,65.6755,241000.0
2022-08-18,66.084,66.6781,65.9169,66.0004,273200.0
2022-08-19,65.694,65.694,64.6171,65.4341,207800.0
2022-08-22,65.1834,65.8426,64.9049,65.7869,213900.0
2022-08-23,65.964,66.1131,65.3395,66.0478,184400.0
2022-08-24,66.3367,66.402,65.4793,65.5818,203400.0
2022-08-25,65.9733,66.0478,64.9015,65.9546,236900.0
2022-08-26,65.8521,66.1037,64.7431,64.771,240200.0
2022-08-29,64.7617,65.4421,64.333,65.0786,186700.0
2022-08-30,64.8456,65.1532,64.5101,65.004,240500.0
2022-08-31,64.9668,65.2277,64.1,64.6219,354900.0
2022-09-01,64.5474,65.3955,64.0162,65.3955,521600.0
2022-09-02,65.7496,67.0637,65.1997,65.4234,338500.0
2022-09-06,65.47,65.8708,64.361,64.5101,261400.0
2022-09-07,64.5474,65.1625,63.8577,65.0134,542400.0
2022-09-08,64.9481,64.9481,62.9537,63.2706,351800.0
2022-09-09,63.4011,63.9043,63.4011,63.8018,392800.0
2022-09-12,63.7925,64.2212,63.2613,63.7645,311800.0
2022-09-13,62.6741,63.3172,61.9006,61.9938,306500.0
2022-09-14,62.2548,62.4225,60.9127,61.3508,273800.0
2022-09-15,61.1085,61.8074,60.8195,61.0059,308400.0
2022-09-16,60.3256,61.4999,60.2511,61.0059,494800.0
2022-09-19,60.8568,61.3042,60.2511,61.2017,685100.0
2022-09-20,61.0805,61.2576,60.0926,60.2604,355100.0
2022-09-21,60.3536,61.0805,59.7198,59.7478,455200.0
2022-09-22,59.813,59.8596,58.5922,58.8997,326800.0
2022-09-23,58.6108,58.8438,58.005,58.4337,427000.0
2022-09-26,58.1821,59.5055,57.8559,58.4151,308500.0
2022-09-27,58.8531,59.5241,58.7599,59.1327,545000.0
2022-09-28,59.1327,60.8941,58.8252,60.6238,349500.0
2022-09-29,60.4281,60.7543,59.5987,59.6173,334500.0
2022-09-30,59.6266,59.7571,58.2194,58.2287,364500.0
2022-10-03,58.676,59.0861,58.033,58.8158,873500.0
2022-10-04,59.6639,61.0525,59.3843,61.0059,542100.0
2022-10-05,59.8503,59.9901,58.6574,59.1513,492400.0
2022-10-06,59.142,59.2445,57.3993,57.4272,242700.0
2022-10-07,56.8121,56.8401,55.8429,56.3182,337900.0
2022-10-10,56.3741,56.3741,55.5074,55.8709,186600.0
2022-10-11,56.0106,56.7282,55.8243,56.2995,298800.0
2022-10-12,56.2809,56.3555,55.7311,56.0759,261600.0
2022-10-13,55.2744,57.1849,54.7245,56.9799,289600.0
2022-10-14,57.6416,58.6854,57.1756,57.2781,383000.0
2022-10-17,57.7254,59.5707,57.6043,59.2725,340400.0
2022-10-18,59.8037,60.2231,59.1047,59.608,283500.0
2022-10-19,59.4123,59.6173,58.8345,59.2259,249900.0
2022-10-20,59.1607,59.4403,57.5857,57.9864,225300.0
2022-10-21,57.6975,59.0675,57.6323,58.7506,231100.0
2022-10-24,59.0954,59.58,58.471,59.3657,161600.0
2022-10-25,59.4403,59.8317,58.8811,59.8224,207900.0
2022-10-26,60.2511,60.5493,59.3937,59.6546,167300.0
2022-10-27,59.5428,60.3722,59.3657,59.3937,190500.0
2022-10-28,59.5521,61.5372,59.4403,61.4533,189800.0
2022-10-31,61.2389,61.3508,60.7263,60.8848,183100.0
2022-11-01,61.5278,61.5278,60.4374,60.6984,167200.0
2022-11-02,60.0087,60.0274,57.4459,57.6136,463400.0
2022-11-03,57.0544,58.499,56.4766,57.9305,277000.0
2022-11-04,58.3405,59.0395,57.362,58.0796,383900.0
2022-11-07,51.2483,51.3043,45.405,47.8001,7232700.0
2022-11-08,47.418,47.7535,46.6911,47.0079,4493100.0
2022-11-09,46.6072,48.7041,46.4208,47.418,3706500.0
2022-11-10,48.7507,49.7572,48.0051,49.692,2392700.0
2022-11-11,49.4776,51.239,49.3472,51.1086,1915300.0
2022-11-14,51.4907,52.7022,51.0154,52.1803,3480900.0
2022-11-15,52.4599,53.3173,51.7516,52.8234,1541600.0
2022-11-16,52.842,53.0004,51.5186,52.1803,2653500.0
2022-11-17,51.6957,51.9659,50.2605,51.3788,1734300.0
2022-11-18,51.8075,52.0964,50.4655,51.1738,1162400.0
2022-11-21,51.1831,52.9072,51.0154,52.2828,1728900.0
2022-11-22,51.8427,52.1423,50.8126,51.0186,1009000.0
2022-11-23,50.6346,51.131,50.0259,50.157,1251800.0
2022-11-25,50.4005,51.3089,49.9791,50.9718,624600.0
2022-11-28,50.8875,51.4494,50.5785,50.747,840200.0
2022-11-29,50.6908,50.7189,49.8105,49.8948,1232900.0
2022-11-30,49.9417,51.4213,49.8667,51.3651,1185000.0
2022-12-01,51.5055,51.5617,50.6159,50.8126,836300.0
2022-12-02,50.3069,51.2995,50.157,50.9905,1043000.0
2022-12-05,51.4868,52.4982,51.1497,51.6179,1528100.0
2022-12-06,51.4775,51.5992,50.541,51.1684,1015100.0
2022-12-07,51.1029,52.339,50.8968,51.927,946700.0
2022-12-08,51.8708,53.6032,51.8333,53.4909,1418100.0
2022-12-09,53.3785,53.7718,52.751,52.9664,759800.0
2022-12-12,53.2942,53.4066,52.2454,52.8915,1072700.0
2022-12-13,53.9123,54.0059,52.6387,53.2474,831300.0
2022-12-14,53.2474,54.5022,53.2099,53.444,1512100.0
2022-12-15,52.9477,53.0788,51.6554,51.824,1793800.0
2022-12-16,51.9644,52.6293,50.9718,51.6741,2149300.0
2022-12-19,51.7116,51.8052,50.7657,51.1216,1013200.0
2022-12-20,50.8313,51.2714,50.3912,50.8781,716800.0
2022-12-21,50.8781,52.2173,50.5878,52.2173,933600.0
2022-12-22,51.7022,52.3858,51.4868,52.3015,1889100.0
2022-12-23,52.3015,52.751,51.9738,52.5638,1209500.0
2022-12-27,52.7136,53.7624,52.4046,53.7531,1555700.0
2022-12-28,54.0902,54.624,53.6688,53.8748,1694000.0
2022-12-29,54.1745,54.6053,53.7624,54.343,1292600.0
2022-12-30,53.9497,54.24,53.6032,54.1557,500900.0
2023-01-03,54.4086,54.4367,53.6875,54.0996,909700.0
2023-01-04,54.5678,54.6989,54.0153,54.3711,506500.0
2023-01-05,53.8467,54.0902,53.3785,53.5283,689800.0
2023-01-06,53.8935,55.1016,53.7156,54.9236,721000.0
2023-01-09,55.0267,55.2608,54.6521,54.727,1122300.0
2023-01-10,54.8581,55.5417,54.3618,55.4855,954900.0
2023-01-11,55.6635,56.2534,55.4481,55.9631,1236000.0
2023-01-12,56.0099,56.0099,55.3919,55.5885,855100.0
2023-01-13,55.3544,55.7758,55.2701,55.6728,958700.0
2023-01-17,55.7571,56.5999,55.6073,56.0287,782900.0
2023-01-18,56.0568,56.1504,55.5698,55.7009,1166000.0
2023-01-19,55.4012,56.1598,55.4012,55.8882,945500.0
2023-01-20,56.0755,56.7497,55.5604,56.3471,1034900.0
2023-01-23,57.7799,58.2949,57.2367,57.5832,9172200.0
2023-01-24,57.3397,57.5083,54.933,55.0079,4428900.0
2023-01-25,54.9892,54.9892,53.6688,54.5303,4379100.0
2023-01-26,54.6052,55.3825,53.8748,54.933,3366000.0
2023-01-27,54.418,55.3451,54.2681,55.1578,871700.0
2023-01-30,55.2046,56.5999,55.0922,55.5792,2653300.0
2023-01-31,55.6354,56.8247,55.5324,56.628,1414800.0
2023-02-01,56.6186,58.3698,56.4595,58.1076,1100300.0
2023-02-02,58.1544,59.2126,57.8735,58.0327,985300.0
2023-02-03,57.4053,58.604,57.4053,58.3886,875200.0
2023-02-06,58.2481,58.6882,57.8829,57.9672,911700.0
2023-02-07,57.5926,58.1732,57.218,58.0608,1591300.0
2023-02-08,58.0702,59.1565,57.733,58.6789,1602300.0
2023-02-09,59.1773,59.8921,58.6883,59.7511,1876200.0
2023-02-10,59.9204,60.2966,59.1773,59.2996,1680200.0
2023-02-13,59.4031,60.5599,59.2526,60.3624,1561200.0
2023-02-14,60.3342,60.3624,59.7605,60.2401,2354600.0
2023-02-15,60.0896,60.8797,59.8921,60.1555,2080900.0
2023-02-16,59.657,59.8357,58.914,58.9328,1778200.0
2023-02-17,58.6601,58.9422,58.265,58.867,1424500.0
2023-02-21,58.4532,58.613,57.5691,57.7854,1737300.0
2023-02-22,58.6224,59.958,57.1646,57.5126,2475300.0
2023-02-23,57.6819,58.566,56.9013,58.2274,3313300.0
2023-02-24,57.7007,57.7572,56.0924,56.9201,1764200.0
2023-02-27,57.1176,57.7478,57.0047,57.3151,1846600.0
2023-02-28,57.127,57.7572,56.8543,57.5314,1597200.0
2023-03-01,57.7666,58.2556,56.4781,56.5721,1446400.0
2023-03-02,56.2806,56.7132,55.7162,55.8009,2259100.0
2023-03-03,55.2554,55.8573,55.0109,55.5281,2708400.0
2023-03-06,59.2526,60.0708,56.0736,57.2681,8382900.0
2023-03-07,57.6255,57.6255,56.2617,56.5815,4604700.0
2023-03-08,56.3652,56.7884,55.9514,56.5157,3559400.0
2023-03-09,56.685,57.4562,54.5312,54.6535,5460900.0
2023-03-10,54.4089,55.1707,50.9572,52.8006,16642300.0
2023-03-13,52.9511,53.2427,50.7879,51.23,8577900.0
2023-03-14,51.5309,52.1517,49.6123,50.3271,8193700.0
2023-03-15,50.0261,50.3929,49.443,49.6969,5608300.0
2023-03-16,49.2267,50.882,48.4931,50.4117,4784100.0
2023-03-17,50.2048,50.2424,49.2831,49.6969,3397100.0
2023-03-20,49.4806,50.628,49.2173,49.6499,6621300.0
2023-03-21,50.418,51.8967,50.4084,51.0998,15606800.0
2023-03-22,51.1958,52.9721,51.1958,52.0599,3725900.0
2023-03-23,52.1463,53.2985,52.0023,52.0503,3538300.0
2023-03-24,51.6566,52.3576,51.2342,52.2615,3763500.0
2023-03-27,52.7128,53.4329,52.588,53.2121,2553000.0
2023-03-28,53.0969,54.0186,52.9721,53.3081,3819000.0
2023-03-29,53.6922,53.7402,53.1161,53.2121,1786800.0
2023-03-30,54.105,54.5467,53.1161,53.1641,1393900.0
2023-03-31,53.2505,54.0666,53.2025,54.0474,2126300.0
2023-04-03,54.0474,54.2011,53.7306,54.0762,1684400.0
2023-04-04,54.2395,54.4891,53.4617,53.769,2022200.0
2023-04-05,53.577,54.009,53.4233,53.8362,1839300.0
2023-04-06,53.7978,54.1819,53.4329,54.1147,1361400.0
2023-04-10,53.865,55.0172,53.8554,54.9404,1344100.0
2023-04-11,55.2572,56.6399,54.902,56.1982,3274900.0
2023-04-12,56.4382,56.8607,56.2942,56.323,1959900.0
2023-04-13,56.4574,57.0623,56.1982,56.5631,2145000.0
2023-04-14,56.2462,56.9663,55.9582,56.4766,1027000.0
2023-04-17,56.6207,57.1488,56.3326,56.4766,2764100.0
2023-04-18,56.5727,56.9855,56.4766,56.7359,1089400.0
2023-04-19,56.5535,56.6495,55.9102,56.1406,902300.0
2023-04-20,55.987,56.1982,55.6893,55.9486,782900.0
2023-04-21,55.9678,56.5727,55.9198,56.3614,733700.0
2023-04-24,56.2078,56.4286,55.6605,55.6989,674000.0
2023-04-25,55.5933,55.6317,54.1915,54.3739,1108200.0
2023-04-26,54.3739,54.6331,53.4425,53.5674,695100.0
2023-04-27,53.6346,54.5275,53.3657,54.4507,954900.0
2023-04-28,54.4507,55.1228,54.4411,54.9116,835000.0
2023-05-01,54.758,55.2476,54.7003,54.9308,852400.0
2023-05-02,54.6619,54.758,53.5098,53.817,1396900.0
2023-05-03,54.0378,54.4411,53.7402,54.0282,1124600.0
2023-05-04,54.2203,54.2875,53.0489,53.5386,1543400.0
2023-05-05,53.7018,54.95,53.7018,54.6427,910700.0
2023-05-08,54.8636,55.0268,54.2587,54.902,879000.0
2023-05-09,54.5851,55.5549,54.3355,55.4397,1165900.0
2023-05-10,55.6893,56.0254,54.9596,55.6797,1427800.0
2023-05-11,54.7195,55.3052,50.8885,52.3576,5561400.0
2023-05-12,52.0887,52.9433,51.0709,51.167,2218400.0
2023-05-15,50.9941,51.9927,50.5717,51.1574,1559000.0
2023-05-16,50.9845,51.2918,49.9188,50.0436,2027800.0
2023-05-17,50.2164,50.4468,49.0354,49.7843,1822700.0
2023-05-18,51.0613,52.2807,50.5044,52.0887,2205400.0
2023-05-19,53.1449,55.7469,53.0681,53.7402,2394000.0
2023-05-22,53.625,54.4987,53.625,54.1051,1240700.0
2023-05-23,54.2587,54.7964,53.8074,54.7003,1344000.0
2023-05-24,54.8252,54.8924,53.8746,54.0282,1230700.0
2023-05-25,53.4617,53.9994,52.2327,52.2903,1516700.0
2023-05-26,51.9639,52.2711,50.8693,51.2534,1852800.0
2023-05-30,51.842,51.9965,50.877,51.2148,1151900.0
2023-05-31,51.0507,51.3981,50.0953,50.2594,1269100.0
2023-06-01,50.2594,51.1086,49.6128,50.9928,1468100.0
2023-06-02,51.3113,53.1835,51.1858,53.1159,1504200.0
2023-06-05,52.4983,52.5851,50.6454,52.3921,2322000.0
2023-06-06,51.9965,53.4633,51.9579,53.4151,1966400.0
2023-06-07,53.7335,54.1002,53.3186,53.5888,1417100.0
2023-06-08,53.5116,53.5695,52.8939,53.5116,1250300.0
2023-06-09,53.3861,53.7528,52.8746,53.3379,970800.0
2023-06-12,53.3186,54.2547,53.2414,54.2161,1301300.0
2023-06-13,54.4477,55.0267,54.2257,54.8144,2869900.0
2023-06-14,55.0653,55.3645,54.6889,54.9109,1474000.0
2023-06-15,55.017,55.21,54.5249,55.0556,2514500.0
2023-06-16,55.239,55.6057,54.5731,55.0942,12523600.0
2023-06-20,54.631,55.3741,54.4959,55.1521,1975000.0
2023-06-21,55.1811,55.9435,54.7565,55.8663,1543100.0
2023-06-22,55.7987,55.9242,54.8047,54.8337,907100.0
2023-06-23,54.467,54.7565,53.3186,53.4633,7724200.0
2023-06-26,53.2993,55.3259,53.1642,55.2294,869700.0
2023-06-27,55.1425,56.4356,55.0846,56.2233,917100.0
2023-06-28,56.233,56.648,55.7698,56.4935,863000.0
2023-06-29,56.5032,57.198,56.2812,57.1594,929700.0
2023-06-30,57.1691,58.221,57.1112,57.9025,1119300.0
2023-07-03,57.7481,58.5877,57.3331,58.1148,441500.0
2023-07-05,58.3078,58.4912,57.1884,57.6419,1039900.0
2023-07-06,57.1498,57.3428,56.1654,56.4646,864100.0
2023-07-07,56.1075,57.0919,55.7698,56.8989,1059300.0
2023-07-10,56.9375,57.8253,56.8603,57.7095,743700.0
2023-07-11,58.1245,58.8772,57.7192,58.7903,1215500.0
2023-07-12,59.1957,59.2825,58.192,58.2403,742200.0
2023-07-13,58.5587,59.3887,58.2885,59.3308,786600.0
2023-07-14,59.1474,59.5527,58.7614,59.0316,817300.0
2023-07-17,59.1474,59.8133,58.8772,59.6589,1060500.0
2023-07-18,59.7361,60.7011,59.5913,60.5081,1047300.0
2023-07-19,60.7976,60.8941,59.8422,60.0063,573100.0
2023-07-20,61.3767,61.3767,60.2379,61.2705,880900.0
2023-07-21,61.4828,61.5118,60.7976,61.4539,770800.0
2023-07-24,61.4828,61.782,61.2126,61.6083,602300.0
2023-07-25,61.6372,62.0136,61.3284,61.8881,810300.0
2023-07-26,61.8206,62.1487,61.6469,62.0329,612700.0
2023-07-27,62.3031,62.3031,61.1451,61.6372,833400.0
2023-07-28,62.0811,62.3321,61.6565,62.1197,1487100.0
2023-07-31,62.3803,62.7567,61.946,62.2259,810900.0
2023-08-01,61.8978,62.8532,61.6758,62.6891,640700.0
2023-08-02,61.8109,62.0329,53.5984,59.3597,5990800.0
2023-08-03,59.2343,60.6336,58.0955,60.0256,2503200.0
2023-08-04,59.8422,60.1221,55.7794,56.4646,2976200.0
2023-08-07,56.619,57.2945,56.233,56.4935,851400.0
2023-08-08,56.1654,56.8989,55.5092,56.0593,1109200.0
2023-08-09,56.5707,56.6576,55.654,56.1172,863400.0
2023-08-10,56.0496,56.5997,55.6347,55.9242,770300.0
2023-08-11,55.5092,56.3005,55.3451,55.9724,615600.0
2023-08-14,55.4899,56.4549,55.403,56.1075,1122200.0
2023-08-15,55.5768,56.1944,54.7275,54.7951,747700.0
2023-08-16,54.5152,55.0556,54.1581,54.1678,545000.0
2023-08-17,54.5731,54.7275,53.9362,54.2836,515200.0
2023-08-18,53.9748,54.9012,53.9651,54.66,769700.0
2023-08-21,54.3608,55.2486,53.7239,55.2004,2379700.0
2023-08-22,55.3749,56.2379,54.9677,56.2185,3919800.0
2023-08-23,56.1409,56.9457,55.7919,56.6936,1074300.0
2023-08-24,56.6645,56.8584,55.6852,56.7227,1031900.0
2023-08-25,56.8778,57.7893,56.6839,57.5469,777700.0
2023-08-28,57.576,58.565,57.5178,58.5068,645000.0
2023-08-29,58.3904,59.3116,58.148,59.0304,846100.0
2023-08-30,59.331,60.0,59.2243,59.3213,957100.0
2023-08-31,59.4667,60.4169,59.331,59.8449,1045900.0
2023-09-01,59.874,60.64,59.5055,60.5042,694600.0
2023-09-05,61.0084,63.0931,60.6593,62.4822,3281700.0
2023-09-06,62.2398,63.2191,62.1913,63.0252,1996100.0
2023-09-07,62.841,63.8979,62.6083,63.5197,2002400.0
2023-09-08,63.4421,64.5087,63.4034,64.2663,1904600.0
2023-09-11,64.4118,64.693,63.9173,64.5378,2071200.0
2023-09-12,64.4796,64.9547,63.4228,63.4324,2558400.0
2023-09-13,63.161,63.6458,62.3659,62.7925,4452600.0
2023-09-14,62.8216,63.7912,62.6374,63.1222,4432600.0
2023-09-15,62.9283,64.053,61.9392,63.1997,6769400.0
2023-09-18,63.0737,64.0336,62.5307,63.7524,5404500.0
2023-09-19,63.7039,63.8397,61.9683,62.4434,5039200.0
2023-09-20,62.4434,63.0349,62.1138,62.5501,1245800.0
2023-09-21,62.298,62.6665,61.0763,61.1054,1039800.0
2023-09-22,61.2023,61.5902,60.5818,60.9599,1057000.0
2023-09-25,60.6981,61.5708,60.6981,61.4156,1159400.0
2023-09-26,61.1054,61.1442,59.777,60.6497,1086400.0
2023-09-27,60.5818,60.9793,59.7091,60.0873,1588200.0
2023-09-28,60.0873,61.1442,59.4861,60.7854,980200.0
2023-09-29,61.3963,61.5902,60.2715,60.6012,899000.0
2023-10-02,60.3975,61.1248,60.3975,60.6109,1515000.0
2023-10-03,60.4557,60.6787,59.3988,59.7382,1028700.0
2023-10-04,59.8449,60.4266,59.2922,60.4072,1176600.0
2023-10-05,60.4654,61.8811,60.4654,61.8229,1064800.0
2023-10-06,61.532,63.5003,61.532,63.3549,1146600.0
2023-10-09,63.287,65.0129,62.9186,64.4893,1125600.0
2023-10-10,64.2275,65.2263,63.5585,65.1681,1466900.0
2023-10-11,65.1778,65.6917,64.6445,65.2553,833100.0
2023-10-12,65.362,65.4202,64.3924,65.0905,800500.0
2023-10-13,65.3523,65.7111,64.373,64.499,1266800.0
2023-10-16,64.819,64.9645,64.1112,64.7318,1177300.0
2023-10-17,64.5281,65.2456,64.3051,65.042,1140000.0
2023-10-18,64.9063,64.9063,62.7925,62.8022,693800.0
2023-10-19,62.1429,63.0543,61.9295,62.0265,773900.0
2023-10-20,61.8035,62.3077,61.3284,61.532,660800.0
2023-10-23,61.3672,61.3769,60.5042,60.6981,836100.0
2023-10-24,60.6109,61.5708,60.5915,61.4156,516800.0
2023-10-25,61.0375,61.2508,60.4072,60.9405,487300.0
2023-10-26,60.766,61.4447,60.4557,60.8048,789600.0
2023-10-27,61.0666,61.0666,60.1261,60.3491,696300.0
2023-10-30,60.6012,61.7453,60.3394,61.7356,904400.0
2023-10-31,61.9392,63.5391,61.7065,63.4131,1545200.0
2023-11-01,63.3937,63.9851,62.8119,63.7427,829100.0
2023-11-02,64.4796,65.8662,64.2469,65.6335,1251200.0
2023-11-03,65.9341,66.1765,65.0808,65.9438,1397400.0
2023-11-06,65.7207,65.8274,64.3827,64.693,1037800.0
2023-11-07,64.7318,64.7608,63.8397,64.7221,915800.0
2023-11-08,64.6639,64.8481,64.0724,64.3633,892500.0
2023-11-09,64.6639,65.3523,64.3827,65.0323,2288200.0
2023-11-10,63.3161,63.5197,58.0899,58.3129,5549100.0
2023-11-13,58.3323,58.3323,57.0621,57.8571,2097600.0
2023-11-14,58.5456,59.3698,57.9347,58.3129,2466500.0
2023-11-15,58.5844,59.4861,57.3142,57.8378,1775700.0
2023-11-16,57.576,59.6025,57.576,59.5928,1632700.0
2023-11-17,59.8933,60.3588,58.7007,59.7479,1293000.0
2023-11-20,59.6315,60.3588,59.3601,60.0388,746100.0
2023-11-21,59.8449,60.4654,59.4279,59.7576,623300.0
2023-11-22,59.9612,60.6593,59.7479,60.2618,823000.0
2023-11-24,60.0194,61.1151,59.903,60.9502,329500.0
2023-11-27,60.543,61.8908,60.1939,61.5999,1172000.0
2023-11-28,61.435,61.9683,61.1248,61.3187,747500.0
2023-11-29,61.5524,61.7764,60.8902,61.5134,1165100.0
2023-11-30,61.3966,62.2438,61.1337,62.0101,1447600.0
2023-12-01,61.9419,64.8632,61.8445,64.7561,1914800.0
2023-12-04,64.425,64.8243,62.8086,63.052,1117500.0
2023-12-05,62.8378,63.2175,61.5329,61.6887,892400.0
2023-12-06,62.2632,62.5262,61.7471,61.9711,452900.0
2023-12-07,61.7861,61.8835,61.0558,61.4453,815500.0
2023-12-08,61.5232,61.9029,60.6176,61.1824,947900.0
2023-12-11,61.2505,61.7569,60.9973,61.5232,652600.0
2023-12-12,61.3868,62.088,61.0265,62.0003,590000.0
2023-12-13,62.088,63.0617,61.7374,62.8573,937800.0
2023-12-14,63.4123,64.2887,63.0325,63.4902,1628900.0
2023-12-15,63.2468,63.3344,61.5232,62.1172,1929500.0
2023-12-18,62.5067,62.5846,61.5913,62.1367,838500.0
2023-12-19,62.5067,63.3052,62.2048,63.1202,848000.0
2023-12-20,62.8086,63.7336,62.3509,62.4385,662100.0
2023-12-21,63.2175,64.2887,63.0325,64.2498,929600.0
2023-12-22,64.24,64.649,63.6752,64.24,614000.0
2023-12-26,64.0745,64.7172,64.0745,64.6003,490800.0
2023-12-27,64.7172,65.204,64.425,64.8924,546300.0
2023-12-28,64.8145,65.243,64.6295,64.9314,417600.0
2023-12-29,64.8243,65.428,64.649,65.1359,554100.0
2024-01-02,64.6393,65.1456,64.1913,64.7853,685900.0
2024-01-03,64.5224,65.3209,63.5486,63.9089,870300.0
2024-01-04,63.9868,64.649,63.6752,63.7044,840400.0
2024-01-05,63.5389,64.1134,63.276,63.6168,1130300.0
2024-01-08,64.016,64.1816,63.052,64.1816,735200.0
2024-01-09,63.9284,63.9381,63.1981,63.276,482700.0
2024-01-10,63.4999,63.8602,63.0715,63.8505,648100.0
2024-01-11,64.3471,64.3471,63.4415,64.0939,560900.0
2024-01-12,64.3666,64.3666,62.458,62.5651,909800.0
2024-01-16,61.679,62.7891,61.679,62.7891,827900.0
2024-01-17,62.458,63.7239,62.4093,62.8475,814700.0
2024-01-18,63.1689,63.1981,62.3119,63.0131,658600.0
2024-01-19,62.8086,62.8767,61.9711,62.3119,555000.0
2024-01-22,62.5846,63.052,62.1561,62.2632,659900.0
2024-01-23,62.828,62.828,61.1921,61.2505,885800.0
2024-01-24,61.2992,62.0003,59.8483,59.9846,1173400.0
2024-01-25,60.2962,60.5202,59.2445,60.4618,1264500.0
2024-01-26,60.6176,60.8902,60.306,60.6273,566700.0
2024-01-29,60.5786,61.2603,60.5689,61.1434,419600.0
2024-01-30,60.9097,62.3801,60.8026,62.2535,687500.0
2024-01-31,62.458,63.3441,62.2048,62.2925,982500.0
2024-02-01,62.4677,63.5778,62.3119,63.1494,690400.0
2024-02-02,63.0715,63.0715,61.8251,62.6041,486700.0
2024-02-05,62.0782,62.9546,61.4745,62.4093,887300.0
2024-02-06,62.6235,64.7366,62.3704,64.7269,1095900.0
2024-02-07,64.6685,65.9052,64.5516,65.6909,1022300.0
2024-02-08,65.4758,66.5513,65.4758,66.4535,919300.0
2024-02-09,66.5513,67.4703,66.1896,67.1086,794700.0
2024-02-12,67.0793,67.2455,66.082,66.6197,611900.0
2024-02-13,65.7203,65.9647,64.3319,64.9088,752000.0
2024-02-14,65.2119,67.2846,65.1141,67.1477,799600.0
2024-02-15,67.2944,68.0472,66.8837,67.6268,775800.0
2024-02-16,67.441,67.9396,67.2455,67.3823,670000.0
2024-02-20,67.3628,67.3628,65.9549,66.2384,942700.0
2024-02-21,65.6714,65.8963,64.5177,65.1923,1401200.0
2024-02-22,65.9158,67.2161,65.6518,66.8739,1330700.0
2024-02-23,69.4159,75.4483,68.1938,75.0181,3466200.0
2024-02-26,75.2625,76.25,74.3142,75.4092,2006000.0
2024-02-27,75.5265,75.9567,74.9203,75.067,1300600.0
2024-02-28,75.0083,75.5656,74.1871,74.5293,1079200.0
2024-02-29,74.6857,76.0544,74.0306,74.2164,1520000.0
2024-03-01,74.187,75.2918,73.532,75.0279,1262900.0
2024-03-04,74.715,75.155,73.7569,74.4901,1086900.0
2024-03-05,74.1577,74.6759,73.8058,74.2164,765900.0
2024-03-06,74.7346,74.9594,73.2191,73.2289,733300.0
2024-03-07,73.5516,74.4706,73.5516,74.0991,752900.0
2024-03-08,74.2164,74.6564,73.5711,73.8253,509700.0
2024-03-11,73.5809,74.2653,73.1214,73.7276,634200.0
2024-03-12,73.9915,74.7541,73.7275,73.9817,741900.0
2024-03-13,74.148,74.5782,73.7373,74.4022,746900.0
2024-03-14,74.2946,74.451,73.3756,74.1773,516800.0
2024-03-15,74.0502,74.7541,73.3854,73.5809,1458300.0
2024-03-18,73.5809,74.0404,73.3658,73.4245,864100.0
2024-03-19,73.3854,74.4901,72.5934,74.4217,918200.0
2024-03-20,74.5097,75.1452,74.2848,75.0474,420600.0
2024-03-21,75.2234,75.898,74.7737,75.4385,547700.0
2024-03-22,75.243,75.5069,74.7639,75.2332,390000.0
2024-03-25,75.0572,75.3114,73.9817,74.06,560500.0
2024-03-26,74.4413,74.4999,73.7373,74.0795,510000.0
2024-03-27,74.6759,75.155,74.2848,75.0377,484600.0
2024-03-28,75.2332,75.5949,74.4706,74.4706,1063500.0
2024-04-01,74.539,75.1452,74.0209,75.0083,471700.0
2024-04-02,75.0083,75.0572,73.9524,74.4217,471800.0
2024-04-03,74.2457,75.0572,74.1773,74.4315,645200.0
2024-04-04,74.715,75.0279,73.6395,74.0013,590100.0
2024-04-05,73.8253,74.451,72.9845,73.0236,1096700.0
2024-04-08,73.1996,73.2582,72.4468,72.9356,457400.0
2024-04-09,73.0725,73.0725,71.9286,72.6423,467500.0
2024-04-10,71.5473,72.3588,71.1367,72.1632,349400.0
2024-04-11,72.2512,72.2512,71.2247,71.6842,582800.0
2024-04-12,71.166,71.9384,71.0096,71.43,565400.0
2024-04-15,72.2219,72.2219,70.8336,71.4495,1007000.0
2024-04-16,71.254,71.9481,70.8336,71.694,581400.0
2024-04-17,72.1046,72.1046,71.1855,71.5766,492400.0
2024-04-18,71.6939,71.8895,70.4816,70.8727,526800.0
2024-04-19,70.8238,71.5278,70.4718,70.99,532900.0
2024-04-22,71.4104,71.9775,70.8727,71.1953,442300.0
2024-04-23,71.5473,72.1437,71.2149,71.606,561700.0
2024-04-24,71.8993,72.2121,70.9705,71.7331,452500.0
2024-04-25,71.2833,72.3197,70.902,71.694,454600.0
2024-04-26,71.8993,72.2317,71.078,71.5473,456700.0
2024-04-29,71.5473,72.1535,71.3909,72.0655,390900.0
2024-04-30,71.4984,71.7819,69.8852,69.983,762700.0
2024-05-01,70.1981,70.6087,69.5137,69.7777,485700.0
2024-05-02,70.2176,70.5794,69.3768,69.6017,476200.0
2024-05-03,69.8363,70.9509,69.4844,70.6283,688700.0
2024-05-06,70.6772,70.9509,68.272,69.2204,1255300.0
2024-05-07,69.4355,70.3252,68.9466,70.2763,950900.0
2024-05-08,70.0417,70.6576,69.2008,70.3936,850500.0
2024-05-09,70.3936,71.5473,69.4257,71.3029,1252400.0
2024-05-10,78.8702,78.8702,74.4804,74.7737,1823600.0
2024-05-13,74.7346,76.4846,73.9524,75.6047,940800.0
2024-05-14,75.6047,76.0936,74.1577,74.5488,818700.0
2024-05-15,74.7443,75.4287,74.3239,74.3435,635900.0
2024-05-16,74.2457,74.2457,72.6619,73.3854,951300.0
2024-05-17,73.4929,73.6493,72.6912,73.2974,650900.0
2024-05-20,73.3854,73.6689,73.0041,73.5711,494800.0
2024-05-21,73.5613,74.1577,73.2876,73.8449,480200.0
2024-05-22,73.6787,74.5195,73.4636,74.3142,566600.0
2024-05-23,74.2555,74.6172,72.7987,73.2094,476800.0
2024-05-24,73.7276,74.6759,73.532,74.4608,571200.0
2024-05-28,74.5781,75.1941,73.8546,73.8644,1110200.0
2024-05-29,73.3935,73.4719,72.1866,72.3534,585400.0
2024-05-30,72.5104,73.2855,71.9315,72.1081,692500.0
2024-05-31,72.3828,72.7164,70.2732,71.3133,1167700.0
2024-06-03,71.8726,71.8726,68.9486,69.8513,688400.0
2024-06-04,69.5962,71.0876,69.4883,71.0386,796900.0
2024-06-05,71.1956,71.902,71.0091,71.5292,829900.0
2024-06-06,71.5782,72.3926,71.3231,72.1473,616800.0
2024-06-07,71.4212,72.1375,70.7638,71.3231,591000.0
2024-06-10,74.7377,78.5644,74.5709,77.6322,5698800.0
2024-06-11,77.4654,78.4957,76.7786,78.0639,2746800.0
2024-06-12,78.2504,79.7516,77.2986,79.2021,2524700.0
2024-06-13,79.5161,79.5554,77.6616,78.3681,1760300.0
2024-06-14,78.0836,78.4957,76.8865,78.4957,1870300.0
2024-06-17,78.1523,79.5259,77.7696,78.9078,2233200.0
2024-06-18,79.1334,80.2029,78.4564,78.5643,2100100.0
2024-06-20,78.3877,78.6428,76.5725,76.7197,2259900.0
2024-06-21,77.8383,77.956,74.1195,76.1408,27178500.0
2024-06-24,75.9642,77.122,75.8661,76.7197,1930300.0
2024-06-25,76.6804,77.4752,75.8955,76.1898,1961500.0
2024-06-26,75.9053,76.6805,75.6306,76.2585,1243900.0
2024-06-27,75.8759,76.7393,75.4638,75.5619,1171700.0
2024-06-28,75.7385,76.0721,74.5316,74.9241,4585400.0
2024-07-01,75.1105,75.454,74.2078,74.355,700400.0
2024-07-02,74.355,75.7385,73.9135,75.0026,1081800.0
2024-07-03,74.9045,76.1015,74.7279,75.8268,574200.0
2024-07-05,75.8464,76.1015,74.875,75.5521,738400.0
2024-07-08,75.5913,75.9936,75.0222,75.3068,878300.0
2024-07-09,75.297,75.8857,74.9732,75.2283,1000800.0
2024-07-10,75.3362,76.0917,74.8358,75.9249,714200.0
2024-07-11,76.3665,77.5832,76.2291,77.3477,927000.0
2024-07-12,77.6126,78.3681,77.2397,77.9462,659700.0
2024-07-15,78.476,78.8195,77.7205,78.3289,933300.0
2024-07-16,78.4957,80.1441,78.3583,79.8399,1191900.0
2024-07-17,79.7516,80.095,79.0549,79.5161,903100.0
2024-07-18,79.5946,80.3305,78.8783,79.0549,632500.0
2024-07-19,78.6036,79.7614,78.0051,78.2209,1055100.0
2024-07-22,78.5447,78.8195,77.7107,78.7802,781800.0
2024-07-23,78.7704,79.2806,78.3877,78.9078,649800.0
2024-07-24,78.8489,78.8685,77.9658,77.9756,640300.0
2024-07-25,77.9364,78.3485,77.0239,77.0926,836700.0
2024-07-26,77.4949,78.1326,76.7491,77.6813,761000.0
2024-07-29,78.0345,78.3485,77.0827,78.2994,666400.0
2024-07-30,78.3289,78.8489,77.5341,77.8971,679200.0
2024-07-31,78.4368,78.6821,77.7892,78.1326,1076800.0
2024-08-01,77.907,78.2111,73.7369,74.6592,1286700.0
2024-08-02,73.5897,73.8546,71.9118,73.364,1312900.0
2024-08-05,71.4605,71.7352,69.0565,70.4204,1654100.0
2024-08-06,70.8031,77.1907,70.6363,76.9454,1723500.0
2024-08-07,77.0043,78.7508,75.6306,75.8464,848900.0
2024-08-08,76.7884,77.3575,76.445,76.8178,1123900.0
2024-08-09,77.279,78.3779,76.6608,77.4556,814700.0
2024-08-12,77.3477,78.1326,76.337,76.5529,409600.0
2024-08-13,77.0239,77.8971,76.6903,77.2397,548100.0
2024-08-14,77.1809,78.584,77.1318,78.5251,419300.0
2024-08-15,79.3984,80.3011,79.2316,80.1637,656700.0
2024-08-16,79.8105,80.8407,79.8007,80.7132,542700.0
2024-08-19,80.9487,81.6944,80.772,81.557,586800.0
2024-08-20,81.6944,82.0378,80.9879,81.8121,542000.0
2024-08-21,82.0378,82.6167,81.3509,82.5088,483500.0
2024-08-22,82.4499,83.3624,82.4499,83.019,402300.0
2024-08-23,83.2741,84.2651,83.2741,84.0591,592600.0
2024-08-26,84.5104,85.5897,84.3436,85.001,520300.0
2024-08-27,84.687,85.8056,84.3632,85.5112,676800.0
2024-08-28,85.2454,85.3832,83.5127,83.8573,595400.0
2024-08-29,84.6252,84.6252,83.6604,83.9065,364200.0
2024-08-30,84.133,84.9205,83.9164,84.7925,595500.0
2024-09-03,83.9951,84.2708,82.7153,82.9122,802200.0
2024-09-04,82.6956,83.0993,81.8884,82.6562,452000.0
2024-09-05,82.9811,83.0796,81.6915,82.479,779100.0
2024-09-06,82.6956,83.5915,80.9925,81.3764,510300.0
2024-09-09,81.7998,82.2526,80.7858,82.1837,785100.0
2024-09-10,82.0557,82.7941,81.5438,82.7448,365500.0
2024-09-11,81.5241,83.5915,81.3666,83.3552,419000.0
2024-09-12,83.4241,83.6899,82.5972,83.5816,595000.0
2024-09-13,83.8475,84.6449,83.0303,83.7785,453000.0
2024-09-16,83.5127,84.5661,83.3454,83.7785,545400.0
2024-09-17,84.1625,84.4283,82.2428,83.05,553000.0
2024-09-18,83.1091,83.5127,81.9179,82.5972,856200.0
2024-09-19,84.0542,84.2216,83.306,83.9853,703800.0
2024-09-20,83.8081,83.8081,82.6267,83.0993,1278300.0
2024-09-23,82.8827,83.3454,82.4889,83.0599,755600.0
2024-09-24,83.1583,83.4931,82.3117,82.8925,594600.0
2024-09-25,83.2863,83.2863,80.8448,80.8547,712200.0
2024-09-26,80.9531,80.9531,79.3287,79.437,1102900.0
2024-09-27,79.5453,80.1655,78.6888,79.0334,893900.0
2024-09-30,79.0039,79.2401,76.8676,79.2401,1390200.0
2024-10-01,79.25,79.5945,78.1277,78.7971,1054500.0
2024-10-02,78.7577,79.8702,78.6691,78.7676,780300.0
2024-10-03,78.5018,78.994,77.9308,78.8463,971900.0
2024-10-04,79.3484,80.0179,78.6593,79.949,902100.0
2024-10-07,79.6438,79.6438,78.2261,79.1023,891800.0
2024-10-08,79.5847,80.1163,79.0531,80.0966,818200.0
2024-10-09,80.1951,80.1951,78.7873,79.5453,527200.0
2024-10-10,79.4567,79.4567,78.0391,78.236,727800.0
2024-10-11,78.2261,79.3386,78.2261,78.8365,522200.0
2024-10-14,79.0334,80.0868,78.6199,79.7914,964600.0
2024-10-15,79.7422,80.1655,79.0137,79.5453,1592200.0
2024-10-16,79.88,79.88,77.3303,77.4878,834100.0
2024-10-17,77.6748,79.378,77.6748,79.2894,1018900.0
2024-10-18,79.7324,80.0179,79.1712,79.8505,1318700.0
2024-10-21,79.7422,85.7869,79.7225,84.9501,1649400.0
2024-10-22,84.3692,85.334,84.133,84.9402,916500.0
2024-10-23,84.6547,85.0288,83.7589,84.32,554600.0
2024-10-24,83.8278,84.0444,82.5381,83.2962,625700.0
2024-10-25,83.562,83.9656,83.0993,83.621,518800.0
2024-10-28,84.0936,85.1962,83.8573,84.7532,576300.0
2024-10-29,84.5661,85.5211,83.8868,85.2946,480800.0
2024-10-30,84.4775,85.4718,84.3495,84.8713,461800.0
2024-10-31,84.3495,84.3495,83.0993,83.4241,853600.0
2024-11-01,83.621,84.1526,83.0008,83.7785,567000.0
2024-11-04,83.6506,84.5563,83.5915,84.0739,551500.0
2024-11-05,84.3495,85.7672,83.8967,85.2848,729100.0
2024-11-06,86.6335,88.1791,85.3734,87.9625,865200.0
2024-11-07,88.3563,88.5139,87.0765,87.9527,775400.0
2024-11-08,85.2159,91.7429,84.2216,90.4336,1554300.0
2024-11-11,91.0243,93.3771,90.8766,92.245,1510700.0
2024-11-12,91.9004,92.5305,91.1129,91.4279,617500.0
2024-11-13,92.0973,92.0973,89.4786,89.7445,701000.0
2024-11-14,90.0299,91.4377,89.6755,90.9258,964500.0
2024-11-15,90.3056,92.3927,90.3056,91.3196,956500.0
2024-11-18,91.231,93.2295,90.8175,92.6683,1225900.0
2024-11-19,91.7626,92.9932,90.5812,92.1466,973400.0
2024-11-20,92.1564,92.3139,91.2999,92.2844,485100.0
2024-11-21,92.7865,94.1647,91.989,93.8595,706900.0
2024-11-22,94.4896,96.3109,94.145,96.2912,1136300.0
2024-11-25,96.7047,98.2404,96.5865,96.9705,1071500.0
2024-11-26,96.0647,97.2855,95.3658,96.2715,786000.0
2024-11-27,96.8837,96.8837,95.6099,96.4492,612100.0
2024-11-29,96.8639,97.3083,96.5085,96.5282,308800.0
2024-12-02,96.8146,97.1602,94.9879,95.916,1390800.0
2024-12-03,96.0148,96.9232,95.3532,96.2517,1559800.0
2024-12-04,96.4788,97.6933,96.074,96.9528,1211400.0
2024-12-05,96.9923,97.2984,96.3209,96.3604,440300.0
2024-12-06,96.7158,96.8146,95.4717,95.6198,478300.0
2024-12-09,95.6692,96.3604,95.1557,96.1431,804000.0
2024-12-10,95.995,96.0937,94.4349,94.9385,545700.0
2024-12-11,95.2249,95.6297,94.583,94.8003,608100.0
2024-12-12,94.9484,95.1261,93.9511,94.3954,472500.0
2024-12-13,94.3362,94.7509,93.2599,93.6746,426700.0
2024-12-16,93.6746,94.2769,93.0822,93.8129,854000.0
2024-12-17,93.4475,93.6253,92.154,92.4404,935000.0
2024-12-18,92.3515,92.4502,89.6756,89.6855,758500.0
2024-12-19,90.278,91.0383,89.5177,89.7152,1143800.0
2024-12-20,89.488,90.5051,89.2412,89.3696,2237800.0
2024-12-23,89.1622,89.6658,88.9943,89.1721,632000.0
2024-12-24,89.1622,89.8731,89.0733,89.7744,181200.0
2024-12-26,89.4979,90.8605,89.4979,90.3175,522200.0
2024-12-27,89.3597,90.2977,89.0536,89.7053,460900.0
2024-12-30,88.7969,90.9494,88.1057,89.2412,512000.0
2024-12-31,89.4782,89.9324,88.7672,89.0733,479900.0
2025-01-02,89.5177,90.2187,88.5994,89.2017,561000.0
2025-01-03,89.3597,91.4925,89.261,91.058,713700.0
2025-01-06,91.5814,92.0553,90.2187,90.2582,708600.0
2025-01-07,90.7322,90.7815,88.4414,88.6093,606600.0
2025-01-08,88.8857,89.2807,87.9872,89.2215,514900.0
2025-01-10,87.9773,88.5303,87.4738,87.6614,542000.0
2025-01-13,86.9208,88.313,86.8221,88.2637,756400.0
2025-01-14,88.8956,89.4683,87.612,88.3427,1130700.0
2025-01-15,89.3992,89.7744,88.2044,88.5007,1068200.0
2025-01-16,88.6389,88.9647,88.0464,88.708,960900.0
2025-01-17,88.5303,88.7969,87.9378,88.1255,412600.0
2025-01-21,88.5895,89.7547,88.2341,89.7053,1652700.0
2025-01-22,89.7744,89.9818,88.3131,88.787,898800.0
2025-01-23,88.4019,89.1326,88.0958,88.7475,646400.0
2025-01-24,88.5007,89.4584,88.4908,89.2511,694700.0
2025-01-27,88.5599,90.199,88.4809,90.1792,844000.0
2025-01-28,90.041,90.6433,88.7574,89.2313,943800.0
2025-01-29,89.3301,89.7645,88.5204,89.2313,1094000.0
2025-01-30,89.9324,90.436,89.1721,89.883,937300.0
2025-01-31,90.0212,90.12,88.1847,88.3525,3397900.0
2025-02-03,86.4172,88.4019,85.5878,87.3652,859900.0
2025-02-04,88.1847,88.1847,86.9504,87.4244,587300.0
2025-02-05,87.8292,88.866,87.8095,87.9872,713300.0
2025-02-06,88.2538,90.436,88.2538,90.436,907100.0
2025-02-07,90.7124,91.8381,90.4458,91.5517,747900.0
2025-02-10,91.8282,93.7339,91.5715,92.2923,1161600.0
2025-02-11,91.7295,92.6477,90.9593,92.6181,872200.0
2025-02-12,91.7887,92.9538,91.1469,92.8156,572800.0
2025-02-13,93.3784,94.7509,92.7267,94.7114,851800.0
2025-02-14,94.6223,95.7117,94.2855,95.375,1104300.0
2025-02-18,95.3552,95.9692,94.5133,95.6325,1964000.0
2025-02-19,105.1898,105.8731,102.4464,103.7141,3706400.0
2025-02-20,103.1,103.2882,101.5946,102.5256,1237000.0
2025-02-21,102.5256,103.3575,100.3963,101.6045,1261000.0
2025-02-24,101.7432,103.6547,101.6343,101.8521,1520000.0
2025-02-25,101.763,102.7138,100.1289,100.3764,995000.0
2025-02-26,100.1883,100.941,98.9404,99.3662,1103000.0
2025-02-27,99.6039,100.3963,99.2276,99.4653,797500.0
2025-02-28,99.5643,101.5451,99.386,101.3965,1322000.0
2025-03-03,101.3173,103.1991,101.1985,101.7234,1031400.0
2025-03-04,101.0895,101.4461,99.2771,99.6931,1149400.0
2025-03-05,100.218,100.4557,98.9008,99.2276,900000.0
2025-03-06,99.0394,100.5745,97.9698,98.6928,985400.0
2025-03-07,98.257,100.8915,97.4845,100.3963,990600.0
2025-03-10,99.4653,100.0793,97.9401,98.5541,898200.0
2025-03-11,98.2075,99.2573,97.4251,97.5241,1623800.0
2025-03-12,97.5439,98.0193,96.3753,96.6625,1000900.0
2025-03-13,96.2267,96.8407,93.4932,93.5229,1051100.0
2025-03-14,93.9587,95.2561,93.513,94.8897,1951700.0
2025-03-17,95.0976,97.3756,94.8302,97.0388,3031200.0
2025-03-18,96.3059,97.0784,95.9395,96.3257,1058700.0
2025-03-19,96.8705,98.6631,96.3951,98.2768,865300.0
2025-03-20,97.0784,98.4056,96.4545,97.9203,716200.0
2025-03-21,97.0586,98.3362,95.9692,98.0094,2341000.0
2025-03-24,98.356,99.9308,98.356,99.1385,918800.0
2025-03-25,98.8413,99.9407,98.5343,99.5544,889900.0
2025-03-26,100.0298,100.525,98.9107,99.3365,550600.0
2025-03-27,99.1781,99.495,97.9698,99.3266,1012600.0
2025-03-28,98.8314,98.9305,96.712,96.9497,632300.0
2025-03-31,96.1574,100.1289,95.781,99.3365,1610100.0
2025-04-01,99.3861,100.0892,98.2471,99.4059,805700.0
2025-04-02,98.6829,100.2972,98.6829,99.9704,1000900.0
2025-04-03,97.4647,99.4356,96.8606,97.0982,1284300.0
2025-04-04,94.5628,94.7015,90.522,90.9281,1251200.0
2025-04-07,88.1154,93.1862,87.0259,89.6901,1535100.0
2025-04-08,92.5821,93.1169,87.2339,88.7789,1346100.0
2025-04-09,87.8183,95.1967,87.2339,95.1769,2231900.0
2025-04-10,94.0478,95.0382,91.3243,93.8795,968400.0
2025-04-11,93.414,96.2267,93.1763,96.1871,1112000.0
2025-04-14,97.4152,97.4746,95.7612,96.9002,1035800.0
2025-04-15,97.2567,97.6331,96.3059,96.6526,515900.0
2025-04-16,95.9989,97.0784,94.5529,95.6523,868000.0
2025-04-17,95.8702,97.019,95.7711,96.4446,835300.0
2025-04-21,95.9098,96.1376,93.0971,93.9983,736200.0
2025-04-22,94.751,96.2168,94.7213,96.0385,948500.0
2025-04-23,97.5439,98.5046,96.6724,97.2963,732500.0
2025-04-24,97.2963,98.4056,96.8506,97.7816,673500.0
2025-04-25,97.4746,98.049,96.5238,98.0292,610600.0
2025-04-28,98.0589,98.1976,97.227,97.8014,878400.0
2025-04-29,97.3161,98.9107,97.0487,98.1976,853400.0
2025-04-30,97.8807,99.8515,96.4743,99.7327,1770300.0
2025-05-01,99.3365,101.0103,97.6925,98.9899,1307300.0
2025-05-02,100.7033,101.862,100.2675,101.5253,1611900.0
2025-05-05,101.3966,101.5352,100.2576,100.5052,786700.0
2025-05-06,99.7327,101.0004,99.4059,100.9113,1245700.0
2025-05-07,101.1292,102.5058,100.7726,101.2876,2542900.0
2025-05-08,101.8719,105.4076,99.5049,103.8032,2490100.0
2025-05-09,103.8527,105.1105,103.3773,104.9224,1582500.0
2025-05-12,106.1405,106.9527,103.0406,103.1694,1334500.0
2025-05-13,103.5061,104.2687,102.6445,103.7141,828400.0
2025-05-14,103.4962,104.8827,102.5355,104.4965,956800.0
2025-05-15,104.5361,106.1703,104.5361,105.8632,1044200.0
2025-05-16,105.7048,107.2597,105.5859,107.1507,1145200.0
2025-05-19,106.5268,107.7351,106.4971,107.5766,817500.0
2025-05-20,107.438,108.0619,106.9031,108.0025,1081600.0
2025-05-21,107.8638,108.2006,106.814,106.913,946100.0
2025-05-22,106.5763,107.8836,106.398,107.4974,1067700.0
2025-05-23,106.408,107.1607,105.8038,106.1505,982900.0
2025-05-27,106.4278,106.6258,103.5754,103.7339,2090000.0
2025-05-28,103.6547,103.9815,103.1397,103.9122,2225800.0
2025-05-29,103.8426,104.22,102.4721,103.1673,916900.0
2025-05-30,103.1574,104.6868,102.77,104.5776,1293800.0
2025-06-02,103.9916,104.5776,102.9289,104.5378,855800.0
2025-06-03,104.2002,105.1536,103.8526,104.796,664600.0
2025-06-04,104.8457,105.2132,103.5348,103.5447,850400.0
2025-06-05,103.7334,104.7762,103.4057,104.5378,1027800.0
2025-06-06,105.6799,105.9978,104.2995,104.4087,961900.0
2025-06-09,104.6173,105.8388,103.783,105.4317,1352700.0
2025-06-10,105.4416,105.8587,104.796,105.6799,1128100.0
2025-06-11,105.5012,106.8916,105.2827,106.8121,711600.0
2025-06-12,106.6036,107.3683,106.4546,106.5936,674200.0
2025-06-13,105.7296,106.6632,105.1933,105.5707,817200.0
2025-06-16,105.9481,107.1498,105.7495,105.9878,810900.0
2025-06-17,105.5906,105.8587,104.1604,104.2101,875500.0
2025-06-18,104.2101,104.9351,103.8426,103.8923,570600.0
2025-06-20,104.8755,105.7693,103.9916,104.1009,1783900.0
2025-06-23,103.9221,103.9618,101.6776,103.5745,1360100.0
2025-06-24,104.6173,105.3621,103.5844,104.8854,1150300.0
2025-06-25,105.1734,105.4019,103.6341,103.9419,1290800.0
2025-06-26,104.2995,105.4912,102.5118,104.6669,711900.0
2025-06-27,104.9947,105.9977,104.4087,104.9252,1232500.0
2025-06-30,105.0841,105.5508,104.1207,105.4615,758100.0
2025-07-01,105.3522,105.8984,104.4782,105.1437,601600.0
2025-07-02,104.9748,105.6501,103.793,104.6967,1005000.0
2025-07-03,104.7365,105.1139,104.1009,104.8854,673400.0
2025-07-07,105.0145,105.243,104.1704,104.8656,1168300.0
2025-07-08,104.9649,105.233,102.8495,103.9817,938600.0
2025-07-09,104.1108,105.1734,103.4652,105.1138,592400.0
2025-07-10,105.0245,107.3385,105.0245,106.9512,743700.0
2025-07-11,106.7128,108.0833,106.1368,107.4179,1019100.0
2025-07-14,107.2392,110.308,107.2392,108.9077,1226200.0
2025-07-15,109.1559,109.1559,107.0306,107.0405,1030300.0
2025-07-16,107.1498,108.6693,106.3851,108.56,1102900.0
2025-07-17,108.0734,109.6525,108.0734,109.5929,759700.0
2025-07-18,109.7816,110.9436,108.9772,109.2751,1041200.0
2025-07-21,109.4042,109.4042,107.1299,107.1697,656200.0
2025-07-22,107.1697,107.4179,105.968,106.5837,1114200.0
2025-07-23,106.7327,108.0933,106.2262,107.7059,891500.0
2025-07-24,107.8251,108.2621,107.1697,107.9344,521400.0
2025-07-25,108.0436,108.5501,107.6464,108.3416,430200.0
2025-07-28,108.6594,108.6594,107.6464,107.7357,615200.0
2025-07-29,108.0436,108.3614,107.2491,107.7556,874600.0
2025-07-30,107.6364,108.4607,107.259,107.8053,784400.0
2025-07-31,107.8946,108.421,107.269,107.5173,933700.0
2025-08-01,106.8916,107.6265,105.9282,107.5173,636100.0
2025-08-04,107.8351,109.6525,107.7457,109.0765,538000.0
2025-08-05,109.2453,109.7319,108.6892,108.8282,727700.0
2025-08-06,109.3049,109.3546,107.1597,108.0337,1522800.0
2025-08-07,110.4569,112.5922,108.4111,110.2484,2018700.0
2025-08-08,110.6556,113.6648,109.9306,113.3271,1827800.0
2025-08-11,114.211,116.9521,113.3271,116.525,1683200.0
2025-08-12,116.3959,116.5846,114.062,115.81,1616300.0
2025-08-13,116.2569,117.4189,115.522,117.2103,1657800.0
2025-08-14,117.0017,117.2599,116.0185,116.6243,1024600.0
2025-08-15,117.0911,117.0911,113.9329,114.1117,1221800.0
2025-08-18,114.8168,114.8963,114.0124,114.5785,1409500.0
2025-08-19,114.3699,115.373,113.8435,114.0918,595400.0
2025-08-20,114.7374,114.7374,113.0689,114.35,643100.0
2025-08-21,114.1117,114.9956,113.7144,114.8963,490500.0
2025-08-22,115.7603,116.6641,114.8963,115.5716,484700.0
2025-08-25,115.2836,116.1079,114.1713,114.2607,621700.0
2025-08-26,114.4394,115.2439,114.4394,114.9857,590800.0
2025-08-27,114.7175,115.8596,114.5487,114.9062,646700.0
2025-08-28,114.9062,114.9062,113.3172,113.8435,790800.0
2025-08-29,113.9727,113.9727,113.049,113.7542,805700.0
2025-09-02,113.049,115.8398,112.2744,114.8665,1664000.0
2025-09-03,114.8665,115.1247,113.3966,113.923,973900.0
2025-09-04,113.7343,115.4723,113.5059,115.2339,643700.0
2025-09-05,115.4425,115.4425,113.4066,114.2607,1034500.0
2025-09-08,114.3401,114.9658,112.91,114.797,1046600.0
2025-09-09,114.6778,115.522,114.2507,115.5021,703200.0
2025-09-10,115.2538,116.0682,115.2339,115.3928,1418000.0
2025-09-11,115.5418,117.975,115.3134,117.8956,1344600.0
2025-09-12,117.3394,117.4189,116.1675,116.3463,949200.0
2025-09-15,116.674,117.2202,115.8695,115.9391,958300.0
2025-09-16,115.6709,116.8726,115.3233,116.6839,1204900.0
2025-09-17,116.9024,118.0942,116.7435,117.3096,1560900.0
2025-09-18,117.2997,117.9949,116.7832,117.0713,740300.0
2025-09-19,117.7664,118.7596,117.101,118.0843,2583900.0
2025-09-22,117.7168,117.7367,113.6151,114.0322,1797700.0
2025-09-23,114.0422,114.1216,111.8871,111.9665,1237800.0
2025-09-24,111.9268,112.6617,109.4042,109.9405,1134800.0
2025-09-25,109.9405,109.9405,108.1131,108.272,798900.0
2025-09-26,108.4409,108.719,105.7991,106.7029,1689500.0
2025-09-29,107.1498,107.1498,105.531,106.7525,1051900.0
2025-09-30,106.4943,107.6265,105.9084,107.6166,1323400.0
2025-10-01,107.6066,107.8748,106.4745,106.7625,1096300.0
2025-10-02,106.5142,108.0635,105.8091,107.1597,1287000.0
2025-10-03,107.1597,107.8748,106.8618,107.6563,785200.0
2025-10-06,107.7655,108.3316,106.1467,106.7525,766300.0
2025-10-07,106.8022,107.1895,104.806,105.0344,791500.0
2025-10-08,105.3721,105.5806,104.2995,104.9649,710800.0
2025-10-09,105.4217,105.4217,102.3927,103.0283,1107400.0
2025-10-10,103.6341,104.5378,103.0283,103.2865,745400.0
2025-10-13,103.1077,104.3293,103.0879,104.3293,674200.0
2025-10-14,103.8327,105.2728,103.1474,105.0642,1023400.0
2025-10-15,105.3125,105.6601,104.3193,104.4087,1142300.0
2025-10-16,104.5676,104.5676,99.2146,99.6516,1682500.0
2025-10-17,99.741,99.741,97.2383,98.3307,1848900.0
2025-10-20,98.6088,99.0557,97.5759,99.0259,1210400.0
2025-10-21,98.8471,99.8403,98.3804,99.1947,798000.0
2025-10-22,99.3139,100.3964,99.0458,99.3636,909700.0
2025-10-23,99.5622,101.2108,98.9564,101.0916,965400.0
2025-10-24,101.7272,101.9656,100.9725,101.0618,960700.0
2025-10-27,101.0916,101.9259,100.5454,100.7341,1073100.0
2025-10-28,102.4324,104.3889,102.194,102.5118,1864700.0
2025-10-29,101.7372,102.1841,98.8273,99.155,965000.0
2025-10-30,99.1054,100.168,98.8372,99.7807,872300.0
2025-10-31,99.4331,99.8105,98.0129,98.5393,1251600.0
2025-11-03,98.1023,98.7677,96.2451,96.702,1617100.0
2025-11-04,97.0198,98.1122,95.5896,98.0129,1165900.0
2025-11-05,97.7448,98.5691,96.8013,96.9602,955200.0
2025-11-06,96.692,96.8509,94.6561,95.5499,1321200.0
2025-11-07,96.3544,100.7341,96.1756,99.7112,1758900.0
2025-11-10,99.9495,100.7242,99.2444,100.0389,916600.0
2025-11-11,100.1779,100.2673,99.1947,99.8403,820300.0
2025-11-12,99.8105,101.6478,99.6715,101.2505,1162600.0
2025-11-13,101.0221,101.618,99.9098,100.0091,1116000.0
2025-11-14,99.8403,101.191,99.8303,100.8731,1369200.0
2025-11-17,100.2971,100.4362,97.8242,97.9335,1023000.0
2025-11-18,97.6653,98.6088,96.4934,97.1091,974300.0
2025-11-19,97.0893,97.5263,96.4934,97.0198,762300.0
2025-11-20,97.129,97.9235,95.0434,95.3612,1113700.0
2025-11-21,95.6989,96.116,94.4376,95.5599,1606400.0
2025-11-24,95.6691,95.9472,94.7455,94.8647,1097600.0
2025-11-25,94.8547,96.9502,94.8547,96.8311,930200.0
2025-11-26,96.7715,97.8341,96.6126,97.1389,711500.0
2025-11-28,97.5859,98.3804,97.1588,97.5263,387200.0
2025-12-01,96.9304,98.4102,96.6324,97.5163,916500.0
2025-12-02,97.7646,97.8639,96.9205,97.0694,804200.0
2025-12-03,97.2383,97.7448,96.6523,97.5064,654600.0
2025-12-04,97.7348,98.5194,97.2085,97.4567,511400.0
2025-12-05,97.5163,99.016,96.841,98.9465,716100.0
2025-12-08,98.8273,99.7807,98.4995,98.9961,761400.0
2025-12-09,99.1749,99.7012,98.1619,98.3307,922300.0
2025-12-10,98.4201,101.9358,98.2513,101.8564,1537400.0
2025-12-11,102.0053,104.5478,101.7074,104.4087,1611800.0
2025-12-12,104.8656,104.8656,102.6012,103.2368,1209200.0
2025-12-15,103.3659,103.7135,101.5783,102.055,627800.0
2025-12-16,101.9259,103.8029,101.8365,103.4752,1394400.0
2025-12-17,103.4652,104.1604,102.482,103.3063,1411900.0
2025-12-18,103.6043,104.7464,103.4851,103.7036,893500.0
2025-12-19,103.5844,104.2498,103.4057,103.4355,1412100.0
2025-12-22,103.4851,105.3125,103.2467,104.9847,1328300.0
2025-12-23,105.243,105.6998,104.1306,104.6669,818400.0
2025-12-24,104.5378,105.2827,104.2796,104.7663,339300.0
2025-12-26,104.6074,104.9053,104.1406,104.6868,316400.0
2025-12-29,104.7365,105.2827,104.4882,104.9351,571500.0
2025-12-30,104.4087,105.243,103.9817,104.0115,698000.0
2025-12-31,103.9916,104.081,102.1543,102.1642,741200.0
2026-01-02,102.2536,103.0382,101.6875,102.5813,518700.0
2026-01-05,101.7173,104.8854,100.754,103.9916,3704500.0
2026-01-06,103.7831,106.7327,103.0978,106.3056,1080600.0
2026-01-07,106.6036,106.6036,103.6341,105.4019,1227100.0
2026-01-08,105.1834,107.7457,105.1834,107.1101,974800.0
2026-01-09,107.0803,108.7686,107.0803,108.4409,764600.0
2026-01-12,107.9443,110.4967,107.8946,110.2782,700200.0
2026-01-13,109.871,110.3874,108.0933,110.0895,2038500.0
2026-01-14,109.9902,111.8473,109.6227,110.1093,1901200.0
2026-01-15,110.1193,111.5097,109.5135,110.9535,1771100.0
2026-01-16,110.8542,113.0093,110.5662,112.1155,1739400.0
2026-01-20,111.3607,112.6716,111.1323,112.473,1222600.0
2026-01-21,112.7213,115.1346,112.7213,114.7076,1455300.0
2026-01-22,115.4326,116.9223,115.2141,115.6709,1847200.0
2026-01-23,115.4922,115.5716,113.7442,114.787,1131600.0
2026-01-26,115.2041,116.2271,113.7939,116.1774,827600.0
2026-01-27,116.1874,116.8925,115.0949,116.5946,950000.0
2026-01-28,116.1377,116.4952,113.923,115.2637,1920300.0
2026-01-29,116.1476,116.1476,112.7114,114.1613,1190200.0
2026-01-30,112.9795,113.5357,111.9764,112.7908,1453700.0
2026-02-02,113.2477,113.6946,111.8076,113.4264,1108800.0
2026-02-03,113.2576,113.9131,111.9169,113.8833,988500.0
2026-02-04,113.8833,115.373,113.2874,115.1843,913500.0
2026-02-05,116.3065,116.3363,113.4562,114.1912,1304500.0
2026-02-06,115.3928,117.0514,114.9757,116.9024,1446800.0
2026-02-09,116.9819,117.9055,116.2469,117.0216,1074000.0
2026-02-10,117.1209,118.4815,116.7534,118.3226,839500.0
2026-02-11,118.5113,118.5113,112.8802,113.0987,2311200.0
2026-02-12,112.6518,113.6946,97.0595,100.2971,6086400.0
2026-02-13,100.3964,101.8564,98.728,101.3002,2624100.0
2026-02-17,101.3002,103.9817,99.8999,103.3659,2881200.0
2026-02-18,112.3737,114.3898,105.6601,106.7327,2880200.0
2026-02-19,105.7991,105.9779,101.469,102.9786,2271700.0
2026-02-20,102.0947,103.6937,101.4492,102.6608,1700000.0
2026-02-23,101.6379,101.9954,97.5759,97.6752,2199400.0
2026-02-24,97.5958,98.3903,95.5499,96.2848,1666200.0
2026-02-25,98.1917,98.9465,96.7814,98.3208,1740800.0
2026-02-26,98.6088,101.4194,97.7547,101.1115,1177300.0
2026-02-27,99.9396,101.2108,98.8968,100.2673,1302900.0
2026-03-02,100.1482,100.2574,98.4102,99.443,1007200.0
2026-03-03,97.8143,100.168,97.1687,99.8303,1358200.0
2026-03-04,100.0786,102.631,99.3437,102.5615,1629900.0
2026-03-05,102.0848,105.8091,101.7173,105.67,1763100.0
2026-03-06,105.7395,105.7495,102.3728,103.4752,1473900.0
2026-03-09,105.7097,105.7097,102.8495,105.0642,1318600.0
2026-03-10,104.508,104.6272,101.4591,102.631,1217300.0
2026-03-11,101.7273,103.217,100.6348,101.5386,662300.0
2026-03-12,101.0221,101.8563,97.2085,97.2383,1057200.0
2026-03-13,97.278,98.5492,96.6324,98.003,819700.0
2026-03-16,99.6417,100.3964,98.3108,98.3506,1355800.0
2026-03-17,98.8869,100.4858,98.867,99.3239,760100.0
2026-03-18,98.7379,98.9862,96.3047,96.4735,952400.0
2026-03-19,96.0564,96.4934,94.4575,95.1825,1080000.0
2026-03-20,95.2818,96.2451,93.8219,94.3284,2259500.0
2026-03-23,96.0962,98.2215,95.0732,96.553,1254400.0
2026-03-24,94.9342,96.1756,94.5767,95.7784,714900.0
2026-03-25,96.692,97.8342,94.5469,96.8013,992100.0
2026-03-26,96.0962,98.0328,95.7684,97.4468,1210000.0
2026-03-27,96.6722,97.0794,93.7325,93.9609,1666500.0
2026-03-30,95.1129,95.3215,93.2359,93.7722,1090700.0
2026-03-31,95.103,96.0862,92.938,95.1924,1530400.0
2026-04-01,95.5499,96.2153,94.2986,95.9372,1160900.0
2026-04-02,94.7058,98.0626,94.7058,97.6653,833000.0
2026-04-06,97.3674,98.0725,96.9701,97.2085,699300.0
2026-04-07,96.9602,97.7249,96.2054,97.0992,823500.0
2026-04-08,99.5821,100.8731,98.8769,99.1252,1318700.0
2026-04-09,98.579,99.3537,97.8342,99.2047,863900.0
2026-04-10,99.3536,102.6012,98.2413,102.5913,1707900.0
2026-04-13,102.4721,103.6937,101.4094,102.3132,1302900.0
2026-04-14,102.6012,103.3858,102.1245,102.631,669000.0
2026-04-15,102.8098,103.6837,102.2933,103.0283,1211500.0
2026-04-16,103.5447,104.7365,102.2536,102.5813,715500.0
2026-04-17,102.7502,104.3988,102.1742,103.4553,864200.0
2026-04-20,103.2368,104.3193,102.9786,103.8029,730700.0
2026-04-21,103.9717,104.8159,102.8495,103.0283,881400.0
2026-04-22,102.8992,103.7036,101.9358,101.9358,985900.0
2026-04-23,101.3101,105.9978,101.2406,105.4912,1123800.0
2026-04-24,105.4912,107.2392,105.1734,106.0176,1383200.0
2026-04-27,105.5409,108.3217,105.5409,107.0107,1365900.0
2026-04-28,106.8618,107.4477,103.7731,104.6272,1240900.0
2026-04-29,104.22,104.8954,103.6837,104.5279,877100.0
2026-04-30,105.0443,105.4615,103.5646,103.5844,1635000.0
2026-05-01,104.1306,104.8854,103.3957,104.1604,1119300.0
2026-05-04,103.4752,105.1337,103.0283,104.2896,1409400.0
2026-05-05,107.4279,109.7319,104.9053,105.7991,1718300.0
2026-05-06,106.5142,108.4111,104.7762,105.1536,1189700.0
2026-05-07,105.0741,106.2361,102.204,102.7204,1269900.0
2026-05-08,102.6409,104.2399,101.767,102.5714,854000.0
2026-05-11,102.3033,104.4286,101.6776,103.7135,792300.0
2026-05-12,103.7533,104.2002,102.2238,102.6906,893300.0
2026-05-13,101.8266,102.0252,99.7608,101.0817,1190400.0
2026-05-14,101.7173,104.1108,100.6447,101.0916,1117800.0
2026-05-15,101.191,101.479,99.5026,101.3896,1154500.0
2026-05-18,101.2406,103.1971,100.5355,102.1344,958400.0
2026-05-19,99.3735,103.0283,99.3735,102.5813,1009200.0
2026-05-20,102.6807,103.8327,101.3995,103.8327,1132600.0
2026-05-21,102.9488,103.1276,100.9824,101.9954,1040400.0
2026-05-22,102.7998,104.6074,102.6608,104.0015,977800.0
2026-05-26,103.8029,105.4813,103.505,104.4683,1136300.0
2026-05-27,104.6874,104.8269,103.3427,103.532,1045600.0
2026-05-28,103.3228,107.0382,102.8347,105.5042,817800.0
2026-05-29,104.5779,106.4206,103.9703,105.9325,1152500.0
2026-06-01,105.2652,106.0321,103.8906,104.8568,733600.0
2026-06-02,104.8767,104.8966,102.0379,104.4384,963600.0
2026-06-03,103.4025,104.8667,100.8824,101.7789,1260700.0
2026-06-04,103.2332,105.1755,102.9543,105.1158,986800.0
2026-06-05,106.6099,106.6198,103.3328,104.0798,666000.0
2026-06-08,104.0898,105.6038,104.0699,104.1197,735200.0
2026-06-09,104.3289,106.1915,104.0898,105.7732,774500.0
2026-06-10,105.6935,107.7056,104.8767,105.2253,801300.0
2026-06-11,105.1855,106.6597,104.5181,105.7034,1149500.0
2026-06-12,105.7831,108.4227,105.4943,107.2075,872600.0
2026-06-15,107.8151,110.1459,107.6657,109.9766,1526600.0
2026-06-16,110.375,111.1918,109.369,110.4647,1147200.0
2026-06-17,109.6778,110.8532,106.5003,106.8987,1244200.0
2026-06-18,107.4466,110.1858,106.7792,110.136,1483600.0
2026-06-22,109.9866,110.7635,108.1936,108.2036,2099400.0
2026-06-23,107.855,108.4825,106.9983,108.0343,1050200.0
2026-06-24,108.0044,113.0943,108.0044,112.1082,1582000.0
2026-06-25,111.5604,115.2359,111.5604,115.0466,1420200.0
2026-06-26,115.5148,115.7538,113.8015,114.8574,1663900.0
2026-06-29,114.6482,116.1822,112.4668,113.5027,1412200.0
2026-06-30,114.8474,116.5905,114.0605,115.9929,1417700.0
2026-07-01,116.1722,116.1722,111.5604,112.6162,1178400.0
2026-07-02,113.5326,114.8872,110.7934,112.3672,1680600.0
2026-07-06,112.4568,114.0804,112.168,113.6422,1056900.0
2026-07-07,114.9371,114.9371,111.899,112.8453,987700.0
2026-07-08,111.8891,112.3672,109.7176,110.6539,951600.0
2026-07-09,110.9229,111.64,109.3292,110.9826,699100.0
2026-07-10,111.7197,111.9986,107.5661,107.7056,1104700.0
2026-07-13,107.6856,108.9008,107.078,108.353,737400.0
2026-07-14,109.1499,109.4387,107.8948,108.7315,741900.0
2026-07-15,109.2495,112.0285,108.4526,110.883,1040800.0
2026-07-16,111.2715,114.1502,111.2715,112.6959,1013700.0
2026-07-17,112.427,112.427,110.3053,111.2117,822500.0
2026-07-20,112.1879,112.1879,109.8969,110.1559,655900.0
2026-07-21,109.2594,110.136,108.2534,110.0961,637700.0
2026-07-22,110.4946,111.4707,109.5085,110.0762,608700.0
2026-07-23,108.8411,109.8073,108.3829,108.7315,1625900.0
2026-07-24,109.0005,111.5404,108.4128,111.152,665200.0
2026-07-27,112.0982,116.0228,111.7895,115.8933,1078700.0
2026-07-28,116.5607,117.0388,114.8175,116.1323,1113100.0
2026-07-29,115.2757,116.6603,114.3295,114.7478,1014000.0
2026-07-30,114.1004,114.3892,108.7216,109.5782,1001400.0
2026-07-31,109.11,109.628,107.8649,109.3092,927400.0
2026-08-03,110.5145,112.4469,110.5145,111.7795,850400.0
2026-08-04,111.2416,111.9389,108.7913,110.6241,2287400.0
2026-08-05,108.1737,108.1737,93.7505,95.2546,6967200.0
2026-08-06,95.2646,96.4997,91.9178,92.3062,2335800.0
2026-08-07,91.7883,95.5833,91.7883,94.3482,2088900.0
2026-08-10,93.9298,95.165,92.4557,93.4517,1838600.0
2026-08-11,93.4318,94.2685,89.1885,89.2782,1786600.0
2026-08-12,88.4813,88.7104,85.7122,86.1206,2476700.0
2026-08-13,86.3696,86.9474,84.9951,86.0708,1561400.0
2026-08-14,86.0609,86.3696,83.2619,83.9293,3607900.0
2026-08-17,83.74,83.9791,81.708,81.7877,2488500.0
2026-08-18,82.1562,86.2103,82.1562,85.4234,2894800.0
2026-08-19,85.8118,87.7841,85.1345,85.8417,2996600.0
2026-08-20,85.5529,87.8637,85.3736,87.047,2227300.0
2026-08-21,87.4454,88.3419,86.1306,86.6784,2033800.0
2026-08-24,86.8079,87.1565,83.3117,83.74,2292300.0
2026-08-25,83.38,85.56,82.94,85.02,1767700.0
2026-08-26,84.96,86.8,84.48,85.76,1758300.0
2026-08-27,85.43,86.14,84.83,85.89,1294000.0
2026-08-28,86.18,86.3,85.29,86.06,1063100.0
2026-08-31,85.41,86.23,84.24,84.58,2187100.0
2026-09-01,84.06,84.29,82.23,82.75,2033200.0
2026-09-02,82.66,84.15,81.93,82.9,1578000.0
2026-09-03,83.53,84.29,81.5,83.27,1524300.0
2026-09-04,82.51,84.2,81.72,83.54,921400.0
2026-09-08,83.19,83.19,81.62,81.88,1145500.0
2026-09-09,81.62,81.99,80.66,81.33,1048900.0
2026-09-10,81.15,82.16,79.75,80.54,2003800.0
2026-09-11,81.73,83.94,81.25,83.6,2213100.0
2026-09-14,83.35,84.53,82.65,84.03,1631900.0
2026-09-15,84.4,86.63,83.62,86.11,2193500.0
2026-09-16,85.73,86.57,83.95,84.29,2522000.0
2026-09-17,85.16,85.5,83.93,84.08,1598500.0
2026-09-18,83.9,84.29,83.05,83.2,5008400.0
2026-09-21,83.94,84.1,82.82,83.7,1108500.0
2026-09-22,84.3,84.61,83.32,83.36,966600.0
2026-09-23,83.03,83.64,81.96,82.83,923200.0
2026-09-24,82.67,83.16,81.74,82.46,1134900.0
2026-09-25,82.26,83.55,81.63,82.49,2009000.0
2026-09-28,81.87,82.02,80.75,80.77,1064400.0
2026-09-29,80.38,81.45,80.37,81.39,1096000.0
2026-09-30,81.52,81.87,80.8,81.48,237061.0
