Date,Open,High,Low,Close,Volume
1993-01-29,24.0706,24.0706,23.9509,24.0535,1003200
1993-02-01,24.0706,24.2246,24.0706,24.2246,480500
1993-02-02,24.2075,24.293,24.1562,24.2759,201300
1993-02-03,24.3101,24.5497,24.293,24.5325,529400
1993-02-04,24.6181,24.6865,24.3444,24.6352,531500
1993-02-05,24.6181,24.6694,24.4812,24.6181,492100
1993-02-08,24.6181,24.7036,24.5839,24.6181,596100
1993-02-09,24.5326,24.5326,24.3957,24.447,122100
1993-02-10,24.447,24.4983,24.3786,24.4812,379600
1993-02-11,24.5154,24.7036,24.5154,24.601,19500
1993-02-12,24.5668,24.5668,24.4128,24.4128,42500
1993-02-16,24.3444,24.3444,23.7627,23.7969,374800
1993-02-17,23.7969,23.8311,23.6943,23.7798,210900
1993-02-18,24.0535,24.0535,23.4377,23.7627,378100
1993-02-19,23.7627,23.8482,23.7285,23.8482,34900
1993-02-22,23.9167,23.968,23.8482,23.9338,513600
1993-02-23,24.0022,24.0193,23.7969,23.9167,373700
1993-02-24,23.9338,24.2246,23.9338,24.2246,26300
1993-02-25,24.2075,24.293,24.1562,24.2759,44500
1993-02-26,24.3272,24.3272,24.1904,24.3101,66200
1993-03-01,24.3957,24.3957,24.2075,24.2417,66500
1993-03-02,24.2588,24.601,24.2246,24.601,182400
1993-03-03,24.6352,24.7207,24.601,24.7036,280100
1993-03-04,24.7378,24.7378,24.5668,24.5668,89500
1993-03-05,24.601,24.7036,24.4812,24.4983,40000
1993-03-08,24.5497,25.0458,24.5497,25.0458,50800
1993-03-09,24.9945,25.0116,24.9089,24.9602,169300
1993-03-10,24.9602,25.0116,24.8576,25.0116,194400
1993-03-11,25.0287,25.0971,24.9089,24.9431,70900
1993-03-12,24.7378,24.7549,24.5325,24.6865,643600
1993-03-15,24.6694,24.8063,24.6694,24.8063,310800
1993-03-16,24.8063,24.8747,24.8063,24.8063,30800
1993-03-17,24.7721,24.7721,24.6181,24.6523,21800
1993-03-18,24.7549,24.9089,24.7549,24.8063,59300
1993-03-19,24.9062,24.9062,24.7687,24.7687,66900
1993-03-22,24.5281,24.6828,24.5109,24.6312,183400
1993-03-23,24.7,24.7172,24.6484,24.6828,55200
1993-03-24,24.6484,24.7859,24.5281,24.6828,37200
1993-03-25,24.7,24.8891,24.6656,24.8375,110100
1993-03-26,24.8203,24.8375,24.6828,24.7,101500
1993-03-29,24.7172,24.9234,24.7172,24.8031,87100
1993-03-30,24.8375,24.8719,24.8031,24.8719,56000
1993-03-31,24.9406,25.0094,24.8547,24.8547,111600
1993-04-01,24.8891,24.8891,24.7172,24.7687,129500
1993-04-02,24.5625,24.5625,24.2531,24.2531,59400
1993-04-05,24.4422,24.4422,24.3046,24.3734,172200
1993-04-06,24.425,24.425,24.2359,24.3046,129700
1993-04-07,24.339,24.3906,24.2875,24.3906,28000
1993-04-08,24.4937,24.4937,24.2531,24.3562,180800
1993-04-12,24.5968,24.7172,24.5625,24.7,348500
1993-04-13,24.6828,24.8375,24.6656,24.7515,146100
1993-04-14,24.7687,24.7859,24.7,24.7172,119600
1993-04-15,24.7,24.7687,24.614,24.7172,148600
1993-04-16,24.7344,24.7687,24.6828,24.7172,47900
1993-04-19,24.7172,24.7859,24.5969,24.614,157000
1993-04-20,24.5797,24.614,24.339,24.4937,279500
1993-04-21,24.5453,24.5453,24.4078,24.4765,67900
1993-04-22,24.3734,24.5796,24.1671,24.1671,97700
1993-04-23,24.1156,24.1843,24.0296,24.064,106000
1993-04-26,24.0812,24.1671,23.8062,23.8749,62600
1993-04-27,23.8406,24.1328,23.8406,24.1328,156800
1993-04-28,24.0984,24.1499,24.0468,24.0812,85900
1993-04-29,24.1328,24.1843,23.9952,24.1843,85000
1993-04-30,24.2703,24.3562,24.2187,24.2187,88500
1993-05-03,24.2531,24.3734,24.1499,24.3734,80500
1993-05-04,24.425,24.5453,24.3906,24.4593,149100
1993-05-05,24.4593,24.614,24.4593,24.5281,109000
1993-05-06,24.4937,24.5109,24.425,24.4422,54700
1993-05-07,24.4593,24.4593,24.3562,24.3906,68000
1993-05-10,24.425,24.5797,24.425,24.4422,113900
1993-05-11,24.4421,24.5453,24.3734,24.5453,42600
1993-05-12,24.4422,24.5281,24.4422,24.5109,31000
1993-05-13,24.4078,24.4078,24.2015,24.2187,129100
1993-05-14,24.2187,24.2875,24.1843,24.2015,63500
1993-05-17,24.2703,24.2875,24.1671,24.2875,34000
1993-05-18,24.3046,24.3218,24.1843,24.2703,105200
1993-05-19,24.2703,24.7687,24.1156,24.7687,50200
1993-05-20,24.7687,24.8375,24.7172,24.8375,98200
1993-05-21,24.8547,24.8891,24.5969,24.614,221400
1993-05-24,24.6656,24.8031,24.6656,24.7172,30500
1993-05-25,24.8203,24.8203,24.7687,24.7687,191800
1993-05-26,24.8375,25.0953,24.8203,25.0781,102400
1993-05-27,25.1125,25.1125,24.9578,24.9922,53800
1993-05-28,24.975,24.975,24.7516,24.8719,79100
1993-06-01,24.9578,25.1984,24.9234,25.1125,28300
1993-06-02,25.0438,25.1641,24.9406,25.0781,20300
1993-06-03,25.0266,25.0266,24.9406,24.9922,21600
1993-06-04,24.9234,24.9234,24.8031,24.9062,32000
1993-06-07,24.9578,24.9578,24.8203,24.8203,121400
1993-06-08,24.7515,24.7515,24.5968,24.5968,104500
1993-06-09,24.6828,24.7859,24.6484,24.6828,43300
1993-06-10,24.6656,24.7172,24.614,24.7,17900
1993-06-11,24.7859,24.8375,24.7,24.8031,647400
1993-06-14,24.8375,24.8547,24.7687,24.7687,64200
1993-06-15,24.8031,24.8203,24.7172,24.7172,142400
1993-06-16,24.7172,24.7687,24.6484,24.7687,330900
1993-06-17,24.8203,24.8547,24.7687,24.8547,37400
1993-06-18,24.8404,24.8404,24.65,24.65,58500
1993-06-21,24.7193,24.7193,24.6673,24.7019,29300
1993-06-22,24.7366,24.7366,24.6846,24.7192,137500
1993-06-23,24.7192,24.7192,24.4942,24.4942,227600
1993-06-24,24.5634,24.8231,24.5634,24.8231,243700
1993-06-25,24.8058,24.875,24.7885,24.8058,44800
1993-06-28,24.927,25.0828,24.8924,25.0828,439900
1993-06-29,25.0481,25.0481,24.927,24.9616,207500
1993-06-30,24.9962,25.0481,24.927,24.9616,437600
1993-07-01,24.9962,24.9962,24.8577,24.8923,605700
1993-07-02,24.8058,24.8231,24.6673,24.7539,285400
1993-07-06,24.7192,24.7885,24.4596,24.4942,246400
1993-07-07,24.4769,24.5981,24.4769,24.5634,343700
1993-07-08,24.5807,24.8923,24.5461,24.8404,248200
1993-07-09,24.8404,24.9097,24.7885,24.9097,378200
1993-07-12,24.875,24.9097,24.8404,24.8923,373700
1993-07-13,24.9097,24.9789,24.7366,24.875,389600
1993-07-14,24.8923,25.0308,24.875,24.9616,617300
1993-07-15,24.9443,24.9443,24.8058,24.8577,443800
1993-07-16,24.875,24.8924,24.7539,24.7885,216400
1993-07-19,24.7885,24.7885,24.7019,24.7712,188200
1993-07-20,24.7539,24.8404,24.6327,24.8404,68500
1993-07-21,24.8058,24.8231,24.7365,24.8231,142700
1993-07-22,24.7885,24.8231,24.65,24.65,632400
1993-07-23,24.7019,24.7712,24.6846,24.7712,286200
1993-07-26,24.8404,24.9616,24.8404,24.9097,121300
1993-07-27,24.927,24.9443,24.8058,24.8923,92800
1993-07-28,24.8404,24.8923,24.8058,24.8404,30800
1993-07-29,24.8924,25.0481,24.8577,24.9789,331000
1993-07-30,24.9789,24.9789,24.8058,24.8404,75300
1993-08-02,24.875,24.9962,24.875,24.9097,41300
1993-08-03,24.9616,25.0308,24.8404,24.927,81600
1993-08-04,24.927,24.9789,24.8577,24.927,434000
1993-08-05,24.927,24.927,24.8404,24.875,36800
1993-08-06,24.9443,24.9616,24.875,24.9097,402300
1993-08-09,24.9789,25.1174,24.927,25.0481,828200
1993-08-10,25.0308,25.0481,24.9962,25.0308,604900
1993-08-11,25.0135,25.1001,25.0135,25.0308,542200
1993-08-12,25.1001,25.1001,24.875,24.9616,303700
1993-08-13,24.9789,25.0135,24.9789,24.9962,103500
1993-08-16,25.0135,25.2039,25.0135,25.1347,241800
1993-08-17,25.1174,25.2212,25.1174,25.2212,369300
1993-08-18,25.3078,25.4116,25.2905,25.3597,414300
1993-08-19,25.377,25.377,25.3251,25.3597,28500
1993-08-20,25.3078,25.377,25.2905,25.377,80700
1993-08-23,25.2732,25.3424,25.2732,25.3251,15600
1993-08-24,25.3251,25.6021,25.3251,25.6021,273400
1993-08-25,25.6021,25.7232,25.5674,25.6194,242300
1993-08-26,25.6367,25.7752,25.5328,25.6367,120000
1993-08-27,25.5674,25.6194,25.5674,25.6194,25700
1993-08-30,25.6367,25.7579,25.6367,25.7232,183500
1993-08-31,25.7059,25.7925,25.6713,25.7925,66500
1993-09-01,25.706,25.8098,25.706,25.7579,136500
1993-09-02,25.7752,25.8098,25.654,25.6713,472400
1993-09-03,25.654,25.7232,25.6194,25.6886,630500
1993-09-07,25.6886,25.7233,25.4809,25.5155,196400
1993-09-08,25.5155,25.5155,25.2559,25.429,269900
1993-09-09,25.3251,25.4982,25.3251,25.4809,239200
1993-09-10,25.5501,25.7232,25.5155,25.7059,106500
1993-09-13,25.7925,25.7925,25.7232,25.7232,66900
1993-09-14,25.654,25.654,25.5328,25.6194,184500
1993-09-15,25.5155,25.7059,25.429,25.6886,101000
1993-09-16,25.654,25.6713,25.5674,25.5848,54300
1993-09-17,25.57,25.5874,25.5003,25.5352,200900
1993-09-20,25.57,25.6222,25.3261,25.3261,57800
1993-09-21,25.361,25.3958,24.9778,25.239,318200
1993-09-22,25.3261,25.4829,25.2913,25.4481,439700
1993-09-23,25.5177,25.6048,25.4829,25.5874,88500
1993-09-24,25.5526,25.57,25.4829,25.5177,53500
1993-09-27,25.7093,25.7964,25.7093,25.7964,274600
1993-09-28,25.8138,25.8138,25.7268,25.7442,158300
1993-09-29,25.7442,25.8138,25.6222,25.6571,221000
1993-09-30,25.6571,25.7093,25.5526,25.6048,99300
1993-10-01,25.57,25.7616,25.5352,25.7268,22700
1993-10-04,25.7616,25.7616,25.6919,25.7616,1038500
1993-10-05,25.8138,25.8138,25.6397,25.7268,436500
1993-10-06,25.7442,25.8487,25.7093,25.7093,209200
1993-10-07,25.7442,25.7442,25.6223,25.6397,59400
1993-10-08,25.7093,25.7268,25.4829,25.6745,54400
1993-10-11,25.7268,25.779,25.7268,25.7268,467100
1993-10-12,25.7616,25.779,25.7442,25.7616,26200
1993-10-13,25.779,25.779,25.7267,25.7616,139100
1993-10-14,25.8661,26.0925,25.7964,26.0925,108100
1993-10-15,26.2145,26.2841,26.1448,26.2319,1502500
1993-10-18,26.2145,26.2145,26.1274,26.1622,722400
1993-10-19,26.1274,26.1796,25.9706,25.9706,880100
1993-10-20,26.0577,26.0577,25.9532,26.0054,230400
1993-10-21,26.0229,26.0229,25.9358,25.9706,56200
1993-10-22,26.0055,26.11,25.8487,25.8487,390700
1993-10-25,25.8661,25.9532,25.7964,25.9184,114500
1993-10-26,25.9009,25.9184,25.8138,25.9009,186200
1993-10-27,25.8661,25.9358,25.8661,25.9184,118400
1993-10-28,25.9532,26.1796,25.9532,26.11,129600
1993-10-29,26.0925,26.1274,26.0751,26.11,80700
1993-11-01,26.0751,26.197,26.0751,26.1796,36400
1993-11-02,26.1448,26.197,26.0054,26.1622,262100
1993-11-03,26.1448,26.1448,25.7093,25.8313,479100
1993-11-04,25.8313,25.8313,25.5351,25.5526,130400
1993-11-05,25.4829,25.6745,25.3784,25.6745,363200
1993-11-08,25.6919,25.779,25.6222,25.7093,367600
1993-11-09,25.8835,25.9009,25.7093,25.7268,246900
1993-11-10,25.7267,25.9184,25.6571,25.9184,46500
1993-11-11,25.9184,25.988,25.8313,25.8487,88900
1993-11-12,25.9009,26.0577,25.8835,25.9706,108200
1993-11-15,26.0229,26.0229,25.8835,25.9532,243300
1993-11-16,26.0055,26.0926,25.901,26.0751,492600
1993-11-17,26.0925,26.0925,25.8661,25.9358,39600
1993-11-18,25.9009,25.9532,25.7964,25.8661,240800
1993-11-19,25.779,25.8487,25.7616,25.8138,106000
1993-11-22,25.7442,25.7616,25.57,25.6571,165300
1993-11-23,25.7964,25.8138,25.6571,25.7964,89700
1993-11-24,25.8661,25.9184,25.8313,25.9009,77200
1993-11-26,25.9706,25.9706,25.9009,25.9184,1019800
1993-11-29,25.988,26.0403,25.8138,25.8138,517500
1993-11-30,25.7964,25.9532,25.779,25.8313,230000
1993-12-01,25.9706,25.988,25.8661,25.8661,379200
1993-12-02,25.9183,25.9532,25.8661,25.9358,352000
1993-12-03,25.9184,26.0403,25.9184,26.0403,306000
1993-12-06,26.0751,26.1622,26.0751,26.1274,99500
1993-12-07,26.1274,26.1448,26.0751,26.11,88800
1993-12-08,26.11,26.11,26.0751,26.11,146700
1993-12-09,26.1099,26.1448,25.988,26.0229,416500
1993-12-10,26.0403,26.0403,25.9184,25.9706,412900
1993-12-13,25.9706,26.1274,25.9358,26.1274,273200
1993-12-14,26.1448,26.1448,25.9358,25.9358,41900
1993-12-15,25.9706,25.988,25.9009,25.9009,82600
1993-12-16,26.0054,26.0054,25.9532,25.988,78200
1993-12-17,26.0432,26.1484,26.0256,26.1308,104700
1993-12-20,26.1133,26.1835,26.0958,26.1659,68800
1993-12-21,26.1309,26.1309,26.0432,26.0782,205700
1993-12-22,26.1484,26.2712,26.0958,26.2536,410300
1993-12-23,26.2361,26.2887,26.201,26.2361,533800
1993-12-27,26.2361,26.3764,26.2361,26.3764,447100
1993-12-28,26.3588,26.4465,26.3413,26.429,880600
1993-12-29,26.4465,26.4641,26.3764,26.3939,266700
1993-12-30,26.3764,26.3764,26.2361,26.2887,219900
1993-12-31,26.3413,26.3764,26.1308,26.1484,312900
1994-01-03,26.1484,26.1835,26.0432,26.0782,960900
1994-01-04,26.1133,26.1835,26.0782,26.1835,164300
1994-01-05,26.2185,26.2536,26.1133,26.2361,710900
1994-01-06,26.2712,26.2887,26.201,26.2361,201000
1994-01-07,26.2887,26.4115,26.2185,26.3939,775500
1994-01-10,26.429,26.7096,26.3588,26.7096,593700
1994-01-11,26.692,26.692,26.5693,26.657,295200
1994-01-12,26.6745,26.6745,26.4816,26.5693,158400
1994-01-13,26.4991,26.5517,26.4641,26.4991,244300
1994-01-14,26.5868,26.657,26.5868,26.6044,137200
1994-01-17,26.6044,26.6394,26.5518,26.6044,17700
1994-01-18,26.6394,26.6745,26.5868,26.6394,166400
1994-01-19,26.6044,26.6394,26.5167,26.5693,200800
1994-01-20,26.6044,26.657,26.5868,26.6394,281100
1994-01-21,26.6745,26.6745,26.5693,26.5868,85600
1994-01-24,26.5693,26.692,26.4816,26.4816,373800
1994-01-25,26.4991,26.5167,26.429,26.4816,310400
1994-01-26,26.4816,26.5693,26.4465,26.5517,145100
1994-01-27,26.6044,26.8323,26.5693,26.7973,344500
1994-01-28,26.9025,26.9551,26.8674,26.8674,356500
1994-01-31,26.9727,27.113,26.9376,27.0603,313800
1994-02-01,27.0253,27.0253,26.885,26.92,303600
1994-02-02,27.0077,27.0954,26.9902,27.0954,307600
1994-02-03,27.0428,27.0428,26.885,26.9727,466100
1994-02-04,26.9727,27.0077,26.3589,26.3589,1403200
1994-02-07,26.2887,26.5517,26.2887,26.4816,516400
1994-02-08,26.5342,26.5342,26.3939,26.4991,188200
1994-02-09,26.5167,26.6219,26.4816,26.6044,144600
1994-02-10,26.5868,26.6043,26.3764,26.3764,883900
1994-02-11,26.3939,26.5342,26.2711,26.4641,519400
1994-02-14,26.4114,26.5868,26.3764,26.4991,2742100
1994-02-15,26.5518,26.657,26.5167,26.6394,374700
1994-02-16,26.6745,26.6745,26.5693,26.6219,287600
1994-02-17,26.7446,26.7622,26.3939,26.4641,342400
1994-02-18,26.4816,26.4991,26.2361,26.3062,313300
1994-02-22,26.3764,26.5693,26.3764,26.5693,154500
1994-02-23,26.6044,26.6219,26.4114,26.4991,391700
1994-02-24,26.4114,26.4114,26.1308,26.1484,770800
1994-02-25,26.1835,26.2711,26.1308,26.2711,531300
1994-02-28,26.3413,26.4114,26.2711,26.2711,333000
1994-03-01,26.2712,26.3238,26.0256,26.1659,423600
1994-03-02,25.8327,26.201,25.7626,26.201,581500
1994-03-03,26.1659,26.1659,26.0607,26.1308,223200
1994-03-04,26.1308,26.2711,26.0432,26.201,595800
1994-03-07,26.2887,26.3764,26.2887,26.3413,539800
1994-03-08,26.3588,26.3588,26.201,26.2361,880300
1994-03-09,26.2712,26.3764,26.1484,26.3589,2500100
1994-03-10,26.3413,26.3413,26.0607,26.1484,207400
1994-03-11,26.1835,26.3238,26.0432,26.2887,576600
1994-03-14,26.3939,26.3939,26.2887,26.3238,345900
1994-03-15,26.3764,26.429,26.2887,26.3062,748600
1994-03-16,26.3413,26.5167,26.2536,26.5167,455500
1994-03-17,26.429,26.5518,26.429,26.5167,133000
1994-03-18,26.3874,26.5462,26.3698,26.5109,365500
1994-03-21,26.4227,26.4933,26.3698,26.4403,324800
1994-03-22,26.4403,26.5638,26.3874,26.5109,435700
1994-03-23,26.4932,26.5638,26.4756,26.4932,698500
1994-03-24,26.3874,26.4403,26.0523,26.1758,1200500
1994-03-25,26.1934,26.2639,25.9288,25.9288,100900
1994-03-28,25.9641,25.9994,25.7348,25.9641,1117200
1994-03-29,25.9641,25.9817,25.4526,25.4526,338400
1994-03-30,25.4702,25.5408,25.0998,25.0998,1123900
1994-03-31,25.0998,25.2233,24.5706,25.1703,788800
1994-04-04,24.4648,24.8529,24.4648,24.7823,2627300
1994-04-05,25.0293,25.2938,25.0293,25.2938,1179000
1994-04-06,25.3291,25.3467,25.1174,25.2938,516500
1994-04-07,25.2762,25.4702,25.1351,25.4173,666100
1994-04-08,25.3644,25.3644,25.0998,25.2233,242400
1994-04-11,25.2938,25.4349,25.2321,25.3291,203300
1994-04-12,25.3556,25.3997,25.2409,25.2938,1409200
1994-04-13,25.285,25.3467,24.9763,25.1615,364100
1994-04-14,25.1174,25.3026,25.0645,25.1703,419900
1994-04-15,25.1615,25.2762,25.1262,25.1703,387300
1994-04-18,25.1968,25.2674,24.9234,25.0028,369100
1994-04-19,24.9763,25.1351,24.8264,25.0381,472200
1994-04-20,25.0645,25.1263,24.8793,25.0116,508000
1994-04-21,25.1174,25.382,25.0292,25.3467,200300
1994-04-22,25.4085,25.4261,25.2497,25.3203,301800
1994-04-25,25.3115,25.6025,25.3115,25.5849,394600
1994-04-26,25.5496,25.5937,25.5055,25.5584,399000
1994-04-28,25.5055,25.5408,25.2938,25.3732,287000
1994-04-29,25.3291,25.4878,25.2938,25.4526,481900
1994-05-02,25.4526,25.8053,25.3644,25.6113,275000
1994-05-03,25.6202,25.629,25.4349,25.5849,183400
1994-05-04,25.6378,25.6378,25.4438,25.5408,401900
1994-05-05,25.5672,25.6113,25.5055,25.5055,659800
1994-05-06,25.382,25.382,25.1703,25.2585,216300
1994-05-09,25.188,25.2585,24.994,25.0381,499300
1994-05-10,25.1615,25.3115,25.1439,25.2321,583400
1994-05-11,25.2056,25.2409,24.9322,25.0028,210600
1994-05-12,25.1615,25.188,25.0645,25.1262,305200
1994-05-13,25.1968,25.1968,25.0028,25.1262,321300
1994-05-16,25.1792,25.2586,25.1263,25.1351,450400
1994-05-17,25.1527,25.5055,25.1174,25.5055,470200
1994-05-18,25.5231,25.7877,25.4085,25.6907,824800
1994-05-19,25.6378,25.8847,25.6378,25.8141,531000
1994-05-20,25.7701,25.7877,25.6819,25.7172,370400
1994-05-23,25.6907,25.6995,25.5937,25.6731,262700
1994-05-24,25.7436,25.8759,25.7436,25.7789,549600
1994-05-25,25.6819,25.8671,25.5937,25.8494,738200
1994-05-26,25.8406,25.9288,25.8142,25.8671,369600
1994-05-27,25.823,25.8935,25.7789,25.8935,162000
1994-05-31,25.8142,25.9112,25.7701,25.8583,160000
1994-06-01,25.7965,25.9729,25.7171,25.9729,200500
1994-06-02,25.9905,25.9905,25.9024,25.9464,55100
1994-06-03,25.9641,26.1846,25.8847,26.0964,550400
1994-06-06,26.1493,26.2287,26.0699,26.0876,99300
1994-06-07,26.0435,26.0876,25.9817,26.0523,120600
1994-06-08,26.114,26.114,25.8406,25.8406,131900
1994-06-09,25.9553,25.9817,25.9024,25.9817,80500
1994-06-10,26.0082,26.0787,26.0082,26.0258,83100
1994-06-13,25.9905,26.0699,25.9817,26.0611,109700
1994-06-14,26.1405,26.2728,26.1405,26.264,161000
1994-06-15,26.2728,26.2816,26.1405,26.1581,142800
1994-06-16,26.1581,26.2287,26.1317,26.211,44000
1994-06-17,26.2245,26.2512,26.0292,26.0647,403800
1994-06-20,25.8783,25.9227,25.8162,25.8428,137400
1994-06-21,25.825,25.825,25.5143,25.6208,139200
1994-06-22,25.6919,25.8073,25.6652,25.7185,279900
1994-06-23,25.7629,25.7984,25.5321,25.5676,922500
1994-06-24,25.4433,25.4433,24.9994,25.0349,353800
1994-06-27,25.1326,25.4699,25.0083,25.4699,371200
1994-06-28,25.4788,25.4788,25.1415,25.3456,5382300
1994-06-29,25.3812,25.5765,25.3545,25.4255,311800
1994-06-30,25.4699,25.4788,25.177,25.2657,271900
1994-07-01,25.39,25.39,25.2125,25.319,406900
1994-07-05,25.3723,25.4877,25.2924,25.4522,112000
1994-07-06,25.3545,25.4611,25.2657,25.4167,174800
1994-07-07,25.4167,25.5232,25.39,25.5232,66700
1994-07-08,25.3634,25.5587,25.3545,25.5143,148400
1994-07-11,25.5321,25.5765,25.3013,25.4255,124000
1994-07-12,25.4344,25.4699,25.2924,25.461,257300
1994-07-13,25.4699,25.5853,25.4699,25.5054,532700
1994-07-14,25.6297,25.8339,25.612,25.7806,494200
1994-07-15,25.7629,25.8428,25.754,25.7895,49100
1994-07-18,25.7895,25.8961,25.7895,25.8339,72300
1994-07-19,25.8783,25.8872,25.7806,25.7806,609500
1994-07-20,25.7984,25.7984,25.6031,25.6652,185300
1994-07-21,25.6652,25.7363,25.612,25.7185,86300
1994-07-22,25.7806,25.7984,25.7096,25.7629,151600
1994-07-25,25.7718,25.825,25.7451,25.7984,120900
1994-07-26,25.7895,25.8073,25.7451,25.7718,489600
1994-07-27,25.7718,25.7718,25.6652,25.7718,83200
1994-07-28,25.7718,25.896,25.7718,25.825,828200
1994-07-29,26.0026,26.1624,25.9937,26.0825,459100
1994-08-01,26.1002,26.2245,26.0736,26.2068,486300
1994-08-02,26.2955,26.3488,26.1535,26.2423,505500
1994-08-03,26.2334,26.2689,26.189,26.2512,144100
1994-08-04,26.2334,26.26,26.0914,26.1002,231700
1994-08-05,25.9671,26.047,25.9404,26.0115,138400
1994-08-08,26.0381,26.1002,26.0115,26.0736,328600
1994-08-09,25.976,26.118,25.976,26.118,105900
1994-08-10,26.1358,26.2423,26.1003,26.2157,840300
1994-08-11,26.1535,26.2689,25.9848,26.118,876200
1994-08-12,26.1624,26.331,26.1624,26.3222,184100
1994-08-15,26.3488,26.411,26.3133,26.3133,325900
1994-08-16,26.3311,26.5264,26.2245,26.4997,1089500
1994-08-17,26.5352,26.553,26.4642,26.482,133700
1994-08-18,26.3932,26.4553,26.3666,26.3932,620000
1994-08-19,26.4021,26.4287,26.3133,26.3754,103200
1994-08-22,26.3843,26.3843,26.2955,26.3488,79700
1994-08-23,26.4642,26.624,26.4287,26.4997,268600
1994-08-24,26.5264,26.7838,26.5175,26.7838,254700
1994-08-25,26.7572,26.8193,26.6418,26.7128,147400
1994-08-26,26.7749,27.1478,26.7749,27.0945,339500
1994-08-29,27.1655,27.2632,27.0679,27.0768,350300
1994-08-30,27.0679,27.1922,27.0324,27.1478,36000
1994-08-31,27.1034,27.2099,27.0413,27.0768,356200
1994-09-01,26.988,27.0057,26.8903,26.988,294600
1994-09-02,27.1123,27.1123,26.8282,26.8726,99600
1994-09-06,26.8548,26.9081,26.7749,26.8815,229800
1994-09-07,26.9436,26.9436,26.8282,26.8548,27900
1994-09-08,26.9081,27.0235,26.8992,26.988,284800
1994-09-09,26.7217,26.775,26.5974,26.7039,488400
1994-09-12,26.7039,26.7394,26.5796,26.624,129400
1994-09-13,26.6773,26.775,26.624,26.7039,389200
1994-09-14,26.6151,26.7661,26.6151,26.7305,423500
1994-09-15,26.8016,27.0679,26.8016,27.0679,779800
1994-09-16,26.8663,26.9467,26.777,26.8753,571300
1994-09-19,26.9378,27.0539,26.8753,26.9021,167300
1994-09-20,26.7592,26.7859,26.393,26.393,355600
1994-09-21,26.4733,26.4733,26.1429,26.393,397500
1994-09-22,26.4555,26.4555,26.3036,26.3304,266400
1994-09-23,26.3394,26.393,26.1965,26.2411,176600
1994-09-26,26.3394,26.393,26.2858,26.3751,223000
1994-09-27,26.3751,26.4465,26.2947,26.3572,479500
1994-09-28,26.5001,26.5984,26.4823,26.5627,324000
1994-09-29,26.5627,26.5627,26.3483,26.4287,195900
1994-09-30,26.4197,26.5448,26.393,26.393,5200
1994-10-03,26.4108,26.4376,26.2858,26.3304,72600
1994-10-04,26.4644,26.4644,25.9196,25.9374,84200
1994-10-05,25.8928,25.9464,25.7231,25.9464,461900
1994-10-06,25.9642,25.9821,25.8213,25.866,345200
1994-10-07,25.866,26.0536,25.8392,25.9821,188700
1994-10-10,26.0982,26.3036,26.0893,26.259,213600
1994-10-11,26.3751,26.7234,26.3751,26.652,461400
1994-10-12,26.6877,26.7234,26.6252,26.6877,162400
1994-10-13,26.9914,27.0539,26.7502,26.777,1564500
1994-10-14,26.8663,26.9021,26.6877,26.8931,72800
1994-10-17,26.8663,26.9021,26.8127,26.8395,282300
1994-10-18,26.8127,26.8127,26.6877,26.777,132100
1994-10-19,26.6788,27.0003,26.6698,26.9021,136700
1994-10-20,26.9021,26.9021,26.643,26.7234,290300
1994-10-21,26.652,26.6877,26.5001,26.6163,87800
1994-10-24,26.6252,26.7324,26.384,26.393,149600
1994-10-25,26.3036,26.4733,26.2947,26.4197,91800
1994-10-26,26.518,26.5448,26.393,26.518,201000
1994-10-27,26.6162,26.6788,26.5537,26.6788,210300
1994-10-28,26.7324,27.2682,26.7324,27.2415,192100
1994-10-31,27.179,27.2057,27.1343,27.1432,36300
1994-11-01,27.0271,27.0271,26.8306,26.8395,435200
1994-11-02,26.7591,27.0003,26.6877,26.6877,115600
1994-11-03,26.777,26.8753,26.7413,26.8306,87000
1994-11-04,26.9556,26.9556,26.4823,26.4823,124400
1994-11-07,26.5448,26.6341,26.4733,26.5627,115000
1994-11-08,26.652,26.8574,26.6073,26.7681,308300
1994-11-09,27.0539,27.0539,26.5805,26.8127,318500
1994-11-10,26.8306,26.8842,26.6073,26.6252,172100
1994-11-11,26.5895,26.6162,26.4555,26.5269,302200
1994-11-14,26.643,26.7859,26.643,26.777,181400
1994-11-15,26.7502,26.9199,26.4823,26.6877,316900
1994-11-16,26.7323,26.777,26.643,26.777,106900
1994-11-17,26.7949,26.7949,26.4912,26.5984,104700
1994-11-18,26.6073,26.652,26.4465,26.5627,269300
1994-11-21,26.5448,26.6252,26.2947,26.2947,283100
1994-11-22,26.1965,26.2947,25.7231,25.7231,483600
1994-11-23,25.7409,25.8749,25.4998,25.866,601600
1994-11-25,25.8839,26.0268,25.8839,25.991,77300
1994-11-28,25.9821,26.1161,25.9196,26.1072,79900
1994-11-29,26.0982,26.1518,26.0089,26.0982,105500
1994-11-30,26.2322,26.2679,26.0625,26.0625,218800
1994-12-01,26.0893,26.0893,25.7499,25.8035,439000
1994-12-02,25.7499,26.0446,25.7499,26.0446,318500
1994-12-05,26.0982,26.1875,26.0089,26.0714,139200
1994-12-06,25.9732,26.0982,25.9285,26.0893,249900
1994-12-07,25.9285,26.0089,25.8749,25.9017,531900
1994-12-08,26.0089,26.0446,25.5802,25.6516,261500
1994-12-09,25.6516,25.7677,25.5444,25.7499,235900
1994-12-12,25.6963,25.9196,25.6963,25.9196,151100
1994-12-13,25.9017,26.0268,25.9017,26.0178,70900
1994-12-14,25.9821,26.2679,25.9821,26.1518,203300
1994-12-15,26.1875,26.3126,26.1875,26.2322,130100
1994-12-16,26.3153,26.4143,26.2883,26.3603,266100
1994-12-19,26.3603,26.4143,26.2793,26.3963,1120200
1994-12-20,26.4233,26.4414,26.3153,26.3153,675600
1994-12-21,26.3333,26.6574,26.3333,26.5944,544500
1994-12-22,26.5944,26.6214,26.4863,26.5134,222000
1994-12-23,26.4953,26.6034,26.4953,26.5404,125800
1994-12-27,26.6304,26.7384,26.6124,26.6844,95200
1994-12-28,26.7114,26.7114,26.4864,26.5494,358200
1994-12-29,26.6484,26.6484,26.5403,26.5674,220100
1994-12-30,26.6214,26.6484,26.2523,26.2523,2209500
1995-01-03,26.3333,26.4143,26.3243,26.3783,324300
1995-01-04,26.4954,26.5044,26.3603,26.5044,351800
1995-01-05,26.5224,26.5674,26.4774,26.5044,89800
1995-01-06,26.5584,26.6484,26.4503,26.5314,448400
1995-01-09,26.5224,26.5584,26.5044,26.5584,36800
1995-01-10,26.6214,26.7294,26.5854,26.5854,229800
1995-01-11,26.6754,26.6754,26.3963,26.6034,222400
1995-01-12,26.5764,26.6304,26.5224,26.6124,40300
1995-01-13,26.7565,26.9275,26.7204,26.9275,170600
1995-01-16,26.9185,27.0985,26.9185,27.0895,105100
1995-01-17,27.0355,27.1165,26.9995,27.0985,89500
1995-01-18,27.0806,27.1256,27.0085,27.0716,84500
1995-01-19,26.9815,27.0085,26.9005,26.9185,139100
1995-01-20,26.8825,26.8915,26.7654,26.8195,78700
1995-01-23,26.6394,26.9005,26.6214,26.9005,53700
1995-01-24,26.8915,26.9365,26.8735,26.9365,32400
1995-01-25,26.8014,27.1075,26.8014,27.0085,15700
1995-01-26,26.9905,27.0715,26.9365,27.0355,9800
1995-01-27,27.2156,27.2156,27.0355,27.1436,91200
1995-01-30,27.0895,27.1075,26.9905,27.0265,26600
1995-01-31,27.0806,27.1796,27.0355,27.1346,127500
1995-02-01,27.1706,27.2696,27.0806,27.1256,380200
1995-02-02,27.1165,27.2876,27.1165,27.2876,131700
1995-02-03,27.4587,27.7198,27.4137,27.6747,405100
1995-02-06,27.6657,27.8728,27.6387,27.7917,405400
1995-02-07,27.8368,27.8368,27.7378,27.8278,702900
1995-02-08,27.7918,27.9268,27.7738,27.8278,521500
1995-02-09,27.7828,27.8278,27.7288,27.8278,390700
1995-02-10,27.7918,27.8638,27.7107,27.8638,148300
1995-02-13,27.8458,27.9268,27.8458,27.8728,79700
1995-02-14,27.9628,27.9628,27.8008,27.9088,170200
1995-02-15,27.9088,28.0979,27.8818,28.0619,431500
1995-02-16,28.0258,28.0528,27.9448,28.0258,99300
1995-02-17,27.9988,28.0169,27.9088,27.9178,49100
1995-02-21,27.9178,27.9628,27.8998,27.9088,168000
1995-02-22,27.9358,28.1159,27.9178,28.1159,386400
1995-02-23,28.2239,28.3229,28.1519,28.1609,402800
1995-02-24,28.1969,28.2419,28.1249,28.2329,307600
1995-02-27,28.1519,28.2329,27.9628,28.0078,280900
1995-02-28,27.9808,28.2419,27.9808,28.2419,493500
1995-03-01,28.2149,28.2509,28.0349,28.0619,242600
1995-03-02,28.0528,28.0979,27.9718,28.0979,488600
1995-03-03,28.0078,28.1069,27.9358,28.1069,290000
1995-03-06,27.9178,28.1249,27.8818,28.1249,85700
1995-03-07,28.0258,28.0889,27.7828,27.9088,180900
1995-03-08,27.9538,28.0168,27.8548,27.9808,155900
1995-03-09,27.9718,27.9988,27.8998,27.9718,63500
1995-03-10,27.9988,28.458,27.9628,28.386,192100
1995-03-13,28.368,28.458,28.3319,28.359,261300
1995-03-14,28.44,28.602,28.44,28.566,223300
1995-03-15,28.521,28.566,28.404,28.512,278500
1995-03-16,28.485,28.7011,28.485,28.6831,20400
1995-03-17,28.6392,28.7478,28.6211,28.7116,89900
1995-03-20,28.7478,28.7478,28.6573,28.7116,91700
1995-03-21,28.7116,28.8926,28.5939,28.6392,104400
1995-03-22,28.6935,28.6935,28.5758,28.6663,74900
1995-03-23,28.6301,28.7659,28.5939,28.6844,220500
1995-03-24,28.7749,29.0917,28.7749,29.0917,134000
1995-03-27,29.137,29.2094,29.0646,29.2094,132100
1995-03-28,29.137,29.2094,29.1008,29.2094,121900
1995-03-29,29.1823,29.481,29.0374,29.2004,246100
1995-03-30,29.2637,29.2637,29.0284,29.1461,298400
1995-03-31,28.9198,29.0646,28.7025,29.0284,541300
1995-04-03,29.0193,29.1008,29.0012,29.1008,193300
1995-04-04,29.1099,29.2909,29.1099,29.2909,66900
1995-04-05,29.2275,29.318,29.2094,29.2909,107200
1995-04-06,29.3633,29.4266,29.309,29.3995,352500
1995-04-07,29.4629,29.4629,29.2366,29.3723,361400
1995-04-10,29.3271,29.4266,29.309,29.4266,285400
1995-04-11,29.4991,29.5081,29.309,29.3271,250300
1995-04-12,29.3723,29.4266,29.318,29.4266,150900
1995-04-13,29.481,29.5986,29.4629,29.5896,243400
1995-04-17,29.6982,29.7253,29.3271,29.4176,178900
1995-04-18,29.4448,29.4448,29.2456,29.318,329500
1995-04-19,29.318,29.3814,29.137,29.2909,223000
1995-04-20,29.3724,29.4176,29.2185,29.3361,207900
1995-04-21,29.3452,29.49,29.3452,29.481,145000
1995-04-24,29.4629,29.8249,29.4629,29.8249,169000
1995-04-25,29.7797,29.8249,29.7254,29.7435,293200
1995-04-26,29.6892,29.7887,29.6167,29.7706,204400
1995-04-27,29.7254,29.8611,29.7073,29.843,502200
1995-04-28,29.834,29.9335,29.6439,29.8883,130800
1995-05-01,29.8611,29.9245,29.8068,29.8068,518700
1995-05-02,29.834,29.9154,29.7706,29.8702,228400
1995-05-03,29.9698,30.2866,29.9698,30.2866,724700
1995-05-04,30.3228,30.5219,30.1961,30.2685,311400
1995-05-05,30.3952,30.3952,30.1689,30.2322,314900
1995-05-08,30.2051,30.549,30.1779,30.4495,183100
1995-05-09,30.5762,30.6124,30.3771,30.4223,180600
1995-05-10,30.5038,30.5128,30.3137,30.4585,330300
1995-05-11,30.5038,30.54,30.4042,30.54,351700
1995-05-12,30.4223,30.6305,30.4133,30.5581,94600
1995-05-15,30.6396,30.7029,30.5762,30.7029,147200
1995-05-16,30.6939,30.7934,30.6396,30.721,221600
1995-05-17,30.721,30.7301,30.5762,30.6033,189200
1995-05-18,30.5491,30.5672,30.1598,30.1598,577800
1995-05-19,30.1146,30.2322,30.0693,30.1779,363900
1995-05-22,30.2775,30.5581,30.2594,30.5128,216000
1995-05-23,30.5671,30.7934,30.4766,30.7934,136800
1995-05-24,30.8477,30.9473,30.5852,30.7753,370800
1995-05-25,30.6848,30.8296,30.54,30.8025,379900
1995-05-26,30.6848,30.6939,30.3318,30.4495,518600
1995-05-30,30.5219,30.6034,30.3409,30.4404,61500
1995-05-31,30.3861,31.074,30.3861,31.074,564500
1995-06-01,30.9383,31.2279,30.8478,30.9926,810100
1995-06-02,30.8659,31.237,30.7572,31.0197,112900
1995-06-05,31.0197,31.3094,30.9926,31.2098,257200
1995-06-06,31.1827,31.2913,31.1555,31.1555,165800
1995-06-07,31.0921,31.1102,30.9564,30.9926,41900
1995-06-08,30.9835,31.0741,30.9202,30.9202,141100
1995-06-09,30.8568,30.893,30.5581,30.7391,304900
1995-06-12,30.8387,31.0378,30.8206,30.9111,378500
1995-06-13,31.0559,31.2641,31.0288,31.246,120000
1995-06-14,31.2008,31.2551,31.1012,31.2189,389400
1995-06-15,31.2641,31.418,31.2098,31.3546,274500
1995-06-16,31.2929,31.4477,31.2929,31.4477,325100
1995-06-19,31.5388,31.821,31.5205,31.8028,134600
1995-06-20,31.7118,31.821,31.6936,31.7209,287800
1995-06-21,31.821,31.8483,31.7027,31.7027,158200
1995-06-22,31.8392,32.1397,31.8392,32.1215,297000
1995-06-23,32.0486,32.0668,31.9576,32.0577,315400
1995-06-26,31.9667,32.0213,31.6754,31.6754,132900
1995-06-27,31.6662,31.8757,31.5934,31.6116,127700
1995-06-28,31.6116,31.903,31.5115,31.7755,212600
1995-06-29,31.7755,31.8575,31.5024,31.7209,89200
1995-06-30,31.7846,31.8939,31.6389,31.7027,714100
1995-07-03,31.7391,31.821,31.7391,31.821,9500
1995-07-05,31.9121,32.0851,31.8392,31.9394,409300
1995-07-06,31.9485,32.3491,31.8847,32.3491,202500
1995-07-07,32.2853,32.5039,32.2671,32.4948,481700
1995-07-10,32.5221,32.604,32.4583,32.513,400400
1995-07-11,32.4857,32.513,32.3127,32.3582,420500
1995-07-12,32.4219,32.8134,32.3582,32.7588,203400
1995-07-13,32.7133,32.7861,32.6495,32.686,215600
1995-07-14,32.513,32.686,32.4857,32.6587,543700
1995-07-17,32.7042,32.8772,32.6769,32.8408,171500
1995-07-18,32.7861,32.7861,32.5312,32.5585,221200
1995-07-19,32.431,32.4674,31.5843,32.2034,486600
1995-07-20,32.2398,32.3855,32.0669,32.3218,318900
1995-07-21,32.2944,32.4128,32.1579,32.2853,94000
1995-07-24,32.3309,32.5585,32.3309,32.5221,108400
1995-07-25,32.5585,32.8134,32.4584,32.7679,107400
1995-07-26,32.7497,32.9045,32.7315,32.7406,167800
1995-07-27,32.8954,33.041,32.8954,33.0137,187700
1995-07-28,33.041,33.041,32.777,32.8043,415600
1995-07-31,32.8316,32.859,32.6495,32.7224,342500
1995-08-01,32.7679,32.7679,32.4857,32.6678,141000
1995-08-02,32.8589,33.0957,32.5403,32.5949,240400
1995-08-03,32.3673,32.604,32.3127,32.5858,1193600
1995-08-04,32.6496,32.6769,32.5858,32.6222,240500
1995-08-07,32.6951,32.7952,32.6769,32.6951,193100
1995-08-08,32.7133,32.8134,32.5949,32.6951,951900
1995-08-09,32.8043,32.8043,32.6586,32.686,107100
1995-08-10,32.7224,32.7952,32.4766,32.6131,280800
1995-08-11,32.5858,32.6222,32.2945,32.431,257200
1995-08-14,32.513,32.7224,32.4401,32.7224,254800
1995-08-15,32.7133,32.7133,32.431,32.6587,44400
1995-08-16,32.6313,32.7497,32.5949,32.7497,374900
1995-08-17,32.7679,32.7679,32.5767,32.6951,353800
1995-08-18,32.859,32.8681,32.7042,32.7315,85400
1995-08-21,32.8681,33.0046,32.6314,32.6405,266700
1995-08-22,32.686,32.7588,32.5221,32.7042,220200
1995-08-23,32.7315,32.7497,32.5858,32.5858,176500
1995-08-24,32.5949,32.686,32.4857,32.6222,167400
1995-08-25,32.6769,32.8589,32.6769,32.8043,195000
1995-08-28,32.8954,32.8954,32.6313,32.686,293000
1995-08-29,32.7224,32.777,32.4948,32.7679,1133100
1995-08-30,32.7952,32.8772,32.7588,32.8408,437400
1995-08-31,32.8316,32.9227,32.8043,32.868,491900
1995-09-01,32.859,33.0684,32.8316,33.0137,629900
1995-09-05,33.1139,33.3415,33.0593,33.3233,272200
1995-09-06,33.3506,33.4234,33.3415,33.387,214500
1995-09-07,33.4234,33.4417,33.3597,33.4052,258800
1995-09-08,33.5327,33.5327,33.3142,33.5327,107300
1995-09-11,33.5873,33.6875,33.5873,33.6238,260700
1995-09-12,33.6329,33.7785,33.5509,33.7785,139500
1995-09-13,33.7421,33.9789,33.733,33.9333,239800
1995-09-14,34.0517,34.2702,33.9606,34.2429,457600
1995-09-15,34.2151,34.3158,34.0961,34.2334,431200
1995-09-18,34.1144,34.1328,33.9405,34.1053,307500
1995-09-19,34.1694,34.2884,34.0504,34.2701,549600
1995-09-20,34.325,34.4348,34.2975,34.4348,290800
1995-09-21,34.389,34.4165,34.0137,34.151,508500
1995-09-22,33.8765,34.1968,33.849,34.1602,449900
1995-09-25,34.1968,34.1968,33.9863,34.1053,130000
1995-09-26,34.206,34.2883,34.0137,34.0961,466600
1995-09-27,33.9497,34.087,33.7392,34.0687,654400
1995-09-28,34.0961,34.325,34.0687,34.325,456200
1995-09-29,34.2975,34.508,34.2151,34.2609,606600
1995-10-02,34.2609,34.3433,34.0046,34.087,293100
1995-10-03,34.087,34.1785,33.9497,34.1236,839700
1995-10-04,34.1419,34.1419,34.0412,34.087,248800
1995-10-05,34.1236,34.1877,34.0321,34.1877,268800
1995-10-06,34.206,34.3158,34.206,34.2151,75300
1995-10-09,34.087,34.1053,33.8673,33.9314,358200
1995-10-10,33.5835,33.9131,33.5469,33.9131,360800
1995-10-11,34.0321,34.0321,33.9039,34.0229,228100
1995-10-12,34.0504,34.2517,34.0504,34.2334,199800
1995-10-13,34.389,34.4806,34.3433,34.3433,488100
1995-10-16,34.2426,34.3067,34.1785,34.1785,443600
1995-10-17,34.2151,34.444,34.1511,34.4074,146000
1995-10-18,34.5721,34.6179,34.3982,34.508,228100
1995-10-19,34.4897,34.6728,34.4439,34.6728,500600
1995-10-20,34.6453,34.6728,34.4622,34.4622,748400
1995-10-23,34.2975,34.4531,34.2975,34.389,533000
1995-10-24,34.4348,34.4714,34.3433,34.4256,172200
1995-10-25,34.4531,34.4989,34.1419,34.1419,302700
1995-10-26,34.1968,34.2243,33.5561,33.8307,606800
1995-10-27,33.7941,34.087,33.6385,34.087,905800
1995-10-30,34.1693,34.325,34.1693,34.3066,488700
1995-10-31,34.3982,34.4714,34.1602,34.1602,508200
1995-11-01,34.1419,34.4348,34.1144,34.4348,415700
1995-11-02,34.3799,34.6545,34.3799,34.6545,326000
1995-11-03,34.7003,34.7094,34.5996,34.7003,615000
1995-11-06,34.6911,34.6911,34.5721,34.5812,311200
1995-11-07,34.5629,34.5629,34.3433,34.4531,358200
1995-11-08,34.4989,34.7826,34.4989,34.7643,357200
1995-11-09,34.9016,34.9016,34.7277,34.8925,503700
1995-11-10,34.7002,34.9199,34.6911,34.8742,795600
1995-11-13,34.8101,34.9474,34.746,34.8375,818500
1995-11-14,34.7735,34.8467,34.6087,34.6087,341800
1995-11-15,34.6453,34.9657,34.627,34.9565,584700
1995-11-16,34.9566,35.1854,34.9474,35.1488,577700
1995-11-17,35.2037,35.2677,35.1579,35.2586,267000
1995-11-20,35.3135,35.3227,35.0664,35.0755,448800
1995-11-21,35.1122,35.3593,35.103,35.3593,119200
1995-11-22,35.3318,35.3684,35.2495,35.2495,351600
1995-11-24,35.2861,35.341,35.2586,35.341,62400
1995-11-27,35.4142,35.524,35.3501,35.3501,273000
1995-11-28,35.3227,35.7254,35.2403,35.7254,479000
1995-11-29,35.7895,35.7895,35.6431,35.762,549200
1995-11-30,35.7621,35.8536,35.6431,35.6797,286200
1995-12-01,35.7254,35.7803,35.643,35.7254,465200
1995-12-04,35.8078,36.1648,35.762,36.1648,631700
1995-12-05,36.1282,36.4394,36.1007,36.4028,567700
1995-12-06,36.4943,36.6316,36.3204,36.4851,272800
1995-12-07,36.4394,36.4851,36.2655,36.2929,289700
1995-12-08,36.4485,36.4577,36.1831,36.4119,296900
1995-12-11,36.4852,36.6408,36.4119,36.5676,186500
1995-12-12,36.4028,36.5309,36.4028,36.4577,299400
1995-12-13,36.5035,36.7323,36.5035,36.6866,390700
1995-12-14,36.7231,36.7872,36.3296,36.4211,395000
1995-12-15,36.4712,36.4712,36.3055,36.4344,416700
1995-12-18,36.1121,36.1121,35.7252,35.7345,862300
1995-12-19,35.7529,36.1581,35.7068,36.1121,1022600
1995-12-20,36.2226,36.2594,35.7621,35.7621,1349800
1995-12-21,35.9739,36.0568,35.8081,35.9463,857600
1995-12-22,36.1397,36.1765,36.0384,36.0752,332800
1995-12-26,36.2226,36.2686,36.1489,36.2502,432200
1995-12-27,36.3423,36.3423,36.1673,36.2318,151800
1995-12-28,36.1581,36.3423,36.1028,36.1949,256200
1995-12-29,36.2318,36.2686,36.1029,36.241,339200
1996-01-02,36.195,36.6278,36.1581,36.6278,514400
1996-01-03,36.7475,36.8396,36.5449,36.7291,610300
1996-01-04,36.7752,36.9133,36.0844,36.3792,1129700
1996-01-05,36.1397,36.3976,36.0568,36.3055,302400
1996-01-08,36.4344,36.4897,36.3884,36.4436,179900
1996-01-09,36.5541,36.5818,35.7344,35.8173,415500
1996-01-10,35.7713,35.845,35.1542,35.3476,787700
1996-01-11,35.4029,35.5595,35.2371,35.5595,513200
1996-01-12,35.6516,35.6608,35.1727,35.5042,390400
1996-01-15,35.5134,35.6331,35.2832,35.4305,154200
1996-01-16,35.6055,35.891,35.3016,35.8634,454600
1996-01-17,35.7805,36.0292,35.6331,35.7529,407600
1996-01-18,35.891,35.9002,35.5871,35.8726,425600
1996-01-19,35.8726,36.2042,35.8358,36.1121,169800
1996-01-22,36.0844,36.2042,36.02,36.1213,288200
1996-01-23,36.1028,36.2042,36.0292,36.2042,362200
1996-01-24,36.2594,36.5726,36.241,36.4989,1506500
1996-01-25,36.5265,36.5449,36.3239,36.3699,298400
1996-01-26,36.3423,36.7015,36.2963,36.6831,726300
1996-01-29,36.6555,36.8304,36.6278,36.8304,254800
1996-01-30,36.9041,37.2172,36.8581,37.1436,272100
1996-01-31,37.1344,37.5396,37.1159,37.5304,498000
1996-02-01,37.4935,37.6685,37.4659,37.6685,373900
1996-02-02,37.6501,37.733,37.4291,37.512,496200
1996-02-05,37.4475,37.8712,37.3922,37.8159,295300
1996-02-06,37.8343,38.2119,37.7791,38.1751,301600
1996-02-07,38.1659,38.3961,38.129,38.3961,585100
1996-02-08,38.3409,38.8474,38.2672,38.8106,1526600
1996-02-09,38.7921,39.1237,38.6171,38.8013,804600
1996-02-12,38.8751,39.2711,38.8382,39.0961,626500
1996-02-13,38.9303,39.3079,38.9027,39.0132,1045900
1996-02-14,38.9856,39.1145,38.654,38.6724,431400
1996-02-15,38.5895,38.8474,38.3869,38.433,889500
1996-02-16,38.3593,38.4514,38.1567,38.2764,606100
1996-02-20,37.9817,38.0922,37.6501,37.8988,492300
1996-02-21,37.9725,38.3961,37.9725,38.3685,434000
1996-02-22,38.5803,39.0961,38.5527,38.9763,721400
1996-02-23,39.1974,39.2619,38.5067,38.8658,1430400
1996-02-26,38.7553,38.8382,38.2948,38.3132,1408400
1996-02-27,38.4053,38.4145,38.0185,38.1935,601000
1996-02-28,38.4974,38.7461,38.0185,38.0185,865900
1996-02-29,37.7975,38.2856,37.6501,37.6501,914300
1996-03-01,38.1014,38.2488,37.4935,38.2488,1452600
1996-03-04,38.3316,38.7,38.2027,38.4698,652600
1996-03-05,38.3777,38.829,38.3593,38.829,402000
1996-03-06,38.7737,38.8843,38.4882,38.4882,624700
1996-03-07,38.5619,38.7,38.4514,38.6816,534200
1996-03-08,37.8343,38.2396,36.5449,37.4291,2289900
1996-03-11,37.2817,37.9172,37.1712,37.8619,1511400
1996-03-12,37.6133,37.7514,37.0791,37.5672,1385300
1996-03-13,37.8159,37.9817,37.6041,37.8251,1019300
1996-03-14,37.8804,38.2027,37.8619,37.9909,725600
1996-03-15,37.9283,38.0856,37.7433,37.9653,869200
1996-03-18,38.3169,38.6962,38.2336,38.6962,917600
1996-03-19,39.0385,39.0385,38.4834,38.6129,858300
1996-03-20,38.7979,38.7979,38.2706,38.5667,744300
1996-03-21,38.6129,38.6314,38.3446,38.4741,650800
1996-03-22,38.4926,38.6777,38.4464,38.5759,344500
1996-03-25,38.9274,38.9645,38.4002,38.5019,802400
1996-03-26,38.4371,38.7887,38.4001,38.6869,969400
1996-03-27,38.7424,38.7702,38.2984,38.3354,809600
1996-03-28,38.1966,38.5019,38.1874,38.4834,1001300
1996-03-29,38.5944,38.5944,38.1134,38.2984,457700
1996-04-01,38.4834,38.7517,38.3632,38.7424,773400
1996-04-02,38.7887,38.8164,38.6592,38.8164,638800
1996-04-03,38.6777,38.8442,38.5852,38.8164,288000
1996-04-04,38.8164,38.9089,38.7794,38.7887,934900
1996-04-08,37.8173,38.1226,37.6508,38.1226,2217200
1996-04-09,38.2706,38.2706,37.9006,37.9746,1180900
1996-04-10,37.9099,38.0764,37.1513,37.2993,939500
1996-04-11,37.3918,37.5768,36.7813,37.253,1276000
1996-04-12,37.5121,37.7803,37.4011,37.7248,411300
1996-04-15,37.9191,38.0856,37.7988,38.0394,484200
1996-04-16,38.1134,38.2799,38.0301,38.1504,429700
1996-04-17,38.1134,38.2244,37.7988,38.0578,525300
1996-04-18,38.1504,38.2336,37.9469,38.1134,818600
1996-04-19,38.2984,38.4001,38.1411,38.2059,885100
1996-04-22,38.5574,38.6499,38.2429,38.5019,828900
1996-04-23,38.4371,38.6499,38.3539,38.6221,225400
1996-04-24,38.8164,38.8164,38.4002,38.4834,699000
1996-04-25,38.5667,38.8164,38.3354,38.6592,475500
1996-04-26,38.7609,38.9645,38.6222,38.7424,563300
1996-04-29,38.5759,38.8164,38.5759,38.7424,219900
1996-04-30,38.7424,38.8164,38.5574,38.7147,184400
1996-05-01,38.7054,38.9552,38.6499,38.7979,561900
1996-05-02,38.4926,38.7054,37.9469,38.1319,1299600
1996-05-03,38.3539,38.4742,37.7433,38.0764,1329300
1996-05-06,38.2244,38.2244,37.7063,38.0394,647500
1996-05-07,38.0394,38.0394,37.7526,37.8821,582100
1996-05-08,37.6971,38.3539,37.3456,38.3539,1694700
1996-05-09,38.2244,38.5204,38.1873,38.3261,593400
1996-05-10,38.7054,38.8349,38.5204,38.7054,925100
1996-05-13,38.7979,39.4547,38.7609,39.2882,867500
1996-05-14,39.4455,39.6305,39.4085,39.5288,632300
1996-05-15,39.538,39.8525,39.4547,39.4825,466100
1996-05-16,39.2605,39.6305,39.242,39.5657,514400
1996-05-17,39.6675,39.8433,39.6675,39.7785,427700
1996-05-20,40.056,40.1115,39.6583,40.0468,788500
1996-05-21,40.1116,40.1856,39.9635,39.9913,352700
1996-05-22,40.0375,40.3706,39.8988,40.3706,1218100
1996-05-23,40.4261,40.5186,39.982,40.204,967900
1996-05-24,40.241,40.4538,40.2225,40.3613,659100
1996-05-28,40.4816,40.4816,39.8525,39.9543,456400
1996-05-29,40.0375,40.0745,39.5565,39.686,649600
1996-05-30,39.6305,40.0931,39.5195,39.8895,895800
1996-05-31,39.8803,40.0468,39.5935,39.5935,923500
1996-06-03,39.6028,39.7323,39.4917,39.7045,503100
1996-06-04,39.8895,40.019,39.8155,39.982,627100
1996-06-05,40.0005,40.3798,39.9173,40.3336,428000
1996-06-06,40.5556,40.5556,39.9635,40.0375,523300
1996-06-07,39.1865,40.0468,39.1865,40.0375,1422800
1996-06-10,39.982,40.1023,39.8433,39.908,548800
1996-06-11,40.056,40.2781,39.871,39.871,688700
1996-06-12,40.0005,40.1023,39.7323,39.797,1120600
1996-06-13,39.8895,39.945,39.5657,39.797,1502000
1996-06-14,39.8155,39.8155,39.501,39.6305,1468200
1996-06-17,39.649,39.797,39.501,39.6027,1101000
1996-06-18,39.575,39.686,39.2697,39.279,718000
1996-06-19,39.464,39.6675,39.3252,39.4547,552100
1996-06-20,39.4917,39.6212,39.1865,39.427,1234400
1996-06-21,39.6173,39.7661,39.5057,39.7661,573300
1996-06-24,39.8591,40.0079,39.7847,39.8405,416500
1996-06-25,39.9521,39.98,39.7475,39.794,454400
1996-06-26,39.7475,39.8312,39.515,39.5243,838200
1996-06-27,39.5243,39.9056,39.3755,39.8033,1090500
1996-06-28,39.9707,40.1753,39.8591,39.9428,1060800
1996-07-01,40.0451,40.2962,39.9893,40.2869,471300
1996-07-02,40.2497,40.259,40.073,40.1381,389400
1996-07-03,40.1195,40.1753,39.9149,40.0544,308300
1996-07-05,39.3569,39.5429,38.9105,39.0314,842900
1996-07-08,39.0593,39.2732,38.7617,38.8733,942000
1996-07-09,39.05,39.1709,38.9105,39.0314,716300
1996-07-10,39.0221,39.1895,38.6408,39.1895,1132300
1996-07-11,39.0221,39.0965,38.0177,38.399,1587400
1996-07-12,38.4641,38.6315,38.1386,38.4269,1312000
1996-07-15,38.5199,38.5199,37.2923,37.2923,1951300
1996-07-16,37.4039,37.7945,35.9346,37.3853,4141000
1996-07-17,37.9433,38.0921,37.4969,37.8317,1340500
1996-07-18,37.9433,38.4176,37.6922,38.3525,1432500
1996-07-19,38.2595,38.3153,37.8689,38.0735,1216000
1996-07-22,37.8131,37.9433,37.5062,37.7945,519800
1996-07-23,37.8503,38.0549,37.2458,37.3109,1479800
1996-07-24,36.8646,37.6085,36.6786,37.3853,2463400
1996-07-25,37.7573,37.8317,37.5713,37.7201,1989800
1996-07-26,37.8317,37.9805,37.7294,37.9247,642300
1996-07-29,37.8689,37.9247,37.4597,37.5062,1297900
1996-07-30,37.7573,37.9061,37.4598,37.8689,1868200
1996-07-31,37.8968,38.2502,37.8038,38.1479,767100
1996-08-01,38.1851,38.9198,38.1293,38.7803,1168600
1996-08-02,39.2825,39.6359,39.1337,39.6173,1098500
1996-08-05,39.6266,39.6359,39.2639,39.3848,710200
1996-08-06,39.3755,39.5894,39.1616,39.5057,640000
1996-08-07,39.6545,39.7289,39.3569,39.608,917800
1996-08-08,39.6173,39.6173,39.3941,39.5429,925100
1996-08-09,39.6824,39.7382,39.3197,39.4127,648800
1996-08-12,39.4313,39.794,39.2825,39.701,764200
1996-08-13,39.6266,39.6545,39.2825,39.3848,805200
1996-08-14,39.3941,39.5615,39.2825,39.5243,533800
1996-08-15,39.422,39.6545,39.4034,39.4499,632600
1996-08-16,39.5615,39.8033,39.5615,39.7847,475100
1996-08-19,39.794,39.8312,39.6545,39.8033,436400
1996-08-20,39.8126,39.8219,39.6824,39.7754,645700
1996-08-21,39.6731,39.7661,39.5057,39.6359,266400
1996-08-22,39.7289,40.0823,39.7103,40.0079,584800
1996-08-23,39.9335,39.9986,39.6638,39.794,757100
1996-08-26,39.701,39.7475,39.5336,39.5987,784700
1996-08-27,39.7103,39.7847,39.5801,39.7475,389400
1996-08-28,39.8405,39.8777,39.6731,39.6824,227600
1996-08-29,39.6359,39.6359,39.0593,39.2918,680200
1996-08-30,39.2825,39.2918,38.7617,38.8826,1500900
1996-09-03,38.3711,39.1895,38.3153,39.1337,1782000
1996-09-04,39.1337,39.7289,38.9756,39.1709,930200
1996-09-05,38.9849,39.143,38.6966,38.6966,616600
1996-09-06,38.8361,39.3848,38.771,39.2453,804900
1996-09-09,39.3941,39.7196,39.329,39.7103,719200
1996-09-10,39.6545,39.8219,39.5057,39.6917,669900
1996-09-11,39.6173,39.9521,39.5243,39.9149,713500
1996-09-12,40.0265,40.3148,39.9707,40.1939,713300
1996-09-13,40.6589,40.8449,40.5473,40.8077,2008800
1996-09-16,40.8635,41.1611,40.8077,40.9565,1220200
1996-09-17,40.9937,41.0587,40.6124,40.8635,604700
1996-09-18,40.8077,40.9193,40.6031,40.7612,225500
1996-09-19,40.6961,40.9472,40.6403,40.9193,410000
1996-09-20,41.0364,41.1486,40.9055,41.0644,948400
1996-09-23,40.9616,41.1299,40.7746,41.0551,466800
1996-09-24,41.0177,41.429,40.8681,41.0457,1269800
1996-09-25,41.242,41.242,40.9803,41.0738,1353300
1996-09-26,41.1299,41.3916,40.9149,41.0551,773200
1996-09-27,41.1112,41.1112,40.9055,41.0925,407600
1996-09-30,41.1485,41.3168,41.027,41.0551,578200
1996-10-01,41.1018,41.3075,40.9429,41.2794,561400
1996-10-02,41.429,41.6346,41.3729,41.5598,609000
1996-10-03,41.5785,41.5972,41.4009,41.5225,342200
1996-10-04,41.6907,42.0833,41.5786,42.0833,754100
1996-10-07,42.0646,42.2516,42.0272,42.1301,235100
1996-10-08,42.1488,42.289,41.887,41.9618,386200
1996-10-09,42.0272,42.102,41.5879,41.6346,528800
1996-10-10,41.6346,41.7935,41.5038,41.5505,1562200
1996-10-11,41.7094,42.0646,41.7094,42.0646,331300
1996-10-14,42.0646,42.289,42.0553,42.1207,201600
1996-10-15,42.5507,42.5507,41.8496,42.0646,776900
1996-10-16,42.1768,42.2703,41.8403,42.2703,590100
1996-10-17,42.4012,42.4946,42.2049,42.3825,792500
1996-10-18,42.4011,42.6629,42.3076,42.6068,695800
1996-10-21,42.6442,42.8499,42.4386,42.5507,879200
1996-10-22,42.5133,42.5227,42.2329,42.2516,848900
1996-10-23,42.1581,42.4105,41.9898,42.3918,735900
1996-10-24,42.3918,42.4666,42.0086,42.0273,379300
1996-10-25,42.0179,42.2142,41.9524,42.0646,568300
1996-10-28,42.102,42.317,41.7655,41.7842,975400
1996-10-29,41.9151,42.2235,41.7001,42.1207,815900
1996-10-30,42.2516,42.2516,41.9338,41.9805,495400
1996-10-31,42.0366,42.4012,41.9899,42.3825,726300
1996-11-01,42.4666,42.5694,42.0366,42.2329,821300
1996-11-04,42.289,42.5133,42.1955,42.5133,1608400
1996-11-05,42.6535,42.9526,42.6442,42.7563,764000
1996-11-06,42.8311,43.5977,42.7938,43.579,1665000
1996-11-07,43.4481,43.8501,43.392,43.6818,1446300
1996-11-08,43.6911,43.9342,43.5229,43.9248,1355700
1996-11-11,43.822,43.9809,43.8033,43.8781,655900
1996-11-12,43.9996,44.0276,43.6818,43.7472,719900
1996-11-13,43.7939,44.0089,43.6818,43.9435,481900
1996-11-14,43.7846,44.2333,43.7659,44.2333,558800
1996-11-15,44.3455,44.5698,44.1024,44.2894,2250900
1996-11-18,44.3735,44.4202,44.1118,44.2987,1518200
1996-11-19,44.3548,44.6259,44.2894,44.6166,1029300
1996-11-20,44.6072,44.8783,44.4576,44.6913,730000
1996-11-21,44.7474,44.7755,44.495,44.6259,653000
1996-11-22,44.6913,45.0185,44.6913,44.9717,965100
1996-11-25,45.0185,45.5607,44.9157,45.542,2058800
1996-11-26,45.6354,45.8785,45.1494,45.3924,2861800
1996-11-27,45.5046,45.5794,45.2522,45.3083,872000
1996-11-29,45.4672,45.598,45.3831,45.4765,1073400
1996-12-02,45.4205,45.542,45.1026,45.4952,1350600
1996-12-03,45.5046,45.8131,44.7194,44.7194,1777800
1996-12-04,44.7942,44.9063,44.3268,44.8409,2365100
1996-12-05,44.7755,44.9531,44.5885,44.7194,1697700
1996-12-06,43.822,44.7194,43.4668,44.4576,3401800
1996-12-09,44.682,45.1213,44.6165,45.1119,1864600
1996-12-10,45.2054,45.2709,44.8502,44.897,1331600
1996-12-11,44.0463,44.6446,43.8594,44.4857,1847900
1996-12-12,44.7381,44.7942,43.635,43.7472,2540200
1996-12-13,43.7098,44.0183,43.3172,43.8594,1678300
1996-12-16,43.9716,44.0837,43.1116,43.2985,1831100
1996-12-17,43.1677,43.8407,42.9994,43.6444,2023200
1996-12-18,43.8968,44.1305,43.8314,43.9903,1666800
1996-12-19,44.3828,44.9437,44.2052,44.897,2269300
1996-12-20,45.1646,45.5215,44.9391,44.9955,1543200
1996-12-23,45.1458,45.2116,44.6855,44.8828,1263700
1996-12-24,44.9955,45.2115,44.9673,45.2115,633000
1996-12-26,45.3524,45.5873,45.3149,45.5591,1384300
1996-12-27,45.5591,45.7094,45.39,45.6155,410400
1996-12-30,45.7658,45.7658,45.1834,45.2209,694100
1996-12-31,45.2585,45.3149,44.3943,44.3943,1378100
1997-01-02,44.7137,44.7137,43.7367,44.507,2031900
1997-01-03,44.7137,45.1646,44.5352,45.1458,2123200
1997-01-06,45.1458,45.3525,44.6761,44.7513,1374100
1997-01-07,44.7513,45.3712,44.5634,45.2961,939000
1997-01-08,45.5403,45.5591,44.9015,44.9015,1802200
1997-01-09,45.127,45.6155,45.0519,45.2773,1415700
1997-01-10,44.6385,45.8409,44.6385,45.7658,2369500
1997-01-13,45.9912,45.9912,45.4746,45.7,1364600
1997-01-14,46.1039,46.5266,45.9912,46.273,2111200
1997-01-15,46.1227,46.4139,45.9161,46.1603,1583900
1997-01-16,46.3106,46.4703,45.9912,46.3482,1308400
1997-01-17,46.4139,46.7427,46.3576,46.63,1604000
1997-01-20,46.7427,46.9494,46.5736,46.6863,1889900
1997-01-21,46.5173,47.2218,46.3576,47.0621,2785800
1997-01-22,47.0809,47.4003,46.8179,47.4003,1201600
1997-01-23,47.5318,47.9075,46.2355,46.7427,2601100
1997-01-24,46.8179,46.8366,46.1415,46.1415,2176000
1997-01-27,46.2167,46.4327,45.9161,46.01,2108500
1997-01-28,46.6676,46.7991,45.6906,46.1415,4376000
1997-01-29,46.2167,46.5924,46.0476,46.5924,1122700
1997-01-30,46.8178,47.2124,46.536,47.1936,2126300
1997-01-31,47.4566,47.7384,47.1185,47.1373,3208100
1997-02-03,47.3251,47.4284,47.1091,47.2781,755000
1997-02-04,47.3439,47.6163,47.1561,47.5694,654100
1997-02-05,47.6351,47.776,46.367,46.677,2255400
1997-02-06,46.7615,47.0151,46.536,46.9869,2483100
1997-02-07,47.3815,47.6445,46.7615,47.6257,2321000
1997-02-10,47.6445,47.8136,47.1466,47.1748,1670000
1997-02-11,47.3627,47.7197,46.9682,47.7197,1664300
1997-02-12,47.7197,48.4806,47.6539,48.396,2675400
1997-02-13,48.5839,49.0348,48.5087,48.922,1104800
1997-02-14,48.8093,48.9784,48.6402,48.8093,1112900
1997-02-18,48.9033,49.2602,48.5463,49.2226,833100
1997-02-19,49.0911,49.2978,48.7905,48.8939,648100
1997-02-20,48.7154,48.9126,48.1893,48.3021,1193900
1997-02-21,48.3396,48.5556,48.1799,48.3208,1844400
1997-02-24,48.0766,48.9221,48.0766,48.8939,787300
1997-02-25,48.9409,49.016,48.6215,48.9315,1653900
1997-02-26,48.8845,48.9596,47.8699,48.4523,1597800
1997-02-27,48.5839,48.5839,47.7196,47.729,1813100
1997-02-28,47.6445,48.0202,47.5318,47.5881,2961200
1997-03-03,47.3439,47.9451,47.3063,47.9075,1210400
1997-03-04,48.039,48.1706,47.5506,47.6445,1478700
1997-03-05,47.9263,48.4523,47.7666,48.4523,1254800
1997-03-06,48.4711,48.6402,48.0202,48.1705,1528500
1997-03-07,48.3584,48.7905,48.2457,48.6027,1859300
1997-03-10,48.659,49.1099,48.4242,49.1099,1074900
1997-03-11,49.1475,49.1757,48.8469,48.8469,624600
1997-03-12,48.8845,48.9033,48.2739,48.4148,1055600
1997-03-13,48.2457,48.3772,47.5318,47.6633,2514100
1997-03-14,47.8793,48.1142,47.6445,47.9075,1642700
1997-03-17,47.6445,48.1142,47.156,48.039,3013500
1997-03-18,48.0954,48.1612,47.3251,47.5224,1352500
1997-03-19,47.4003,47.7948,46.9306,47.3627,1510000
1997-03-20,47.3439,47.4942,46.8179,47.1185,1808200
1997-03-21,47.4875,47.5252,47.28,47.3366,2810600
1997-03-24,47.3743,48.025,47.1292,47.9967,2145600
1997-03-25,47.8835,48.2607,47.3932,47.5252,2125800
1997-03-26,47.7138,48.0721,47.4875,47.7327,1335300
1997-03-27,47.9024,47.9024,45.9599,46.4691,2898500
1997-03-31,46.4125,46.5445,45.413,45.4884,4270700
1997-04-01,45.413,45.9787,45.2904,45.7807,3210900
1997-04-02,45.6393,45.8279,44.9226,44.9603,2672700
1997-04-03,44.9226,45.3375,44.7718,45.2055,2284200
1997-04-04,44.9604,45.7807,44.7529,45.7713,3706700
1997-04-07,45.9787,46.2428,45.9505,45.9505,2596200
1997-04-08,45.941,46.3371,45.7713,46.2805,1822700
1997-04-09,46.4691,46.4974,45.7713,45.9033,2453200
1997-04-10,45.9222,46.1956,45.677,45.7336,1996500
1997-04-11,45.2998,45.4507,44.2814,44.2814,4221600
1997-04-14,44.4983,44.9321,44.2437,44.8755,3988500
1997-04-15,45.413,45.6487,44.9604,45.6393,2760400
1997-04-16,45.4884,46.2334,45.413,46.1674,2273300
1997-04-17,46.1674,46.4691,45.8656,45.9788,1386000
1997-04-18,46.3559,46.4597,46.0165,46.2051,1702100
1997-04-21,46.3182,46.4125,45.545,45.9033,2809400
1997-04-22,45.9316,46.9123,45.8656,46.9123,3215000
1997-04-23,46.8651,47.0915,46.5823,46.9594,2047700
1997-04-24,47.1009,47.2423,46.3936,46.7237,2689900
1997-04-25,46.5068,46.5917,46.1202,46.1862,1606200
1997-04-28,46.1673,46.9594,46.0919,46.6388,1666500
1997-04-29,47.4309,48.1476,47.2518,48.1098,3197400
1997-04-30,47.827,48.6945,47.8081,48.3362,3372200
1997-05-01,48.4116,48.6002,47.8647,48.2796,2149500
1997-05-02,48.4493,49.2885,48.3173,49.1471,1448300
1997-05-05,49.2791,50.4295,49.0622,50.3163,3636200
1997-05-06,50.0712,50.373,49.7883,50.2787,1721100
1997-05-07,50.0901,50.0901,49.1282,49.1848,2327200
1997-05-08,49.0717,50.2221,48.9962,49.5243,2923700
1997-05-09,50.0712,50.1655,49.2791,49.8638,2558200
1997-05-12,50.0523,50.8444,50.0146,50.6936,2357900
1997-05-13,50.6558,50.7501,50.0995,50.4861,1195100
1997-05-14,50.835,50.9953,50.3541,50.5804,2772000
1997-05-15,50.5804,51.0519,50.4012,50.9199,884100
1997-05-16,50.769,50.8822,50.0901,50.2221,1934200
1997-05-19,50.2787,50.637,50.1278,50.373,1375800
1997-05-20,50.2598,51.1085,49.9392,50.9764,1756400
1997-05-21,51.1084,51.2876,50.4861,50.8633,1208000
1997-05-22,50.9199,50.9764,50.4295,50.6936,907600
1997-05-23,50.9199,51.4291,50.7879,51.1651,644400
1997-05-27,50.9199,51.6177,50.8539,51.3725,1531000
1997-05-28,51.3725,51.5705,51.0047,51.3631,716700
1997-05-29,51.3536,51.4479,50.9953,51.0613,1282700
1997-05-30,50.2221,51.6365,50.1655,51.3914,2143300
1997-06-02,51.5045,51.5988,51.1273,51.1651,1479100
1997-06-03,50.9387,51.5611,50.901,50.9953,1562100
1997-06-04,51.0142,51.1462,50.7407,50.9387,1063100
1997-06-05,51.0519,51.4857,50.9482,51.1273,1180800
1997-06-06,51.0519,52.1646,51.0519,52.1269,1511100
1997-06-09,52.1646,52.4286,52.108,52.3909,1823400
1997-06-10,52.4097,52.7492,52.2023,52.5512,1217500
1997-06-11,52.504,52.7492,52.4003,52.6738,1673800
1997-06-12,53.0321,53.711,52.8435,53.6922,4273300
1997-06-13,53.7487,54.3145,53.6545,54.1448,2132900
1997-06-16,54.1637,54.3145,53.9939,54.1637,800400
1997-06-17,53.9751,54.456,53.6733,54.0882,2048100
1997-06-18,53.7865,54.0882,53.6922,53.8996,1971900
1997-06-19,54.0788,54.6163,53.9373,54.456,2029900
1997-06-20,54.4881,54.7343,54.2231,54.2704,1396900
1997-06-23,54.1663,54.4692,52.9167,52.9546,3991500
1997-06-24,53.4658,54.4503,53.3143,54.2988,4895100
1997-06-25,54.2136,54.6775,53.2765,53.9202,4708900
1997-06-26,53.8255,54.2988,53.125,53.6551,2569900
1997-06-27,53.9012,54.3556,53.7308,53.8634,2617900
1997-06-30,53.8634,54.2042,53.2386,53.5037,2384900
1997-07-01,53.6172,54.261,53.551,54.1284,1749000
1997-07-02,54.261,55.0183,54.0527,55.0183,1961800
1997-07-03,55.662,55.8324,55.4159,55.7756,2539100
1997-07-07,55.9649,56.0406,55.0751,55.2076,1158600
1997-07-08,55.2833,55.8513,55.2454,55.785,3396500
1997-07-09,55.9271,55.9649,54.545,55.1698,5390300
1997-07-10,55.2076,55.6431,54.8195,55.4159,2072200
1997-07-11,55.4916,55.8513,55.3591,55.6052,2258900
1997-07-14,55.6715,55.9271,55.2644,55.7756,3186400
1997-07-15,55.927,56.2016,55.4159,56.0596,2983100
1997-07-16,56.4193,57.0062,56.2773,56.798,2621300
1997-07-17,56.7222,56.8358,56.211,56.5139,1794800
1997-07-18,56.353,56.4761,55.1697,55.3117,3961900
1997-07-21,55.3023,55.4916,54.9425,55.3212,3810300
1997-07-22,55.5484,56.8263,55.5105,56.7885,4243400
1997-07-23,56.9116,57.2429,56.6654,56.7412,3204300
1997-07-24,56.9115,57.1103,56.1542,57.0062,4152700
1997-07-25,57.2902,57.4417,56.7222,56.9684,2364800
1997-07-28,57.1009,57.2902,56.6465,56.9305,2794700
1997-07-29,56.7222,57.2334,56.5992,57.1198,2737100
1997-07-30,57.2523,57.9339,57.1956,57.8014,4839800
1997-07-31,57.8014,58.18,57.5742,57.7446,2138700
1997-08-01,57.8582,57.9907,56.8358,57.5174,7077700
1997-08-04,57.4227,57.8866,57.1955,57.6688,2339500
1997-08-05,57.612,57.9718,57.4984,57.7067,1466700
1997-08-06,57.8203,58.4829,57.5931,58.18,2478200
1997-08-07,58.464,58.5397,57.631,57.7446,3641900
1997-08-08,57.1387,57.4038,55.9838,56.5707,7113100
1997-08-11,56.798,57.1198,56.1164,56.9873,6355900
1997-08-12,57.0819,57.2807,56.0217,56.0785,6132500
1997-08-13,56.7601,56.8547,55.4158,55.9081,6982300
1997-08-14,56.4004,56.5329,55.5673,56.1164,3462700
1997-08-15,55.8134,55.8134,54.2988,54.3935,4907100
1997-08-18,54.7532,55.6052,54.1284,55.6052,5638900
1997-08-19,55.8702,56.2868,55.4537,56.2489,3802800
1997-08-20,56.3057,57.1387,56.1069,57.1008,3564600
1997-08-21,57.0251,57.1009,55.7945,56.0974,5392600
1997-08-22,55.1319,56.1826,54.8668,56.0785,8087800
1997-08-25,56.211,56.5897,55.643,55.8702,3888000
1997-08-26,55.7377,56.0785,54.952,55.0467,4290000
1997-08-27,55.1318,55.7188,54.7721,55.378,5484300
1997-08-28,55.2455,55.6998,54.526,54.5355,4287900
1997-08-29,54.6017,55.1981,54.3556,54.7532,2652300
1997-09-02,54.9425,56.5613,54.8857,56.5329,7294000
1997-09-03,56.5234,56.9494,56.1921,56.2299,2812500
1997-09-04,56.3814,56.779,56.1921,56.5897,2473700
1997-09-05,56.9305,57.2145,56.0974,56.4288,3663300
1997-09-08,56.779,56.9494,56.5329,56.6749,803500
1997-09-09,56.4761,57.1198,56.2867,56.7033,1885200
1997-09-10,56.4193,56.6465,55.5295,55.5295,3623700
1997-09-11,55.6052,55.6809,54.6775,55.2455,7055900
1997-09-12,55.7377,56.3246,55.094,56.1353,6708000
1997-09-15,56.1353,56.5329,55.8513,56.0406,2060500
1997-09-16,56.5329,57.7257,56.3625,57.4417,6979000
1997-09-17,57.7825,57.8582,57.2523,57.4417,2220000
1997-09-18,57.5553,58.3883,57.5363,57.6878,5045400
1997-09-19,57.5574,57.9849,57.4053,57.7854,1566400
1997-09-22,58.0704,58.4979,57.8994,58.1084,3259000
1997-09-23,58.1084,58.1939,57.6143,57.8424,1872800
1997-09-24,57.9944,58.4409,57.3293,57.3673,2793100
1997-09-25,57.3103,57.6144,56.9303,56.9683,6327800
1997-09-26,57.4243,57.6524,57.2723,57.4433,3995800
1997-09-29,57.4623,58.1084,57.2533,57.9944,2065000
1997-09-30,57.7664,58.1844,57.3863,57.3863,4137600
1997-10-01,57.9184,58.2604,57.6334,58.1464,3567500
1997-10-02,58.0894,58.4884,57.9564,58.4694,2577500
1997-10-03,59.2675,59.4386,57.9754,58.764,6499900
1997-10-06,59.1725,59.3531,58.9255,59.1535,2272100
1997-10-07,59.3055,59.8946,59.106,59.7046,1832800
1997-10-08,59.8091,59.8186,58.821,59.2865,4439400
1997-10-09,58.8495,59.3531,58.5075,59.0775,3607600
1997-10-10,58.5644,58.973,58.5264,58.9065,2858100
1997-10-13,59.1915,59.315,58.8115,58.9635,1760300
1997-10-14,59.2675,59.2865,58.4884,58.9825,2235700
1997-10-15,58.5644,59.0205,58.5454,58.8495,2601700
1997-10-16,59.1725,59.2865,57.7664,57.9184,9488100
1997-10-17,57.7758,57.9944,56.5502,57.3293,8151300
1997-10-20,57.6714,58.2224,57.2533,58.1464,3636400
1997-10-21,58.5074,59.2865,58.3934,59.277,5225400
1997-10-22,59.1915,59.22,58.6975,58.8875,4485200
1997-10-23,57.7284,58.2224,57.3293,57.7284,8054100
1997-10-24,58.4695,58.4695,56.9588,57.1583,6778700
1997-10-27,56.5597,57.1203,52.8068,53.0158,10840700
1997-10-28,51.3056,56.4742,51.3056,56.0752,19548000
1997-10-29,56.2462,57.0063,55.5051,55.9231,10134400
1997-10-30,55.1061,56.2842,54.574,54.688,9772900
1997-10-31,55.8282,56.2462,54.9921,55.9802,7072700
1997-11-03,56.6643,57.3863,56.4742,57.1583,5548500
1997-11-04,57.0823,57.4244,56.7213,57.1583,3455700
1997-11-05,57.2723,57.9374,57.0633,57.3483,4774900
1997-11-06,57.1773,57.3673,56.8543,57.1298,3679800
1997-11-07,56.1702,56.7022,55.6001,56.5122,10606800
1997-11-10,56.9303,57.0633,55.9422,56.1702,4347900
1997-11-11,56.3602,56.5882,55.9612,56.1892,3212400
1997-11-12,55.7142,56.3792,54.9541,55.0301,6775300
1997-11-13,55.6191,56.0372,54.783,55.8281,8589600
1997-11-14,56.1322,56.7878,55.7046,56.5882,5827900
1997-11-17,57.3863,57.9564,57.1773,57.6333,5149900
1997-11-18,57.6524,57.8234,57.0918,57.2723,3433600
1997-11-19,56.9683,57.8044,56.3982,57.5574,4387900
1997-11-20,57.9564,58.6975,57.9374,58.4314,4822700
1997-11-21,58.7545,58.8685,58.1654,58.8305,5436500
1997-11-24,58.3745,58.5835,57.5384,57.7664,4337200
1997-11-25,58.1464,58.2604,57.5573,57.9184,4525000
1997-11-26,58.2984,58.3649,57.9564,58.0894,2681100
1997-11-28,58.2224,58.5265,58.1274,58.1464,1564700
1997-12-01,58.5074,59.6476,58.3934,59.6476,4850900
1997-12-02,59.4005,59.5811,59.1345,59.2865,1974900
1997-12-03,59.3625,59.9136,58.9065,59.4576,3302500
1997-12-04,59.8946,60.0276,59.2105,59.4005,2872500
1997-12-05,59.2105,60.1986,59.0585,60.1606,3458800
1997-12-08,60.1796,60.1986,59.7426,59.9896,2289200
1997-12-09,59.7236,59.9516,59.3625,59.6286,1703000
1997-12-10,59.3245,59.4955,58.6594,59.1155,3558400
1997-12-11,58.5645,58.7355,57.9564,58.1084,5072800
1997-12-12,58.6405,58.6785,57.7093,58.2224,4478400
1997-12-15,58.5264,59.049,58.2984,58.8115,4674700
1997-12-16,59.1155,59.4766,58.9065,59.1725,2885800
1997-12-17,59.4955,59.5146,58.802,58.8685,2236300
1997-12-18,58.9445,58.9445,57.8994,58.2984,4658300
1997-12-19,57.71,58.5304,56.3937,57.8627,8556000
1997-12-22,58.2633,58.5495,57.7292,58.2347,5136800
1997-12-23,58.2633,58.3778,57.0996,57.195,4436500
1997-12-24,57.6528,57.6528,56.9279,57.0233,2019200
1997-12-26,57.4621,57.4621,57.0233,57.2522,941800
1997-12-29,57.7482,58.435,57.6529,58.3778,2080000
1997-12-30,58.5686,59.3698,58.5113,59.2935,3616000
1997-12-31,59.1409,59.5988,59.0264,59.2554,4359500
1998-01-02,59.408,59.6178,58.931,59.5606,2360900
1998-01-05,59.7323,60.0948,59.0837,59.6941,4191800
1998-01-06,59.3698,59.3889,58.7212,58.7403,3154900
1998-01-07,58.6639,59.0455,58.1298,58.8929,4424200
1998-01-08,58.7975,58.7975,58.2252,58.3778,3831000
1998-01-09,58.1488,58.3015,56.1075,56.3555,10258800
1998-01-12,55.6306,57.5002,55.4971,57.3858,12097900
1998-01-13,57.7673,58.2252,57.5193,58.187,5224900
1998-01-14,58.4159,58.5876,57.8245,58.4541,3770400
1998-01-15,58.3015,58.4541,57.8818,57.9676,2875400
1998-01-16,58.7594,59.0264,58.3969,58.7975,4374800
1998-01-20,59.0264,59.8372,58.912,59.7514,5091700
1998-01-21,59.3507,59.6369,58.7021,59.179,4699400
1998-01-22,58.7021,59.1409,58.5304,58.6544,4543400
1998-01-23,58.912,59.0837,57.9962,58.5686,6350300
1998-01-26,58.8356,59.055,58.2442,58.5304,4362900
1998-01-27,58.4923,59.5225,58.3969,59.1218,7044200
1998-01-28,59.4652,59.8945,59.3317,59.656,4268600
1998-01-29,59.7323,60.7816,59.5606,59.9803,8007700
1998-01-30,60.3046,60.4191,59.8277,60.0184,3649100
1998-02-02,60.9915,61.3539,60.8961,61.0105,5756300
1998-02-03,61.0487,61.5447,60.877,61.4684,2759600
1998-02-04,61.2204,61.7546,61.0106,61.3921,3374000
1998-02-05,61.8499,62.0216,61.0677,61.3539,5076200
1998-02-06,61.6591,62.0407,61.4684,62.0407,5701200
1998-02-09,62.0979,62.117,61.4874,61.8308,2322200
1998-02-10,61.9262,62.5558,61.7736,62.4222,3660400
1998-02-11,62.3269,62.4795,62.0884,62.365,4073200
1998-02-12,62.0979,62.842,61.5828,62.6321,5024700
1998-02-13,62.3841,62.5844,62.1934,62.2697,2101300
1998-02-17,62.7657,62.9374,62.365,62.5749,3055500
1998-02-18,62.4604,63.1758,62.4413,63.1472,3007400
1998-02-19,63.0328,63.1281,62.7275,62.8134,3387800
1998-02-20,62.9755,63.3189,62.4986,63.2808,3707000
1998-02-23,63.6432,63.6432,63.09,63.5288,3227800
1998-02-24,63.4334,63.5479,62.842,63.0328,3386800
1998-02-25,63.338,64.0248,63.2617,63.8149,3481800
1998-02-26,63.7577,64.2347,63.6051,64.1774,3187600
1998-02-27,64.082,64.4254,63.815,64.1774,3442900
1998-03-02,64.2537,64.559,63.8722,64.0439,4252300
1998-03-03,63.8149,64.4827,63.8149,64.4064,3349200
1998-03-04,64.1583,64.3491,63.7577,63.9866,4404100
1998-03-05,63.1854,63.7577,62.9755,63.3952,7268000
1998-03-06,63.834,64.6734,63.7577,64.6734,6896300
1998-03-09,64.4254,64.8451,64.2537,64.4445,3362800
1998-03-10,64.8452,65.2267,64.6735,65.055,5481900
1998-03-11,65.303,65.5129,65.1886,65.3603,3439600
1998-03-12,65.3793,65.6846,65.0168,65.6273,3191300
1998-03-13,65.8372,65.9326,65.2458,65.3793,2879400
1998-03-16,65.8372,66.1615,65.6464,66.0852,3223600
1998-03-17,66.1233,66.276,65.7227,66.276,4581900
1998-03-18,66.0852,66.524,65.9517,66.524,1944100
1998-03-19,66.524,66.772,66.3332,66.6957,2554800
1998-03-20,67.0786,67.4613,66.6577,67.2699,3123300
1998-03-23,67.1743,67.5378,66.983,67.1169,4453100
1998-03-24,67.3848,67.8439,67.3082,67.6909,3333600
1998-03-25,68.2075,68.284,66.8491,67.4422,4597600
1998-03-26,67.2699,67.8056,67.1169,67.4039,3333500
1998-03-27,67.8057,67.8248,66.7343,67.1169,2611300
1998-03-30,67.1168,67.4038,66.7151,67.0786,3108700
1998-03-31,67.4421,68.0735,67.1934,67.3082,5926500
1998-04-01,67.5378,68.0066,66.983,67.8535,2929000
1998-04-02,67.9204,68.724,67.8056,68.59,3920900
1998-04-03,68.7814,69.0684,68.4753,68.9344,3787600
1998-04-06,69.3363,69.4128,68.3796,68.3796,4550500
1998-04-07,68.4179,68.5327,67.4422,67.9205,5583700
1998-04-08,68.0927,68.1309,67.1934,67.5378,4854800
1998-04-09,67.6909,68.1309,67.6717,68.0735,4481200
1998-04-13,68.1883,68.1883,67.3465,67.8822,4350200
1998-04-14,68.0353,68.4562,67.9013,68.4562,3279100
1998-04-15,68.5518,68.6475,68.0544,68.6475,3867200
1998-04-16,68.15,68.2648,67.6526,67.8439,7177900
1998-04-17,67.7865,68.8388,67.6143,68.7432,5688800
1998-04-20,68.571,68.9153,68.4944,68.724,3688300
1998-04-21,68.8388,69.2789,68.5136,69.0493,4573200
1998-04-22,69.1067,69.4511,69.0684,69.2406,2386100
1998-04-23,68.9536,69.1832,68.4179,68.571,5062000
1998-04-24,68.4179,68.8579,67.5569,67.8439,11039700
1998-04-27,66.9638,67.1552,65.8924,66.5621,14510200
1998-04-28,67.2125,67.2317,66.1985,66.4664,6511400
1998-04-29,66.7534,67.3273,66.3898,66.9256,7703100
1998-04-30,67.6909,68.5231,67.5952,68.1692,8684500
1998-05-01,68.4179,68.9344,68.15,68.9344,4008800
1998-05-04,69.011,69.3745,68.6666,68.7623,4537200
1998-05-05,68.571,68.6666,68.0352,68.284,5146400
1998-05-06,68.6475,68.6475,67.4613,67.4804,5526100
1998-05-07,67.6526,67.6909,66.9447,66.9447,6940400
1998-05-08,67.3465,68.1883,67.3465,68.0353,7951000
1998-05-11,68.3031,68.7049,67.5761,67.8057,6336300
1998-05-12,67.8439,68.5518,67.5569,68.5327,6045200
1998-05-13,68.6092,68.9154,68.3223,68.7049,4441500
1998-05-14,68.284,68.9919,68.1692,68.3605,4187500
1998-05-15,68.571,68.7049,67.8439,67.9778,6716100
1998-05-18,67.7865,68.3222,67.2413,67.71,4847200
1998-05-19,67.9587,68.3797,67.8248,68.1692,5918700
1998-05-20,68.6284,68.8771,67.8822,68.8197,5716600
1998-05-21,68.8006,69.0493,68.15,68.3796,6301500
1998-05-22,68.4179,68.6092,67.9205,68.1118,4862200
1998-05-26,68.6284,68.6284,66.8491,67.0212,6899300
1998-05-27,66.4473,67.2891,65.8637,67.1169,10202600
1998-05-28,67.2699,67.5761,66.7725,67.423,4907600
1998-05-29,67.7292,67.8439,66.7534,66.7534,4772600
1998-06-01,66.7151,67.4804,66.4664,67.0595,6092200
1998-06-02,67.3465,67.557,66.8299,67.1169,6701100
1998-06-03,67.27,67.4613,66.0455,66.0455,6445100
1998-06-04,66.275,67.3847,66.1602,67.2699,6566300
1998-06-05,67.5761,68.571,67.2699,68.571,8463200
1998-06-08,68.5327,68.858,68.3605,68.4944,4159900
1998-06-09,68.3988,68.8293,68.2075,68.7049,2725300
1998-06-10,68.3414,69.2215,68.1118,68.2649,6186900
1998-06-11,68.2266,68.4944,66.9638,66.983,8056600
1998-06-12,67.27,67.6143,66.2751,67.6143,9779000
1998-06-15,66.6194,67.289,65.8158,65.835,10234200
1998-06-16,66.3707,66.8682,65.9689,66.849,7471500
1998-06-17,67.4421,68.437,67.3082,68.2457,12057700
1998-06-18,68.0735,68.2266,67.8057,67.9396,3844600
1998-06-19,68.2134,68.3189,67.3305,67.5992,3549100
1998-06-22,67.7143,68.2134,67.5992,67.9255,5438300
1998-06-23,68.2325,68.8275,68.1749,68.7316,5004600
1998-06-24,68.8851,69.8256,68.5492,69.6529,8291900
1998-06-25,69.96,70.2863,69.2882,69.5377,5854800
1998-06-26,69.5953,69.9216,69.4801,69.8256,4833100
1998-06-29,70.1711,70.4398,69.8928,70.0751,5953400
1998-06-30,69.9599,70.1327,69.4417,69.5952,4284800
1998-07-01,70.0559,70.5933,69.7872,70.4014,3489500
1998-07-02,70.459,70.555,70.1711,70.5358,3503900
1998-07-06,70.4974,71.2459,70.363,71.2459,3144400
1998-07-07,71.2363,71.3227,70.8045,71.1116,4920700
1998-07-08,71.1692,71.8217,71.0924,71.6298,6875000
1998-07-09,71.4186,71.6873,71.0156,71.1499,6942500
1998-07-10,71.2651,71.8217,70.6701,71.5338,7849700
1998-07-13,71.5914,71.7642,71.2844,71.5531,6555100
1998-07-14,71.8217,72.5703,71.8217,72.3592,6983600
1998-07-15,72.5127,72.6471,72.1864,72.2248,4977500
1998-07-16,72.2824,72.839,71.8985,72.7238,6315600
1998-07-17,72.8581,73.0884,72.6662,72.8197,3539500
1998-07-20,72.9349,73.2324,72.4359,72.8197,2338400
1998-07-21,73.0885,73.0885,71.4187,71.5531,5518600
1998-07-22,71.4571,71.8506,70.9581,71.5531,10417300
1998-07-23,71.4379,71.6106,69.96,70.1327,15110900
1998-07-24,70.6126,70.6893,69.3266,70.0751,11540500
1998-07-27,69.7872,70.6317,69.3074,70.5742,9600000
1998-07-28,70.2863,70.4206,68.7124,69.3842,13693000
1998-07-29,69.8448,70.0943,68.9427,69.1155,7462400
1998-07-30,69.7872,70.3822,69.6529,70.1519,6821600
1998-07-31,70.2287,70.3247,68.3669,68.6548,7680500
1998-08-03,68.6548,69.0483,68.1942,68.3669,10486500
1998-08-04,68.9235,68.9235,65.7182,65.7182,15091600
1998-08-05,66.294,66.8698,64.8545,66.6203,21718400
1998-08-06,66.4092,67.2537,66.0637,66.9082,13084400
1998-08-07,67.3689,67.9255,66.6203,67.0234,12083800
1998-08-10,66.793,67.3496,66.4475,66.6395,6273000
1998-08-11,65.5838,65.9869,64.7969,65.6414,14287100
1998-08-12,66.1788,66.8698,66.0253,66.7546,11158400
1998-08-13,66.8314,67.3497,65.9485,65.9485,9073900
1998-08-14,66.5435,66.7739,64.9697,65.1808,8628500
1998-08-17,65.104,66.9082,64.7969,66.5627,11290000
1998-08-18,66.9466,67.9255,66.8122,67.7911,7603900
1998-08-19,68.2326,68.2326,67.3305,67.6184,6258600
1998-08-20,67.3689,67.8103,67.0426,67.2153,7402800
1998-08-21,66.4476,66.7738,64.7969,66.6779,16685400
1998-08-24,67.1001,67.5224,66.5243,67.1001,7201700
1998-08-25,67.7911,68.3285,66.7258,67.2537,9688300
1998-08-26,66.5052,67.3305,66.1789,66.8698,9339700
1998-08-27,65.7182,66.0637,63.5494,63.7221,24887800
1998-08-28,64.4706,64.9313,62.7432,63.4918,23735900
1998-08-31,63.7221,63.8853,58.348,58.9622,22563100
1998-09-01,59.0005,61.7644,57.5034,61.4573,24748500
1998-09-02,61.3038,62.4938,60.6704,61.0159,13843200
1998-09-03,59.9602,61.035,59.4228,60.536,17311300
1998-09-04,61.0734,61.3038,58.8086,60.037,17783800
1998-09-08,61.9563,63.2615,61.3037,63.2615,14746500
1998-09-09,63.1079,63.3382,61.6876,61.726,12109700
1998-09-10,60.4592,61.0158,59.4612,60.4976,19889300
1998-09-11,60.3057,62.4554,59.5764,62.4554,20379800
1998-09-14,63.1847,64.154,62.7049,63.5302,10686800
1998-09-15,63.1847,64.0676,62.82,63.914,8337900
1998-09-16,64.3363,64.6434,63.3574,64.4899,11024900
1998-09-17,62.8008,63.2807,62.5129,62.6473,12945200
1998-09-18,63.0997,63.119,62.31,62.9263,7019200
1998-09-21,61.4047,63.7353,60.981,62.8878,8834600
1998-09-22,63.7931,63.8894,62.9649,63.4079,7270100
1998-09-23,64.0242,65.9503,63.9664,65.9503,13688500
1998-09-24,65.5266,65.8348,63.639,64.3324,11129500
1998-09-25,63.5619,64.9776,63.2538,64.2553,10247400
1998-09-28,64.9103,65.5266,64.2554,64.8332,8847800
1998-09-29,64.9487,65.2954,63.716,64.6791,10618100
1998-09-30,63.7931,64.2939,62.4833,62.7145,7908400
1998-10-01,61.6551,62.5892,60.4609,60.9039,13335600
1998-10-02,60.9424,62.1751,59.9216,62.0788,14351800
1998-10-05,61.3854,61.6166,59.3823,60.8269,12807200
1998-10-06,62.0981,62.4255,60.1142,60.7691,12621000
1998-10-07,60.7883,61.6551,59.0163,59.8638,14348500
1998-10-08,58.2844,59.6327,56.8398,59.5364,20625000
1998-10-09,59.7868,60.8847,57.9762,60.7306,12708500
1998-10-12,62.021,62.5218,61.4432,61.6166,9508500
1998-10-13,61.3662,61.8862,60.8654,61.4047,6256800
1998-10-14,60.981,62.753,60.9232,61.9825,8176900
1998-10-15,61.7129,66.1044,61.5973,65.3147,20541100
1998-10-16,65.411,65.7962,64.7176,65.334,16573900
1998-10-19,65.1414,65.8348,65.0258,65.5651,7915900
1998-10-20,66.297,67.0578,65.3917,65.9503,14611600
1998-10-21,65.8733,66.3356,65.2569,65.7192,9178400
1998-10-22,65.8155,66.8556,65.4303,66.7015,8277500
1998-10-23,66.5474,66.5667,65.8155,65.854,6237200
1998-10-26,66.3934,66.8556,65.8155,66.3356,5838600
1998-10-27,66.8363,67.1638,65.5073,65.9503,10089700
1998-10-28,65.6807,66.2778,65.3532,65.8348,5650600
1998-10-29,66.0081,67.4527,65.7192,67.4334,9625600
1998-10-30,67.8764,68.358,67.4912,67.7994,9872800
1998-11-02,68.3002,68.9551,67.915,68.9551,6501400
1998-11-03,68.7817,68.9165,68.2617,68.4543,6866000
1998-11-04,69.321,69.7063,68.4735,69.1862,8233600
1998-11-05,68.7432,70.2263,68.4928,70.13,6841500
1998-11-06,69.9374,70.6116,69.8411,70.3419,5224800
1998-11-09,70.2263,70.4189,69.3403,69.8411,6188700
1998-11-10,69.6485,70.2263,69.1862,69.6485,14015200
1998-11-11,70.1493,70.2648,68.9647,69.1862,10922400
1998-11-12,69.2247,69.7255,68.8395,69.1092,5457400
1998-11-13,69.167,69.7834,69.1092,69.7834,5524600
1998-11-16,70.3997,70.4864,69.5811,70.3034,6023700
1998-11-17,70.053,71.2665,69.6485,70.3034,9058900
1998-11-18,70.4574,70.8812,69.9567,70.7271,4567700
1998-11-19,71.0546,71.4398,70.6501,71.3435,5249300
1998-11-20,71.719,71.9598,71.4012,71.8828,5562000
1998-11-23,72.4029,73.7319,72.2103,73.5778,7151300
1998-11-24,73.3467,73.7511,73.0096,73.1155,5323700
1998-11-25,73.3081,73.4622,72.8651,73.1155,4393500
1998-11-27,73.6355,73.7896,73.3563,73.6548,4557900
1998-11-30,73.3563,73.5778,71.5746,71.5746,8705400
1998-12-01,71.5746,72.7495,71.016,72.4991,8950600
1998-12-02,72.2488,72.6725,71.4976,72.2873,7495500
1998-12-03,72.268,72.9229,70.939,71.0931,12145300
1998-12-04,71.8828,73.0385,71.8057,72.9614,10339500
1998-12-07,72.7688,73.6355,72.7302,73.3081,4290000
1998-12-08,73.0577,73.8089,72.4221,72.9807,10102600
1998-12-09,73.154,73.3274,72.6532,73.1155,5327900
1998-12-10,73.2503,73.2503,71.9405,72.0465,5966600
1998-12-11,71.7672,72.3258,71.2279,72.191,8198200
1998-12-14,71.5939,71.748,70.1108,70.1108,9521400
1998-12-15,70.6886,71.9598,70.5923,71.9213,9631500
1998-12-16,72.191,72.191,71.3435,71.825,7260000
1998-12-17,72.2488,73.0963,72.1332,72.9711,6914700
1998-12-18,73.1652,73.6676,72.8946,73.2811,4802400
1998-12-21,73.7449,75.0397,73.5903,74.3053,8580700
1998-12-22,74.4599,74.9624,73.7062,74.6338,5461100
1998-12-23,74.9431,76.1992,74.7112,76.1992,7791000
1998-12-24,76.1606,76.2185,75.7547,75.8707,1507100
1998-12-28,76.2185,76.2572,75.4455,75.6774,4203600
1998-12-29,75.89,76.9819,75.5228,76.8756,3935800
1998-12-30,76.6437,77.1462,76.0833,76.2572,6810700
1998-12-31,76.2572,76.6437,75.7354,76.2572,6790500
1999-01-04,76.2958,77.436,75.2716,76.0833,9450400
1999-01-05,76.0253,77.2234,76.0253,76.9529,8031000
1999-01-06,77.8032,79.0013,77.7645,78.8081,7737700
1999-01-07,78.151,78.6728,77.7839,78.4216,5504900
1999-01-08,79.2719,79.4651,77.8998,79.0013,6224400
1999-01-11,78.9627,78.9627,77.436,78.2477,7578300
1999-01-12,78.0544,78.0544,76.5277,76.8369,7768800
1999-01-13,74.4599,77.378,74.4406,76.2958,10810600
1999-01-14,76.4504,76.6244,74.7692,74.9624,11400700
1999-01-15,75.6774,77.1655,75.4842,76.9143,7817700
1999-01-19,77.4843,77.6872,76.3731,77.4167,6535100
1999-01-20,77.9771,79.1173,77.3201,78.0351,6534400
1999-01-21,77.6583,77.8226,75.8127,75.9673,6937500
1999-01-22,75.5229,76.5857,75.3103,75.7934,7522300
1999-01-25,76.2379,76.6823,75.3876,76.5664,5700300
1999-01-26,76.7597,77.9578,76.4505,77.9578,6047000
1999-01-27,78.151,78.3056,76.7789,77.0495,7399400
1999-01-28,77.4553,78.5182,77.4167,78.3443,5961700
1999-01-29,78.7502,79.3396,77.552,78.9434,6456800
1999-02-01,79.5811,79.5811,78.4796,78.4796,9426800
1999-02-02,78.5859,78.6728,77.1558,77.9965,9194500
1999-02-03,77.7259,79.1173,77.7066,78.7888,10290700
1999-02-04,78.7695,78.8468,77.1655,77.61,7761100
1999-02-05,77.7066,77.7066,76.1992,76.721,7516100
1999-02-08,77.3587,77.3587,76.2765,76.8756,8528400
1999-02-09,76.9143,76.9916,75.146,75.1557,8985700
1999-02-10,75.5228,76.0639,75.03,75.6388,6936700
1999-02-11,76.1026,77.9771,75.7547,77.3781,9181800
1999-02-12,77.1848,77.61,75.832,76.4504,10676600
1999-02-16,77.1461,77.6872,75.9866,75.9866,6915500
1999-02-17,76.1799,77.523,75.6001,75.9093,7858100
1999-02-18,76.1799,76.9142,75.5808,76.5084,9048900
1999-02-19,76.6823,77.7646,76.2958,76.8369,5312200
1999-02-22,76.9529,78.982,76.8563,78.8854,10695800
1999-02-23,78.9047,79.4651,78.2863,78.8467,7770700
1999-02-24,79.0594,79.6778,77.3008,77.4554,7271000
1999-02-25,77.0109,77.4747,75.8707,76.721,11633000
1999-02-26,77.1461,77.2041,75.948,76.4118,9621300
1999-03-01,76.4698,76.8756,75.6774,76.6244,7607200
1999-03-02,76.9916,77.494,75.6388,75.948,9651500
1999-03-03,76.1219,76.4118,75.3102,76.3538,7881400
1999-03-04,76.721,77.6003,76.2282,77.32,8256400
1999-03-05,78.8468,79.2333,78.267,78.8757,10703100
1999-03-08,79.3299,79.6488,78.6922,79.3879,4802200
1999-03-09,79.2332,80.3541,79.0013,79.1946,7893400
1999-03-10,79.4458,79.9289,79.0207,79.8903,3950000
1999-03-11,80.1995,81.1271,79.6971,80.7793,6583700
1999-03-12,81.0112,81.0305,79.9097,80.0063,5286500
1999-03-15,80.3541,81.1658,80.0836,81.1464,5394400
1999-03-16,81.0885,81.417,80.6827,80.8373,4547500
1999-03-17,80.8179,80.9725,80.1609,80.4894,4524100
1999-03-18,80.2574,81.8614,80.2381,81.7841,3506300
1999-03-19,82.0214,82.2151,80.3941,80.3941,5526700
1999-03-22,80.6265,80.9558,80.2294,80.549,4603800
1999-03-23,80.1616,80.2972,77.9241,78.2244,9713800
1999-03-24,78.6312,78.8346,77.8757,78.6699,6280900
1999-03-25,79.3867,80.2778,79.1929,80.2778,6639600
1999-03-26,79.7354,80.0453,79.1736,79.6966,6159700
1999-03-29,80.0647,81.4789,80.0647,81.3045,5863900
1999-03-30,80.549,81.3433,80.3165,80.8783,5401400
1999-03-31,81.3046,81.5854,79.5417,79.5804,7413600
1999-04-01,80.3941,80.3941,79.4255,80.181,7683600
1999-04-05,81.1689,82.1956,80.7427,82.0794,5791100
1999-04-06,81.9438,82.4378,81.3045,81.8857,5381300
1999-04-07,82.2537,82.6799,81.4401,82.5443,6248600
1999-04-08,82.5637,83.6485,82.0019,83.5904,5909100
1999-04-09,83.3386,83.9973,82.8156,83.6098,4365800
1999-04-12,82.7381,84.5591,82.5831,84.5009,8213200
1999-04-13,84.4622,84.5978,83.3774,83.9585,10071400
1999-04-14,84.3459,84.3459,82.2537,82.5443,11551700
1999-04-15,82.7187,82.7962,81.2077,82.2344,11150000
1999-04-16,82.3894,82.3894,81.3239,81.537,6476200
1999-04-19,82.2537,83.3967,79.5804,80.2778,12487200
1999-04-20,80.4715,81.3239,79.9679,81.2852,9049600
1999-04-21,81.2464,84.0747,80.8396,83.6098,5772200
1999-04-22,83.7648,84.5396,83.3095,84.404,6897400
1999-04-23,84.2297,84.7721,83.6873,84.191,4593100
1999-04-26,84.6172,84.8109,83.9779,84.6753,3606500
1999-04-27,85.0046,85.237,84.2103,85.0821,5147200
1999-04-28,84.5784,85.0821,83.6873,83.9198,5544300
1999-04-29,84.036,84.3459,82.9512,83.2805,9824300
1999-04-30,83.7454,84.0748,81.5177,82.6025,10991900
1999-05-03,82.7187,84.2103,82.5056,84.1135,10709700
1999-05-04,83.7648,84.191,82.525,82.9124,10509300
1999-05-05,83.0287,83.7261,81.7307,83.5711,10032300
1999-05-06,83.3386,83.7648,82.0601,83.0577,13507200
1999-05-07,83.3773,83.7648,82.7187,83.6873,8680700
1999-05-10,83.5904,84.1328,82.7768,83.2708,5580100
1999-05-11,83.881,84.8496,83.5129,84.1135,7000600
1999-05-12,84.1522,85.0627,81.5176,84.7722,13865800
1999-05-13,85.0821,85.547,84.8109,85.1402,4485700
1999-05-14,83.4161,84.2297,82.7574,82.9318,8370100
1999-05-17,82.8349,83.3677,82.06,83.1836,6268100
1999-05-18,83.3967,83.6776,82.215,83.0286,8218600
1999-05-19,83.358,83.6873,82.6025,83.6292,5052400
1999-05-20,83.7648,84.0553,83.1061,83.1255,4670400
1999-05-21,83.1449,83.4936,82.1957,82.6606,6418200
1999-05-24,82.9705,82.9705,80.8299,81.2852,7952000
1999-05-25,81.4401,82.0407,79.6192,79.9679,15406400
1999-05-26,80.1616,81.2077,79.4061,80.859,12575900
1999-05-27,80.4909,80.7621,79.348,79.6966,14515400
1999-05-28,79.9678,81.0527,79.716,80.7137,8748000
1999-06-01,80.6653,80.6846,79.5804,80.4328,6705300
1999-06-02,80.4328,80.704,79.3576,80.5102,6981900
1999-06-03,81.014,81.1302,80.4522,80.9558,6076600
1999-06-04,81.4983,82.6703,81.169,82.5831,9787200
1999-06-07,82.7187,83.1836,82.3893,82.7962,5299100
1999-06-08,82.6799,82.9414,81.5757,81.9825,4895700
1999-06-09,82.0794,82.5056,81.7113,81.9051,7409700
1999-06-10,81.4789,81.4982,80.3359,81.1496,7040700
1999-06-11,81.3432,81.9631,80.0259,80.4715,12824800
1999-06-14,81.0139,81.0527,80.3069,80.549,6823500
1999-06-15,80.8783,81.6145,80.6362,81.0914,5700900
1999-06-16,82.06,82.9899,82.06,82.6412,7865800
1999-06-17,82.37,84.036,82.215,83.4161,8162800
1999-06-18,83.357,83.7456,82.9296,83.5125,2875100
1999-06-21,83.6096,84.0953,83.1044,83.7067,4646400
1999-06-22,83.3182,84.0565,83.0073,83.1239,5862400
1999-06-23,82.6963,83.085,82.1523,82.7158,9629200
1999-06-24,82.6186,82.6575,81.2391,82.094,9176900
1999-06-25,82.4438,82.7061,81.6083,81.89,4087000
1999-06-28,82.5021,83.085,82.3855,82.8907,5028900
1999-06-29,82.6964,84.0565,82.5604,83.6679,6956200
1999-06-30,83.7067,85.4943,83.221,85.1835,16856100
1999-07-01,85.1835,86.1162,84.6006,85.8247,9939500
1999-07-02,85.883,86.7379,85.7469,86.6796,3772800
1999-07-06,86.5825,87.5151,86.1744,86.6602,11221100
1999-07-07,86.4659,86.874,86.1259,86.7768,3230700
1999-07-08,86.4659,87.4374,86.2716,86.8448,7101500
1999-07-09,87.0488,87.418,86.7768,87.3597,2976800
1999-07-12,87.6317,87.6317,86.7379,86.9711,4436300
1999-07-13,86.6602,87.0002,86.2133,86.6602,6477600
1999-07-14,87.0488,87.1848,86.2716,87.146,4382500
1999-07-15,87.5346,87.9038,87.2431,87.6997,3348600
1999-07-16,87.826,88.3895,87.5151,88.1758,2281500
1999-07-19,88.409,88.4478,87.3986,87.5929,4287000
1999-07-20,87.1265,87.3014,85.5138,85.7955,7060100
1999-07-21,85.8635,86.3687,85.3778,85.6984,4793700
1999-07-22,85.4555,85.8053,84.2314,84.5714,7804100
1999-07-23,84.9697,85.1835,84.0176,84.4062,4603000
1999-07-26,83.8622,84.6394,83.7068,83.7845,4333400
1999-07-27,84.5617,85.3098,84.1731,84.484,5908500
1999-07-28,84.7172,85.3778,84.3091,84.756,3955500
1999-07-29,83.9011,84.0954,82.8907,83.5707,7760600
1999-07-30,83.8233,84.1536,82.4243,82.5409,5994300
1999-08-02,82.5409,83.7845,82.3855,82.7352,6065500
1999-08-03,83.1433,83.221,81.686,82.3466,5445400
1999-08-04,82.5215,83.2404,81.1031,81.2197,6497900
1999-08-05,81.3751,82.0357,80.1121,81.958,10322000
1999-08-06,81.5888,82.0746,80.5202,81.0642,7537700
1999-08-09,81.2002,81.9483,80.6756,80.8893,5565900
1999-08-10,80.7534,80.9282,78.9657,79.9956,9793300
1999-08-11,80.6368,81.1614,79.9761,80.9671,8003400
1999-08-12,81.2585,81.958,80.7727,80.9185,7036800
1999-08-13,81.8414,82.8518,81.5305,82.7935,5857700
1999-08-16,82.7741,83.2987,82.23,83.1627,3927000
1999-08-17,83.5902,83.8427,82.7741,83.7067,4808000
1999-08-18,83.4444,83.5513,82.8518,83.1044,4355500
1999-08-19,82.3078,82.8421,81.8803,82.4243,6448100
1999-08-20,82.7352,83.3959,82.5021,83.2598,3663700
1999-08-23,83.8234,84.9018,83.7262,84.8532,5637800
1999-08-24,84.6006,85.7858,84.1731,85.1641,9279500
1999-08-25,85.3001,86.291,84.6589,86.0384,6005300
1999-08-26,85.9802,86.0676,84.8726,85.0086,4322300
1999-08-27,85.1057,85.2223,83.9788,83.9788,6247400
1999-08-30,84.1537,84.2508,82.0746,82.4243,4652000
1999-08-31,82.6575,83.1627,81.3751,82.1135,11453700
1999-09-01,82.6575,83.153,82.2689,83.1239,6863900
1999-09-02,82.1523,82.4924,81.2391,82.1426,10896300
1999-09-03,83.8622,84.8726,83.7456,84.5423,9160800
1999-09-07,84.6005,84.9503,84.0759,84.2313,4560800
1999-09-08,83.8428,84.6006,83.3376,83.8234,6159600
1999-09-09,83.7845,84.0954,83.1239,83.7845,6177800
1999-09-10,84.7171,84.7852,83.9011,84.484,2934500
1999-09-13,84.0176,84.2314,83.629,83.9108,2320500
1999-09-14,83.357,83.6679,82.9295,83.357,3736000
1999-09-15,84.2119,84.2119,81.9969,82.0357,6984500
1999-09-16,82.3855,82.5798,81.0254,82.3564,15377600
1999-09-17,82.6954,83.5138,82.4032,83.3969,8542300
1999-09-20,83.5138,83.5528,82.9877,83.28,2803900
1999-09-21,82.4617,82.5981,81.1562,81.5264,9335200
1999-09-22,81.8381,82.2083,80.9028,81.4387,13009100
1999-09-23,82.1888,82.1888,79.5778,79.7337,12204100
1999-09-24,79.6558,80.0455,78.7594,79.6558,13792900
1999-09-27,80.2793,80.9028,79.987,80.1818,6970300
1999-09-28,79.7727,80.3183,78.2918,80.026,11063400
1999-09-29,80.0844,80.5131,79.0322,79.0712,7580300
1999-09-30,79.4609,80.708,79.1686,80.2793,7498900
1999-10-01,79.7727,80.1624,78.9543,80.1039,11127100
1999-10-04,80.5521,81.6043,80.2793,81.5264,6341600
1999-10-05,81.5069,82.2863,80.2403,81.4484,11976000
1999-10-06,81.5263,82.8123,81.4873,82.6954,10308200
1999-10-07,82.8416,82.9293,81.994,82.2278,6535600
1999-10-08,82.1499,83.4749,81.8284,83.4749,9674300
1999-10-11,83.2995,83.6308,83.1242,83.3385,4282000
1999-10-12,83.0072,83.1241,81.7991,82.0524,8686100
1999-10-13,81.4874,81.8771,79.9286,79.9286,10469300
1999-10-14,80.1137,80.5521,79.0322,79.9091,10562200
1999-10-15,78.5646,79.0322,77.6293,77.8631,14238700
1999-10-18,77.9021,78.5256,76.9668,78.4282,9758800
1999-10-19,79.305,79.9675,78.5256,79.1881,14392900
1999-10-20,79.6557,80.7274,79.266,79.9675,9759400
1999-10-21,79.3245,80.4352,78.9543,80.4352,9105400
1999-10-22,80.9028,81.8186,80.7859,81.1171,8309600
1999-10-25,80.63,81.351,80.2793,80.708,8114300
1999-10-26,81.1756,81.4874,79.6947,79.6947,6256300
1999-10-27,80.0455,81.2535,79.9675,81.1366,5433300
1999-10-28,82.5785,84.0886,82.4227,83.9035,10509700
1999-10-29,84.7024,85.8521,84.6245,85.4234,10988600
1999-11-01,85.1116,85.4234,84.5271,84.5271,4006500
1999-11-02,84.7804,85.5793,83.923,83.923,6516900
1999-11-03,84.7999,85.0337,84.2543,84.4881,7222300
1999-11-04,85.2675,85.6475,84.6537,85.1311,7907500
1999-11-05,86.4366,86.7387,85.287,85.969,7431500
1999-11-08,85.4234,86.2808,85.2675,86.0469,4649200
1999-11-09,86.3587,86.4756,84.9752,85.2383,4533700
1999-11-10,84.9558,86.2905,84.8486,85.8716,6405600
1999-11-11,86.1639,86.3587,85.7157,86.3587,4794100
1999-11-12,86.8264,87.2843,85.5014,87.1381,11802900
1999-11-15,87.1966,87.4499,86.9238,87.3427,2187500
1999-11-16,87.6447,89.1646,87.3524,88.0734,7544800
1999-11-17,88.6969,89.1256,88.1123,88.3072,9459000
1999-11-18,88.8139,89.1646,88.3072,88.9308,4491000
1999-11-19,88.7943,89.1451,88.541,88.8528,4832100
1999-11-22,88.8138,89.1646,88.2293,88.8333,4155400
1999-11-23,89.0672,89.0672,87.5278,88.0539,5918000
1999-11-24,87.7616,88.8138,87.294,88.5215,4459700
1999-11-26,88.8333,89.0866,88.0734,88.1903,1693900
1999-11-29,87.8396,88.4923,87.5668,87.8786,7348600
1999-11-30,87.7617,88.7359,86.6705,86.8458,7682000
1999-12-01,86.8653,87.6057,86.6705,87.5473,6980200
1999-12-02,87.6837,88.1513,87.5278,88.0734,6698300
1999-12-03,89.184,90.6259,89.184,89.6906,10045400
1999-12-06,89.4958,89.6127,88.6969,89.0282,3138900
1999-12-07,89.3399,89.3594,88.1513,88.3072,10714200
1999-12-08,88.1318,88.58,87.6057,87.7421,4611400
1999-12-09,88.4241,88.6774,86.9043,88.1708,6474700
1999-12-10,88.7164,89.0476,87.8395,88.4631,5127300
1999-12-13,88.1903,88.9892,88.0929,88.619,4210800
1999-12-14,88.3072,88.8431,87.6837,87.7616,5739000
1999-12-15,87.5278,88.6677,87.3135,88.2293,6879100
1999-12-16,88.658,88.9503,88.015,88.619,5854900
1999-12-17,89.3834,89.5787,88.7974,89.1881,4775400
1999-12-20,89.11,89.5006,88.1919,88.5435,4608700
1999-12-21,88.5045,90.0476,88.3482,89.8913,7981300
1999-12-22,89.7741,90.1257,89.3639,90.1257,5377500
1999-12-23,90.6433,91.5614,90.6336,91.5614,5721700
1999-12-27,91.5711,91.7469,90.6726,91.4344,2691000
1999-12-28,91.1805,91.5711,90.9363,91.3758,4084500
1999-12-29,91.4539,91.7664,90.8288,91.7664,3001000
1999-12-30,91.9618,92.2353,91.3758,91.659,3641300
1999-12-31,91.786,92.1962,91.4149,91.8055,3172700
2000-01-03,92.665,92.665,89.9304,90.907,8164300
2000-01-04,89.7155,90.0476,87.2836,87.352,8089800
2000-01-05,87.4692,88.4654,85.7894,87.5083,12177900
2000-01-06,87.2739,88.4459,86.1019,86.1019,6227200
2000-01-07,87.7035,91.1023,87.5473,91.1023,8066500
2000-01-10,91.4148,91.825,90.653,91.4148,5741700
2000-01-11,91.1414,91.3172,89.696,90.321,7503700
2000-01-12,90.3796,90.3796,89.3053,89.4225,6907700
2000-01-13,90.3015,91.1023,89.5592,90.6335,5158300
2000-01-14,91.5907,92.1767,91.2391,91.8641,7437300
2000-01-18,90.8484,91.6493,90.7507,91.1414,6488500
2000-01-19,90.8289,91.8836,90.6335,91.8836,6157900
2000-01-20,91.8641,91.8641,89.8913,90.4772,5800100
2000-01-21,90.946,90.946,90.0475,90.2819,6244800
2000-01-24,91.0437,91.1609,87.1371,87.7231,7896900
2000-01-25,87.8305,88.7193,86.8832,88.7193,9942500
2000-01-26,88.1333,88.4752,87.5669,88.0161,5158100
2000-01-27,88.6607,88.8951,86.3363,87.6645,10922700
2000-01-28,87.1567,87.5473,84.715,84.9299,11916200
2000-01-31,84.8908,87.3032,84.383,87.2348,10768700
2000-02-01,87.352,88.5631,86.5902,88.0943,8419900
2000-02-02,88.3091,88.9146,87.7427,88.1724,6205900
2000-02-03,88.0552,89.5397,87.5082,89.5006,7997500
2000-02-04,89.5006,90.0085,88.8365,89.1295,4925400
2000-02-07,89.11,89.2467,88.4068,88.9928,5845800
2000-02-08,89.9889,90.3601,89.7741,90.2038,4936400
2000-02-09,90.3015,90.3015,88.2993,88.3091,8511500
2000-02-10,88.524,89.11,88.0552,88.4849,6690600
2000-02-11,88.6607,88.7193,86.2777,86.6879,9849800
2000-02-14,87.3715,87.3715,86.4535,87.1957,8528800
2000-02-15,87.0395,88.2701,86.1312,88.1822,11078300
2000-02-16,87.7426,88.0942,86.7562,86.8832,8845400
2000-02-17,87.7817,87.7817,86.3949,86.434,7584200
2000-02-18,86.805,86.805,84.1485,84.5783,9409200
2000-02-22,84.5002,85.2229,83.4649,84.3634,16415400
2000-02-23,84.7736,85.9261,84.0704,85.3596,12119000
2000-02-24,85.4377,85.6526,83.1914,83.6407,17375000
2000-02-25,84.5002,85.4573,83.211,83.338,10559900
2000-02-28,83.3673,85.4378,82.9571,85.0862,13397800
2000-02-29,85.047,85.9065,84.8517,85.9065,8242500
2000-03-01,86.0238,86.8832,85.7698,86.5316,6868000
2000-03-02,86.6878,86.9613,85.8479,86.5902,7600200
2000-03-03,87.7817,88.5826,87.3325,88.2114,12770300
2000-03-06,88.0161,88.3482,86.727,87.352,11967100
2000-03-07,87.5082,87.6059,84.5197,85.6624,20062000
2000-03-08,85.301,86.1605,84.4025,85.5549,11808500
2000-03-09,85.7893,88.0552,85.0862,88.0552,5500900
2000-03-10,87.6255,88.7584,87.2153,87.5864,7924600
2000-03-13,85.4377,87.8012,84.8127,86.6292,10540500
2000-03-14,87.059,87.5669,85.1057,85.3987,8263900
2000-03-15,85.555,87.7817,85.0471,87.3911,10300800
2000-03-16,88.5239,91.786,88.0552,91.4734,25601400
2000-03-17,91.3731,92.7439,91.1381,92.0781,10272900
2000-03-20,92.0389,92.3326,90.7268,91.608,12502300
2000-03-21,91.1968,93.8404,90.5505,93.488,13612600
2000-03-22,93.723,94.5259,93.1747,94.0559,8260000
2000-03-23,93.4684,96.1709,93.4684,95.6617,11654500
2000-03-24,95.7988,97.6004,95.0742,96.2296,11462900
2000-03-27,96.1121,96.3667,95.1329,95.2113,8798600
2000-03-28,94.7805,95.8673,94.3692,94.663,6334400
2000-03-29,94.9763,95.554,93.7818,94.7609,6747500
2000-03-30,94.0951,95.2015,92.1955,93.1747,9491900
2000-03-31,93.7622,95.4463,93.018,94.2321,9249100
2000-04-03,94.0755,94.7804,93.1746,94.7804,8508200
2000-04-04,95.0938,95.8771,88.6021,94.0755,19585500
2000-04-05,92.6655,94.5063,92.5088,93.488,8387200
2000-04-06,94.1538,95.0546,93.3705,94.3007,6378500
2000-04-07,94.9762,95.3287,94.3104,94.8979,6023600
2000-04-10,95.0938,95.9456,94.193,94.5259,9624200
2000-04-11,93.9971,95.0154,92.9788,94.2517,9006400
2000-04-12,94.2321,94.7217,91.5885,91.6668,10779200
2000-04-13,92.411,92.8418,90.1002,90.3939,12225800
2000-04-14,89.3756,89.4931,83.6574,85.224,29604000
2000-04-17,84.7149,88.2006,84.4016,88.2006,23918200
2000-04-18,88.0831,90.531,87.5936,90.531,11069200
2000-04-19,90.5506,90.9422,89.3168,89.6889,6553700
2000-04-20,89.9631,90.1981,89.2189,90.1197,8537600
2000-04-24,88.6706,89.8064,88.044,89.1406,12893100
2000-04-25,90.6289,92.8417,90.5114,92.8417,14102000
2000-04-26,92.7243,93.2138,91.4906,91.7941,7711100
2000-04-27,89.6106,92.3326,89.6106,91.4905,15595300
2000-04-28,92.1172,92.6557,90.903,90.9226,8743400
2000-05-01,91.8431,93.0474,91.3927,92.1564,7328300
2000-05-02,91.1772,92.1955,90.3156,90.3156,9411900
2000-05-03,90.2372,90.2372,87.5936,88.2006,12630700
2000-05-04,88.9839,89.2091,88.2006,88.8664,5963600
2000-05-05,88.3965,90.2372,88.3181,89.9435,7862400
2000-05-08,89.4539,89.8456,88.8861,89.2679,5064100
2000-05-09,89.6497,89.8651,87.8971,88.5531,5620300
2000-05-10,88.044,88.3377,86.3207,86.5557,10293900
2000-05-11,87.809,88.6706,87.1823,88.5335,7091100
2000-05-12,88.8665,89.9043,88.749,89.4931,5960800
2000-05-15,89.454,91.2458,88.984,91.0402,4441300
2000-05-16,91.843,92.5676,91.0597,91.9213,8192200
2000-05-17,91.2947,91.608,90.531,90.9618,5907200
2000-05-18,91.2556,91.6864,89.8456,89.8456,4325600
2000-05-19,89.3364,89.7575,87.9852,88.4356,6518400
2000-05-22,88.514,88.6511,85.8507,87.7699,10839400
2000-05-23,88.0048,88.2398,86.2032,86.4774,7979200
2000-05-24,86.4774,88.1615,85.5374,87.8874,11081500
2000-05-25,88.1615,88.8665,86.3011,86.3795,8278900
2000-05-26,86.9865,87.5349,86.0564,86.4774,4814000
2000-05-30,87.7307,89.5714,87.3978,89.2973,5362700
2000-05-31,89.3364,90.2373,89.0427,89.4931,6056500
2000-06-01,90.0414,91.1381,89.6106,91.0597,8961600
2000-06-02,93.3313,93.4292,92.4207,92.6459,8962200
2000-06-05,92.4109,92.8809,92.0389,92.1955,6998100
2000-06-06,91.8822,92.6067,91.4318,91.7843,4858900
2000-06-07,91.8822,92.7438,91.4905,92.4207,4919500
2000-06-08,92.4305,92.5872,91.5297,92.0585,5723100
2000-06-09,92.4305,92.7242,91.2555,91.8626,3085300
2000-06-12,92.0977,92.0977,90.7856,90.7856,3678900
2000-06-13,90.7464,92.5872,90.6289,92.4893,6558700
2000-06-14,92.9005,93.2922,92.2347,92.6459,6420500
2000-06-15,92.8222,93.2138,92.0193,92.8417,5881200
2000-06-16,93.1585,93.1585,91.6274,92.0789,5567900
2000-06-19,92.0004,93.6885,91.863,93.2566,5106900
2000-06-20,93.08,93.5118,92.3341,92.923,6480000
2000-06-21,92.2949,93.2371,92.2654,92.8837,3115000
2000-06-22,92.6874,92.7659,91.0778,91.4704,7490500
2000-06-23,91.5882,91.7845,90.3712,90.6852,4863300
2000-06-26,91.3134,91.863,90.9993,91.8532,5201300
2000-06-27,91.6961,92.1574,91.0876,91.176,4159500
2000-06-28,91.4704,92.3243,91.2741,91.4312,5347700
2000-06-29,90.9208,91.5489,90.1455,90.5675,6345700
2000-06-30,90.4105,91.4508,90.381,91.2545,7420200
2000-07-03,91.3526,92.6089,91.1956,92.5107,1436600
2000-07-05,91.9415,92.1181,90.6852,90.8423,2748200
2000-07-06,91.0386,92.0004,90.5871,91.5489,5963200
2000-07-07,92.1378,93.4529,91.863,93.0211,3034800
2000-07-10,92.8837,93.5314,92.6678,92.8641,2816100
2000-07-11,92.6285,93.6688,92.4322,93.0603,5431600
2000-07-12,93.767,94.297,93.394,93.6689,5883000
2000-07-13,94.2086,94.454,93.7081,94.081,5356000
2000-07-14,94.4932,95.0036,94.0123,95.0036,5341900
2000-07-17,94.8368,95.4649,94.6503,94.8466,4208300
2000-07-18,94.611,94.611,93.8062,94.0712,4262100
2000-07-19,93.8848,94.1596,93.1192,93.3155,8506800
2000-07-20,93.5903,94.611,93.4726,94.611,4538900
2000-07-21,94.0614,94.0614,92.7659,92.7659,5656900
2000-07-24,93.0407,93.502,92.0593,92.236,5628500
2000-07-25,92.8051,92.864,92.1966,92.5303,4757100
2000-07-26,92.3144,92.4322,91.4802,91.6274,12062500
2000-07-27,91.6667,92.0985,90.8815,91.3134,7652600
2000-07-28,91.5293,91.647,88.8892,89.2523,6229500
2000-07-31,89.7823,90.5282,89.2327,89.8216,5265500
2000-08-01,90.2142,90.9012,89.9001,90.3712,3946600
2000-08-02,90.3712,91.333,90.2142,90.8227,7439800
2000-08-03,89.7431,91.5882,89.586,91.4508,4607100
2000-08-04,91.9022,92.1574,91.333,91.9415,3686600
2000-08-07,92.1574,93.237,91.9415,93.0407,4159800
2000-08-08,92.6481,93.4726,92.6481,93.394,3658700
2000-08-09,93.6786,93.7277,92.5696,92.6089,5383800
2000-08-10,92.6677,92.8738,91.8826,92.1574,4193400
2000-08-11,92.0985,92.9622,91.4311,92.5892,5089400
2000-08-14,92.8248,93.9436,92.3733,93.767,2966700
2000-08-15,93.8063,94.1007,93.3155,93.6885,5564600
2000-08-16,93.7866,94.1792,92.864,93.3548,5191600
2000-08-17,93.3941,94.4933,93.1781,94.3362,5652200
2000-08-18,94.4539,94.4539,93.7277,94.0221,4626400
2000-08-21,94.2381,94.6699,93.8455,94.5325,2380600
2000-08-22,94.5718,95.0429,94.2774,94.3755,3075300
2000-08-23,94.1007,95.0232,93.767,94.7484,5483200
2000-08-24,94.9447,95.1606,94.5325,95.0429,4529000
2000-08-25,94.9447,95.2391,94.8073,95.0036,2822200
2000-08-28,95.0036,96.0439,95.0036,95.3274,5518700
2000-08-29,95.1214,95.3962,94.7877,95.3471,3561900
2000-08-30,95.0429,95.1606,94.4344,94.4344,3964800
2000-08-31,94.8858,96.1617,94.7876,95.6906,4863100
2000-09-01,96.2599,96.4758,95.4747,95.7888,3191200
2000-09-05,95.3962,95.6023,94.7288,95.0232,3470800
2000-09-06,94.9643,95.4452,93.924,93.9436,4322200
2000-09-07,94.3755,94.8956,94.1105,94.7484,4265500
2000-09-08,94.3951,94.5325,93.7964,94.1006,3518200
2000-09-11,94.0614,94.9644,93.394,93.9633,3937500
2000-09-12,94.0614,94.3755,93.237,93.2763,4769100
2000-09-13,92.9622,93.8062,92.7463,93.5216,7691600
2000-09-14,94.14,94.1792,93.0604,93.9927,3397100
2000-09-15,93.3138,93.3532,91.9363,91.9363,4085700
2000-09-18,92.1725,92.5463,90.8048,91.0902,5109300
2000-09-19,91.3853,92.1331,91.1197,91.9167,6588200
2000-09-20,91.7396,91.956,90.1456,91.2378,6508100
2000-09-21,90.9721,91.6609,89.8111,89.8505,5972300
2000-09-22,89.8111,91.5034,89.6832,91.4837,7791300
2000-09-25,91.897,91.9757,90.4998,90.8344,9726300
2000-09-26,90.9131,91.3067,89.6734,89.6734,5302400
2000-09-27,90.4014,90.6572,89.4962,90.1456,7186200
2000-09-28,90.1653,92.1429,89.9784,91.3066,7036400
2000-09-29,91.6018,91.9167,90.4408,90.4408,9333600
2000-10-02,90.8541,91.2476,90.1358,90.5786,5517800
2000-10-03,91.0115,91.7789,89.5947,89.7324,9347200
2000-10-04,89.9686,90.8344,89.2601,90.4802,6148900
2000-10-05,90.3031,91.2083,90.244,90.795,4566900
2000-10-06,90.5982,91.0803,88.0007,88.8272,10014900
2000-10-09,88.9846,88.9846,87.7646,88.1581,4508000
2000-10-10,88.2172,88.9452,86.7019,86.7019,6104700
2000-10-11,86.6626,87.2923,85.0883,85.9738,10346000
2000-10-12,86.4461,86.6429,83.6125,83.8289,12336900
2000-10-13,83.7109,86.6823,83.6715,86.6232,11778800
2000-10-16,86.5248,87.0463,86.0722,87.0168,5659000
2000-10-17,87.1743,87.253,84.6358,84.8523,7831700
2000-10-18,83.5141,85.718,81.9595,84.5374,10897300
2000-10-19,86.1707,87.8138,85.9149,87.7253,8767300
2000-10-20,87.1349,88.9059,87.1349,88.0991,7373500
2000-10-23,88.1188,88.8075,87.4891,88.4927,5290000
2000-10-24,88.7682,89.3782,87.5285,87.9023,5750700
2000-10-25,87.371,87.8826,85.718,85.8361,9137600
2000-10-26,86.3477,86.6823,84.3996,86.0722,9345800
2000-10-27,86.82,87.7055,86.0329,87.7055,9762900
2000-10-30,87.1742,88.8469,86.9971,88.4927,10154100
2000-10-31,88.7977,90.4802,88.1975,90.0177,7752400
2000-11-01,89.575,90.2047,88.9256,89.7127,6753600
2000-11-02,90.1456,90.6179,89.7422,89.8603,11395100
2000-11-03,90.3424,90.5195,89.6536,89.9095,5187100
2000-11-06,90.1456,90.8639,90.0669,90.5392,4042500
2000-11-07,90.1358,90.6769,89.7717,90.5195,5231300
2000-11-08,90.7163,90.7163,88.5124,88.5124,6123300
2000-11-09,88.1582,88.9256,86.4265,88.1778,10635300
2000-11-10,87.5284,87.8236,85.9738,86.0329,8569500
2000-11-13,85.4032,86.2592,83.7601,85.3638,17285300
2000-11-14,86.5643,87.9221,86.2691,87.6072,7668900
2000-11-15,87.5678,88.227,86.7413,87.8827,8837700
2000-11-16,87.2628,88.0794,86.4658,86.5051,6684100
2000-11-17,86.4658,87.5284,85.4819,86.0427,6551100
2000-11-20,85.4819,85.8755,84.5767,84.8129,5458500
2000-11-21,84.931,85.7575,84.075,85.2458,7684300
2000-11-22,84.5964,84.9309,83.1992,83.2091,5736900
2000-11-24,84.1438,84.9899,84.1438,84.9112,3411600
2000-11-27,85.9345,86.0723,85.2064,85.659,5992000
2000-11-28,85.0884,86.0132,84.1536,84.1832,5336100
2000-11-29,84.6161,85.5803,83.9175,84.0257,6914100
2000-11-30,83.4354,84.0651,81.7037,83.2976,11201600
2000-12-01,83.8683,84.4193,82.4908,83.2583,7587200
2000-12-04,83.0418,84.3012,82.8057,83.9667,6996600
2000-12-05,84.9309,87.0561,84.6357,86.7216,8883400
2000-12-06,86.761,87.1152,85.0293,85.3343,12888000
2000-12-07,84.9309,85.5606,84.1635,84.1635,6529100
2000-12-08,86.3084,87.8236,84.3012,84.3602,10276300
2000-12-11,86.5052,87.8826,86.0919,87.2923,6405600
2000-12-12,87.0168,87.4104,86.5052,86.9184,5022900
2000-12-13,87.6859,87.7843,85.659,85.7279,6070500
2000-12-14,85.5606,85.9542,84.3996,84.6358,7678400
2000-12-15,84.0861,84.0861,82.4675,82.7241,9065300
2000-12-18,83.415,84.3032,83.2274,83.8295,7235400
2000-12-19,83.6715,85.2506,82.1221,82.1221,9616600
2000-12-20,81.2437,81.4411,79.6449,79.7436,9994300
2000-12-21,79.5857,81.3917,79.2896,80.2962,14331500
2000-12-22,81.4806,82.813,81.3819,82.7044,10182900
2000-12-26,82.6451,83.5926,82.2899,83.5926,4665300
2000-12-27,83.2176,84.471,82.9017,84.2045,4854100
2000-12-28,83.8886,84.5598,83.7505,84.4611,8358700
2000-12-29,84.6782,84.8164,82.8623,82.8623,8774600
2001-01-02,83.3755,83.4742,80.5726,81.3622,8737500
2001-01-03,81.0463,85.902,80.6318,85.2704,19431600
2001-01-04,85.2309,85.5665,84.0071,84.3525,9219000
2001-01-05,84.3032,84.4019,81.599,81.599,12911400
2001-01-08,82.0333,82.2306,80.6516,82.2306,6625300
2001-01-09,82.7735,83.0597,81.7471,82.0135,5702400
2001-01-10,81.4806,83.4544,81.3621,83.4544,8746100
2001-01-11,82.8031,84.3131,82.8031,83.5334,7245100
2001-01-12,83.8098,84.4611,82.9215,83.3755,7244000
2001-01-16,83.3755,84.1256,83.0696,83.9085,8542200
2001-01-17,85.1717,85.3,83.7801,84.2933,7851400
2001-01-18,84.2834,85.7145,83.9676,85.1322,8107000
2001-01-19,86.0204,86.0204,84.5598,84.6486,7782500
2001-01-22,84.7967,85.7639,84.3624,85.2112,7050900
2001-01-23,84.9348,86.3165,84.7375,85.8823,8463100
2001-01-24,86.0599,86.731,85.8033,86.1389,6199900
2001-01-25,86.0599,86.6916,85.6849,85.9218,10818300
2001-01-26,85.3691,85.981,84.925,85.8231,7136800
2001-01-29,85.5862,86.4705,85.5041,86.281,6705900
2001-01-30,86.0915,87.1148,85.7694,87.039,7069100
2001-01-31,86.7863,87.6075,86.281,86.5463,9706900
2001-02-01,86.5968,87.1337,86.0599,87.1211,8239100
2001-02-02,86.7863,87.159,85.1125,85.1441,8276600
2001-02-05,85.144,85.8641,85.1125,85.7693,4352900
2001-02-06,85.4599,86.3442,85.4094,85.5168,7106700
2001-02-07,85.0935,85.523,84.4366,85.0746,5748700
2001-02-08,85.1441,85.523,84.0703,84.0829,5943300
2001-02-09,84.2282,84.2282,82.9081,83.2744,9913000
2001-02-12,83.186,84.3229,83.186,84.2282,5804400
2001-02-13,84.4493,84.7461,83.3755,83.5397,6587600
2001-02-14,83.7861,83.7861,82.5291,83.4134,8400100
2001-02-15,83.9061,84.3356,83.3692,84.2219,5929800
2001-02-16,82.7438,82.927,81.6701,82.3649,6434900
2001-02-20,82.7691,82.8323,80.9121,81.0953,5760000
2001-02-21,80.7858,81.3795,79.2699,79.3457,10910800
2001-02-22,79.8068,79.9268,77.7034,79.4657,21281600
2001-02-23,79.0046,79.2951,76.9328,78.9288,20173000
2001-02-26,79.4593,80.6089,78.6382,80.6089,11503700
2001-02-27,80.091,80.7479,79.2762,79.8636,11415000
2001-02-28,80.0594,80.1162,77.8613,78.2908,14825800
2001-03-01,78.354,78.7014,76.9012,78.7014,14672000
2001-03-02,77.375,79.3646,77.2487,78.0761,12564300
2001-03-05,78.4172,78.8151,78.2024,78.7898,5293200
2001-03-06,79.8068,80.6911,79.2636,79.6362,6917000
2001-03-07,80.1542,80.2426,79.4341,80.2047,6371700
2001-03-08,79.9646,80.3689,79.6741,80.2931,6055000
2001-03-09,79.6489,79.6489,77.7603,77.9182,10020300
2001-03-12,77.2739,77.375,74.3748,74.5832,13972900
2001-03-13,75.4169,76.0738,74.2358,75.8085,12888000
2001-03-14,73.9326,75.3475,73.1115,74.3116,19883400
2001-03-15,74.8169,75.0758,74.1284,74.3305,10370300
2001-03-16,74.1823,74.3533,72.713,72.8396,58514600
2001-03-19,73.3147,74.537,72.7193,74.3216,10067800
2001-03-20,74.67,75.0246,72.2696,72.3266,15083900
2001-03-21,72.314,72.998,70.87,71.098,19004600
2001-03-22,70.946,71.3133,68.4253,70.376,28624800
2001-03-23,71.725,72.618,70.6166,72.504,12861700
2001-03-26,73.2766,73.6376,72.6876,73.4286,9943800
2001-03-27,73.226,75.145,73.0107,74.9297,12880700
2001-03-28,74.0367,74.0683,72.77,72.8587,10953300
2001-03-29,72.6433,73.7833,71.022,73.1373,12060300
2001-03-30,73.1816,73.9036,72.5166,73.9036,9183600
2001-04-02,73.6566,74.3406,72.0733,72.3266,10561000
2001-04-03,72.1873,72.295,69.7046,69.9136,12836000
2001-04-04,70.0276,70.9966,69.2233,70.205,14884300
2001-04-05,71.7566,73.1436,71.25,72.865,21522800
2001-04-06,72.1936,72.4533,70.9713,71.7566,14937800
2001-04-09,72.2,72.827,71.4273,72.5547,9034300
2001-04-10,73.1183,74.575,72.941,73.8783,17873600
2001-04-11,75.2273,75.3603,73.5553,73.929,12722300
2001-04-12,73.6566,75.3286,73.4413,75.2716,9233200
2001-04-16,74.917,75.297,74.043,74.48,7350000
2001-04-17,74.2963,75.7847,74.1126,75.5313,10924700
2001-04-18,76.6713,79.8,76.437,78.5333,32481600
2001-04-19,78.6916,79.6986,78.2673,79.5783,13809900
2001-04-20,79.1033,79.42,78.318,78.85,7626700
2001-04-23,78.3116,78.4636,77.2097,77.4186,8451800
2001-04-24,77.596,78.3116,76.6966,77.0006,10044700
2001-04-25,76.8993,78.3243,76.6016,78.0076,8249000
2001-04-26,78.3623,79.3059,78.2166,78.3559,10590400
2001-04-27,79.116,79.6986,78.66,79.6606,7938700
2001-04-30,80.085,80.6043,78.9577,80.218,10766900
2001-05-01,79.211,80.5283,78.9133,80.465,10578000
2001-05-02,80.693,80.8703,79.8,80.3193,9572900
2001-05-03,79.8823,79.895,78.6727,79.2997,9926200
2001-05-04,78.3116,80.655,78.1786,80.6486,12145300
2001-05-07,80.3446,80.674,79.9457,79.952,7185200
2001-05-08,80.3446,80.4966,79.5213,79.914,6952600
2001-05-09,79.3249,80.1483,79.2046,79.5783,9507400
2001-05-10,80.598,80.75,79.6543,79.8126,6872400
2001-05-11,79.8,80.1103,78.7866,79.2616,7734400
2001-05-14,79.1033,79.4453,78.8246,79.42,7914000
2001-05-15,79.515,80.1166,79.0716,79.7873,9782200
2001-05-16,79.0653,81.8266,78.926,81.6683,14909000
2001-05-17,81.7,82.384,81.4213,81.795,11824600
2001-05-18,81.757,82.1686,81.13,82.1686,6683100
2001-05-21,82.232,83.4987,81.795,83.3783,11531500
2001-05-22,83.4924,83.657,83.011,83.2707,8342700
2001-05-23,82.9983,82.9983,81.8583,81.8583,12330800
2001-05-24,81.9977,82.3333,81.415,82.099,7902800
2001-05-25,82.1116,82.1433,81.0033,81.13,7425000
2001-05-29,81.2059,81.2883,80.3699,80.4839,9003900
2001-05-30,80.1736,80.4903,79.1666,79.3566,10041800
2001-05-31,79.439,80.2813,79.3313,79.7683,9874200
2001-06-01,79.9266,80.4966,79.2426,80.2623,8848300
2001-06-04,80.3066,80.7056,79.8506,80.6486,5623500
2001-06-05,80.7437,81.8457,80.6043,81.5733,9115400
2001-06-06,81.5923,81.5923,80.6613,80.8956,12064900
2001-06-07,80.465,81.2883,80.4333,81.187,7355300
2001-06-08,80.8766,80.9843,79.8886,80.4333,8170600
2001-06-11,80.2496,80.427,79.4263,79.8633,7012200
2001-06-12,79.078,80.2686,78.5586,79.724,9364400
2001-06-13,79.9077,80.1673,78.945,79.04,7629400
2001-06-14,78.6473,78.7233,77.1083,77.2666,12603000
2001-06-15,76.7941,77.7404,76.4702,77.3911,16821100
2001-06-18,77.2641,77.7659,76.7941,77.0164,11368300
2001-06-19,77.7278,78.0517,76.7814,77.353,7732300
2001-06-20,76.9719,78.0326,76.9148,77.7595,8787200
2001-06-21,77.6261,78.9536,77.5817,78.6423,12259100
2001-06-22,78.4327,78.4962,77.588,78.0262,12212000
2001-06-25,78.2994,78.401,77.1689,77.3086,8406800
2001-06-26,76.7877,77.7341,76.5782,77.2006,8005800
2001-06-27,77.2323,77.6388,76.7941,77.1561,10105100
2001-06-28,77.4864,78.7186,77.4419,77.5817,10269300
2001-06-29,77.9945,78.763,77.6515,77.8675,9824200
2001-07-02,77.9945,78.9599,77.8802,78.8392,8522200
2001-07-03,78.744,78.8202,78.1533,78.8202,3303100
2001-07-05,78.166,78.5344,77.2704,77.2831,5517900
2001-07-06,77.0482,77.1625,75.6128,75.6128,11665900
2001-07-09,75.8922,76.5591,75.708,76.0256,8339300
2001-07-10,76.4003,76.6226,75.0792,75.111,8630700
2001-07-11,75.0093,75.5111,74.3679,75.1872,15328600
2001-07-12,75.8985,77.1498,75.7779,76.9719,12002800
2001-07-13,76.7497,77.6897,76.6099,77.6389,10433800
2001-07-16,77.3403,77.6642,76.4003,76.6671,6915300
2001-07-17,76.3431,77.4546,76.1081,77.3848,7469800
2001-07-18,76.5718,77.2577,76.2542,76.8576,7709300
2001-07-19,77.6007,78.1088,76.6988,77.5308,10082900
2001-07-20,76.9466,77.4483,76.8005,77.0672,6705800
2001-07-23,77.3594,77.4102,75.5492,75.5492,8065200
2001-07-24,75.581,75.708,74.1519,74.8188,12269000
2001-07-25,74.895,75.8859,74.6029,75.6445,12088500
2001-07-26,75.6191,76.756,75.3015,76.4384,12898200
2001-07-27,76.7433,77.0736,76.159,76.7306,8478800
2001-07-30,76.9719,77.0736,76.4067,76.756,8547700
2001-07-31,76.8513,77.9183,76.7242,77.0736,11918100
2001-08-01,77.4673,77.931,77.2006,77.5563,11940800
2001-08-02,78.2676,78.2803,77.4165,77.8738,11070100
2001-08-03,77.7151,77.7151,76.7878,77.4483,10816300
2001-08-06,77.0736,77.1752,76.2797,76.4067,8550100
2001-08-07,76.3876,76.9783,76.159,76.7052,8865100
2001-08-08,76.2923,76.9529,75.219,75.2825,15183800
2001-08-09,75.3905,75.5619,74.8569,75.5048,14118500
2001-08-10,75.4539,76.1145,74.5266,75.7652,11173300
2001-08-13,75.9621,76.1209,75.4603,75.7842,7431600
2001-08-14,76.305,76.4384,75.4539,75.7525,13178100
2001-08-15,75.7271,75.9684,74.9967,75.0983,8520600
2001-08-16,74.8188,75.4222,74.3107,75.3587,10734700
2001-08-17,74.7236,74.8633,73.6819,74.1519,11604600
2001-08-20,74.1837,74.8824,74.0249,74.8379,10417400
2001-08-21,74.8188,75.2888,73.5486,73.5613,14480800
2001-08-22,74.1519,74.5838,73.5358,74.3234,11752300
2001-08-23,74.2853,74.641,73.9868,74.0567,8744100
2001-08-24,74.4441,75.6636,74.1456,75.5937,11687700
2001-08-27,75.562,75.708,75.111,75.1428,7425100
2001-08-28,75.1237,75.2571,74.044,74.044,12046600
2001-08-29,74.3933,74.425,73.1484,73.3834,16180000
2001-08-30,72.9452,73.5104,71.1604,71.9734,17692600
2001-08-31,72.0242,72.8943,71.8527,72.5006,15985400
2001-09-04,72.31,73.7836,72.0052,72.0369,24473400
2001-09-05,72.2148,72.526,71.1033,72.2148,21477100
2001-09-06,71.5479,71.9607,70.3538,70.3538,21653000
2001-09-07,69.8775,70.6587,68.9947,69.0518,33133900
2001-09-10,68.404,70.0871,68.404,69.8966,23408700
2001-09-17,64.1486,67.5783,63.5134,66.2445,32388700
2001-09-18,66.2636,66.8796,65.6475,66.0857,22029200
2001-09-19,66.1175,66.3715,62.5988,64.7519,42771800
2001-09-20,63.7675,64.663,62.5989,62.6941,36210900
2001-09-21,60.1052,63.1079,59.7992,62.0177,49782100
2001-09-24,63.5732,64.4913,63.1525,64.198,25549600
2001-09-25,64.2299,65.0268,63.688,64.8674,25466200
2001-09-26,65.2499,65.2818,64.0259,64.6379,18587500
2001-09-27,64.5487,65.2117,63.7518,65.1989,20536800
2001-09-28,65.6516,69.8847,65.3456,66.5823,21687200
2001-10-01,66.2381,66.5059,65.556,66.474,20457400
2001-10-02,66.3019,67.3091,66.0787,67.3091,19833100
2001-10-03,66.6843,68.7754,66.525,68.4375,32045800
2001-10-04,69.0368,69.4703,68.055,68.4949,32674100
2001-10-05,68.3738,68.6096,67.2708,68.361,29796100
2001-10-08,67.749,68.4057,67.494,67.9148,12970300
2001-10-09,67.9657,68.055,67.3219,67.5514,15976300
2001-10-10,67.4494,69.2025,67.2709,69.0559,19987400
2001-10-11,69.4575,70.3182,69.4575,70.1269,23006300
2001-10-12,69.585,70.0568,68.4056,69.8082,31360500
2001-10-15,69.2535,69.7763,68.8901,69.6806,16873000
2001-10-16,69.9994,70.5158,69.4575,70.1206,15877100
2001-10-17,70.8091,70.8601,68.6288,68.6288,28542300
2001-10-18,68.7371,68.9539,68.055,68.4821,16510000
2001-10-19,68.2144,68.7945,67.5833,68.4375,21912500
2001-10-22,68.4057,69.8528,68.3483,69.7891,17540600
2001-10-23,70.1014,70.3054,69.0942,69.4321,22062500
2001-10-24,69.4767,69.7763,68.9922,69.2472,16065200
2001-10-25,68.5013,70.5094,68.0486,70.4903,27467900
2001-10-26,70.095,71.2681,69.9165,70.3309,18623300
2001-10-29,70.2289,70.4776,68.5013,68.5013,18727500
2001-10-30,68.4375,68.6607,67.2964,67.6789,26178600
2001-10-31,68.1506,68.7626,67.4493,67.4493,28124200
2001-11-01,67.9594,69.4958,67.3856,69.177,29806800
2001-11-02,69.1324,69.7317,68.769,69.6488,17575900
2001-11-05,70.2034,70.8218,70.0951,70.5604,15929500
2001-11-06,70.3501,71.708,70.0313,71.657,23245800
2001-11-07,71.2554,72.116,71.1725,71.5614,19716000
2001-11-08,71.9566,72.728,71.3382,71.7845,22563500
2001-11-09,71.5613,72.014,71.045,71.861,15895800
2001-11-12,70.7644,71.8163,70.1269,71.4211,26068800
2001-11-13,72.32,73.0277,72.1543,73.0277,15296200
2001-11-14,73.4229,73.5695,72.4921,73.0978,17571300
2001-11-15,72.9129,73.4293,72.6324,73.2316,19470200
2001-11-16,73.3655,73.3783,72.2945,72.9065,18134900
2001-11-19,73.2636,73.8564,72.9639,73.8054,13625400
2001-11-20,73.5504,73.8245,73.085,73.187,16209700
2001-11-21,72.9957,73.1041,72.3646,72.7025,11470200
2001-11-23,72.7025,73.7927,72.677,73.748,6717100
2001-11-26,73.7927,74.1688,73.3591,73.9074,13726000
2001-11-27,73.7098,74.5258,72.7344,73.5887,19261400
2001-11-28,73.1488,73.4229,72.1989,72.2562,20195500
2001-11-29,72.4602,73.2635,72.0395,73.2316,16354700
2001-11-30,72.932,73.2572,72.6898,72.7089,13680300
2001-12-03,72.4539,72.728,72.0458,72.2754,15220400
2001-12-04,72.626,73.5058,72.2626,73.4994,17239900
2001-12-05,73.7034,75.2271,73.6716,74.8446,25204000
2001-12-06,74.8063,75.1888,74.5449,74.8063,17972900
2001-12-07,74.5258,74.647,73.7608,74.3091,18857800
2001-12-10,73.8564,74.2006,72.9001,72.9192,13862700
2001-12-11,73.2507,73.7735,72.6132,72.7726,20833300
2001-12-12,73.0277,73.1743,72.1097,72.8555,16171500
2001-12-13,72.3264,72.4858,71.4275,71.4402,19026700
2001-12-14,71.6124,72.3519,71.402,72.1224,16721900
2001-12-17,72.0331,72.9065,71.9757,72.8683,13925900
2001-12-18,73.0786,73.4101,72.8938,73.3018,13663700
2001-12-19,72.7344,73.9011,72.677,73.8182,20143400
2001-12-20,73.6333,73.8245,73.0276,73.0914,14867900
2001-12-21,73.5859,73.6115,73.0549,73.5347,14037700
2001-12-24,73.4579,73.5923,73.3172,73.394,5728800
2001-12-26,73.3428,74.3407,73.3428,73.797,10304800
2001-12-27,73.7586,74.2576,73.7266,74.2448,9407300
2001-12-28,74.3919,74.6862,74.1552,74.2064,10593800
2001-12-31,74.3024,74.4559,73.0741,73.1189,14619500
2002-01-02,73.6371,74.0465,72.8054,73.9057,18651900
2002-01-03,73.9825,74.8141,73.9121,74.7438,15743000
2002-01-04,74.9549,75.473,74.5582,75.2427,20140700
2002-01-07,75.2939,75.4794,74.5646,74.7118,13106500
2002-01-08,74.7118,74.8845,74.1872,74.539,12683700
2002-01-09,74.6414,75.3451,73.7842,73.9313,16610300
2002-01-10,74.0081,74.4303,73.7586,74.2576,12823400
2002-01-11,74.3407,74.3855,73.3748,73.5283,13708400
2002-01-14,73.3428,73.4643,72.9014,73.0677,12301100
2002-01-15,73.2788,73.8162,72.863,73.6627,20219900
2002-01-16,73.1189,73.1829,72.089,72.1721,17067000
2002-01-17,72.7735,73.0805,72.5432,72.7159,17283400
2002-01-18,72.2873,72.831,72.0761,72.3832,17028000
2002-01-22,72.767,72.8822,71.6603,71.8842,11689300
2002-01-23,72.0506,72.6391,71.6604,72.4344,12438900
2002-01-24,72.6967,73.0869,72.492,72.6583,12142800
2002-01-25,72.3641,73.0421,72.3129,72.6391,12810700
2002-01-28,72.863,73.0485,72.2361,72.8374,10589200
2002-01-29,72.831,73.0101,70.4001,70.5472,27720800
2002-01-30,70.6176,72.5367,69.3446,71.5644,34711800
2002-01-31,71.7435,72.4792,71.4045,72.4025,19909200
2002-02-01,72.3448,72.4792,71.7563,72.0634,15838500
2002-02-04,71.7947,71.7947,70.0099,70.2722,24243400
2002-02-05,69.9843,70.6816,69.4278,69.8372,33614000
2002-02-06,70.1442,70.2018,69.1271,69.5365,29486000
2002-02-07,69.5493,70.2786,69.0887,69.1015,23445400
2002-02-08,69.4917,70.8479,69.2806,70.4257,19277800
2002-02-11,70.4001,71.4173,70.253,71.2893,18792400
2002-02-12,70.9822,71.462,70.3873,71.0654,13942500
2002-02-13,71.3149,71.993,71.2318,71.8203,16781100
2002-02-14,71.9738,72.2681,71.3853,71.6859,20453800
2002-02-15,71.7435,71.8011,70.8224,70.9375,18366800
2002-02-19,70.4641,70.5537,69.479,69.5749,15988100
2002-02-20,69.7604,70.7456,68.9736,70.7456,29242800
2002-02-21,70.3234,70.7711,69.255,69.2806,26288600
2002-02-22,69.3126,70.3298,69.0056,70.1378,26572900
2002-02-25,70.2018,71.526,70.1762,71.2957,17458700
2002-02-26,71.3917,71.6731,70.7328,71.1486,22346500
2002-02-27,71.622,72.1977,70.7839,71.4237,28597900
2002-02-28,71.5388,72.1274,71.0271,71.1038,23755400
2002-03-01,71.4684,72.831,71.3341,72.7607,26273600
2002-03-04,72.863,74.2,72.7031,74.0465,27184600
2002-03-05,73.7778,74.4623,73.5475,73.8098,22718900
2002-03-06,73.6307,74.9421,73.6115,74.6862,20143200
2002-03-07,75.0764,75.166,73.9313,74.5263,19330800
2002-03-08,75.0892,75.4218,74.5135,74.8397,19930100
2002-03-11,74.7757,75.4218,74.4815,74.9996,15621800
2002-03-12,74.2704,75.006,74.168,74.9549,17153600
2002-03-13,74.6094,74.6862,73.9761,74.232,17175300
2002-03-14,74.232,74.4815,73.9697,74.1296,11168100
2002-03-15,74.3997,75.0285,74.3548,74.836,21220100
2002-03-18,75.1246,75.4198,74.4831,74.8488,17548900
2002-03-19,75.253,75.5353,74.945,75.3492,17912000
2002-03-20,74.7397,74.7911,73.8993,73.9314,17114500
2002-03-21,73.9699,74.3548,73.2129,73.9635,25846800
2002-03-22,74.0982,74.3805,73.585,73.8031,15235400
2002-03-25,73.8352,74.0084,72.6868,72.8857,17499600
2002-03-26,72.828,73.7903,72.7959,73.3091,19947600
2002-03-27,73.1551,73.7838,72.9819,73.5016,19020300
2002-03-28,73.7582,74.2714,73.4567,73.4695,17532900
2002-04-01,73.2834,73.8416,72.8151,73.5016,17711000
2002-04-02,73.1231,73.7454,72.9883,73.0974,15669500
2002-04-03,73.1423,73.2706,71.9555,72.5842,25658500
2002-04-04,72.2377,72.7509,72.0003,72.2826,23549000
2002-04-05,72.6162,72.8985,71.9683,72.2954,19404900
2002-04-08,71.4165,72.5136,71.3588,72.4494,16470100
2002-04-09,72.6098,72.6098,71.8079,71.9426,15122700
2002-04-10,71.9169,72.8408,71.9105,72.7574,17199300
2002-04-11,72.4238,72.5265,70.8905,70.9482,25453700
2002-04-12,71.2241,71.6282,70.5954,71.4807,14950600
2002-04-15,71.609,71.763,70.698,70.9354,17394900
2002-04-16,71.6603,72.6996,71.6411,72.6226,15040900
2002-04-17,72.7446,72.9242,72.2377,72.4687,12920100
2002-04-18,72.4302,72.7895,71.3075,72.1544,25204800
2002-04-19,72.6226,72.6483,72.2121,72.4174,10499200
2002-04-22,72.0966,72.1287,71.1086,71.2113,13922900
2002-04-23,71.269,71.5192,70.6788,70.9033,16967000
2002-04-24,70.929,71.7309,70.1848,70.1912,18902700
2002-04-25,70.0629,70.4029,69.7485,70.2297,25451500
2002-04-26,70.435,70.5761,68.8311,68.8953,19769800
2002-04-29,69.2418,69.4535,68.4078,68.5553,17724400
2002-04-30,68.6579,69.6972,68.4141,69.1968,19473500
2002-05-01,69.2674,70.0885,68.5168,70.0436,24575600
2002-05-02,69.9923,70.512,69.1455,69.7742,15666800
2002-05-03,69.6716,69.7742,68.7734,69.0172,18185500
2002-05-06,69.0557,69.2802,67.5609,67.6635,23630400
2002-05-07,68.0677,68.2088,67.2979,67.4262,21910000
2002-05-08,68.6772,70.1591,68.5104,69.9346,27917400
2002-05-09,69.7036,69.9923,69.0172,69.1262,18085600
2002-05-10,69.2674,69.3187,67.7469,67.8239,18958900
2002-05-13,68.1447,69.2545,67.8688,69.2032,14677700
2002-05-14,70.3259,70.8071,69.9281,70.7108,34201200
2002-05-15,70.2489,71.1535,70.1142,70.435,29535300
2002-05-16,70.3773,70.8777,70.1399,70.8007,28092000
2002-05-17,70.9931,71.3716,70.6339,71.1471,27823700
2002-05-20,70.9803,71.0124,70.2425,70.3773,13833800
2002-05-21,70.6403,70.8777,69.4919,69.7357,16877200
2002-05-22,69.4278,70.0051,69.2866,69.8897,15844200
2002-05-23,70.095,70.8007,69.5946,70.6339,13879800
2002-05-24,70.5569,70.698,69.678,69.7293,11877000
2002-05-28,69.9603,70.0116,68.9338,69.3508,24236900
2002-05-29,69.0428,69.2995,68.7285,68.8376,14773300
2002-05-30,68.3564,68.9723,67.9394,68.6451,18217900
2002-05-31,68.9017,69.6459,68.5489,68.7862,19826300
2002-06-03,68.7028,69.03,66.8038,66.9578,26056300
2002-06-04,66.8167,67.4903,66.4318,67.1246,25856200
2002-06-05,67.3299,67.7918,66.945,67.7533,19695900
2002-06-06,67.7085,67.7469,66.1752,66.374,22998500
2002-06-07,65.2962,66.6691,65.2577,66.297,24011600
2002-06-10,66.2329,67.0156,66.0917,66.5536,18759900
2002-06-11,66.8039,67.0669,65.2642,65.4117,19990700
2002-06-12,65.2513,65.957,64.6547,65.8095,31266000
2002-06-13,65.5207,66.0789,65.0139,65.1487,21043900
2002-06-14,64.3532,65.1551,63.192,65.0525,39267500
2002-06-17,65.3861,66.9386,65.3412,66.7975,17647200
2002-06-18,66.5536,67.3812,66.4831,67.3427,21628500
2002-06-19,66.3997,66.9963,65.5913,65.7709,21540700
2002-06-20,65.6042,66.111,64.7702,64.9306,25691000
2002-06-21,64.6814,64.9775,63.529,63.9153,31190700
2002-06-24,63.4839,64.823,62.6084,64.25,37169700
2002-06-25,64.572,64.9518,62.7951,62.808,33355000
2002-06-26,61.2886,63.1878,61.2822,62.911,37913600
2002-06-27,63.4132,64.0505,62.1706,64.0119,31616400
2002-06-28,63.8896,64.7007,63.6578,63.7093,28184200
2002-07-01,63.8509,64.2501,62.3767,62.4668,20270200
2002-07-02,62.3573,62.5762,61.0118,61.1406,34213900
2002-07-03,60.9152,61.7006,60.3358,61.4882,30565800
2002-07-05,62.3058,64.0762,62.2286,63.9346,19013500
2002-07-08,63.7222,64.1857,62.808,63.1363,19118600
2002-07-09,62.9174,63.3101,61.1663,61.5462,28620400
2002-07-10,61.8037,61.8487,59.2543,59.3058,50522500
2002-07-11,59.074,60.0977,58.147,59.7886,59476500
2002-07-12,60.0848,60.4453,58.9195,59.132,39018600
2002-07-15,58.9968,59.486,56.5826,59.4474,77317200
2002-07-16,58.662,59.4731,57.8572,58.3014,53282400
2002-07-17,59.5246,60.0654,57.78,58.4173,48880600
2002-07-18,58.3916,58.6491,56.4924,56.5246,32656700
2002-07-19,55.8551,56.3637,54.2714,54.5353,77572600
2002-07-22,54.1426,55.3078,52.4365,52.9194,78134000
2002-07-23,53.1447,53.5889,51.3421,51.4709,74484100
2002-07-24,50.2992,54.7993,50.0095,54.5418,107022800
2002-07-25,54.252,55.2692,52.5331,54.0782,87176600
2002-07-26,54.4967,55.3207,53.9494,55.1083,41206800
2002-07-29,56.3315,58.1599,56.2027,57.7929,53492900
2002-07-30,57.5032,58.8423,57.1169,58.5461,47532200
2002-07-31,58.2564,58.9388,57.4581,58.6878,44669900
2002-08-01,58.5075,58.8101,56.8658,57.1555,66571900
2002-08-02,56.9753,57.2392,55.1212,55.8744,51772900
2002-08-05,55.6813,55.9645,53.7885,53.9301,47191300
2002-08-06,54.8701,56.589,54.7928,55.7456,64730000
2002-08-07,56.5697,56.9753,55.2177,56.7177,43289400
2002-08-08,56.9238,58.6491,56.5246,58.5525,48339800
2002-08-09,58.0053,59.1899,57.5225,58.7714,41879200
2002-08-12,57.9345,58.7586,57.6513,58.3401,25841700
2002-08-13,58.0375,59.0096,57.0718,57.2779,49690500
2002-08-14,57.31,59.6341,56.6662,59.3701,57423600
2002-08-15,59.7693,60.5097,59.3573,60.1942,45551500
2002-08-16,59.7564,60.5676,59.2285,60.014,36517300
2002-08-19,60.1684,61.6427,59.9367,61.4174,33669900
2002-08-20,61.044,61.4174,60.2714,60.7672,30508300
2002-08-21,61.1985,61.662,60.2393,61.6427,39628900
2002-08-22,61.4754,62.5441,61.205,62.2415,38399800
2002-08-23,61.8101,61.9002,60.6127,60.9024,33716400
2002-08-26,61.102,61.572,60.1943,61.3273,33830100
2002-08-27,61.6105,61.9646,60.1942,60.6191,35335700
2002-08-28,60.0526,60.1878,59.0998,59.2929,38970600
2002-08-29,58.7586,59.9045,58.4624,59.3187,42965700
2002-08-30,59.0225,60.1234,58.8423,59.0869,30366700
2002-09-03,58.4109,58.5847,56.7499,56.8336,76586400
2002-09-04,57.0461,58.1019,56.692,57.6448,51099500
2002-09-05,56.9688,57.574,56.3315,57.1555,67250900
2002-09-06,57.78,58.3079,57.516,57.9409,38622200
2002-09-09,57.3616,58.8101,57.1684,58.3659,33998400
2002-09-10,58.6749,59.0869,58.3015,59.0354,41416600
2002-09-11,59.5311,60.0848,58.6491,58.6684,27711200
2002-09-12,58.4238,58.4817,57.2907,57.5869,43601700
2002-09-13,57.0976,57.8766,56.8144,57.7285,41131000
2002-09-16,57.4967,57.8701,56.9495,57.8701,28167600
2002-09-17,58.5139,58.7071,56.4924,56.5439,47609700
2002-09-18,56.016,56.9753,55.546,55.9774,54719400
2002-09-19,55.3594,55.8808,54.5289,54.5289,48510500
2002-09-20,54.9156,55.0966,54.353,54.547,46325600
2002-09-23,54.0943,54.3594,53.4735,54.1008,46893800
2002-09-24,53.3118,54.0943,52.9303,53.2278,69507000
2002-09-25,53.9132,54.8186,53.0532,54.547,59294400
2002-09-26,54.9802,55.5946,54.6116,55.4394,53638000
2002-09-27,54.9673,55.3747,53.5123,53.5123,64648300
2002-09-30,53.0273,53.5446,52.316,52.8915,73096400
2002-10-01,53.3054,55.4652,52.6846,55.4329,67198100
2002-10-02,54.7668,55.3101,53.4153,53.771,56749100
2002-10-03,53.7645,54.7087,52.995,53.2278,55547000
2002-10-04,53.5446,53.6222,51.4623,52.2513,68483700
2002-10-07,51.7727,52.51,50.7963,51.1713,53188000
2002-10-08,51.6111,52.5811,50.5699,51.9732,79531000
2002-10-09,51.1455,51.54,50.2983,50.5053,79956400
2002-10-10,50.4018,52.4259,49.8392,52.1414,76749000
2002-10-11,53.092,54.7927,52.9109,54.4241,82308300
2002-10-14,53.8033,54.8703,53.6998,54.728,40631900
2002-10-15,56.2542,57.373,56.1637,57.36,82320300
2002-10-16,56.5258,56.778,55.5622,55.9696,62977800
2002-10-17,57.4699,57.748,56.8103,57.0819,68534100
2002-10-18,56.681,57.6252,56.2154,57.3212,47448700
2002-10-21,56.985,58.524,56.6293,58.3106,45859100
2002-10-22,57.5863,58.2071,57.2436,57.8903,40966800
2002-10-23,57.4053,58.3753,56.7004,58.33,54905800
2002-10-24,58.6857,58.7827,56.972,57.1401,54987400
2002-10-25,57.0431,58.4529,56.8685,58.33,43672100
2002-10-28,58.9444,59.0349,57.457,57.9485,39416100
2002-10-29,57.6057,57.8709,56.2607,57.2759,59508200
2002-10-30,57.3471,58.1748,57.0561,57.8321,41688600
2002-10-31,57.9808,58.3947,57.0302,57.2436,41620600
2002-11-01,57.1337,58.731,56.9397,58.3753,51878900
2002-11-04,59.3647,60.1019,58.7827,58.9314,49080600
2002-11-05,58.7439,59.5393,58.7439,59.397,37270800
2002-11-06,59.8045,60.186,58.7116,60.1666,65013100
2002-11-07,59.507,59.6363,58.343,58.6922,51572000
2002-11-08,58.5434,59.216,57.8903,57.9743,37905400
2002-11-11,57.8838,57.9162,56.778,57.0755,33505100
2002-11-12,57.3342,58.1554,57.1466,57.5282,37724500
2002-11-13,57.1143,58.0326,56.5517,57.5864,63891500
2002-11-14,58.246,58.8474,58.039,58.6728,31896800
2002-11-15,58.2007,59.203,58.1683,59.106,39152100
2002-11-18,59.591,59.591,58.427,58.5111,28934800
2002-11-19,58.2136,58.912,58.0455,58.4335,32806600
2002-11-20,58.1877,59.7656,58.1683,59.7333,36688400
2002-11-21,59.882,60.9102,59.7721,60.8456,55128200
2002-11-22,60.4511,60.962,60.3153,60.4123,32513800
2002-11-25,60.4188,60.9555,59.992,60.4511,33846400
2002-11-26,60.186,60.4317,59.2483,59.3,42284700
2002-11-27,59.8303,61.2077,59.7721,60.9685,37764000
2002-11-29,61.3047,61.4017,60.6387,60.7745,19385700
2002-12-02,61.738,62.1131,60.283,60.8715,49911900
2002-12-03,60.3024,60.3994,59.7204,60.0567,34407700
2002-12-04,59.3453,60.2312,59.1254,59.785,64040800
2002-12-05,59.9661,60.0114,58.912,59.1254,36724900
2002-12-06,58.2783,59.604,58.1878,59.5134,49824100
2002-12-09,58.8926,59.1449,57.8644,57.8774,36789600
2002-12-10,58.2136,58.912,58.0455,58.6534,33319900
2002-12-11,58.4723,59.2483,58.3042,58.7051,39201000
2002-12-12,58.9767,59.1642,58.33,58.6986,34465600
2002-12-13,58.1425,58.5111,57.7286,57.7739,36862200
2002-12-16,58.0843,59.3582,57.9808,59.2677,37098400
2002-12-17,59.0866,59.3259,58.6792,58.7504,32353900
2002-12-18,58.4077,58.4594,57.7675,58.0714,35612600
2002-12-19,57.7804,58.6534,57.2954,57.6575,39264200
2002-12-20,57.9668,58.4997,57.9018,58.4802,31176900
2002-12-23,58.2202,58.7921,58.0383,58.4997,22599300
2002-12-24,58.2203,58.3957,57.9993,58.0643,10937000
2002-12-26,58.2917,58.8831,57.7328,58.0903,17485600
2002-12-27,57.8109,58.0253,56.7841,56.7841,22205700
2002-12-30,57.0505,57.4924,56.6801,57.2585,29968000
2002-12-31,57.1805,57.4664,56.6086,57.3365,34036600
2003-01-02,57.7393,59.3315,57.5379,59.182,44516300
2003-01-03,59.0781,59.3835,58.8116,59.364,32222600
2003-01-06,59.2925,60.7547,59.247,60.4103,40984500
2003-01-07,60.3712,60.6767,59.9163,60.2608,38640400
2003-01-08,59.9164,60.0463,59.169,59.39,38702200
2003-01-09,59.6694,60.5532,59.403,60.3128,34804900
2003-01-10,59.7539,60.8521,59.6564,60.4752,37768900
2003-01-13,60.7872,60.9951,60.0723,60.4557,31649900
2003-01-14,60.2348,60.9756,60.0528,60.6507,30733000
2003-01-15,60.7872,60.8067,59.7279,60.0463,33511800
2003-01-16,60.1113,60.3908,59.429,59.7994,44812100
2003-01-17,59.13,59.9813,58.5842,58.9156,35618300
2003-01-21,59.052,59.0845,57.8043,57.9993,36826200
2003-01-22,57.6874,58.3567,57.187,57.2975,42286500
2003-01-23,57.6743,58.0837,57.1545,57.6483,55919800
2003-01-24,57.5704,57.6289,55.9978,56.1342,68633900
2003-01-27,55.7119,56.4072,54.9125,55.3674,57884400
2003-01-28,55.6468,56.1472,55.3219,55.7768,46929100
2003-01-29,55.5104,56.6541,55.088,56.1992,53712200
2003-01-30,56.4007,56.4592,54.8475,54.867,49845900
2003-01-31,54.6851,56.0237,54.6851,55.9263,55317000
2003-02-03,55.9783,56.4137,55.8353,56.0368,39696000
2003-02-04,55.4389,55.7248,54.7826,55.4844,43633400
2003-02-05,55.7248,56.2382,54.8995,55.1399,55270600
2003-02-06,54.828,55.1659,54.3601,54.88,53638000
2003-02-07,55.1789,55.2309,53.9182,54.2107,43165000
2003-02-10,54.2366,54.672,53.7103,54.5941,45455900
2003-02-11,54.828,55.1595,53.8273,54.2172,46861000
2003-02-12,54.0417,54.3407,53.3464,53.3529,35873600
2003-02-13,53.3853,53.7168,52.638,53.5153,57934100
2003-02-14,53.5283,54.7175,53.1709,54.6851,59580900
2003-02-18,54.932,55.7573,54.841,55.6468,39492700
2003-02-19,55.4454,55.5428,54.7695,55.3544,31432000
2003-02-20,55.3739,55.5104,54.6201,54.802,29280100
2003-02-21,54.8345,55.7183,54.2366,55.3544,60955800
2003-02-24,55.1919,55.2374,54.3211,54.4576,30628600
2003-02-25,53.9052,54.906,53.4309,54.893,56770600
2003-02-26,54.6006,54.932,53.9897,54.0937,37787200
2003-02-27,54.3926,55.075,54.0417,54.8086,51126000
2003-02-28,54.893,55.3869,54.6916,55.1724,43666800
2003-03-03,55.4064,55.7443,54.4056,54.6461,42923100
2003-03-04,54.5551,54.5941,53.7103,53.7753,31440500
2003-03-05,53.6843,54.2887,53.5218,54.2302,43974700
2003-03-06,53.8533,54.2757,53.5933,53.7753,41217700
2003-03-07,53.0344,54.5811,52.9175,54.1457,63538000
2003-03-10,53.6778,53.8468,52.703,52.846,41014100
2003-03-11,52.95,53.2879,52.3001,52.3261,48102700
2003-03-12,52.2351,52.703,51.5852,52.677,62459800
2003-03-13,53.4048,54.5291,52.9824,54.4966,72117800
2003-03-14,54.7175,55.0879,54.1651,54.672,63951800
2003-03-17,54.2367,56.5046,54.0807,56.3942,88217500
2003-03-18,56.6346,56.7646,56.0693,56.7256,50792300
2003-03-19,56.7191,57.291,56.3292,57.161,49630800
2003-03-20,56.7516,57.5704,56.1147,57.2845,67321600
2003-03-21,57.9395,58.6442,57.3719,58.5072,71165300
2003-03-24,57.4306,57.5089,56.341,56.5629,65398900
2003-03-25,56.5955,57.5872,56.3997,57.1044,61040100
2003-03-26,57.1305,57.3197,56.6346,56.8173,45740800
2003-03-27,56.3736,57.1957,56.1061,56.863,53120200
2003-03-28,56.4193,56.9478,56.2757,56.5759,32583000
2003-03-31,55.6885,56.4976,55.0687,55.2905,61119500
2003-04-01,55.6233,56.3671,55.4014,56.1387,53574000
2003-04-02,57.1174,57.92,57.0913,57.4959,50431200
2003-04-03,57.9852,58.0635,57.1892,57.2218,48755500
2003-04-04,57.6981,57.8025,57.1696,57.5611,36250100
2003-04-07,58.9443,59.2771,57.398,57.4502,69776200
2003-04-08,57.6133,57.8417,57.2284,57.5416,39712700
2003-04-09,57.6524,58.1352,56.615,56.7846,55647300
2003-04-10,56.8238,57.1761,55.9234,57.0978,41812400
2003-04-11,57.522,57.8743,56.6737,56.863,47730100
2003-04-14,57.0717,58.07,56.7651,58.0374,36711700
2003-04-15,57.9657,58.579,57.6916,58.579,49709800
2003-04-16,58.6638,58.7617,57.4371,57.5807,51788000
2003-04-17,57.6133,58.5398,57.5415,58.4354,37403100
2003-04-21,58.6312,58.8269,58.1092,58.4941,32052700
2003-04-22,58.1353,59.7403,57.9982,59.5968,59763600
2003-04-23,59.7795,60.2558,59.5315,60.1449,44227100
2003-04-24,59.7208,60.0797,59.3489,59.6099,49692400
2003-04-25,59.5707,59.6816,58.7356,58.8726,43917200
2003-04-28,59.0096,60.1514,58.9182,59.8904,46432900
2003-04-29,60.1188,60.5494,59.636,60.0992,52017100
2003-04-30,59.9687,60.3994,59.6425,59.9687,48709100
2003-05-01,59.9753,60.5038,59.0488,59.9622,50240400
2003-05-02,59.7404,60.9866,59.6947,60.8169,50201500
2003-05-05,60.9866,61.1889,60.3537,60.6995,35437800
2003-05-06,60.706,61.5803,60.6799,61.2737,44401000
2003-05-07,60.954,61.4238,60.6604,60.9344,41413100
2003-05-08,60.3667,60.8953,60.2102,60.3211,40570700
2003-05-09,60.569,61.2019,60.4255,61.1562,33608100
2003-05-12,61.0062,62.0632,60.8626,61.9066,35662300
2003-05-13,61.6782,62.1023,61.502,61.7957,39253600
2003-05-14,62.0436,62.1415,61.2737,61.6652,32195100
2003-05-15,61.9131,62.2002,61.4955,62.0566,43879200
2003-05-16,61.9131,62.2785,61.502,61.9001,38905000
2003-05-19,61.4303,61.6065,60.2428,60.4516,41606000
2003-05-20,60.5625,60.6995,59.76,60.3276,55404600
2003-05-21,60.0992,60.6016,59.9688,60.4516,49333800
2003-05-22,60.6473,61.3651,60.4712,61.0519,38421800
2003-05-23,61.0257,61.3193,60.7713,61.1758,26155900
2003-05-27,60.8757,62.5329,60.7256,62.2458,43719200
2003-05-28,62.5395,62.944,62.2654,62.422,37727100
2003-05-29,62.5591,63.1724,62.0371,62.2589,50844200
2003-05-30,62.5721,63.3485,62.3503,63.2572,52529500
2003-06-02,63.6356,64.2359,63.0745,63.5182,50305500
2003-06-03,63.3877,63.8379,63.1919,63.7792,38254500
2003-06-04,63.7205,64.8231,63.6617,64.6992,49360700
2003-06-05,64.3207,65.0189,64.1185,65.0189,46262400
2003-06-06,65.5082,66.1607,64.6796,64.7644,60356800
2003-06-09,64.4447,64.66,63.7922,64.1054,37808500
2003-06-10,64.2424,64.7644,64.0663,64.7579,29965900
2003-06-11,64.6992,65.5017,64.4055,65.443,37610200
2003-06-12,65.7366,65.8345,64.9993,65.6453,36442000
2003-06-13,65.6453,65.7366,64.5622,64.9602,48628300
2003-06-16,65.2212,66.3565,65.1168,66.3304,36326300
2003-06-17,66.5979,66.6697,66.0498,66.3304,36801800
2003-06-18,66.0889,66.6435,65.8997,66.2716,35521000
2003-06-19,66.3173,66.376,65.1428,65.2603,43551700
2003-06-20,65.7383,65.8104,65.1031,65.1162,41545000
2003-06-23,65.1228,65.2603,64.1209,64.4483,34237500
2003-06-24,64.3173,64.887,64.1863,64.5137,36213600
2003-06-25,64.5203,65.1162,63.8655,63.8655,47743400
2003-06-26,64.0292,64.815,63.4922,64.6971,33477300
2003-06-27,64.6644,64.9525,63.8982,63.9506,54208800
2003-06-30,64.3174,64.612,63.8263,63.931,33349000
2003-07-01,63.6822,64.7299,63.1452,64.5203,51322800
2003-07-02,64.6775,65.3454,64.5465,65.3323,34662100
2003-07-03,64.8739,65.3847,64.1078,64.6578,30792800
2003-07-07,65.2537,66.0723,65.2537,65.9413,31391100
2003-07-08,65.8104,66.3277,65.5943,66.236,30952500
2003-07-09,66.0854,66.3997,65.5026,65.8627,36528500
2003-07-10,65.3781,65.5091,64.5858,65.0245,49777700
2003-07-11,65.0835,65.7776,65.0835,65.6401,39976300
2003-07-14,66.2687,66.7271,65.7776,65.9609,42114900
2003-07-15,66.3866,66.439,65.4502,65.8169,42573600
2003-07-16,66.0133,66.0526,64.9787,65.4305,39894200
2003-07-17,64.9263,65.4044,64.2781,64.5007,52253500
2003-07-18,64.8412,65.3519,64.4745,65.162,35698100
2003-07-21,65.1228,65.149,64.075,64.3566,34786000
2003-07-22,64.6251,65.0966,64.1209,64.9394,49968300
2003-07-23,64.9656,65.1227,64.3566,64.9852,37275400
2003-07-24,65.4764,65.7056,64.4156,64.4941,40896200
2003-07-25,64.6054,65.6728,64.1994,65.6335,43241100
2003-07-28,65.7252,66.1247,65.2669,65.3913,34382800
2003-07-29,65.5746,65.6532,64.6186,65.09,53472100
2003-07-30,65.221,65.3192,64.7822,64.9329,28363300
2003-07-31,65.4698,66.0788,64.9394,65.0835,54937200
2003-08-01,64.9525,65.1752,64.3304,64.5072,49321000
2003-08-04,64.3763,64.8281,63.5184,64.5072,55214100
2003-08-05,64.4418,64.671,63.0863,63.1387,61415600
2003-08-06,63.3154,64.2125,63.1386,63.5053,50096900
2003-08-07,63.6298,64.2191,63.3613,64.1733,43427400
2003-08-08,64.3828,64.5334,64.0161,64.3566,27357300
2003-08-11,64.3436,64.8543,64.0685,64.5989,34631400
2003-08-12,64.6382,65.2144,64.4483,65.1882,43285600
2003-08-13,65.3651,65.3847,64.5203,64.8543,36152000
2003-08-14,64.8936,65.3192,64.4679,65.0311,35525100
2003-08-15,65.0639,65.3454,64.9067,65.2341,12567000
2003-08-18,65.4371,65.8758,65.3127,65.7973,22873800
2003-08-19,65.9348,66.0985,65.4829,66.0461,37437700
2003-08-20,65.6728,66.0657,65.5877,65.7776,21295300
2003-08-21,66.1705,66.4783,65.7449,65.9872,46494200
2003-08-22,66.6289,66.6747,65.3061,65.3323,52040300
2003-08-25,65.293,66.0264,65.0114,65.4371,23473000
2003-08-26,65.1555,65.7383,64.7168,65.5549,45065800
2003-08-27,65.5157,65.7187,65.2013,65.5746,18919500
2003-08-28,65.7449,66.1377,65.2603,65.9806,27402400
2003-08-29,65.8823,66.452,65.7972,66.4258,28706600
2003-09-02,66.5569,67.3689,66.1705,67.3165,49419100
2003-09-03,67.4671,67.9058,67.3034,67.6832,44912400
2003-09-04,67.5129,67.8076,67.2902,67.7159,28381000
2003-09-05,67.4081,67.8076,67.0545,67.3361,31637300
2003-09-08,67.4736,68.0237,67.4016,67.8927,32632800
2003-09-09,67.6897,67.7486,67.2379,67.4474,35053200
2003-09-10,67.1396,67.3164,66.4979,66.7664,45904900
2003-09-11,66.8581,67.2903,66.6878,66.9628,38396300
2003-09-12,66.7337,67.2117,66.367,67.0873,42524800
2003-09-15,67.1331,67.2051,66.7598,66.8515,21312800
2003-09-16,66.9432,67.8665,66.9039,67.8272,37892600
2003-09-17,67.7617,67.9647,67.4801,67.6962,31885800
2003-09-18,67.7094,68.5606,67.5587,68.4952,30243600
2003-09-19,68.5412,68.7581,67.9693,68.1468,34331600
2003-09-22,67.6077,67.68,67.0687,67.4105,36677400
2003-09-23,67.4368,67.897,67.2856,67.6669,32489200
2003-09-24,67.7852,67.851,66.4377,66.464,41694700
2003-09-25,66.6612,66.9701,65.8658,65.9184,52673100
2003-09-26,66.0235,66.1682,65.6357,65.7014,42914700
2003-09-29,65.9315,66.3851,65.5963,66.3456,36771600
2003-09-30,66.0498,66.2339,65.2413,65.7014,70764500
2003-10-01,65.892,67.1673,65.8658,67.1016,65797600
2003-10-02,67.003,67.4171,66.8058,67.3448,44591500
2003-10-03,68.1467,68.5477,67.7589,67.9627,48806900
2003-10-06,68.0219,68.3571,67.8378,68.2717,20226500
2003-10-07,67.8773,68.5675,67.6472,68.5346,42602900
2003-10-08,68.5806,68.62,67.9758,68.3637,30920800
2003-10-09,68.9421,69.1656,68.2519,68.5477,40066500
2003-10-10,68.5412,68.7581,68.3045,68.7384,22682800
2003-10-13,68.8304,69.2116,68.6989,68.9553,23825600
2003-10-14,68.8896,69.3037,68.6003,69.1985,38484400
2003-10-15,69.5863,69.606,68.7844,69.0144,39021700
2003-10-16,68.8107,69.5009,68.7909,69.2905,32772200
2003-10-17,69.33,69.4352,68.3505,68.5346,32790300
2003-10-20,68.6595,69.0473,68.3242,69.0473,27657000
2003-10-21,68.9027,69.2051,68.574,68.929,26729100
2003-10-22,68.3834,68.4886,67.8313,68.0613,33914500
2003-10-23,67.6341,68.3308,67.6012,67.9364,45830500
2003-10-24,67.5946,68.0876,67.1673,68.0876,51723600
2003-10-27,68.1927,68.482,67.8838,68.1204,32460200
2003-10-28,68.3505,69.1196,68.2453,69.0473,34956200
2003-10-29,68.8698,69.3037,68.2782,69.1393,30955400
2003-10-30,69.5403,69.6586,68.8896,69.284,39123100
2003-10-31,69.284,69.5075,69.1657,69.2182,25761600
2003-11-03,69.514,70.0793,69.4877,69.6718,37589300
2003-11-04,69.6718,69.8558,69.4023,69.5206,31421600
2003-11-05,69.3432,69.6587,68.9553,69.5732,33558800
2003-11-06,69.4154,69.9676,69.0867,69.9413,28392300
2003-11-07,70.0991,70.1517,69.3957,69.422,31723200
2003-11-10,69.5074,69.5732,69.0276,69.1393,25530800
2003-11-11,69.0802,69.238,68.8896,69.1196,26558600
2003-11-12,69.1722,69.9873,69.1262,69.8953,28000000
2003-11-13,69.6849,70.0333,69.5337,69.915,29714800
2003-11-14,69.9413,70.3028,69.2116,69.3234,49158500
2003-11-17,68.9619,69.1131,68.39,68.975,44382100
2003-11-18,69.1788,69.3168,68.1665,68.2585,41155000
2003-11-19,68.3834,69.0276,68.3111,68.837,29827000
2003-11-20,68.3637,69.1788,68.1993,68.219,53578700
2003-11-21,68.5214,68.5806,68.1139,68.5017,30016000
2003-11-24,68.8173,69.5338,68.8107,69.4089,28906400
2003-11-25,69.5009,69.9544,69.3168,69.6718,37580000
2003-11-26,69.9545,69.9742,69.2774,69.9216,33053600
2003-11-28,69.8624,70.1122,69.8098,69.9742,10507500
2003-12-01,70.2371,70.7827,70.2043,70.7301,38699000
2003-12-02,70.5855,70.8418,70.3817,70.5526,35352000
2003-12-03,70.763,71.0457,70.3818,70.4409,39078600
2003-12-04,70.4475,70.809,70.2963,70.7301,36089500
2003-12-05,70.4146,70.8616,70.0859,70.2371,28824400
2003-12-08,70.1648,70.7564,70.1254,70.7104,32482900
2003-12-09,70.9273,70.947,70.0333,70.1648,43596100
2003-12-10,70.1845,70.3226,69.6521,70.1582,36915400
2003-12-11,70.1254,71.0588,70.1188,70.9471,45304000
2003-12-12,70.9733,71.1245,70.592,71.0851,34142200
2003-12-15,71.7622,71.8016,70.6513,70.7301,38693400
2003-12-16,70.7827,71.3217,70.6775,71.0982,32894200
2003-12-17,71.0325,71.3217,70.8616,71.3217,23198800
2003-12-18,71.3546,72.1303,71.2494,72.1237,29353100
2003-12-19,72.1871,72.2333,71.7116,71.9229,41465100
2003-12-22,71.8502,72.4248,71.8436,72.4248,27611300
2003-12-23,72.306,72.6164,72.2399,72.4711,24741200
2003-12-24,72.3324,72.5701,72.2729,72.3984,8055800
2003-12-26,72.4579,72.7023,72.405,72.4513,8308400
2003-12-29,72.7154,73.4882,72.5041,73.4155,22483700
2003-12-30,73.3693,73.4882,73.2108,73.4287,19559500
2003-12-31,73.4551,73.6533,73.2042,73.4948,31501800
2004-01-02,73.7986,74.0958,73.1315,73.4618,38072300
2004-01-05,73.7656,74.3137,73.6995,74.2609,27959800
2004-01-06,74.076,74.4524,73.9703,74.3336,20472800
2004-01-07,74.2279,74.6704,73.8977,74.5845,30170400
2004-01-08,74.7959,74.9015,74.4788,74.8817,36438400
2004-01-09,74.5185,74.961,74.1486,74.2279,54084300
2004-01-12,74.3335,74.7959,74.2081,74.776,31564100
2004-01-13,74.6902,74.7827,73.8118,74.3402,54239700
2004-01-14,74.4722,75.0666,74.4128,74.961,30112800
2004-01-15,75.0072,75.3308,74.3534,75.1459,38408700
2004-01-16,75.3176,75.4959,75.0468,75.4431,31922700
2004-01-20,75.6412,75.7205,75.1723,75.4233,29863000
2004-01-21,75.3771,76.1498,75.1063,76.0177,30725000
2004-01-22,76.0441,76.2026,75.6743,75.8196,29888500
2004-01-23,75.9517,76.196,75.2582,75.5752,44245300
2004-01-26,75.5488,76.5659,75.5422,76.5262,30460600
2004-01-27,76.447,76.9423,75.7205,75.7403,35322800
2004-01-28,75.9384,76.1366,74.5911,74.8751,52621300
2004-01-29,75.0006,75.1921,74.3402,74.9478,60117100
2004-01-30,74.9742,75.1063,74.6902,74.9478,30984400
2004-02-02,75.0931,75.7403,74.71,75.2714,38832400
2004-02-03,75.1195,75.3837,74.9214,75.1459,25093500
2004-02-04,74.7562,75.1129,74.4921,74.5317,39332600
2004-02-05,74.743,74.9874,74.4854,74.7496,37226800
2004-02-06,74.9081,75.7535,74.7628,75.5884,37216000
2004-02-09,75.7337,75.8658,75.4827,75.6082,24851300
2004-02-10,75.4761,76.0441,75.4629,75.8526,27908100
2004-02-11,75.8526,76.8696,75.4034,76.6583,42965700
2004-02-12,76.5923,76.7904,76.3347,76.381,27814700
2004-02-13,76.4932,76.7442,75.7865,76.0375,44739900
2004-02-17,76.513,76.8961,76.4602,76.7243,23984300
2004-02-18,76.7442,77.0083,76.1828,76.3875,28618000
2004-02-19,76.83,76.8697,75.9913,76.1035,51146200
2004-02-20,76.2687,76.3215,75.5025,75.8724,46728800
2004-02-23,76.0969,76.1234,75.4035,75.6808,36357000
2004-02-24,75.4695,75.945,74.6505,75.5488,43953000
2004-02-25,75.595,75.9913,75.5025,75.8658,31213600
2004-02-26,75.6941,76.1432,75.5157,75.912,29683000
2004-02-27,76.0771,76.4404,75.7073,75.9649,39312000
2004-03-01,76.2356,76.8366,76.1167,76.7178,33130800
2004-03-02,76.5725,77.2527,76.1035,76.2687,38556400
2004-03-03,76.1167,76.5262,75.8988,76.4073,31346200
2004-03-04,76.4271,76.6781,76.2951,76.6055,21060000
2004-03-05,76.229,77.2395,76.1366,76.8631,55905600
2004-03-08,76.8367,77.0216,75.8922,75.9252,39281600
2004-03-09,76.0177,76.0903,75.4497,75.6214,39746100
2004-03-10,75.7667,75.7997,74.3401,74.3533,67671800
2004-03-11,74.2345,74.8091,73.3759,73.3891,89134800
2004-03-12,73.792,74.4392,73.6929,74.3533,54012200
2004-03-15,74.1486,74.2014,73.2438,73.4419,57677200
2004-03-16,73.825,74.0099,73.2042,73.8316,59832600
2004-03-17,74.0892,74.8025,74.0363,74.6572,41607300
2004-03-18,74.4326,74.809,73.924,74.677,60014300
2004-03-19,74.5014,74.6074,73.5934,73.6066,48636200
2004-03-22,73.262,73.2819,72.3076,72.6721,62752100
2004-03-23,73.0698,73.1692,72.4799,72.5462,54080200
2004-03-24,72.6257,72.9969,72.1419,72.6059,51584300
2004-03-25,72.9571,73.7657,72.7649,73.5668,49873600
2004-03-26,73.5404,74.0904,73.4343,73.5867,37409500
2004-03-29,73.9844,74.7201,73.9512,74.6206,44113600
2004-03-30,74.4284,74.9388,74.3754,74.8725,39059900
2004-03-31,74.8858,75.1575,74.4815,74.9587,48517600
2004-04-01,74.9388,75.469,74.9255,75.4094,45103800
2004-04-02,76.092,76.1118,75.4888,75.9793,50987700
2004-04-05,75.86,76.4697,75.8467,76.3968,30251800
2004-04-06,76.1052,76.3372,75.966,76.1516,28420900
2004-04-07,76.1848,76.2047,75.6281,75.9727,45890500
2004-04-08,76.4896,76.4896,75.3828,75.8004,46929700
2004-04-12,75.9395,76.2709,75.9329,76.0986,23085200
2004-04-13,76.3902,76.4168,74.9057,75.0316,56210300
2004-04-14,74.6339,75.3166,74.5941,75.1509,62322300
2004-04-15,75.1906,75.4093,74.4682,74.8659,61602500
2004-04-16,75.1442,75.5883,74.8791,75.4425,47059200
2004-04-19,75.2569,75.5485,75.0713,75.4425,28277600
2004-04-20,75.6082,75.7672,74.0838,74.1766,53299400
2004-04-21,74.3621,74.8592,74.1434,74.6736,50177300
2004-04-22,74.5478,75.9992,74.5212,75.7208,62071500
2004-04-23,75.8335,75.9329,75.416,75.7937,29395700
2004-04-26,75.8865,76.1781,75.29,75.6877,35515200
2004-04-27,75.7076,76.2974,75.5286,75.754,43485500
2004-04-28,75.4822,75.5618,74.561,74.7731,50165800
2004-04-29,74.7068,75.1044,73.6729,74.1169,69687600
2004-04-30,74.3423,74.4814,73.5005,73.5403,48681400
2004-05-03,73.8121,74.4218,73.7988,74.329,33758000
2004-05-04,74.3953,75.0647,74.0043,74.2694,51185100
2004-05-05,74.5013,74.8659,74.3356,74.7466,34405000
2004-05-06,74.2429,74.6206,73.5669,74.1037,54997000
2004-05-07,73.7126,74.382,72.8775,72.8775,60950000
2004-05-10,72.5329,72.7384,71.8171,72.1286,75279400
2004-05-11,72.5462,72.9372,72.46,72.7384,48300600
2004-05-12,72.6191,73.262,71.6183,73.2023,90830500
2004-05-13,72.745,73.4409,72.6589,72.8975,57393700
2004-05-14,72.8709,73.3945,72.4202,72.9306,54123100
2004-05-17,72.1684,72.5727,71.8503,72.3076,55020400
2004-05-18,72.5661,72.8643,72.46,72.6721,30193100
2004-05-19,73.2355,73.6861,72.3407,72.4203,54804100
2004-05-20,72.5396,72.8179,72.2678,72.6522,38082900
2004-05-21,72.8842,73.2686,72.5528,72.7782,47480400
2004-05-24,73.2554,73.4078,72.692,73.0831,40961500
2004-05-25,72.8378,74.2163,72.639,74.1302,48668000
2004-05-26,74.0043,74.4218,73.9048,74.3887,35977000
2004-05-27,74.5875,74.9123,74.2694,74.8062,45306900
2004-05-28,74.7134,74.8129,74.4682,74.7996,23367200
2004-06-01,74.5345,74.7996,74.1435,74.7002,41044700
2004-06-02,74.9122,75.2105,74.5345,74.9785,39774200
2004-06-03,74.7664,75.0183,74.276,74.2892,38688300
2004-06-04,74.8791,75.2768,74.7002,74.8791,32739500
2004-06-07,75.1774,76.092,75.1707,76.0191,31643800
2004-06-08,75.8004,76.1649,75.6678,76.1251,32846500
2004-06-09,75.8932,76.0191,75.3696,75.416,36737600
2004-06-10,75.5817,75.7871,75.5088,75.7871,21711000
2004-06-14,75.4358,75.4557,74.8062,75.0382,34633000
2004-06-15,75.4888,75.8534,75.2304,75.5684,37445000
2004-06-16,75.5551,75.6877,75.3563,75.5551,26633400
2004-06-17,75.4557,75.6015,75.1111,75.4425,28402400
2004-06-18,75.3453,75.9773,75.2855,75.5848,31799800
2004-06-21,75.6646,75.924,75.2522,75.2988,25284000
2004-06-22,75.2522,75.7511,74.9462,75.6779,37334000
2004-06-23,75.5715,76.3897,75.4451,76.3298,35580000
2004-06-24,76.2035,76.4496,76.0039,76.0904,35272100
2004-06-25,76.1037,76.4562,75.6181,75.7245,32837900
2004-06-28,76.1768,76.2367,75.4385,75.4651,40824500
2004-06-29,75.5183,75.944,75.4451,75.7777,28418100
2004-06-30,75.8775,76.3564,75.5981,76.1835,52230600
2004-07-01,75.9972,76.097,74.8864,75.1258,57734700
2004-07-02,75.2722,75.3586,74.8997,75.0859,34615100
2004-07-06,74.7467,74.7999,74.2544,74.4274,38698200
2004-07-07,74.3742,74.8797,74.3343,74.6469,29839800
2004-07-08,74.3742,74.7135,73.9684,74.1281,45291100
2004-07-09,74.3143,74.4606,74.0881,74.3209,27412900
2004-07-12,74.1813,74.5272,73.8354,74.3542,35691300
2004-07-13,74.4474,74.5139,74.2345,74.4075,26752000
2004-07-14,74.0083,74.76,73.9152,74.1813,54089400
2004-07-15,74.3276,74.4407,73.6358,73.7023,38403500
2004-07-16,74.2145,74.2811,73.4629,73.6425,40871200
2004-07-19,73.6691,73.8088,73.1635,73.3298,39592800
2004-07-20,73.5227,74.434,73.3365,74.2611,46679800
2004-07-21,74.3809,74.5405,72.8044,72.8909,56241100
2004-07-22,72.7445,73.4296,72.352,73.0904,72477100
2004-07-23,72.9174,72.9773,72.2988,72.4784,49610500
2004-07-26,72.6314,72.791,71.9795,72.3387,49679100
2004-07-27,72.5383,73.2434,72.4851,73.0172,51295100
2004-07-28,72.8709,73.4163,72.2323,73.2367,65862300
2004-07-29,73.5294,73.7489,73.1702,73.5494,52200500
2004-07-30,73.3831,73.7689,73.2367,73.729,41581700
2004-08-02,73.2966,74.0749,73.2035,73.882,38263100
2004-08-03,73.7889,73.8753,73.2767,73.3099,40948800
2004-08-04,73.097,73.6691,72.9307,73.3032,40763200
2004-08-05,73.3631,73.4229,72.0194,72.1059,50772000
2004-08-06,71.5937,71.8132,70.9219,71.0749,74729000
2004-08-09,71.188,71.494,71.0882,71.1747,37476300
2004-08-10,71.3808,72.1126,71.3476,72.0926,55870600
2004-08-11,71.627,72.0593,71.2412,71.9463,52933200
2004-08-12,71.627,71.8066,70.9285,71.1613,50015900
2004-08-13,71.2412,71.4075,70.9019,71.301,41634700
2004-08-16,71.2678,72.2655,71.2412,72.0394,45731900
2004-08-17,72.3388,72.6913,72.1924,72.4452,40701600
2004-08-18,72.1857,73.2833,72.1658,73.1901,43165400
2004-08-19,73.0438,73.1835,72.6248,72.9773,39881600
2004-08-20,72.9108,73.5893,72.8443,73.4895,44870900
2004-08-23,73.536,73.6824,73.2035,73.3032,33745100
2004-08-24,73.5959,73.6558,73.0705,73.403,30453100
2004-08-25,73.3897,74.015,73.1037,73.9019,38551400
2004-08-26,73.8088,74.0416,73.7356,73.9019,26629500
2004-08-27,73.9684,74.2545,73.8687,74.1347,24902900
2004-08-30,73.9817,74.0616,73.4695,73.5228,26726500
2004-08-31,73.6092,73.9418,73.2367,73.9086,44125300
2004-09-01,73.8021,74.2611,73.4895,74.0483,52778300
2004-09-02,73.995,74.9662,73.995,74.8864,42736600
2004-09-03,74.7201,75.046,74.5072,74.5804,30480500
2004-09-07,74.8598,75.2522,74.7134,75.0726,37338800
2004-09-08,74.913,75.2057,74.7068,74.8864,32963100
2004-09-09,74.8797,75.086,74.5205,74.8199,34314800
2004-09-10,74.8465,75.3454,74.5538,75.2057,27900600
2004-09-13,75.372,75.658,75.1724,75.4518,44398100
2004-09-14,75.3653,75.6247,75.2921,75.6047,28048900
2004-09-15,75.3653,75.4052,74.9529,75.0327,38295000
2004-09-16,75.066,75.4119,75.0327,75.2589,23911700
2004-09-17,75.4452,75.7191,75.2716,75.5788,33683000
2004-09-20,75.2582,75.472,74.9977,75.1246,37149400
2004-09-21,75.3117,75.7926,75.1714,75.4519,40920800
2004-09-22,75.1447,75.158,74.4567,74.5101,49042100
2004-09-23,74.5435,74.6103,74.1094,74.1094,44068700
2004-09-24,74.2563,74.6304,74.2296,74.45,34981100
2004-09-27,74.2095,74.2763,73.8622,73.9757,39355100
2004-09-28,74.0826,74.4834,73.7486,74.3298,41662900
2004-09-29,74.283,74.7105,74.1428,74.7038,33325700
2004-09-30,74.5101,74.7973,74.3164,74.6504,43536700
2004-10-01,74.9844,75.9128,74.951,75.9128,62824300
2004-10-04,76.2134,76.4405,76.013,76.0397,33082400
2004-10-05,76.0464,76.2535,75.8394,76.0798,36910600
2004-10-06,75.9929,76.6008,75.9328,76.6008,42297800
2004-10-07,76.4004,76.4137,75.7191,75.7792,39388800
2004-10-08,75.5788,75.993,75.0445,75.1513,51872600
2004-10-11,75.3317,75.492,75.2382,75.4586,20229100
2004-10-12,74.9443,75.3651,74.7706,75.1647,41754700
2004-10-13,75.4786,75.5254,74.3565,74.5034,54212600
2004-10-14,74.5969,74.7639,73.8622,73.9023,64082200
2004-10-15,74.1561,74.637,73.8555,74.3164,63482200
2004-10-18,74.0692,74.7439,73.9423,74.5969,43535100
2004-10-19,74.824,74.9643,73.8688,73.969,55851900
2004-10-20,73.7286,74.0225,73.3078,73.8221,57118500
2004-10-21,74.0025,74.3565,73.6151,74.303,53218300
2004-10-22,74.2697,74.3097,73.3813,73.4681,48752400
2004-10-25,73.3078,73.5549,73.0406,73.3813,43990900
2004-10-26,73.5616,74.5435,73.3946,74.5034,54337400
2004-10-27,74.3966,75.5455,74.2229,75.3985,73896000
2004-10-28,75.3317,75.8527,75.138,75.6256,54413300
2004-10-29,75.5588,75.9061,75.4118,75.6122,48820200
2004-11-01,75.8527,76.0397,75.6122,75.8193,36720900
2004-11-02,75.9262,76.5273,75.6256,75.846,56210000
2004-11-03,76.8346,77.055,76.3069,76.8012,76960200
2004-11-04,76.6676,77.93,76.6008,77.8499,55350300
2004-11-05,78.1839,78.5779,77.8098,78.3375,63287200
2004-11-08,78.1371,78.3041,77.9634,78.2239,33863800
2004-11-09,78.2039,78.4844,77.9901,78.0703,44658100
2004-11-10,78.1905,78.5178,77.9901,78.1304,45265400
2004-11-11,78.2707,78.8986,78.2173,78.7249,37863200
2004-11-12,78.7983,79.4863,78.6046,79.3461,55583700
2004-11-15,79.3869,79.5678,79.2061,79.541,35297900
2004-11-16,79.2932,79.3267,78.8711,78.9716,40028700
2004-11-17,79.2998,79.8157,79.0989,79.4405,54494000
2004-11-18,79.407,79.5879,79.2061,79.5477,31854300
2004-11-19,79.5209,79.5343,78.4758,78.6634,54276500
2004-11-22,78.4959,79.1324,78.4021,79.0386,37560200
2004-11-23,79.0051,79.2262,78.6299,79.1592,41968800
2004-11-24,79.2329,79.4473,79.0855,79.3468,29724800
2004-11-26,79.3936,79.7085,79.2529,79.2864,15487700
2004-11-29,79.5812,79.7286,78.7036,78.9247,61460800
2004-11-30,79.052,79.2128,78.8108,78.9783,53685200
2004-12-01,79.1592,80.0569,79.119,79.876,49898300
2004-12-02,79.7889,80.3048,79.7286,79.943,60163500
2004-12-03,79.9296,80.4857,79.7822,79.8894,49067900
2004-12-06,79.8626,80.1507,79.6147,79.8626,33030500
2004-12-07,80.0502,80.1373,79.0788,79.119,52047200
2004-12-08,79.1927,79.6013,79.0587,79.5812,43895100
2004-12-09,79.1458,80.0301,78.8711,79.8626,60922800
2004-12-10,79.6683,80.0971,79.6214,79.943,47828600
2004-12-13,80.2311,80.6598,79.9564,80.6397,38541000
2004-12-14,80.5124,81.035,80.5124,80.9211,41500700
2004-12-15,80.8608,81.1355,80.5995,80.9814,46699200
2004-12-16,80.8742,81.2226,80.4187,80.9345,51641800
2004-12-17,80.4081,80.7514,80.2062,80.3947,70761900
2004-12-20,80.6033,80.9668,80.2129,80.4148,47187400
2004-12-21,80.5024,81.0947,80.4081,81.0341,33094200
2004-12-22,81.0274,81.4985,80.9735,81.2293,31500700
2004-12-23,81.3572,81.6332,81.2159,81.2899,25646100
2004-12-27,81.5793,81.687,81.0341,81.1216,29944100
2004-12-28,81.2024,81.6668,81.1754,81.5658,23422900
2004-12-29,81.4986,81.714,81.4111,81.687,22650600
2004-12-30,81.7139,81.8284,81.4716,81.5322,21076900
2004-12-31,81.6466,81.889,81.3101,81.3572,28648800
2005-01-03,81.8216,81.9563,80.7043,80.9735,55748000
2005-01-04,81.0812,81.1351,79.7216,79.9841,69167600
2005-01-05,79.9235,80.2668,79.4254,79.4321,65667300
2005-01-06,79.7216,80.1995,79.6004,79.836,47814700
2005-01-07,80.0783,80.2533,79.5129,79.7216,55847700
2005-01-10,79.6543,80.4081,79.6543,80.0985,56563300
2005-01-11,79.8562,79.9235,79.4187,79.5466,63099700
2005-01-12,79.6946,79.9908,79.1023,79.8091,72720500
2005-01-13,79.8562,79.9168,79.0889,79.1696,55537500
2005-01-14,79.4052,79.7822,79.2639,79.587,42032500
2005-01-18,79.459,80.5158,79.3917,80.4148,57391700
2005-01-19,80.3879,80.4485,79.5668,79.5735,54378900
2005-01-20,79.3513,79.56,78.9475,79.0888,72049300
2005-01-21,79.2841,79.4254,78.5167,78.6042,63160400
2005-01-24,78.8129,78.9812,78.3283,78.4494,58441900
2005-01-25,78.6917,79.0687,78.5638,78.6715,68245000
2005-01-26,78.9677,79.1562,78.7792,78.9071,57195100
2005-01-27,78.8802,79.2571,78.7388,79.0417,55878800
2005-01-28,79.0821,79.1225,78.4898,79.0417,60738900
2005-01-31,79.3918,79.5937,79.2302,79.5331,52532700
2005-02-01,79.5937,80.1524,79.4927,80.0379,49841200
2005-02-02,80.1389,80.4956,80.0312,80.2802,52468900
2005-02-03,80.1389,80.2062,79.8091,80.0716,48837100
2005-02-04,80.0985,81.061,80.085,80.9264,50024600
2005-02-07,80.9399,81.1216,80.7447,80.8187,45412000
2005-02-08,80.8861,81.2091,80.8187,80.913,39263500
2005-02-09,81.0543,81.1014,80.2668,80.3072,55279400
2005-02-10,80.5427,80.7851,80.2735,80.5966,45858600
2005-02-11,80.5697,81.4716,80.4081,81.2899,53133000
2005-02-14,81.236,81.3504,81.0947,81.2293,32432100
2005-02-15,81.3101,81.7341,81.2293,81.5322,43852700
2005-02-16,81.3976,81.7543,81.2226,81.586,55523000
2005-02-17,81.5995,81.6668,80.9197,80.9264,58124000
2005-02-18,80.9331,81.0947,80.7043,81.0341,47723300
2005-02-22,80.7043,81.0879,79.8158,79.8293,80697600
2005-02-23,80.0514,80.4821,79.8427,80.4014,68292600
2005-02-24,80.26,80.987,80.085,80.9331,68563600
2005-02-25,80.9533,81.8957,80.8928,81.7341,60899900
2005-02-28,81.5457,81.6466,80.7985,81.1957,69381300
2005-03-01,81.3236,81.7947,81.2966,81.5995,47294400
2005-03-02,81.2831,82.0707,81.2091,81.5591,64226500
2005-03-03,81.8889,82.0505,81.2428,81.5928,61230800
2005-03-04,82.1514,82.6764,81.9764,82.6091,56168500
2005-03-07,82.562,82.9592,82.387,82.6495,43442400
2005-03-08,82.5687,82.7909,82.1918,82.3399,44362000
2005-03-09,82.0976,82.313,81.4178,81.4245,73263600
2005-03-10,81.5793,81.7813,81.0409,81.6063,65149000
2005-03-11,81.6534,81.9293,80.8793,81.0341,57976500
2005-03-14,81.1822,81.5524,80.9601,81.5389,36336400
2005-03-15,81.7274,81.7543,80.8255,80.8658,62438500
2005-03-16,80.5697,80.8793,80.0312,80.1793,74874200
2005-03-17,80.3072,80.5966,80.0851,80.3408,62584200
2005-03-18,80.4875,80.7713,79.8388,80.1023,60232000
2005-03-21,80.2171,80.2645,79.5752,79.8049,61244300
2005-03-22,79.9874,80.3658,78.9941,78.9941,92472400
2005-03-23,79.0278,79.5482,78.8927,79.0616,70817300
2005-03-24,79.3725,79.7306,79.1022,79.1562,51932500
2005-03-28,79.3454,79.6968,79.2711,79.2711,46765500
2005-03-29,79.1563,79.6698,78.5549,78.7441,71160300
2005-03-30,78.913,79.8725,78.9062,79.859,62002100
2005-03-31,79.8658,80.0482,79.6495,79.7103,64575400
2005-04-01,80.1631,80.4064,79.0008,79.3522,95255300
2005-04-04,79.3049,79.6428,78.886,79.4874,71581200
2005-04-05,79.5887,79.9942,79.5144,79.8658,46853900
2005-04-06,80.0415,80.3793,79.859,80.1428,53268200
2005-04-07,80.0144,80.5888,79.9536,80.5753,46734600
2005-04-08,80.528,80.555,79.7374,79.7374,63772900
2005-04-11,79.9334,80.0212,79.6225,79.7982,44945000
2005-04-12,79.663,80.4537,79.1089,80.2104,86144800
2005-04-13,80.1158,80.278,79.1495,79.2644,65949000
2005-04-14,79.3319,79.3995,78.2305,78.2305,96119800
2005-04-15,78.2102,78.521,77.102,77.1357,128677300
2005-04-18,77.1155,77.6832,77.0074,77.3723,100035200
2005-04-19,77.7777,78.0683,77.5953,77.9872,64930100
2005-04-20,77.9669,78.1358,76.7303,76.8992,107735900
2005-04-21,77.5683,78.5278,77.2912,78.3927,86952200
2005-04-22,78.2102,78.7238,77.2168,78.0953,88845800
2005-04-25,78.2913,78.7238,78.1967,78.6089,52284100
2005-04-26,78.3589,78.9062,77.8115,77.8453,72626000
2005-04-27,77.6155,78.4332,77.3317,78.1494,84131900
2005-04-28,77.8926,78.1697,77.1696,77.1696,72481500
2005-04-29,77.7575,78.2981,77.0142,78.217,103993800
2005-05-02,78.4332,78.663,78.0616,78.6562,56026400
2005-05-03,78.4332,78.9603,78.1764,78.7913,86000300
2005-05-04,78.8251,79.5684,78.5751,79.3995,81055700
2005-05-05,79.5144,79.7374,78.8859,79.3725,96906700
2005-05-06,79.6901,79.7306,79.1022,79.1224,67415400
2005-05-09,79.2036,79.7915,79.0955,79.6158,43750500
2005-05-10,79.3049,79.3995,78.6494,78.7913,74613500
2005-05-11,79.0144,79.332,78.2846,79.2238,91647400
2005-05-12,79.2779,79.4603,78.3521,78.3521,95086800
2005-05-13,78.5886,78.8048,77.575,78.1967,85267000
2005-05-16,78.1832,78.9535,78.1561,78.9265,49207000
2005-05-17,78.663,79.5347,78.494,79.4536,61071800
2005-05-18,79.7982,80.4672,79.7442,80.2712,77944900
2005-05-19,80.4266,80.6902,80.2104,80.6091,61768100
2005-05-20,80.6429,80.6767,80.2374,80.4942,46345500
2005-05-23,80.555,81.1159,80.5415,80.9402,51047900
2005-05-24,80.7104,80.974,80.5482,80.751,50654100
2005-05-25,80.6496,81.001,80.2982,80.6902,47608800
2005-05-26,80.947,81.2308,80.8321,81.1227,43256200
2005-05-27,81.1294,81.2578,80.9537,81.2578,24596100
2005-05-31,81.1429,81.2037,80.6834,80.7375,43377200
2005-06-01,80.7645,81.7106,80.7172,81.4267,69611000
2005-06-02,81.2443,81.6565,81.1564,81.6024,39704500
2005-06-03,81.4605,81.6902,80.9064,81.1902,60999400
2005-06-06,81.0551,81.224,80.7848,81.1159,36046400
2005-06-07,81.3524,81.9336,81.0956,81.1767,66501300
2005-06-08,81.3794,81.4875,80.8658,81.028,46881200
2005-06-09,80.9132,81.4808,80.7105,81.4132,56653300
2005-06-10,81.4673,81.5281,80.8186,81.224,36465300
2005-06-13,81.0484,81.8187,80.9605,81.4808,49383200
2005-06-14,81.393,81.8998,81.3457,81.67,33857100
2005-06-15,81.8727,81.9268,81.2443,81.8254,53195600
2005-06-16,81.8051,82.1971,81.7105,82.0349,46564500
2005-06-17,82.461,82.7052,82.2439,82.3389,51529400
2005-06-20,82.1488,82.6645,82.0539,82.366,41019400
2005-06-21,82.4339,82.5356,82.115,82.4135,39879800
2005-06-22,82.556,82.7324,82.1421,82.4813,46310100
2005-06-23,82.3117,82.5017,81.3008,81.3212,62185600
2005-06-24,81.3347,81.4229,80.6291,80.7241,58572500
2005-06-27,80.7173,81.0159,80.5681,80.8395,48183800
2005-06-28,81.0091,81.579,80.9887,81.5179,41174200
2005-06-29,81.6672,81.6875,81.2533,81.3008,42316500
2005-06-30,81.5654,81.6332,80.7037,80.8598,62288800
2005-07-01,81.043,81.2804,80.8801,81.0973,49737500
2005-07-05,80.9073,81.8572,80.8666,81.7486,51549000
2005-07-06,81.6807,81.8571,81.0158,81.0633,52363600
2005-07-07,80.2559,81.3822,80.2356,81.3822,103268800
2005-07-08,81.3958,82.3117,81.2261,82.3117,64491200
2005-07-11,82.3185,82.8409,82.3049,82.7324,49688300
2005-07-12,82.7663,83.2005,82.5288,82.9495,51871100
2005-07-13,82.9563,83.1259,82.7663,83.0648,41182300
2005-07-14,83.438,83.7501,83.1055,83.3905,63638800
2005-07-15,83.309,83.4786,83.0173,83.3429,56075900
2005-07-18,83.1123,83.2005,82.8069,83.0105,56598400
2005-07-19,83.2548,83.5262,83.0513,83.4651,59165700
2005-07-20,83.1734,83.9468,82.9766,83.7501,69477000
2005-07-21,83.8247,83.8654,83.092,83.2616,101110900
2005-07-22,83.3701,83.8315,83.2005,83.8179,52607100
2005-07-25,83.7297,84.0961,83.3498,83.5804,57301600
2005-07-26,83.6076,83.8112,83.4176,83.6822,42758800
2005-07-27,83.7908,84.0554,83.4855,83.9875,43181600
2005-07-28,84.1029,84.5642,83.8858,84.5167,47880700
2005-07-29,84.4082,84.5575,83.7908,83.9536,62358100
2005-08-01,84.0147,84.1571,83.7569,83.8925,40418200
2005-08-02,84.0418,84.5371,83.9536,84.3946,45147400
2005-08-03,84.2996,84.6321,84.2114,84.6185,36837200
2005-08-04,84.2861,84.3404,83.8383,83.9401,50855600
2005-08-05,83.7568,84.1164,83.2276,83.3701,53595500
2005-08-08,83.5533,83.7297,83.0309,83.2141,47616000
2005-08-09,83.4922,83.8518,83.3633,83.7161,47170000
2005-08-10,84.0079,84.4693,83.3294,83.6755,72863700
2005-08-11,83.6347,84.1503,83.4583,84.0079,58570200
2005-08-12,83.8383,83.9197,83.2819,83.4923,54776900
2005-08-15,83.6008,84.0418,83.3362,84.0079,36208500
2005-08-16,83.7501,83.8044,82.8342,82.9156,71942100
2005-08-17,82.902,83.3633,82.7934,82.9088,62275100
2005-08-18,82.807,83.153,82.6645,82.902,53388600
2005-08-19,83.2005,83.3294,82.9088,83.092,39842100
2005-08-22,83.1666,83.6076,82.6917,83.092,69912000
2005-08-23,83.1123,83.1869,82.1964,82.9359,55168600
2005-08-24,82.7324,83.2684,82.1557,82.1964,79104600
2005-08-25,82.3321,82.5492,82.2371,82.4949,35631100
2005-08-26,82.4203,82.4271,81.8775,81.9318,61956800
2005-08-29,81.6943,82.6238,81.674,82.5628,56179200
2005-08-30,82.2642,82.2981,81.6807,82.1285,74160200
2005-08-31,82.2235,83.2209,81.9182,83.1666,102945200
2005-09-01,83.1259,83.5533,82.1896,83.1055,74578700
2005-09-02,83.3498,83.3701,82.8002,82.9562,47653400
2005-09-06,83.2209,83.9943,83.2141,83.9265,57251300
2005-09-07,83.879,84.2182,83.7636,84.069,41749700
2005-09-08,83.8993,84.13,83.6619,83.7908,39068700
2005-09-09,84.0147,84.6321,83.9943,84.5371,43093900
2005-09-12,84.4353,84.5846,84.3132,84.3675,33017600
2005-09-13,84.2182,84.415,83.8043,83.8993,58427500
2005-09-14,83.9536,84.0757,83.4651,83.594,57694600
2005-09-15,83.8518,83.8925,83.3837,83.5533,73156900
2005-09-16,84.0112,84.311,83.7182,84.1475,75424100
2005-09-19,84.127,84.1815,83.5614,83.8681,53355300
2005-09-20,83.9431,84.2224,83.0369,83.1595,84480300
2005-09-21,82.9824,83.0369,82.2942,82.3828,94469100
2005-09-22,82.41,82.8937,82.0625,82.6757,84597200
2005-09-23,82.6076,83.0505,82.3759,82.7439,59368100
2005-09-26,83.1391,83.289,82.4986,82.8393,70415400
2005-09-27,82.7984,83.1186,82.4577,82.8188,66150800
2005-09-28,83.0777,83.2072,82.5803,82.9005,58620500
2005-09-29,82.8188,83.7114,82.4986,83.5751,66607700
2005-09-30,83.5479,83.834,82.9483,83.834,47824200
2005-10-03,83.7796,84.0385,83.4321,83.5343,50994800
2005-10-04,83.6637,83.8272,82.5531,82.594,60776300
2005-10-05,82.6144,82.6553,81.4697,81.5106,106052100
2005-10-06,81.6128,81.9399,80.5159,81.2177,140941800
2005-10-07,81.5583,81.7968,81.1699,81.497,75661400
2005-10-10,81.5447,81.5651,80.6044,80.8088,52677000
2005-10-11,81.0745,81.3471,80.618,80.693,75629800
2005-10-12,80.6657,81.1699,79.998,80.0593,100510400
2005-10-13,80.0321,80.4545,79.6369,80.0116,99052900
2005-10-14,80.4818,80.9519,80.1002,80.8565,88651000
2005-10-17,80.9451,81.2653,80.7066,81.1563,68109300
2005-10-18,81.0404,81.0541,80.2637,80.2773,74996900
2005-10-19,80.0593,81.6265,79.8004,81.6128,116563800
2005-10-20,81.4152,81.6332,79.923,80.1751,131966700
2005-10-21,80.5976,80.9314,80.0661,80.4886,96579500
2005-10-24,80.6998,81.824,80.6794,81.7355,71308400
2005-10-25,81.5719,81.9262,81.0405,81.5719,76594500
2005-10-26,81.4288,82.1306,81.2108,81.3334,80855800
2005-10-27,81.2176,81.3334,80.3523,80.4681,66623100
2005-10-28,80.693,81.7286,80.4681,81.6264,72322000
2005-10-31,81.9603,82.6485,81.8513,81.8513,77698900
2005-11-01,82.1579,82.3759,81.9126,82.0966,66365100
2005-11-02,81.8785,82.9551,81.8513,82.9551,74012300
2005-11-03,83.2276,83.5751,82.9551,83.3094,84897600
2005-11-04,83.398,83.4389,82.8188,83.2004,59156000
2005-11-07,83.3775,83.5478,83.0232,83.2821,46765400
2005-11-08,83.0777,83.4116,82.9823,83.2821,42152800
2005-11-09,83.1799,83.7727,83.03,83.3911,57666800
2005-11-10,83.3571,84.1611,82.9551,84.0385,79048100
2005-11-11,84.0452,84.3791,83.4184,84.3246,34867000
2005-11-14,84.345,84.5017,84.0657,84.2769,45092200
2005-11-15,84.1815,84.5495,83.7114,83.9703,69592500
2005-11-16,84.0589,84.1815,83.7932,84.1406,51133000
2005-11-17,84.2701,84.931,83.9022,84.9242,55717500
2005-11-18,85.2104,85.3603,84.713,85.258,72437200
2005-11-21,85.2717,85.7895,85.1559,85.6873,50021200
2005-11-22,85.5511,86.2052,85.4557,86.0553,66438800
2005-11-23,86.0212,86.8116,85.9939,86.5527,50854700
2005-11-25,86.5186,86.6821,86.4027,86.6208,15270000
2005-11-28,86.7025,86.7161,85.8781,86.0075,54498500
2005-11-29,86.2937,86.5186,85.9122,85.9122,51738900
2005-11-30,85.9598,86.2051,85.3671,85.4488,56007200
2005-12-01,85.8645,86.5527,85.8372,86.321,65468200
2005-12-02,86.3755,86.5867,86.1915,86.43,46699400
2005-12-05,86.3278,86.3482,85.9735,86.246,59273400
2005-12-06,86.5663,87.0364,86.2801,86.4096,57935200
2005-12-07,86.3755,86.4436,85.6328,85.9053,66816500
2005-12-08,86.0007,86.4095,85.4965,85.8508,62608600
2005-12-09,85.9599,86.3823,85.7282,86.0757,50744500
2005-12-12,86.3346,86.4368,85.8236,86.1574,48389900
2005-12-13,86.137,87.0092,86.0484,86.7434,88630900
2005-12-14,86.6617,87.2749,86.6276,87.0841,64375000
2005-12-15,87.1046,87.2136,86.6549,86.832,55900300
2005-12-16,87.1827,87.2375,86.5525,86.5525,46238300
2005-12-19,86.806,86.9019,86.0936,86.1073,48733000
2005-12-20,86.21,86.7101,85.9498,86.1895,46603200
2005-12-21,86.4566,86.8265,86.169,86.3265,51806900
2005-12-22,86.5183,86.7786,86.3607,86.7786,32247900
2005-12-23,86.8402,86.895,86.5936,86.8265,27977300
2005-12-27,86.9635,87.0252,85.8813,85.9429,44499500
2005-12-28,86.1278,86.2991,85.9634,86.1347,30764300
2005-12-29,86.1141,86.2785,85.6621,85.7511,32788900
2005-12-30,85.484,85.6621,85.1826,85.2853,44645600
2006-01-03,85.7511,86.9909,85.2032,86.7854,73256700
2006-01-04,86.895,87.3266,86.7854,87.1964,51899600
2006-01-05,87.0936,87.395,86.9087,87.2512,47307500
2006-01-06,87.6896,88.0732,87.2375,87.9773,62885900
2006-01-09,87.9636,88.4019,87.9362,88.2033,43527400
2006-01-10,87.943,88.3472,87.854,88.2924,44960800
2006-01-11,88.3745,88.6622,88.1759,88.5732,49598900
2006-01-12,88.4156,88.5526,87.9773,88.2238,40509200
2006-01-13,88.0663,88.2923,87.8129,88.1416,44856700
2006-01-17,87.8129,87.9635,87.5457,87.9019,52066600
2006-01-18,87.3882,88.2923,87.1005,87.5526,75067600
2006-01-19,87.7649,88.2033,87.5457,87.8882,81530400
2006-01-20,87.8676,87.8882,86.2853,86.2853,114957800
2006-01-23,86.4498,86.8676,86.395,86.5937,67017400
2006-01-24,86.7375,87.0937,86.5936,86.6827,53008800
2006-01-25,87.0183,87.1142,86.1964,86.758,87747700
2006-01-26,87.1621,87.4498,86.8265,87.2375,71294000
2006-01-27,87.443,88.128,87.2991,88.0458,65771200
2006-01-30,87.9773,88.2307,87.9156,87.9773,33709600
2006-01-31,87.8951,88.0458,87.3265,87.3334,72937000
2006-02-01,87.5526,87.9704,87.4841,87.943,63561000
2006-02-02,87.7444,87.7718,86.854,86.9224,83626900
2006-02-03,86.7032,87.943,86.4018,86.4909,86040400
2006-02-06,86.6073,86.8539,86.4224,86.7169,45511900
2006-02-07,86.5662,86.758,85.895,85.9498,71208100
2006-02-08,86.2032,87.7444,86.0319,86.7306,59422200
2006-02-09,86.9361,87.4019,86.5594,86.5868,62023300
2006-02-10,86.6005,87.08,85.9292,86.7443,64508700
2006-02-13,86.7169,86.8471,86.2717,86.5868,52308700
2006-02-14,86.621,87.6964,86.4498,87.5046,90964400
2006-02-15,87.4567,87.8951,87.1553,87.8129,85471300
2006-02-16,87.9088,88.5047,87.7992,88.4704,61017900
2006-02-17,88.3951,88.4704,88.0731,88.2307,40342600
2006-02-21,88.4362,88.6348,87.8745,88.0115,46456300
2006-02-22,88.2033,88.8061,88.1211,88.5458,42326700
2006-02-23,88.5458,88.7992,87.8677,88.4157,43423200
2006-02-24,88.4362,88.6896,88.1964,88.6417,36777400
2006-02-27,88.6348,89.0732,88.5526,88.6759,35858600
2006-02-28,88.4978,88.9842,87.7649,87.8334,74394800
2006-03-01,88.0868,88.6965,88.0183,88.6143,48641600
2006-03-02,88.2923,88.6485,88.0937,88.6074,60642300
2006-03-03,88.1348,89.0938,88.1211,88.1964,73402500
2006-03-06,88.4567,88.4841,87.5731,87.7923,57478400
2006-03-07,87.58,87.717,87.2649,87.6553,61780800
2006-03-08,87.4704,87.9773,87.1142,87.8403,66692400
2006-03-09,87.8677,88.1416,87.2512,87.2512,56313600
2006-03-10,87.4772,88.2512,87.2923,88.08,60490800
2006-03-13,88.2512,88.4704,88.0389,88.2444,45479100
2006-03-14,88.1622,89.2033,88.0937,89.1691,69877300
2006-03-15,89.1486,89.6349,88.9431,89.5664,53398900
2006-03-16,89.7376,90.0527,89.6212,89.7513,65526400
2006-03-17,89.8676,90.0189,89.6613,89.8263,47286800
2006-03-20,89.8401,90.0189,89.5444,89.6819,45538500
2006-03-21,89.6543,90.0807,89.0217,89.118,87102700
2006-03-22,89.0629,89.7506,89.0217,89.6612,51605700
2006-03-23,89.5787,89.6681,89.1661,89.4756,46704200
2006-03-24,89.393,89.7919,89.2211,89.5443,43209200
2006-03-27,89.4205,89.5925,89.2211,89.4137,32523000
2006-03-28,89.3518,89.7644,88.7466,88.8635,82079900
2006-03-29,88.9942,89.7438,88.9117,89.4205,61505700
2006-03-30,89.4756,90.0739,89.0905,89.2624,70571700
2006-03-31,89.4137,89.5649,88.9666,89.283,62925600
2006-04-03,89.4481,89.9982,89.0492,89.2143,61624700
2006-04-04,89.2142,89.9019,88.9598,89.785,54809300
2006-04-05,89.8194,90.2802,89.6612,90.0945,50607200
2006-04-06,89.9845,90.232,89.5306,89.9982,57906200
2006-04-07,90.1289,90.3627,88.9529,89.0836,80180900
2006-04-10,89.2211,89.4549,88.891,89.2211,41496500
2006-04-11,89.2967,89.4412,88.1964,88.4646,72799400
2006-04-12,88.5541,88.8016,88.444,88.6297,43033700
2006-04-13,88.4303,88.8842,88.2377,88.5128,51051800
2006-04-17,88.5953,88.9254,88.0383,88.4784,64167700
2006-04-18,88.6641,90.0464,88.6641,89.8813,92531800
2006-04-19,89.9157,90.1358,89.565,90.0532,87269000
2006-04-20,90.0876,90.679,89.8125,90.177,86005500
2006-04-21,90.5621,90.6309,89.8263,90.1907,72342600
2006-04-24,90.012,90.1357,89.6612,90.0257,52546400
2006-04-25,90.1151,90.1701,89.3449,89.6543,84359800
2006-04-26,89.7437,90.1839,89.6062,89.675,67262400
2006-04-27,89.3312,90.5209,89.118,90.1082,124478600
2006-04-28,89.9432,90.6034,89.8882,90.4108,55854400
2006-05-01,90.4108,90.6377,89.62,89.675,64990300
2006-05-02,90.0945,90.404,89.9088,90.349,49063500
2006-05-03,90.1908,90.3077,89.7094,90.012,60821300
2006-05-04,90.1426,90.514,90.067,90.3352,42921400
2006-05-05,90.8097,91.3255,90.6722,91.1329,62588200
2006-05-08,91.126,91.3048,91.0229,91.0229,30016700
2006-05-09,91.0641,91.3048,90.9885,91.2017,29864000
2006-05-10,91.0572,91.291,90.6996,91.1535,64378200
2006-05-11,91.126,91.1535,89.7575,90.0532,80626900
2006-05-12,89.6475,89.8951,88.8429,88.8773,91726500
2006-05-15,88.5678,89.2211,88.444,89.0561,84029300
2006-05-16,89.2348,89.3999,88.7191,88.9254,62137600
2006-05-17,88.4853,88.781,87.1787,87.2337,144789500
2006-05-18,87.5775,87.8526,86.7248,86.7936,87906300
2006-05-19,87.2474,87.6738,86.5116,87.4056,124309400
2006-05-22,86.8417,87.4537,86.3053,86.7385,110852800
2006-05-23,87.4606,87.7701,86.0784,86.0784,92006500
2006-05-24,86.4291,87.2612,85.7964,86.766,168405000
2006-05-25,87.2818,87.8389,86.9449,87.8389,78977900
2006-05-26,88.0314,88.2858,87.6875,88.2858,62989700
2006-05-30,88.0039,88.0245,86.6835,86.7179,72419900
2006-05-31,87.0755,87.6875,86.7867,87.6875,86926200
2006-06-01,87.5982,88.671,87.5225,88.5265,73721700
2006-06-02,88.8841,89.0079,88.2446,88.7122,91702600
2006-06-05,88.6091,88.616,87.1787,87.4194,86105100
2006-06-06,87.4813,87.5982,86.4841,87.2062,130498600
2006-06-07,87.2749,87.7838,86.5047,86.5529,108599400
2006-06-08,86.3603,86.993,85.1843,86.4772,204957200
2006-06-09,86.8967,87.3093,86.1609,86.2022,94972200
2006-06-12,86.5666,86.601,85.15,85.2669,95815900
2006-06-13,85.095,85.8514,84.2766,84.2766,185688800
2006-06-14,84.476,85.0193,84.1322,84.9299,163566400
2006-06-15,85.2394,86.8967,85.1775,86.7317,134057000
2006-06-16,86.5417,86.7282,85.9684,86.0996,94253500
2006-06-19,86.6177,86.673,85.3398,85.4227,95804400
2006-06-20,85.6576,86.2102,85.4573,85.7129,65494700
2006-06-21,85.6507,86.8249,85.623,86.3483,75008200
2006-06-22,86.3069,86.3829,85.6783,85.9684,74566100
2006-06-23,85.8786,86.5486,85.6714,85.9546,54107000
2006-06-26,86.0237,86.3829,85.8234,86.3345,37899600
2006-06-27,86.3483,86.5417,85.4918,85.5885,69780200
2006-06-28,85.7819,86.1826,85.4089,86.1687,62368100
2006-06-29,86.4795,87.9646,86.4588,87.9094,110634800
2006-06-30,88.0959,88.1788,87.6952,87.9163,54227800
2006-07-03,88.0199,88.4205,87.937,88.2755,23914000
2006-07-05,87.9232,88.0337,87.3913,87.7712,69653400
2006-07-06,87.861,88.31,87.7781,88.0268,50100300
2006-07-07,87.8541,88.1096,87.2324,87.4534,81626500
2006-07-10,87.6815,88.0199,87.3154,87.6193,60964100
2006-07-11,87.4535,88.0061,86.9907,88.0061,73640800
2006-07-12,87.8265,87.9991,86.8387,87.0667,82561300
2006-07-13,86.6522,86.8111,85.6507,85.6507,102405700
2006-07-14,85.7405,85.8303,84.8425,85.3191,103242500
2006-07-17,85.3191,85.7197,85.0636,85.1948,81159000
2006-07-18,85.4504,85.6852,84.5386,85.6299,122771000
2006-07-19,85.775,87.2117,85.4573,86.818,133565300
2006-07-20,87.115,87.2394,86.1066,86.224,112259800
2006-07-21,86.445,86.4726,85.5263,85.6161,101560000
2006-07-24,85.9546,87.2532,85.9546,87.1772,92884000
2006-07-25,87.0183,87.9301,86.8387,87.488,95480700
2006-07-26,87.4396,88.0337,87.1564,87.6054,84525800
2006-07-27,87.9853,88.1995,87.1703,87.5225,87257100
2006-07-28,87.7505,88.5103,87.6261,88.3997,82137000
2006-07-31,88.1788,88.386,88.0337,88.31,49593100
2006-08-01,87.9577,87.9853,87.4466,87.8748,65225600
2006-08-02,88.1235,88.7313,88.1028,88.4689,64770900
2006-08-03,87.9577,88.7935,87.8264,88.7037,63693800
2006-08-04,89.1596,89.4013,88.0544,88.5517,96294200
2006-08-07,88.3445,88.4689,87.9992,88.3445,45377300
2006-08-08,88.4758,88.7313,87.6883,88.0061,90901300
2006-08-09,88.5379,88.828,87.4535,87.709,78910600
2006-08-10,87.4328,88.0682,87.2255,87.9784,69322300
2006-08-11,87.8403,87.861,87.3015,87.7298,47482200
2006-08-14,88.158,88.5241,87.6676,87.7988,57839000
2006-08-15,88.5863,89.0145,88.3445,88.8487,68143000
2006-08-16,89.3254,89.7191,89.1319,89.5878,71737600
2006-08-17,89.5049,90.0506,89.4428,89.8158,70992800
2006-08-18,89.9263,90.2717,89.5119,90.2717,58288400
2006-08-21,89.9194,89.9885,89.6569,89.8849,42133600
2006-08-22,89.7882,90.1543,89.574,89.878,60839900
2006-08-23,89.9194,90.099,89.2356,89.6293,66592100
2006-08-24,89.7882,89.8641,89.3806,89.5533,57983000
2006-08-25,89.5464,89.9677,89.4842,89.6638,41756000
2006-08-28,89.5533,90.3615,89.5464,90.0921,52681500
2006-08-29,90.1335,90.3684,89.6638,90.1957,61817800
2006-08-30,90.396,90.5134,90.175,90.251,50052200
2006-08-31,90.3822,90.4789,90.1957,90.2371,37510300
2006-09-01,90.5825,90.8864,90.3753,90.7759,48794500
2006-09-05,90.838,91.0729,90.6239,90.9486,52348300
2006-09-06,90.5618,90.5964,90.023,90.1474,53795600
2006-09-07,89.8365,90.1888,89.3461,89.7329,86269400
2006-09-08,89.8503,90.1128,89.6776,89.9885,45096300
2006-09-11,89.6984,90.2717,89.4359,90.0783,68496600
2006-09-12,90.1819,91.066,90.0506,90.9624,69875600
2006-09-13,90.9279,91.4873,90.845,91.3285,62898400
2006-09-14,91.1489,91.3423,91.0038,91.3354,57805400
2006-09-15,91.7926,91.8481,91.3555,91.5498,76703100
2006-09-18,91.4318,91.8481,91.3347,91.6747,64154100
2006-09-19,91.6608,91.6677,90.9323,91.4457,92089100
2006-09-20,91.751,92.1117,91.6191,91.9313,75204100
2006-09-21,92.0007,92.0979,91.1752,91.4874,88932500
2006-09-22,91.3486,91.3555,90.8838,91.2098,65966800
2006-09-25,91.3902,92.1673,90.9185,91.9106,92299100
2006-09-26,91.9244,92.6876,91.855,92.6737,73962700
2006-09-27,92.6112,92.9442,92.4586,92.7847,82432200
2006-09-28,92.7847,92.9581,92.4655,92.75,58597500
2006-09-29,92.8263,92.9234,92.6043,92.6737,47966600
2006-10-02,92.6459,92.8471,92.2366,92.3268,51687400
2006-10-03,92.195,92.8749,92.0285,92.521,73108100
2006-10-04,92.4309,93.6588,92.3268,93.6033,80890500
2006-10-05,93.6033,93.9433,93.4854,93.7837,60505900
2006-10-06,93.6242,93.7282,93.2426,93.6658,64983600
2006-10-09,93.5548,93.867,93.4091,93.7213,41176800
2006-10-10,93.7282,93.971,93.5478,93.8462,56403700
2006-10-11,93.5478,93.9572,93.1732,93.7352,104071800
2006-10-12,93.971,94.6232,93.9363,94.5468,59158600
2006-10-13,94.4636,94.8452,94.3803,94.7896,53944000
2006-10-16,94.7134,95.0811,94.644,94.9354,42273000
2006-10-17,94.6787,94.8383,94.1237,94.6371,90500600
2006-10-18,95.0741,95.3031,94.422,94.7619,86848600
2006-10-19,94.6231,94.9631,94.5121,94.9145,64063200
2006-10-20,94.9354,95.0117,94.5816,94.9354,48094500
2006-10-23,94.7411,95.6014,94.6232,95.3725,66219900
2006-10-24,95.2406,95.6915,95.199,95.6569,53234900
2006-10-25,95.5597,96.0246,95.4002,95.9829,78105400
2006-10-26,96.198,96.4339,95.7263,96.2813,66843700
2006-10-27,96.1633,96.2604,95.4834,95.6777,80238000
2006-10-30,95.5042,95.8789,95.3239,95.6083,49717800
2006-10-31,95.7887,95.9205,95.2198,95.5944,71274100
2006-11-01,95.8928,95.9552,94.8521,94.9493,83005600
2006-11-02,94.7064,95.0533,94.6023,94.8937,60693100
2006-11-03,95.2337,95.3169,94.089,94.7272,71346400
2006-11-06,95.0186,95.9344,95.0117,95.7956,63303300
2006-11-07,95.8789,96.4201,95.7402,96.1634,63318900
2006-11-08,95.7402,96.4686,94.9493,96.3715,87517800
2006-11-09,96.4409,96.531,95.6708,95.865,95916300
2006-11-10,95.8373,95.976,95.5459,95.9066,48991500
2006-11-13,95.865,96.4617,95.7887,96.1426,59398200
2006-11-14,96.4131,96.9473,95.8234,96.8641,96704000
2006-11-15,96.8293,97.4398,96.8016,97.1415,76509600
2006-11-16,97.433,97.5994,96.7739,97.3913,76728800
2006-11-17,97.0791,97.426,96.9403,97.419,56353800
2006-11-20,97.3358,97.6411,97.0861,97.4746,69174200
2006-11-21,97.4676,97.5925,97.3288,97.5716,51367900
2006-11-22,97.648,97.9324,97.4745,97.7659,45505300
2006-11-24,97.2942,97.7104,97.2664,97.3705,30998000
2006-11-27,97.3219,97.3705,96.0038,96.0315,84545100
2006-11-28,95.9066,96.5449,95.8165,96.4478,106652900
2006-11-29,96.76,97.4954,96.4894,97.4538,90034900
2006-11-30,97.4329,97.8561,96.9611,97.4954,83994300
2006-12-01,97.4954,97.5856,96.4131,97.2803,126080000
2006-12-04,97.3011,98.203,97.2872,98.0226,87813200
2006-12-05,98.21,98.4875,98.0018,98.4459,73374400
2006-12-06,98.425,98.5637,98.1683,98.3625,53253200
2006-12-07,98.536,98.7233,97.8978,97.9324,62857400
2006-12-08,97.9116,98.4458,97.6688,98.1128,79625500
2006-12-11,98.1129,98.5777,98.0573,98.3973,39779400
2006-12-12,98.3002,98.425,97.7451,98.321,77451600
2006-12-13,98.6748,98.7511,98.21,98.425,55520200
2006-12-14,98.4181,99.3755,98.4042,99.2922,64755200
2006-12-15,99.5106,99.685,99.2316,99.3013,70857400
2006-12-18,99.4408,99.678,98.8897,99.0292,48954600
2006-12-19,98.7502,99.4548,98.499,99.2176,65023600
2006-12-20,99.2594,99.5245,99.0711,99.1618,41469600
2006-12-21,99.2524,99.3641,98.5897,98.799,48698400
2006-12-22,98.8129,98.8199,98.1362,98.192,62069100
2006-12-26,98.2339,98.7921,98.213,98.7711,32696900
2006-12-27,98.9734,99.4827,98.9455,99.4199,39727100
2006-12-28,99.3502,99.5525,99.0572,99.2106,37288800
2006-12-29,99.1059,99.4408,98.6664,98.799,45461200
2007-01-03,99.2385,99.6641,98.0665,98.6246,94807600
2007-01-04,98.527,99.099,98.0944,98.8339,69620600
2007-01-05,98.5967,98.6455,97.9339,98.0456,76645300
2007-01-08,98.2409,98.6525,97.8433,98.499,71655000
2007-01-09,98.5827,98.785,97.9478,98.4153,75680100
2007-01-10,98.0735,98.7641,97.8781,98.7432,72428000
2007-01-11,98.7711,99.4967,98.7153,99.1758,54476800
2007-01-12,99.1687,99.9291,99.1408,99.9291,55370600
2007-01-16,99.8106,100.0687,99.5734,99.7338,44871300
2007-01-17,99.6571,100.0827,99.5734,99.7757,50241400
2007-01-18,99.8803,99.9431,99.2804,99.4408,68177300
2007-01-19,99.4408,99.8315,99.385,99.6361,56973000
2007-01-22,99.8106,99.8315,99.0153,99.3292,60253600
2007-01-23,99.2455,99.8175,99.1059,99.6222,54064400
2007-01-24,99.7408,100.4454,99.699,100.4245,55834700
2007-01-25,100.3617,100.4035,99.071,99.2454,73583800
2007-01-26,99.4618,99.5176,98.7711,99.1548,67255600
2007-01-29,99.1966,99.6222,98.8827,99.099,66114600
2007-01-30,99.3083,99.6641,99.106,99.6153,70407600
2007-01-31,99.5036,100.5501,99.3431,100.285,91868600
2007-02-01,100.564,100.9198,100.3966,100.8849,69312400
2007-02-02,100.9686,101.1221,100.7245,101.0244,49607000
2007-02-05,100.9477,101.1152,100.6966,101.0524,45705300
2007-02-06,101.1361,101.178,100.6896,101.0803,57081300
2007-02-07,101.2408,101.4082,100.8571,101.3036,55669700
2007-02-08,101.0035,101.2407,100.6477,101.171,70641000
2007-02-09,101.1988,101.3872,100.0338,100.4175,79084400
2007-02-12,100.4175,100.4873,99.8943,100.0757,65657000
2007-02-13,100.2989,101.0872,100.2919,100.9198,64081800
2007-02-14,101.0175,101.7849,101.0036,101.5826,66039400
2007-02-15,101.6244,101.8197,101.4569,101.7151,38715200
2007-02-16,101.464,101.6872,101.3175,101.6663,39841800
2007-02-20,101.5477,101.9942,101.157,101.8825,56911800
2007-02-21,101.5826,101.9035,101.4012,101.8407,63971600
2007-02-22,101.8895,102.1476,101.2756,101.7639,79067400
2007-02-23,101.6733,101.7081,101.1779,101.3663,71966200
2007-02-26,101.7361,101.8198,100.9826,101.2756,69192800
2007-02-27,100.3756,100.5989,96.9712,97.32,274466500
2007-02-28,97.9409,99.0502,97.5293,98.3177,177536300
2007-03-01,97.2084,98.5409,96.3085,98.0246,212828600
2007-03-02,97.7037,98.1293,96.734,96.741,162574000
2007-03-05,96.2247,97.3758,95.8062,95.8201,143750400
2007-03-06,96.8177,97.7525,96.0782,97.4595,143333300
2007-03-07,97.3828,97.9897,97.2502,97.3619,115144900
2007-03-08,98.0455,98.4781,97.7176,98.1851,117891600
2007-03-09,98.5827,98.6595,97.7246,98.213,107765100
2007-03-12,97.9618,98.6037,97.7805,98.3595,80366900
2007-03-13,97.7944,98.206,96.3015,96.448,190605200
2007-03-14,96.5735,97.2223,95.4015,97.1665,231853800
2007-03-15,96.9502,97.6618,96.8316,97.2991,132435900
2007-03-16,97.5729,97.7971,96.7395,97.0266,121531600
2007-03-19,97.5379,98.2874,97.4609,98.1963,96161200
2007-03-20,98.1123,98.7916,98.0282,98.7356,82147400
2007-03-21,98.8266,100.6127,98.6305,100.3605,152368700
2007-03-22,100.4936,100.6337,100.0103,100.2835,118942200
2007-03-23,100.3535,100.7248,100.2625,100.4306,74416800
2007-03-26,100.5076,100.6127,99.5201,100.2975,113787500
2007-03-27,100.2414,100.2695,99.7302,100.0593,99864600
2007-03-28,99.5551,99.7862,98.9387,99.3309,152907900
2007-03-29,99.8352,99.8843,98.8897,99.436,139432700
2007-03-30,99.6251,100.0453,98.4484,99.457,128194100
2007-04-02,99.5691,99.7792,99.0928,99.5691,79416400
2007-04-03,100.1364,100.8438,100.0944,100.6407,82417800
2007-04-04,100.6407,100.8228,100.2695,100.7528,63995200
2007-04-05,100.6267,101.166,100.5847,101.0259,46822800
2007-04-09,101.3131,101.4181,100.9629,101.166,50967400
2007-04-10,101.0889,101.4531,101.0469,101.285,56620000
2007-04-11,101.4321,101.4602,100.5356,100.8718,106365700
2007-04-12,100.6757,101.5022,100.3955,101.3201,115534400
2007-04-13,101.4881,101.7823,101.1099,101.7823,84287000
2007-04-16,102.1396,102.861,102.1326,102.7489,83064600
2007-04-17,102.938,103.2392,102.7139,103.0221,108424100
2007-04-18,102.6789,103.4493,102.6579,103.1482,88345300
2007-04-19,102.6438,103.2392,102.5108,103.1201,102947700
2007-04-20,103.8135,104.0937,102.987,104.0937,124114100
2007-04-23,103.9186,104.1707,103.6384,103.7015,77270800
2007-04-24,103.8205,103.9396,103.1832,103.7435,114471000
2007-04-25,104.1707,104.8221,103.6734,104.696,108418800
2007-04-26,104.703,104.9201,104.4299,104.8151,88741600
2007-04-27,104.4229,104.8781,104.2478,104.731,108191100
2007-04-30,104.8081,104.8782,103.8065,103.8626,100874100
2007-05-01,103.9536,104.689,103.4283,104.1287,134342700
2007-05-02,104.2898,105.0252,104.1847,104.738,87129800
2007-05-03,105.0392,105.3404,104.8711,105.3054,86569700
2007-05-04,105.5856,105.8447,105.2144,105.7046,96409000
2007-05-07,105.6766,105.9007,105.6276,105.7256,63461400
2007-05-08,105.4665,105.7046,105.1513,105.5856,80584000
2007-05-09,105.5085,107.0354,105.3194,105.8727,102070100
2007-05-10,105.5715,105.7747,104.549,104.7661,153617800
2007-05-11,104.8851,105.7116,104.8641,105.6626,113408900
2007-05-14,105.6626,105.9708,104.9131,105.4314,108027500
2007-05-15,105.5505,106.2229,105.1933,105.4595,180673300
2007-05-16,105.6206,106.2019,105.3264,106.1809,114166500
2007-05-17,106.0268,106.433,105.8377,105.9708,101132800
2007-05-18,106.468,106.8952,106.3279,106.8952,99182000
2007-05-21,106.8673,107.3225,106.8112,106.8393,174664600
2007-05-22,106.9513,107.2735,106.7272,106.7552,82148800
2007-05-23,107.1264,107.5117,106.7132,106.7692,133786600
2007-05-24,106.8322,107.3085,105.5785,105.8027,187593000
2007-05-25,106.1109,106.4751,105.8867,106.244,83309200
2007-05-29,106.419,106.8113,106.0758,106.6292,82020000
2007-05-30,106.0828,107.5396,105.9987,107.4976,129013600
2007-05-31,107.6307,107.7848,107.2455,107.3856,114866700
2007-06-01,107.7778,108.142,107.5186,107.9179,107771700
2007-06-04,107.5397,108.135,107.4977,107.9319,78008800
2007-06-05,107.6797,107.7918,107.0634,107.5046,126917900
2007-06-06,107.0634,107.1265,106.286,106.349,164096800
2007-06-07,106.1529,106.8113,104.4019,104.4299,232414600
2007-06-08,104.7661,105.8937,104.4229,105.7886,175886000
2007-06-11,105.7116,106.426,105.5505,105.9708,102015600
2007-06-12,105.5295,106.1388,104.745,104.8151,233898000
2007-06-13,105.4104,106.51,104.8641,106.384,193208200
2007-06-14,106.5031,107.2455,106.4821,107.0634,146396500
2007-06-15,107.7218,108.0876,107.5741,107.6725,154030800
2007-06-18,107.8906,107.8976,107.3841,107.5459,88537500
2007-06-19,107.3068,107.8906,107.1731,107.8133,110851700
2007-06-20,108.0313,108.0313,106.1884,106.315,177119700
2007-06-21,106.2727,106.9973,105.6889,106.9058,205262000
2007-06-22,106.5823,106.7581,105.4075,105.8999,204964700
2007-06-25,105.6819,106.3923,104.8237,105.3934,232014400
2007-06-26,105.6608,105.8367,104.3032,104.3102,198445700
2007-06-27,104.1977,105.914,104.1484,105.7944,213638000
2007-06-28,105.7804,106.5049,105.2809,105.7804,157705000
2007-06-29,106.1461,106.6736,104.9151,105.8155,199701800
2007-07-02,106.125,106.8636,106.0547,106.7722,103357000
2007-07-03,107.0465,107.2716,106.9129,107.1591,54048400
2007-07-05,107.2013,107.3138,106.6596,107.0465,89279000
2007-07-06,107.1872,107.7429,106.8707,107.6093,81109000
2007-07-09,107.7359,107.8766,107.356,107.6937,72348100
2007-07-10,107.1239,107.349,106.0547,106.1602,180362600
2007-07-11,106.0406,106.9551,105.8789,106.9129,175607600
2007-07-12,107.1801,108.8543,107.159,108.6011,133882500
2007-07-13,108.7277,109.3538,108.6011,108.9247,111794300
2007-07-16,109.0231,109.403,108.7347,108.9106,98378700
2007-07-17,108.9809,109.3678,108.8051,108.8543,126201300
2007-07-18,108.4885,108.8895,107.8343,108.6573,237887400
2007-07-19,109.1709,109.403,108.8543,109.0794,145212700
2007-07-20,108.9528,109.0231,107.5037,107.975,245502500
2007-07-23,108.4533,108.8332,107.8343,108.3056,121183900
2007-07-24,107.7077,108.5237,106.0476,106.4275,256732400
2007-07-25,106.9339,107.1942,105.6889,106.6455,265214500
2007-07-26,105.6467,106.0758,102.9737,104.1203,467592500
2007-07-27,104.2539,104.7182,102.0311,102.0733,422987600
2007-07-30,102.6501,103.9726,102.1999,103.6701,283017500
2007-07-31,104.3384,105.1332,102.0241,102.5024,316976700
2007-08-01,102.1225,103.4098,101.2573,103.0018,467670000
2007-08-02,103.234,103.9374,102.1788,103.8249,294758400
2007-08-03,103.5997,103.8108,100.7298,101.1518,359398200
2007-08-06,101.4403,103.2832,100.2585,102.8471,324980000
2007-08-07,102.6572,104.8096,102.1577,103.9444,232568700
2007-08-08,104.3946,105.928,103.6419,105.3934,274930600
2007-08-09,103.7052,104.7744,102.1999,102.2703,357622100
2007-08-10,101.5669,103.0511,100.6736,101.792,411018400
2007-08-13,103.051,103.3254,102.01,102.1577,181917200
2007-08-14,102.4883,102.7416,100.3921,100.5961,264134500
2007-08-15,100.3922,101.6161,98.915,99.2104,323834000
2007-08-16,98.3311,100.5469,96.3686,99.956,546743700
2007-08-17,102.3477,102.5658,99.4566,101.792,388218100
2007-08-20,102.1155,102.3266,100.7931,101.7427,187320400
2007-08-21,101.7146,102.6783,101.391,101.9467,157066400
2007-08-22,102.7064,103.2621,102.2281,103.1566,173156700
2007-08-23,103.6419,103.86,102.425,103.0651,203915300
2007-08-24,103.037,104.3384,102.8963,104.3384,128901900
2007-08-27,104.0007,104.3383,103.2129,103.3676,113024300
2007-08-28,102.8119,102.8752,100.9127,101.0956,219790700
2007-08-29,101.5528,103.2199,101.2644,103.0792,207654200
2007-08-30,102.3125,103.5364,102.214,102.8049,191817300
2007-08-31,103.86,104.4579,103.2832,103.8178,185477500
2007-09-04,103.7193,105.499,103.6842,104.8659,120062000
2007-09-05,104.2469,104.3594,103.4028,103.9585,166261800
2007-09-06,104.071,104.5353,103.4872,104.1977,127878400
2007-09-07,103.037,103.3254,102.1788,102.7486,235447600
2007-09-10,103.0651,103.2058,101.5246,102.5516,192305900
2007-09-11,102.8682,103.8952,102.7908,103.7475,162081900
2007-09-12,103.6068,104.4157,103.3887,104.0147,149554600
2007-09-13,104.4931,105.1262,104.2469,104.7463,154079000
2007-09-14,104.0781,104.8729,103.9233,104.7393,121911000
2007-09-17,104.3243,104.5634,103.846,104.1766,109870800
2007-09-18,104.69,107.2716,104.1976,107.2434,263759500
2007-09-19,107.9117,108.6011,107.4193,107.8765,193779900
2007-09-20,107.8625,107.9258,106.9973,107.1169,175186800
2007-09-21,107.9289,108.2187,107.2434,107.4059,141457500
2007-09-24,107.724,108.0067,106.9748,107.208,139450200
2007-09-25,106.586,107.1868,106.3457,106.996,142289900
2007-09-26,107.6038,107.9713,106.996,107.5614,135547000
2007-09-27,108.0703,108.2045,107.5614,108.1975,102713300
2007-09-28,108.0278,108.2681,107.413,107.837,133372100
2007-10-01,107.8512,109.3707,107.7805,109.0527,148162300
2007-10-02,109.2718,109.3,108.7064,108.9042,112978800
2007-10-03,108.7064,109.1304,108.141,108.6852,119055900
2007-10-04,108.9184,109.0244,108.5509,108.8548,76864400
2007-10-05,109.5686,110.3248,109.2859,110.1481,134579700
2007-10-08,109.823,109.8937,109.3848,109.5615,71280400
2007-10-09,109.9715,110.6076,109.5686,110.5934,94054300
2007-10-10,110.2823,110.5651,109.8371,110.4096,101711100
2007-10-11,110.9114,111.3284,109.2223,109.8796,233529100
2007-10-12,109.8725,110.5015,109.7382,110.4874,124546700
2007-10-15,110.445,110.5086,108.7982,109.5544,161151900
2007-10-16,109.1304,109.2082,108.4661,108.6852,166525700
2007-10-17,109.5332,109.611,107.7593,109.0173,216687300
2007-10-18,108.4519,108.9749,108.1904,108.6215,148367500
2007-10-19,108.1975,110.5934,105.7733,105.7804,297169900
2007-10-22,105.2079,106.5507,105.0666,106.3952,261989800
2007-10-23,107.0455,107.3918,106.1903,107.2575,180085100
2007-10-24,106.8688,107.2434,105.1938,107.0596,326694200
2007-10-25,107.1798,107.6321,105.9288,107.3141,237374500
2007-10-26,108.1763,108.5721,107.3564,108.5721,176484000
2007-10-29,108.7912,109.1516,108.5226,108.9325,106841000
2007-10-30,108.4519,108.664,108.042,108.1763,132981600
2007-10-31,108.8265,109.7382,108.0208,109.3,220954400
2007-11-01,108.3389,108.4237,106.4306,106.7416,333040800
2007-11-02,107.0949,107.4271,105.4553,106.8617,331228200
2007-11-05,105.7591,106.8334,105.2856,106.0489,226841000
2007-11-06,106.6214,107.5049,105.9429,107.4766,177800500
2007-11-07,106.3246,106.8122,104.282,104.5365,306639700
2007-11-08,104.593,104.8827,102.5293,104.0064,374509900
2007-11-09,102.9675,104.275,102.4021,102.5788,277745100
2007-11-12,102.6282,103.6176,101.561,101.561,243087800
2007-11-13,102.7413,104.8192,102.6353,104.6566,191117400
2007-11-14,105.4623,105.5895,103.7378,104.3669,230558800
2007-11-15,103.5895,104.2397,102.1406,102.8615,263111100
2007-11-16,103.4057,103.5187,102.1759,103.0381,308770600
2007-11-19,102.6777,102.7342,101.2005,101.6034,267746000
2007-11-20,101.7872,102.8544,100.4373,102.2254,414767500
2007-11-21,101.1228,101.7095,100.1263,100.1334,259012400
2007-11-23,101.1158,102.0133,100.8542,101.8649,77688400
2007-11-26,102.077,102.395,99.4125,99.6174,214232000
2007-11-27,100.1758,101.2288,99.6174,100.7624,293897900
2007-11-28,101.9073,104.2255,101.872,103.9852,258596900
2007-11-29,103.6248,104.4022,103.2573,104.0205,199409900
2007-11-30,105.3351,105.9218,104.1266,105.0666,222908000
2007-12-03,104.7344,104.9181,104.0983,104.3739,146430400
2007-12-04,103.653,104.275,103.4057,103.441,136533900
2007-12-05,104.5506,105.4482,104.4799,105.1725,171130000
2007-12-06,105.0453,106.8688,105.0029,106.6779,154457400
2007-12-07,107.0172,107.0738,106.4024,106.6568,148980100
2007-12-10,106.9182,107.6038,106.6214,107.4837,123914300
2007-12-11,107.526,108.0561,104.4799,104.5365,250346400
2007-12-12,106.7627,107.2645,104.0347,105.5683,322435600
2007-12-13,104.8263,105.5825,104.1054,105.3493,237551300
2007-12-14,104.5506,105.3775,103.964,104.0135,159152900
2007-12-17,103.6177,103.8015,102.3809,102.5293,177269400
2007-12-18,103.2572,103.5258,101.7448,103.1017,245569300
2007-12-19,103.1441,103.8156,102.4374,103.1017,198917200
2007-12-20,103.7802,103.7944,102.607,103.752,214813800
2007-12-21,104.7076,105.4537,104.5087,105.2476,146084400
2007-12-24,105.7378,106.2067,105.4962,106.0291,45601400
2007-12-26,105.6171,106.3489,105.5105,106.2565,67093100
2007-12-27,105.88,105.8871,104.6721,104.9208,122981700
2007-12-28,105.5389,105.5886,104.3736,104.6578,116398100
2007-12-31,104.5158,104.8781,103.7768,103.8834,108126800
2008-01-02,104.1108,104.4376,102.228,102.974,204935600
2008-01-03,102.9598,103.3719,102.3629,102.9242,125133300
2008-01-04,101.8443,101.9153,100.1177,100.4019,232330900
2008-01-07,100.7572,101.0556,99.5422,100.3167,234991000
2008-01-08,100.949,101.5317,98.3628,98.6967,326365700
2008-01-09,98.8246,100.0324,97.837,99.734,301824900
2008-01-10,99.2438,101.4606,99.0236,100.3877,335701200
2008-01-11,100.0254,100.8211,98.7607,99.5778,267076600
2008-01-14,100.2954,100.7928,99.7554,100.3807,170365500
2008-01-15,99.322,100.5298,97.9791,98.171,239940100
2008-01-16,97.5954,98.8459,96.8281,97.3254,378802600
2008-01-17,97.9152,97.9649,94.4479,94.8031,397892600
2008-01-18,95.7339,95.9329,93.1477,93.8297,348561500
2008-01-22,90.3838,94.0926,89.524,92.8776,435923700
2008-01-23,90.2985,95.3431,90.1209,95.1086,511913000
2008-01-24,95.5492,96.2455,94.7179,95.9115,259949300
2008-01-25,96.9915,97.1691,94.2134,94.526,269603900
2008-01-28,94.6823,96.2881,93.8297,96.0891,217934600
2008-01-29,96.7002,96.9489,95.8334,96.5652,168968300
2008-01-30,96.3307,98.4338,95.6344,95.8547,334939200
2008-01-31,94.7818,98.4338,94.6397,97.6025,343680800
2008-02-01,98.0075,99.1941,97.7091,99.1728,206843600
2008-02-04,98.9099,98.9738,97.7944,97.9222,124694300
2008-02-05,96.5865,96.8068,94.9737,95.3005,286882500
2008-02-06,95.6202,96.0962,94.0784,94.5331,250792900
2008-02-07,93.645,95.7694,93.5953,95.1584,297368100
2008-02-08,94.5615,95.3644,93.8581,94.5473,221643500
2008-02-11,94.5687,95.3715,93.8155,95.0305,188576300
2008-02-12,95.8547,96.8494,95.1939,95.9115,256654400
2008-02-13,96.6362,97.3823,96.0181,96.892,181967800
2008-02-14,97.3041,97.3396,95.7694,96.0394,215207200
2008-02-15,95.5634,96.0749,95.1442,96.0181,154110300
2008-02-19,97.1407,97.2615,95.6415,96.2881,145190000
2008-02-20,95.201,97.0199,95.0376,96.5723,220085700
2008-02-21,97.0981,97.3468,95.2579,95.7694,201051200
2008-02-22,95.8973,96.5226,94.3981,96.3591,205491000
2008-02-25,96.3023,97.8015,95.7623,97.5741,190107000
2008-02-26,97.162,98.7251,96.9844,98.3059,212420700
2008-02-27,97.7375,98.8601,97.6309,98.2065,168395800
2008-02-28,97.5102,98.0217,97.0199,97.2473,170831100
2008-02-29,96.345,96.4018,94.3413,95.0802,252715200
2008-03-03,94.5971,95.0731,93.9577,94.8529,189483500
2008-03-04,93.9505,94.7818,93.0695,94.4905,282513100
2008-03-05,94.796,95.7552,94.0287,95.0873,270681400
2008-03-06,94.4834,94.6539,92.7569,93.1192,247911700
2008-03-07,92.2027,93.6024,91.3572,92.16,326434600
2008-03-10,92.2524,92.3163,90.6537,90.9451,235683600
2008-03-11,92.8776,94.2987,91.62,94.2134,341440600
2008-03-12,94.3129,95.0447,93.1903,93.3324,229161100
2008-03-13,92.089,94.2418,91.3714,93.5384,351504200
2008-03-14,94.3342,94.3626,90.7888,92.089,484687800
2008-03-17,89.9291,91.8403,89.5738,91.1582,405311100
2008-03-18,92.8066,94.9879,92.3519,94.9453,334416600
2008-03-19,95.3076,95.67,92.3945,92.5935,345971600
2008-03-20,92.8591,94.9012,92.295,94.3085,245320700
2008-03-24,95.1868,96.9719,95.1368,96.1936,208977300
2008-03-25,96.2935,96.7862,95.5152,96.2864,192947200
2008-03-26,96.0079,96.4578,95.044,95.1082,196934300
2008-03-27,95.8222,95.9936,94.5084,94.8083,225153200
2008-03-28,94.9583,95.2225,93.5802,93.9015,180896100
2008-03-31,93.7445,94.7727,93.6017,94.23,166692100
2008-04-01,95.401,97.7073,95.3296,97.543,254547300
2008-04-02,97.8572,98.2999,97.0932,97.6073,210910800
2008-04-03,97.0789,98.1357,96.9004,97.8501,175884800
2008-04-04,97.9072,98.507,97.1932,97.743,204446800
2008-04-07,98.4427,98.9426,97.6359,97.793,154245500
2008-04-08,97.2432,97.7644,97.0718,97.693,148937300
2008-04-09,97.5431,97.6787,96.3149,96.9861,195610600
2008-04-10,96.6934,97.5859,96.3221,97.1218,192967800
2008-04-11,96.0294,96.4792,94.9726,95.2368,222973300
2008-04-14,95.1011,95.351,94.6441,94.9155,160522000
2008-04-15,95.3796,95.4581,94.4871,95.1368,172389200
2008-04-16,96.065,97.7573,96.0508,97.7144,189268900
2008-04-17,97.1218,98.0001,96.8648,97.8573,179665700
2008-04-18,99.2067,99.6494,98.7212,98.8783,218530600
2008-04-21,98.6998,99.2353,98.4285,98.9283,118587400
2008-04-22,98.6712,98.7569,97.7501,98.4927,162166000
2008-04-23,98.5998,99.0925,97.9072,98.3357,193309000
2008-04-24,98.5927,99.7779,97.8501,98.764,229381300
2008-04-25,99.5352,99.8851,98.4713,99.678,190788100
2008-04-28,99.8779,100.1421,99.5209,99.6994,105610200
2008-04-29,99.5281,99.7709,98.9712,99.3067,125514100
2008-04-30,99.4566,100.3849,98.7212,98.7212,208395900
2008-05-01,98.8069,100.7633,98.7284,100.7633,187279500
2008-05-02,101.6344,101.6558,100.3635,101.0418,181585500
2008-05-05,100.7134,101.1132,100.2564,100.5563,118504500
2008-05-06,99.9779,101.5344,99.7422,101.4273,179339800
2008-05-07,101.3131,101.4202,99.3424,99.6209,199267300
2008-05-08,99.778,100.1921,99.2353,99.3639,178321200
2008-05-09,98.964,99.5281,98.8569,99.1782,152588200
2008-05-12,99.4281,100.3634,99.0568,100.2921,147865900
2008-05-13,100.5348,100.5991,99.7708,100.3063,159132200
2008-05-14,100.7276,101.5345,100.2921,100.5134,181910800
2008-05-15,100.7062,101.8415,100.5562,101.7701,166927000
2008-05-16,102.0057,102.0129,101.1132,101.8629,204236800
2008-05-19,101.97,103.0339,101.6059,102.1414,165664400
2008-05-20,101.5845,101.6345,100.6777,101.3131,178552100
2008-05-21,101.256,101.4774,99.2496,99.5995,252724800
2008-05-22,99.5566,100.085,99.2496,99.6138,170820400
2008-05-23,99.2853,99.7208,98.1928,98.2785,181376400
2008-05-27,98.3928,99.2496,98.2,99.0068,168322900
2008-05-28,99.3709,99.9636,98.5355,99.4638,181288100
2008-05-29,99.3424,100.6276,99.3067,99.9636,173927200
2008-05-30,100.2992,100.492,99.9208,100.2135,117362000
2008-06-02,99.8422,99.8636,98.5356,99.1782,181069900
2008-06-03,99.4638,99.6923,97.9858,98.5998,271965700
2008-06-04,98.3213,99.3638,98.15,98.5498,246637700
2008-06-05,98.9497,100.5991,98.764,100.5205,237867100
2008-06-06,99.6423,99.8208,97.2646,97.3146,384276300
2008-06-09,97.7215,98.1785,96.6862,97.5502,228263900
2008-06-10,96.8719,97.8929,96.6434,97.0647,260234900
2008-06-11,97.0861,97.2931,95.6295,95.6366,283890100
2008-06-12,96.1079,97.0147,95.3368,96.0008,252791800
2008-06-13,96.5149,97.4788,95.9793,97.2146,244726900
2008-06-16,96.7862,97.7715,96.7219,97.2717,185832500
2008-06-17,97.8715,97.9072,96.6577,96.8005,191707700
2008-06-18,96.1721,96.7648,95.4724,95.8579,265893000
2008-06-19,95.7865,96.5648,95.3224,95.9793,304204900
2008-06-20,95.3256,95.505,94.1631,94.4215,289275700
2008-06-23,94.7874,94.8879,94.2349,94.3282,165096400
2008-06-24,94.0411,95.0386,93.424,94.1416,267300600
2008-06-25,94.5219,95.7275,94.1775,94.5865,287853900
2008-06-26,93.6967,94.3066,91.9099,92.0175,297775000
2008-06-27,92.0534,92.4696,91.1636,91.5152,303423400
2008-06-30,91.7735,92.5055,91.3501,91.8381,258842600
2008-07-01,90.7904,92.1897,90.367,92.1251,388622000
2008-07-02,92.4193,92.6849,90.3814,90.5464,288064600
2008-07-03,91.2138,91.2138,89.6925,90.6397,239352500
2008-07-07,90.9842,91.3789,88.9247,89.714,372427300
2008-07-08,89.6925,91.4147,89.1256,91.3071,375973700
2008-07-09,91.4937,91.6659,89.2619,89.549,336729400
2008-07-10,89.2906,90.2665,88.6806,89.9149,436475700
2008-07-11,88.9605,90.3455,87.8985,88.8673,481124600
2008-07-14,89.8862,90.0584,87.8339,88.0635,322720800
2008-07-15,87.4033,88.6161,86.126,86.8221,502502500
2008-07-16,87.1522,89.3911,86.901,88.9533,371642900
2008-07-17,89.8001,90.6038,89.0466,89.8432,375490600
2008-07-18,90.5393,90.7187,89.8073,90.4029,267030100
2008-07-21,90.7832,90.9913,89.836,90.4531,222863000
2008-07-22,89.8073,91.7089,89.592,91.4793,296904200
2008-07-23,91.7735,92.6777,91.5295,91.9744,311698400
2008-07-24,92.0964,92.1467,89.8145,90.0656,248634500
2008-07-25,90.3383,90.7689,89.8217,90.0441,219131000
2008-07-28,90.0656,90.4603,88.5659,88.7237,205201300
2008-07-29,88.9677,90.6899,88.7237,90.6182,261505600
2008-07-30,91.2138,92.283,90.6182,92.2328,354710000
2008-07-31,91.4219,92.2615,90.8693,91.0129,277402100
2008-08-01,91.221,91.3358,90.0298,90.5321,248690900
2008-08-04,90.446,90.5177,89.5275,89.6925,188239600
2008-08-05,90.4316,92.2543,89.6781,92.1108,251577600
2008-08-06,91.8668,92.7853,91.4793,92.5198,209555400
2008-08-07,91.8238,92.1682,90.8048,91.1421,246312500
2008-08-08,90.8335,93.2374,90.69,92.8356,260811700
2008-08-11,92.9073,94.3712,92.7351,93.7971,249425800
2008-08-12,93.4885,93.7899,92.3763,92.8212,213200800
2008-08-13,92.4193,93.0364,91.6156,92.2614,256393200
2008-08-14,91.7377,93.4886,91.6731,92.9576,239555300
2008-08-15,93.2374,93.6464,92.7853,93.4096,181000800
2008-08-18,93.5962,93.6321,91.6085,92.1323,172275100
2008-08-19,91.4362,91.63,90.7976,91.1277,194673700
2008-08-20,91.4147,91.8166,90.6612,91.5511,225498200
2008-08-21,90.9555,92.1682,90.8478,91.7089,180609800
2008-08-22,92.3332,93.0365,91.7089,93.0365,167715300
2008-08-25,92.4266,93.0365,90.9555,91.1492,171936900
2008-08-26,91.1492,91.7592,90.8335,91.4147,159117200
2008-08-27,91.5295,92.4481,91.3501,92.3046,171032800
2008-08-28,92.771,93.5316,92.649,93.424,167537100
2008-08-29,93.0939,93.3881,92.2184,92.4193,189195800
2008-09-02,93.3092,93.7972,91.508,91.8453,252364900
2008-09-03,91.7663,92.2112,91.0846,91.7663,251947000
2008-09-04,91.1133,91.2999,88.9534,89.0036,340042500
2008-09-05,88.4726,89.6638,87.5469,89.2834,289503400
2008-09-08,91.8812,92.0247,89.2835,91.1277,364075300
2008-09-09,91.2066,91.3932,88.1209,88.4223,377326800
2008-09-10,88.9031,89.6279,87.9416,88.7811,298916600
2008-09-11,87.633,90.2307,87.2598,90.0656,375369400
2008-09-12,89.1901,90.5679,88.8601,90.4818,297851200
2008-09-15,87.2813,90.1661,86.0327,86.1762,483607000
2008-09-16,84.1024,87.7765,83.9589,87.6186,581744300
2008-09-17,85.8533,87.4392,83.2413,83.679,624095600
2008-09-18,84.7124,87.3962,81.6626,86.1619,776114700
2008-09-19,91.4459,92.3841,89.0136,89.5837,501087800
2008-09-22,89.8219,90.0384,86.87,87.5556,249966500
2008-09-23,87.2236,88.0681,85.3687,85.5636,327470400
2008-09-24,86.141,86.6101,85.015,85.8378,311818400
2008-09-25,86.177,87.9886,85.4842,87.1803,328253000
2008-09-26,85.7657,87.6927,85.5347,87.2236,285917400
2008-09-29,85.9894,86.1338,80.0927,80.3886,459562300
2008-09-30,81.926,84.3005,79.7751,83.7159,328154400
2008-10-01,83.1962,84.2211,82.2435,83.7664,332783000
2008-10-02,82.9653,83.0807,80.1576,80.7278,365337800
2008-10-03,81.4568,83.3262,79.1617,79.638,461798000
2008-10-06,77.3356,77.6748,72.637,75.5817,610637500
2008-10-07,77.1119,77.4655,71.9225,72.1967,540012100
2008-10-08,70.3851,73.7485,69.8727,70.3779,725414800
2008-10-09,71.9297,72.6226,65.138,65.4628,534485200
2008-10-10,62.6191,67.8013,60.3239,63.875,871026300
2008-10-13,67.7507,73.1494,64.9215,73.1494,455584000
2008-10-14,75.5673,76.1664,70.0892,72.0668,546268300
2008-10-15,70.3418,70.5872,64.7483,64.972,484627500
2008-10-16,65.8886,68.4003,62.4603,67.6786,708811200
2008-10-17,66.3939,71.1574,66.1485,67.2744,476649000
2008-10-20,68.819,71.5255,67.9095,71.3162,321294200
2008-10-21,69.9882,71.1935,68.7251,69.187,356502000
2008-10-22,67.2672,69.187,63.1749,65.4195,516168000
2008-10-23,65.1669,66.7259,61.9334,66.1773,634666400
2008-10-24,60.6704,64.8998,60.6271,62.8212,545812600
2008-10-27,62.0489,64.6039,60.4105,60.591,397288600
2008-10-28,63.0377,68.0178,61.0096,67.6714,639939500
2008-10-29,67.6786,70.1326,66.4733,67.1806,531270100
2008-10-30,69.1293,69.6779,67.0507,69.5046,414582100
2008-10-31,68.624,71.143,68.191,69.8871,411394000
2008-11-03,69.8511,70.5079,69.252,70.0892,205419400
2008-11-04,71.4967,72.7958,69.8005,72.471,346793400
2008-11-05,71.5977,72.6876,68.5664,69.4252,387844100
2008-11-06,68.1766,68.8839,65.0009,65.5783,477721900
2008-11-07,66.1485,67.8446,65.3185,67.7435,380391000
2008-11-10,68.7179,68.9489,65.6216,66.8558,301773000
2008-11-11,65.5061,66.5021,63.9832,64.7916,418498200
2008-11-12,63.6801,64.1998,61.4355,61.9407,454330600
2008-11-13,62.1644,66.2062,59.2485,65.802,753141900
2008-11-14,64.5318,66.4444,62.4459,62.5181,540352300
2008-11-17,62.3448,63.9183,61.4643,61.688,415254900
2008-11-18,61.4571,62.9511,59.8404,62.8501,523811800
2008-11-19,62.0056,62.6985,58.4041,58.8227,558327600
2008-11-20,57.8339,59.5517,54.1674,54.4561,814180400
2008-11-21,55.9068,58.3897,53.655,57.3937,718536500
2008-11-24,59.1258,62.7851,57.9999,61.3705,523305300
2008-11-25,63.0089,63.1604,60.4972,61.8252,454112400
2008-11-26,60.8436,64.373,60.8003,64.2142,370134200
2008-11-28,63.9688,65.0514,63.8605,65.0225,118308100
2008-12-01,63.1604,63.1893,59.0825,59.263,369927100
2008-12-02,60.2446,61.7025,59.2125,61.5437,469508400
2008-12-03,60.194,63.3914,60.0064,63.0233,519863500
2008-12-04,62.1139,63.5502,60.4394,61.5654,444173800
2008-12-05,60.3745,63.8172,59.3568,63.4636,471905300
2008-12-08,65.203,66.6753,63.5718,65.6793,412859300
2008-12-09,65.2246,66.4949,64.2214,64.5967,370790000
2008-12-10,65.1885,65.9391,64.2358,65.037,396187400
2008-12-11,64.6256,65.6793,63.0594,63.4708,365061000
2008-12-12,61.7458,64.2863,61.4932,64.2286,415060400
2008-12-15,64.2503,64.3441,62.2799,63.3337,256694200
2008-12-16,66.3145,66.4155,63.644,66.3145,377699500
2008-12-17,65.5638,66.7114,65.0009,65.6721,281819800
2008-12-18,65.968,66.1629,63.6656,64.4451,374673300
2008-12-19,64.8301,65.936,64.0952,64.1679,301451300
2008-12-22,64.4517,64.5172,62.2034,63.3457,243759500
2008-12-23,63.6877,63.9788,62.429,62.6909,221625200
2008-12-24,62.9019,63.2075,62.5745,63.0547,62061600
2008-12-26,63.4767,63.5204,62.9383,63.4185,74767700
2008-12-29,63.4767,63.5422,62.2834,63.2366,127795900
2008-12-30,63.6731,64.7937,63.2147,64.7354,168256300
2008-12-31,64.8155,66.1907,64.6627,65.6595,193987200
2009-01-02,65.805,67.9879,65.3757,67.6386,227566300
2009-01-05,67.3985,68.1479,66.86,67.5585,240349700
2009-01-06,68.1334,68.7227,67.4349,68.0097,328260900
2009-01-07,66.9401,67.1293,65.6304,65.9724,280899200
2009-01-08,65.6013,66.278,65.2448,66.2416,263834400
2009-01-09,66.329,66.4454,62.1088,64.8228,330953600
2009-01-12,64.6409,64.6918,62.8728,63.2657,277858500
2009-01-13,63.1056,63.9424,62.72,63.3821,356432300
2009-01-14,62.2398,62.3926,60.508,61.3885,435491600
2009-01-15,61.2065,62.0287,59.4603,61.4103,532647300
2009-01-16,62.4726,62.5672,60.428,61.8905,399237200
2009-01-20,61.2866,61.8905,58.2451,58.6235,419855200
2009-01-21,59.6204,61.2939,58.5508,61.1556,364360700
2009-01-22,59.9696,61.1483,59.0601,60.2097,427940300
2009-01-23,58.8636,61.1119,58.6235,60.4716,386800600
2009-01-26,60.8209,62.1088,60.2534,60.8864,317978800
2009-01-27,61.2138,61.956,60.6099,61.5049,273789700
2009-01-28,62.8655,63.9933,62.6254,63.5858,330007000
2009-01-29,62.6545,63.6586,61.4612,61.5194,294392500
2009-01-30,61.8323,62.1379,59.8168,60.2679,383383600
2009-02-02,59.3511,60.5226,59.162,60.086,288233300
2009-02-03,60.4644,61.3812,59.8241,60.93,278385800
2009-02-04,61.3375,62.116,60.4207,60.6317,322989300
2009-02-05,60.1733,62.0578,56.5571,61.5339,417679400
2009-02-06,61.745,63.5495,61.614,63.2875,366101700
2009-02-09,63.2729,63.8405,62.8073,63.3748,240075200
2009-02-10,62.7709,63.3239,59.9914,60.4716,536212800
2009-02-11,60.719,61.1556,59.9551,60.8282,324442500
2009-02-12,59.7877,60.9883,58.9728,60.8718,469302200
2009-02-13,60.7918,61.2939,60.2024,60.217,293998400
2009-02-17,58.3252,60.3625,57.6049,57.6413,478910100
2009-02-18,58.056,58.1651,56.9573,57.503,362964800
2009-02-19,58.0924,58.3179,56.7681,56.8845,316867500
2009-02-20,55.8295,57.001,55.131,56.3316,477176600
2009-02-23,56.95,56.95,54.2724,54.3161,379641400
2009-02-24,54.7818,56.7172,54.3525,56.3752,426260900
2009-02-25,56.1278,57.0592,55.0291,55.9314,461985800
2009-02-26,56.6226,57.9687,54.9564,55.0219,363353900
2009-02-27,53.8504,55.0728,53.7049,53.7922,470510900
2009-03-02,52.7663,53.7849,51.2019,51.3693,426452600
2009-03-03,52.1042,52.1696,50.6708,50.9836,443761000
2009-03-04,51.8277,53.021,50.9836,52.1915,462753100
2009-03-05,51.0054,52.1915,49.6012,50.0596,485549400
2009-03-06,50.4961,51.2601,48.8226,50.1469,490470000
2009-03-09,49.4411,50.9327,49.281,49.5575,379905300
2009-03-10,50.5762,52.6571,50.4743,52.5116,406227900
2009-03-11,53.1155,53.6612,52.2642,52.8536,356648300
2009-03-12,52.839,55.1164,52.3661,54.9345,409702700
2009-03-13,55.3056,56.0114,54.3743,55.3638,337474700
2009-03-16,55.9969,56.7318,55.1601,55.1965,360644900
2009-03-17,55.3493,57.0155,54.8982,56.8845,356814300
2009-03-18,56.6154,58.8637,56.0769,58.1579,473273200
2009-03-19,58.8854,58.9364,57.2556,57.4375,428520400
2009-03-20,57.7167,57.8267,56.0825,56.2145,371078200
2009-03-23,57.7021,60.3036,57.387,60.2523,419933300
2009-03-24,59.5341,60.3549,58.9992,59.0651,330271000
2009-03-25,59.5268,60.6041,57.9366,59.688,441775100
2009-03-26,60.2742,61.0437,59.5927,60.9045,422025200
2009-03-27,60.1277,60.4795,59.5854,59.8053,322332300
2009-03-30,58.4789,58.5302,57.1305,57.7387,324108500
2009-03-31,58.303,59.4169,57.9293,58.2737,364238300
2009-04-01,57.5482,59.666,57.4016,59.4022,377018300
2009-04-02,60.8825,62.0037,59.4535,61.139,476230700
2009-04-03,61.1829,61.7619,60.582,61.7472,284646300
2009-04-06,61.073,61.7619,60.3036,61.2636,264866600
2009-04-07,60.2743,60.5674,59.732,59.8346,258947800
2009-04-08,60.135,60.7799,59.7539,60.4794,230402800
2009-04-09,62.0477,62.8904,61.7985,62.8831,269653500
2009-04-13,62.2309,63.4181,61.9817,62.8978,224847500
2009-04-14,62.3115,62.8464,61.6153,61.8132,276598800
2009-04-15,61.4394,62.5973,61.2709,62.4727,250726100
2009-04-16,62.971,63.8651,62.121,63.3888,335202900
2009-04-17,63.6306,64.2315,63.1249,63.8138,262649000
2009-04-20,62.6852,63.7918,61.073,61.139,293690100
2009-04-21,60.692,62.3848,60.6407,62.3335,114090900
2009-04-22,61.7692,63.2715,61.608,61.9524,340395200
2009-04-23,62.077,62.5973,61.2855,62.5606,324903700
2009-04-24,63.0443,63.9823,62.7952,63.506,287703000
2009-04-27,62.7878,63.7625,62.6852,62.9051,289581600
2009-04-28,62.2675,63.4547,62.1136,62.7072,247926300
2009-04-29,63.4034,64.7518,63.2422,64.0409,311505700
2009-04-30,64.891,65.2354,63.6965,64.0629,301419800
2009-05-01,64.0776,64.6419,63.55,64.4074,236110300
2009-05-04,64.891,66.6424,64.7664,66.5985,287120000
2009-05-05,66.3713,66.6352,65.8364,66.3713,243036300
2009-05-06,67.1848,67.5658,66.4006,67.5219,291941000
2009-05-07,68.1594,68.262,66.1588,66.5838,317728000
2009-05-08,67.4412,68.3133,67.0089,68.1374,299081700
2009-05-11,67.1994,67.4998,66.7157,66.8623,247923600
2009-05-12,67.1481,67.2947,65.8437,66.6645,282431300
2009-05-13,65.7631,65.9609,64.8544,64.9863,269619100
2009-05-14,65.0156,66.0415,64.8544,65.5432,260098700
2009-05-15,65.4919,65.9536,64.5979,65.0083,271502700
2009-05-18,65.6238,66.9356,64.9057,66.855,241447400
2009-05-19,66.8183,67.3972,66.5472,66.7744,206102200
2009-05-20,67.3826,68.0055,66.2541,66.3273,285722200
2009-05-21,65.5579,65.807,64.6785,65.3747,258988400
2009-05-22,65.5579,65.9536,64.9863,65.2355,166811900
2009-05-26,64.7518,67.0968,64.7225,66.9063,236318500
2009-05-27,67.0089,67.236,65.6092,65.7118,246015800
2009-05-28,66.2907,66.9355,65.294,66.6278,289095000
2009-05-29,66.9942,68.665,66.4519,67.8076,258641500
2009-06-01,68.6431,69.7423,68.4672,69.4492,276246800
2009-06-02,69.178,69.8888,69.0534,69.5078,230874500
2009-06-03,68.9142,68.9802,67.9762,68.6284,235310500
2009-06-04,68.8849,69.3759,68.3719,69.2733,210102300
2009-06-05,69.9768,70.1087,68.7383,69.2879,284257900
2009-06-08,68.7676,69.691,68.1814,69.0021,238565100
2009-06-09,69.3905,69.7203,68.8995,69.3539,225125500
2009-06-10,69.9694,69.9768,68.2913,69.178,296100400
2009-06-11,69.3099,70.4311,69.2953,69.4858,275414200
2009-06-12,69.178,69.7203,68.8849,69.6763,184361800
2009-06-15,68.8556,68.8995,67.7124,68.0788,224190500
2009-06-16,68.3206,68.3646,67.1115,67.1554,227319000
2009-06-17,67.1261,67.6611,66.5618,67.0895,223445200
2009-06-18,67.1921,67.9102,66.8696,67.5804,211725100
2009-06-19,68.2275,68.3159,67.4463,67.8296,215655600
2009-06-22,67.1663,67.2031,65.7734,65.7955,251913600
2009-06-23,65.9356,66.2377,65.4787,65.8471,188309800
2009-06-24,66.4441,67.1221,66.0314,66.4146,211577700
2009-06-25,66.083,67.9254,66.0093,67.859,279411000
2009-06-26,67.6306,67.977,67.2621,67.6822,167579000
2009-06-29,67.8812,68.4044,67.5053,68.316,168481300
2009-06-30,68.3307,68.5813,67.2621,67.7632,228888200
2009-07-01,68.0506,68.7065,67.9548,68.0433,173041100
2009-07-02,67.1589,68.0654,66.1493,66.1862,212309900
2009-07-06,65.545,66.2746,65.3387,66.1788,174499600
2009-07-07,66.1125,66.1935,64.8523,64.8965,197088900
2009-07-08,65.2871,65.4418,64.1153,64.8522,248050500
2009-07-09,65.3018,65.5155,64.7859,64.9775,163777600
2009-07-10,64.6312,65.2134,64.3732,64.8228,173520300
2009-07-13,65.0807,66.4514,64.5501,66.3999,217413500
2009-07-14,66.6062,66.8347,66.1272,66.7757,181487400
2009-07-15,67.66,68.9129,66.8273,68.7286,220877900
2009-07-16,68.537,69.6499,68.4044,68.6181,231174500
2009-07-17,69.3182,69.5098,68.935,69.3698,138561700
2009-07-20,69.7751,70.2247,69.414,70.1067,164179400
2009-07-21,70.6521,70.6742,69.5835,70.431,217718300
2009-07-22,69.9815,70.8437,69.9299,70.4163,196068100
2009-07-23,70.4605,72.2808,70.4015,71.9713,258795500
2009-07-24,71.6323,72.325,71.2564,72.2661,154003100
2009-07-27,72.1334,72.5166,71.7354,72.4798,159259400
2009-07-28,71.9713,72.4945,71.5291,72.1408,186685200
2009-07-29,71.8092,72.2882,71.4702,71.9639,194399300
2009-07-30,72.8335,73.5705,72.664,72.7156,225575400
2009-07-31,72.7009,73.3052,72.5019,72.8188,207358000
2009-08-03,73.5852,74.0863,73.1872,74.02,175776900
2009-08-04,73.6884,74.3148,73.5336,74.2116,176714600
2009-08-05,74.2632,74.3295,73.3862,73.9979,184726400
2009-08-06,74.3369,74.4474,73.2683,73.6147,193203800
2009-08-07,74.3885,75.1917,73.9831,74.5801,220640900
2009-08-10,74.2411,74.5948,73.8947,74.4253,130898700
2009-08-11,74.0937,74.1453,73.2978,73.4967,157301000
2009-08-12,73.3715,74.8454,73.3346,74.2853,219052400
2009-08-13,74.6243,74.8822,73.8873,74.8528,176449500
2009-08-14,74.8159,74.8749,73.4746,74.2779,199616100
2009-08-17,72.8482,72.9219,72.3029,72.4503,237667500
2009-08-18,72.6124,73.283,72.4798,73.0251,173461500
2009-08-19,72.4503,73.9168,72.3766,73.6663,192812800
2009-08-20,73.7621,74.5948,73.5999,74.4253,174131300
2009-08-21,75.037,76.0024,74.8896,75.8845,224605000
2009-08-24,76.194,76.6067,75.6045,75.8771,191279000
2009-08-25,76.1793,76.8352,75.8624,76.0245,215310600
2009-08-26,75.7887,76.3783,75.5308,76.0319,194620700
2009-08-27,75.9876,76.4372,75.1254,76.2014,196230100
2009-08-28,76.813,76.9015,75.6634,76.1866,147024400
2009-08-31,75.4423,75.597,75.0148,75.5086,176051600
2009-09-01,75.1328,76.0835,73.6884,73.8431,321276800
2009-09-02,73.5336,74.02,73.3788,73.5631,171805000
2009-09-03,73.9905,74.2632,73.3936,74.1748,143572300
2009-09-04,74.3222,75.236,74.1011,75.2139,142687900
2009-09-08,75.9066,75.9435,75.4571,75.8624,132909100
2009-09-09,75.995,76.7025,75.7592,76.4446,154612500
2009-09-10,76.4962,77.2773,76.0687,77.2257,162902400
2009-09-11,77.3732,77.6016,76.8499,77.211,152360100
2009-09-14,76.5551,77.7195,76.0172,77.5869,149593800
2009-09-15,77.7121,78.1985,77.2036,77.9111,196795900
2009-09-16,78.1912,79.105,77.9185,79.0903,206406300
2009-09-17,78.9797,79.6356,78.5376,78.9724,229170900
2009-09-18,79.3411,79.3485,78.7561,79.0227,153799100
2009-09-21,78.4081,79.23,78.2378,78.8228,151892000
2009-09-22,79.2893,79.504,78.9338,79.2819,143126700
2009-09-23,79.467,79.9927,78.4822,78.6228,225947400
2009-09-24,78.7931,78.9634,77.4159,77.7565,228636800
2009-09-25,77.5862,78.0156,77.0752,77.3418,204059000
2009-09-28,77.638,78.8968,77.6232,78.7265,118285800
2009-09-29,78.8672,79.2448,78.3267,78.4896,133733900
2009-09-30,78.7561,78.8302,77.4677,78.186,254383000
2009-10-01,76.2681,78.2896,76.2311,76.2459,281840600
2009-10-02,75.5425,76.3422,75.5203,75.8905,224748800
2009-10-05,76.1941,77.2456,75.972,77.0235,149875000
2009-10-06,77.5788,78.571,77.5344,78.1268,202491100
2009-10-07,77.949,78.4229,77.8009,78.3415,159200300
2009-10-08,78.8968,79.3559,78.3785,78.9413,183305800
2009-10-09,78.9635,79.4226,78.7561,79.4226,135008300
2009-10-12,79.7928,80.0371,79.4373,79.7335,118031000
2009-10-13,79.5188,79.7557,79.0523,79.5706,157692700
2009-10-14,80.5036,81.022,79.541,80.9405,191421600
2009-10-15,80.5481,81.2367,80.511,81.2367,173873600
2009-10-16,80.5629,80.9109,80.1408,80.6295,192069400
2009-10-19,80.7628,81.5477,80.511,81.2959,159530400
2009-10-20,81.4144,81.444,80.474,80.8665,180921100
2009-10-21,80.7406,81.681,80.0816,80.1408,225379300
2009-10-22,80.1112,81.2145,79.6003,80.9554,238444000
2009-10-23,81.2219,81.2737,79.6965,80.0297,240033200
2009-10-26,80.1186,80.9405,78.9412,79.1634,242028200
2009-10-27,79.2522,79.5188,78.608,78.8005,253266300
2009-10-28,78.6006,78.845,77.2678,77.3122,248821400
2009-10-29,77.8898,79.1264,77.7047,78.9709,198110600
2009-10-30,78.7117,78.9487,76.594,76.6828,325608100
2009-11-02,77.1049,78.0527,76.3274,77.2456,254222900
2009-11-03,76.8161,77.601,76.668,77.49,228362600
2009-11-04,78.1267,78.7339,77.4899,77.6899,247996700
2009-11-05,78.2378,79.1412,78.0749,79.1189,180015300
2009-11-06,78.6821,79.5262,78.5266,79.3263,170954100
2009-11-09,79.9335,81.1775,79.8743,81.1331,159495700
2009-11-10,80.9405,81.3996,80.6888,81.1478,171899800
2009-11-11,81.681,82.0586,81.1701,81.5625,169466200
2009-11-12,81.4514,81.8735,80.5258,80.7332,157144500
2009-11-13,80.9405,81.5181,80.5258,81.17,150963000
2009-11-16,81.7328,82.7028,81.6884,82.3474,210922200
2009-11-17,82.1327,82.4807,81.8217,82.4437,147134100
2009-11-18,82.3844,82.5103,81.8735,82.3918,156486800
2009-11-19,81.8291,82.4214,80.8072,81.3181,208734600
2009-11-20,80.8961,81.2737,80.7184,81.0294,134196000
2009-11-23,81.9846,82.7399,81.8957,82.0586,148010200
2009-11-24,82.1919,82.34,81.4588,82.1845,138420100
2009-11-25,82.3178,82.5621,82.0586,82.4733,109564800
2009-11-27,80.2667,81.6884,80.1853,81.1331,126001800
2009-11-30,81.0664,81.5995,80.0594,81.407,160874800
2009-12-01,82.1327,82.6806,81.992,82.4141,159613700
2009-12-02,82.3992,82.9398,82.1327,82.377,132315100
2009-12-03,82.5992,83.0657,81.6662,81.7328,167324900
2009-12-04,82.8139,83.2138,81.4811,82.1993,274907800
2009-12-07,82.1253,82.5843,81.8143,82.0734,127973800
2009-12-08,81.481,82.0216,80.9109,81.1626,169863700
2009-12-09,81.1404,81.5847,80.7258,81.4662,155063400
2009-12-10,81.9697,82.2807,81.7846,81.9253,138014600
2009-12-11,82.2733,82.4585,81.9031,82.2733,124854000
2009-12-14,82.8361,82.9324,82.2882,82.8361,107141500
2009-12-15,82.5325,82.8731,82.1919,82.4511,120408800
2009-12-16,82.7843,83.0286,82.3918,82.5769,155358200
2009-12-17,81.9846,82.1401,81.5107,81.5847,183390100
2009-12-18,82.0388,82.1133,81.3539,82.0463,174591200
2009-12-21,82.4557,83.1555,82.4557,82.8801,118039600
2009-12-22,83.0587,83.3565,82.9545,83.1778,91707500
2009-12-23,83.3789,83.4608,83.0066,83.3416,111783100
2009-12-24,83.5203,83.8255,83.3788,83.7362,39677500
2009-12-28,84.0489,84.1159,83.6171,83.9149,87508500
2009-12-29,84.1308,84.1456,83.7883,83.7957,80572500
2009-12-30,83.5501,83.8628,83.5054,83.766,73138400
2009-12-31,83.9521,83.9744,82.9248,82.962,90637900
2010-01-04,83.6543,84.4136,83.0141,84.369,118944600
2010-01-05,84.3168,84.6295,84.0116,84.5923,111579900
2010-01-06,84.5104,84.8603,84.4434,84.6518,116074400
2010-01-07,84.4955,85.1134,84.2573,85.0092,131091100
2010-01-08,84.7859,85.3293,84.6147,85.2921,126402800
2010-01-11,85.6718,85.709,85.0464,85.4112,106375700
2010-01-12,84.8454,85.0241,84.2871,84.6146,163333500
2010-01-13,84.8305,85.5675,84.3988,85.3293,161822000
2010-01-14,85.2325,85.7164,85.1804,85.5601,115718800
2010-01-15,85.4113,85.4931,84.2722,84.5998,212283100
2010-01-19,84.5849,85.709,84.5625,85.6569,139172700
2010-01-20,85.0762,85.2028,84.1084,84.7859,216490200
2010-01-21,84.8082,85.0687,83.0513,83.1555,344859600
2010-01-22,82.7833,83.1853,81.2125,81.3018,345942400
2010-01-25,82.0463,82.1952,81.4507,81.7187,186937500
2010-01-26,81.3986,82.2398,81.1753,81.3763,211168800
2010-01-27,81.272,81.9495,80.6467,81.7634,271863600
2010-01-28,82.0314,82.076,80.334,80.8254,316104000
2010-01-29,81.1753,81.741,79.8204,79.9469,310677600
2010-02-01,80.5127,81.1976,80.0288,81.1901,187865000
2010-02-02,81.3391,82.3292,81.0562,82.1729,216327900
2010-02-03,81.8006,82.2473,81.5251,81.7634,172730700
2010-02-04,81.1306,81.1678,79.2248,79.2397,356715700
2010-02-05,79.329,79.5673,77.855,79.4035,493585800
2010-02-08,79.463,79.9023,78.7707,78.8302,224166900
2010-02-09,79.7534,80.5127,79.1131,79.8204,337820500
2010-02-10,79.6938,80.1032,78.994,79.664,240511500
2010-02-11,79.5598,80.5871,79.0982,80.4978,223591600
2010-02-12,79.6491,80.4755,79.2918,80.4308,304622100
2010-02-16,81.0413,81.7783,80.267,81.6964,159317500
2010-02-17,82.0909,82.1952,81.6964,82.0835,168845100
2010-02-18,81.9495,82.7386,81.9197,82.5674,193708600
2010-02-19,82.3515,83.0587,82.158,82.7386,222684900
2010-02-22,83.0439,83.0662,82.5078,82.7535,132346900
2010-02-23,82.5302,82.7833,81.5326,81.7485,207497000
2010-02-24,81.9942,82.6344,81.7857,82.5004,176350700
2010-02-25,81.3242,82.4483,81.1008,82.3887,259634700
2010-02-26,82.4632,82.7237,81.9718,82.4408,173589300
2010-03-01,82.7833,83.3789,82.761,83.297,147709700
2010-03-02,83.6543,83.9297,83.3788,83.5277,160992400
2010-03-03,83.7436,84.1009,83.3937,83.6022,150785000
2010-03-04,83.7139,83.9744,83.4012,83.8553,135770400
2010-03-05,84.3988,85.1209,84.1978,85.0539,176118800
2010-03-08,85.0613,85.2548,84.9198,85.0687,114631200
2010-03-09,84.8156,85.6047,84.771,85.2102,154556700
2010-03-10,85.2474,85.8207,85.173,85.5899,186088800
2010-03-11,85.3889,85.9696,85.1283,85.9472,160791100
2010-03-12,86.3194,86.3343,85.7164,85.9547,162074800
2010-03-15,85.8058,86.0366,85.3145,85.977,146816800
2010-03-16,86.2152,86.7438,85.977,86.6619,168673000
2010-03-17,86.9224,87.4584,86.6693,87.1756,177468100
2010-03-18,87.183,87.3021,86.781,87.1309,196509100
2010-03-19,86.6898,87.6766,86.3535,86.6898,226641100
2010-03-22,86.1965,87.3103,86.1441,87.1533,184477800
2010-03-23,87.2804,87.841,86.9963,87.7663,182941600
2010-03-24,87.4374,87.7812,86.3983,87.3402,196072600
2010-03-25,87.9308,88.3344,87.0935,87.1982,223396300
2010-03-26,87.3626,87.7738,86.802,87.1459,205808500
2010-03-29,87.5869,87.856,87.2281,87.699,134513500
2010-03-30,87.8037,88.0803,87.3925,87.7588,145772500
2010-03-31,87.4224,87.8485,87.1683,87.4598,161078700
2010-04-01,88.0578,88.3942,87.5345,88.0578,161215200
2010-04-05,88.3942,88.8352,88.1475,88.7754,105847600
2010-04-06,88.5213,89.1417,88.4241,88.9847,110384200
2010-04-07,88.8053,89.2239,88.0653,88.4764,184576300
2010-04-08,88.1699,88.9324,87.9083,88.7829,158704000
2010-04-09,88.9698,89.4034,88.8053,89.366,133006500
2010-04-12,89.4781,89.7397,89.3734,89.508,110279000
2010-04-13,89.4183,89.7323,88.9549,89.5753,125043600
2010-04-14,89.9042,90.5919,89.7622,90.5919,161609000
2010-04-15,90.4424,90.876,90.4125,90.6667,144615300
2010-04-16,90.3452,90.6667,88.768,89.224,366786700
2010-04-19,88.9623,89.65,88.5587,89.5603,217947800
2010-04-20,90.121,90.4349,89.6052,90.3602,157708000
2010-04-21,90.4125,90.6218,89.6949,90.1957,192910100
2010-04-22,89.5603,90.577,89.0445,90.4648,115360300
2010-04-23,90.405,91.0927,90.1733,91.0554,177335500
2010-04-26,91.0853,91.2871,90.6218,90.7115,143457300
2010-04-27,90.1883,90.704,88.3942,88.5661,355853300
2010-04-28,88.9922,89.4632,88.4092,89.2389,300674100
2010-04-29,89.7771,90.5321,89.7547,90.3452,193775000
2010-04-30,90.3602,90.4573,88.7904,88.8128,270000900
2010-05-03,89.2389,90.2107,89.1043,89.964,182747900
2010-05-04,88.9623,88.9773,87.4,87.8485,360353400
2010-05-05,87.1309,88.0579,86.6899,87.3253,328973200
2010-05-06,86.9067,87.4598,78.4896,84.4249,647356600
2010-05-07,84.2006,85.0453,81.7861,83.1691,637558800
2010-05-10,86.5703,87.1982,85.8975,86.8319,396159600
2010-05-11,86.0171,87.7289,85.8975,86.5852,317849800
2010-05-12,86.9291,87.9233,86.7796,87.7962,235607100
2010-05-13,87.557,87.9681,86.63,86.7048,234452500
2010-05-14,86.0545,86.2114,84.3725,85.135,345601400
2010-05-17,85.3667,85.6059,83.5503,85.1799,325739800
2010-05-18,85.8751,86.1292,83.7446,84.0212,360556800
2010-05-19,83.5502,84.2978,82.4962,83.5428,394742700
2010-05-20,81.7637,82.145,80.336,80.3883,530418300
2010-05-21,79.1698,81.7637,78.7587,81.5619,500909400
2010-05-24,81.1208,81.7712,80.4406,80.5153,269823000
2010-05-25,78.5718,80.635,78.0261,80.5976,396505200
2010-05-26,81.091,81.831,79.8725,80.1117,349719300
2010-05-27,81.6217,82.8252,81.3152,82.7953,300870500
2010-05-28,82.7056,82.7654,81.3675,81.7562,297933500
2010-06-01,80.9937,82.1898,80.2612,80.3808,277909400
2010-06-02,80.7919,82.4813,80.3659,82.4739,240243700
2010-06-03,82.713,83.0195,81.9132,82.7579,226618300
2010-06-04,81.1881,81.7264,79.581,79.8501,398475600
2010-06-07,80.1341,80.4406,78.796,78.8558,264609100
2010-06-08,78.9157,79.8576,78.228,79.7006,357774300
2010-06-09,80.164,80.9414,78.9381,79.2745,268023300
2010-06-10,80.6275,81.6889,79.267,81.5918,317890600
2010-06-11,80.8742,82.0403,80.8218,81.988,214128200
2010-06-14,82.6159,83.0644,81.7787,81.8609,207196100
2010-06-15,82.4365,83.797,82.2944,83.7222,238268700
2010-06-16,83.2887,84.0362,83.1242,83.6923,216374000
2010-06-17,83.9315,83.9689,83.0121,83.8269,263185800
2010-06-18,83.9929,84.2182,83.6474,83.9178,174006600
2010-06-21,84.9617,85.0218,83.2117,83.6774,213140700
2010-06-22,83.6774,84.0455,82.1753,82.2955,239355400
2010-06-23,82.348,82.6409,81.4767,82.04,254639900
2010-06-24,81.6345,81.7396,80.4703,80.6806,268523600
2010-06-25,80.9209,81.4317,80.1924,81.0186,238726500
2010-06-28,81.1388,81.3566,80.4703,80.7632,169218600
2010-06-29,79.6291,80.7482,77.7739,78.2696,373649500
2010-06-30,78.0519,78.7729,77.2708,77.5261,284101700
2010-07-01,77.4735,77.7289,75.9563,77.1806,382924800
2010-07-02,77.4435,77.6763,76.3244,76.76,233385200
2010-07-06,77.8415,78.3898,76.5196,77.2632,256935300
2010-07-07,77.4585,79.7943,77.3759,79.6967,253769400
2010-07-08,80.3651,80.5754,79.5465,80.4853,210842100
2010-07-09,80.4628,81.0937,80.3126,81.0862,144999900
2010-07-12,80.8158,81.2965,80.4778,81.1388,131283600
2010-07-13,81.98,82.686,81.8147,82.363,213025900
2010-07-14,82.1001,82.6785,81.7622,82.3555,184426800
2010-07-15,82.3255,82.6634,81.2439,82.378,232337900
2010-07-16,81.9349,82.025,79.952,80.1098,282693400
2010-07-19,80.4027,80.8383,79.7793,80.5829,186709000
2010-07-20,79.5164,81.5368,79.4789,81.4768,258162400
2010-07-21,81.8974,81.9199,80.0873,80.4177,264527000
2010-07-22,81.3716,82.5733,81.364,82.2128,274781300
2010-07-23,82.0476,83.0465,81.8147,82.9263,222020800
2010-07-26,83.069,83.8727,82.8362,83.79,184445700
2010-07-27,84.2482,84.3383,83.452,83.7825,204855600
2010-07-28,83.6098,83.8652,82.9639,83.2418,163056200
2010-07-29,83.76,83.9853,82.1752,82.8362,220149100
2010-07-30,81.995,83.2643,81.8523,82.8212,220070600
2010-08-02,84.113,84.8265,83.775,84.6914,188263200
2010-08-03,84.4811,84.6989,84.0079,84.2858,146657300
2010-08-04,84.5186,84.9542,84.2407,84.8491,158171700
2010-08-05,84.3083,84.804,84.1806,84.7589,140473800
2010-08-06,83.9253,84.5486,83.3094,84.4135,239728300
2010-08-09,84.8115,85.0068,84.3609,84.8641,120800400
2010-08-10,84.1431,84.8566,83.6474,84.406,242916300
2010-08-11,83.1066,83.1366,81.9574,82.0926,273406900
2010-08-12,80.8533,81.8823,80.8158,81.5894,239542600
2010-08-13,81.334,81.8373,81.2514,81.3491,158698500
2010-08-16,80.7933,81.5744,80.5003,81.3115,147895300
2010-08-17,82.01,82.9113,81.7772,82.3104,172270300
2010-08-18,82.2729,82.9038,81.7997,82.4607,182922100
2010-08-19,82.0326,82.2354,80.6881,81.0261,265847600
2010-08-20,80.7857,81.0712,80.1774,80.7632,209714200
2010-08-23,81.1463,81.5443,80.4177,80.4553,163490300
2010-08-24,79.5765,79.907,78.8405,79.2611,280677800
2010-08-25,78.8254,79.8694,78.3297,79.569,272234800
2010-08-26,79.9446,80.0497,78.7729,79.0358,224439500
2010-08-27,79.5315,80.3426,78.3448,80.26,272649000
2010-08-30,80.0497,80.2976,79.0883,79.0958,167238600
2010-08-31,78.8029,79.5991,78.48,79.0958,273933100
2010-09-01,80.1623,81.5744,80.1098,81.4617,256828100
2010-09-02,81.657,82.2353,81.4842,82.2203,156112200
2010-09-03,83.024,83.3619,82.5808,83.2868,212197300
2010-09-07,82.8963,83.0014,82.2804,82.348,141973700
2010-09-08,82.5132,83.2568,82.4757,82.9263,149924400
2010-09-09,83.8577,83.8802,83.0841,83.3094,147017900
2010-09-10,83.4596,83.8276,83.2718,83.73,127819000
2010-09-13,84.5562,84.834,84.2182,84.6613,178503500
2010-09-14,84.4961,85.0894,84.1806,84.6087,209823600
2010-09-15,84.3609,85.0293,84.1055,84.9317,168608400
2010-09-16,84.6688,84.9617,84.3834,84.9092,199962900
2010-09-17,85.3562,85.4392,84.7068,84.9409,195836900
2010-09-20,85.2354,86.4284,84.9635,86.2397,214555200
2010-09-21,86.3076,86.7153,85.7111,86.066,268389100
2010-09-22,85.93,86.4133,85.4015,85.6431,191322400
2010-09-23,84.9409,85.8319,84.7068,84.9484,202354300
2010-09-24,85.8923,86.7607,85.8168,86.7003,209671800
2010-09-27,86.7305,86.8286,86.2019,86.285,128761800
2010-09-28,86.3982,86.8664,85.4619,86.587,209207500
2010-09-29,86.368,86.7682,86.0962,86.436,179665800
2010-09-30,86.874,87.4327,85.7715,86.1793,287106700
2010-10-01,86.8286,86.9268,86.0282,86.5417,174638700
2010-10-04,86.3604,86.7229,85.4619,85.8923,166153200
2010-10-05,86.6851,87.8329,86.587,87.6215,229634100
2010-10-06,87.6064,87.8404,87.259,87.6139,148626600
2010-10-07,87.9688,87.9915,86.9796,87.5082,164860000
2010-10-08,87.6291,88.2407,87.2968,87.9991,177760100
2010-10-11,88.1349,88.3237,87.78,88.0821,103098300
2010-10-12,87.7951,88.6107,87.327,88.3539,182210000
2010-10-13,88.8447,89.5168,88.6333,89.0411,194347200
2010-10-14,88.958,89.109,88.1349,88.6937,217764300
2010-10-15,89.3129,89.3657,88.1651,88.8749,243705000
2010-10-18,88.9052,89.6074,88.5805,89.3129,141204800
2010-10-19,88.4899,88.9882,87.6064,88.1425,280604700
2010-10-20,88.3011,89.4337,88.2482,89.0033,200051800
2010-10-21,89.4035,89.9245,88.5049,89.1996,221585500
2010-10-22,89.3355,89.5017,89.1015,89.3657,108212400
2010-10-25,89.9623,90.4305,89.5621,89.63,151145700
2010-10-26,89.177,89.7357,89.0033,89.6451,158982900
2010-10-27,89.0184,89.4866,88.5427,89.3884,190024000
2010-10-28,89.9019,89.9396,88.9731,89.4035,168576000
2010-10-29,89.3129,89.6451,89.1543,89.4714,144305500
2010-11-01,89.9094,90.4229,88.9882,89.5017,174074800
2010-11-02,90.1737,90.4229,89.932,90.2114,158345900
2010-11-03,90.37,90.6268,89.4413,90.5739,226702800
2010-11-04,91.5782,92.3635,90.589,92.3182,215039400
2010-11-05,92.3786,92.8166,92.2578,92.6655,180654100
2010-11-08,92.3786,92.6429,92.0765,92.4918,156107100
2010-11-09,92.741,92.8392,91.4574,91.8274,186621600
2010-11-10,91.8047,92.2427,91.11,92.1974,221387400
2010-11-11,91.4045,91.9859,91.1251,91.85,158017600
2010-11-12,91.2308,91.631,90.3474,90.7627,239068800
2010-11-15,91.0496,91.4045,90.5966,90.6343,163940800
2010-11-16,90.0756,90.2266,88.7919,89.2223,299566200
2010-11-17,89.26,89.6376,88.9958,89.2676,172308900
2010-11-18,90.1284,90.9062,90.1209,90.5815,197723700
2010-11-19,90.5361,90.8684,90.0453,90.8306,156852900
2010-11-22,90.3776,90.7929,89.6829,90.7551,181361000
2010-11-23,89.6829,89.8717,89.0939,89.4412,222309000
2010-11-24,90.0076,90.7853,89.9925,90.7627,140046100
2010-11-26,89.9774,90.4682,89.7056,89.7056,76007800
2010-11-29,89.479,90.219,88.9051,89.9774,223642300
2010-11-30,89.0863,89.9849,88.958,89.4714,233930700
2010-12-01,90.7627,91.548,90.7551,91.3743,221037200
2010-12-02,91.5178,92.6127,91.4649,92.5447,191213600
2010-12-03,92.2276,92.8996,92.2049,92.7939,151288900
2010-12-06,92.5976,92.9072,92.4994,92.6957,103050500
2010-12-07,93.5867,93.6396,92.6957,92.7486,206581000
2010-12-08,92.8619,93.1639,92.4315,93.0884,138019200
2010-12-09,93.6094,93.6471,92.9902,93.4508,123705100
2010-12-10,93.7378,94.0851,93.4282,93.9945,117571700
2010-12-13,94.4249,94.5382,94.0247,94.0549,133812700
2010-12-14,94.1984,94.5608,93.851,94.1379,147249600
2010-12-15,93.9643,94.3343,93.549,93.7075,160823100
2010-12-16,93.768,94.3192,93.4433,94.2512,185035200
2010-12-17,94.1852,94.4737,93.9878,94.3522,141075300
2010-12-20,94.6103,94.8076,94.1093,94.5799,119085500
2010-12-21,94.876,95.2403,94.7849,95.1796,94965500
2010-12-22,95.2479,95.506,95.1947,95.4756,78878100
2010-12-23,95.3693,95.4756,95.1036,95.339,70053700
2010-12-27,94.9822,95.468,94.9139,95.3769,58126000
2010-12-28,95.5667,95.6047,95.2631,95.5136,55309100
2010-12-29,95.6274,95.7944,95.5667,95.5819,58033100
2010-12-30,95.4908,95.7413,95.2859,95.4301,76616900
2010-12-31,95.2858,95.5439,95.134,95.4528,91218900
2011-01-03,96.1815,96.8571,95.4149,96.4396,138725200
2011-01-04,96.6521,96.6825,95.7868,96.3865,137409700
2011-01-05,96.0828,96.9482,95.9917,96.8874,133975300
2011-01-06,96.9254,97.0317,96.4093,96.6977,122519000
2011-01-07,96.8268,96.9862,95.7565,96.5079,156034600
2011-01-10,96.0828,96.5231,95.7944,96.3865,122401700
2011-01-11,96.7357,96.9634,96.3637,96.7281,110287000
2011-01-12,97.3201,97.7073,96.7508,97.601,107929200
2011-01-13,97.6389,97.6845,97.1987,97.4416,129048400
2011-01-14,97.305,98.1703,97.2366,98.1475,117677900
2011-01-18,98.0564,98.4056,97.9426,98.3145,114401300
2011-01-19,98.231,98.3297,97.0924,97.3505,151958400
2011-01-20,97.1304,97.4644,96.5003,97.2215,175745700
2011-01-21,97.8287,98.0488,97.3353,97.4416,151462900
2011-01-24,97.3809,98.1096,97.3581,97.9957,113715500
2011-01-25,97.7376,98.1323,97.2442,98.0488,167552200
2011-01-26,98.2917,98.7168,98.0944,98.4284,141281500
2011-01-27,98.4512,98.8383,98.2766,98.6713,123302700
2011-01-28,98.7851,98.9445,96.7888,96.9482,295637300
2011-01-31,97.2139,97.7528,96.971,97.6769,149249200
2011-02-01,98.269,99.4152,98.2082,99.2406,167194300
2011-02-02,98.9825,99.3165,98.9294,99.0508,118323600
2011-02-03,98.8762,99.4228,98.3525,99.271,145886700
2011-02-04,99.3089,99.5897,98.8534,99.5518,134634800
2011-02-07,99.7719,100.5006,99.7643,100.1742,112439100
2011-02-08,100.2653,100.6828,99.9921,100.6297,99072800
2011-02-09,100.3564,100.6752,99.901,100.402,146436700
2011-02-10,99.8934,100.5538,99.6657,100.4399,162708500
2011-02-11,100.0452,101.1686,100.0224,101.0396,137710300
2011-02-14,100.9788,101.366,100.865,101.2825,101690700
2011-02-15,100.9713,101.1231,100.44,100.9637,119575400
2011-02-16,101.3053,101.7227,101.1003,101.6013,130183500
2011-02-17,101.3052,102.0415,101.2142,101.9049,109810500
2011-02-18,101.996,102.2389,101.7607,102.1174,130002400
2011-02-22,101.0472,102.1402,99.7947,100.068,233116400
2011-02-23,100.0072,100.2502,98.8383,99.4531,227584000
2011-02-24,99.3468,99.7719,98.4511,99.3848,260431400
2011-02-25,99.8023,100.5082,99.7416,100.4475,141686900
2011-02-28,100.8195,101.199,100.4855,101.0699,141585500
2011-03-01,101.3887,101.4798,99.3544,99.3848,258565500
2011-03-02,99.2482,100.0604,98.9445,99.5973,200277400
2011-03-03,100.5006,101.4267,100.493,101.3128,176480100
2011-03-04,101.2369,101.4343,99.8934,100.5538,277202300
2011-03-07,100.8498,101.0775,99.2406,99.7644,216790400
2011-03-08,99.9238,100.9561,99.4911,100.6373,174615000
2011-03-09,100.4399,100.8043,99.8934,100.4931,153806000
2011-03-10,99.4379,99.5746,98.5347,98.6333,301291800
2011-03-11,98.3145,99.6733,98.2918,99.3165,225621800
2011-03-14,98.6713,99.0432,97.9653,98.7168,234974100
2011-03-15,96.0904,98.1703,96.0221,97.5858,359585400
2011-03-16,97.2746,97.5934,95.0961,95.7792,468670300
2011-03-17,97.1607,97.4568,96.4776,97.0469,254303700
2011-03-18,98.2232,98.2537,97.2093,97.3999,230435400
2011-03-21,98.612,99.1152,98.4976,98.9093,153992600
2011-03-22,98.8941,99.0237,98.4748,98.5663,129538600
2011-03-23,98.2918,99.1075,97.8268,98.8483,148603100
2011-03-24,99.4125,99.9385,98.856,99.7937,159129800
2011-03-25,100.0529,100.5332,99.786,100.0986,155642800
2011-03-28,100.3121,100.5713,99.8242,99.8547,109762400
2011-03-29,99.7708,100.556,99.443,100.5255,129798800
2011-03-30,101.0516,101.5166,100.9067,101.2193,135835000
2011-03-31,101.0897,101.3641,100.9753,101.0821,132537100
2011-04-01,101.7072,101.9817,101.2651,101.509,153850100
2011-04-04,101.7225,101.9054,101.3032,101.5929,100768900
2011-04-05,101.3946,102.0274,101.3489,101.5776,120791500
2011-04-06,102.0655,102.157,101.4861,101.8978,120411600
2011-04-07,101.7149,102.1418,101.1355,101.6386,170731500
2011-04-08,102.0884,102.1494,100.8686,101.2879,147945400
2011-04-11,101.3947,101.7378,100.7391,100.983,121385400
2011-04-12,100.4188,100.6171,99.8623,100.2282,161187400
2011-04-13,100.6933,100.7695,99.8394,100.2206,162059000
2011-04-14,99.6412,100.4493,99.3134,100.2968,161220400
2011-04-15,100.4798,100.9144,100.1825,100.6628,170006700
2011-04-18,99.5573,100.6552,98.734,99.5345,210759300
2011-04-19,99.6869,100.1367,99.443,100.1062,124258800
2011-04-20,101.3032,101.692,101.2346,101.4709,156133800
2011-04-21,101.9969,102.0351,101.4709,101.9893,135935400
2011-04-25,101.9131,102.0503,101.5471,101.8826,65757100
2011-04-26,102.1951,102.9651,102.0884,102.7593,146600000
2011-04-27,102.9575,103.5826,102.5382,103.4302,143031000
2011-04-28,103.2472,103.9028,103.232,103.7656,124791100
2011-04-29,103.8037,104.1163,103.6665,104.0096,115094100
2011-05-02,104.4975,104.5813,103.6436,103.8495,126278700
2011-05-03,103.6513,103.8266,102.9499,103.4759,138375000
2011-05-04,103.4301,103.4759,102.3323,102.7898,182678500
2011-05-05,102.218,102.8812,101.4099,101.8597,226900000
2011-05-06,102.8736,103.3997,101.9131,102.3095,222787200
2011-05-09,102.3018,103.0032,102.1417,102.7059,114104500
2011-05-10,103.049,103.7656,102.9194,103.5826,114806900
2011-05-11,103.4302,103.4455,102.0198,102.4925,193564200
2011-05-12,102.218,103.1938,101.692,102.9804,171550700
2011-05-13,103.0337,103.1786,101.8216,102.1875,157444900
2011-05-16,101.8216,102.6221,101.3718,101.5395,141675400
2011-05-17,101.1583,101.6615,100.7237,101.5242,192686200
2011-05-18,101.5776,102.5382,101.3565,102.4314,135217900
2011-05-19,102.7669,102.9423,102.1113,102.6754,119489500
2011-05-20,102.4086,102.6754,101.6691,101.8597,182594900
2011-05-23,100.617,101.1812,100.3197,100.678,168700000
2011-05-24,100.9677,101.1888,100.4036,100.5942,147199600
2011-05-25,100.1901,101.3489,100.1596,100.9296,151050100
2011-05-26,100.6551,101.5776,100.4646,101.3946,164850000
2011-05-27,101.6767,102.0579,101.3641,101.7834,120921900
2011-05-31,102.744,102.8584,102.035,102.8431,164731200
2011-06-01,102.5458,102.8584,100.4493,100.5332,233094300
2011-06-02,100.6018,100.8153,99.8394,100.4265,200466800
2011-06-03,99.2219,100.1901,99.1685,99.4277,234690200
2011-06-06,99.1762,99.382,98.2461,98.3757,179951200
2011-06-07,98.8788,99.1609,98.2308,98.3147,161660500
2011-06-08,98.1622,98.49,97.72,97.903,198696400
2011-06-09,98.1698,99.0542,97.9335,98.6501,160964400
2011-06-10,98.2308,98.2918,97.0187,97.2779,238629400
2011-06-13,97.499,97.7658,96.8586,97.3541,207599800
2011-06-14,98.2461,98.9322,98.208,98.5892,160570400
2011-06-15,97.7658,98.5739,96.5765,96.8357,300958000
2011-06-16,96.8662,97.56,96.3021,97.0492,308032800
2011-06-17,98.013,98.0206,97.0093,97.3388,233284900
2011-06-20,97.0093,98.0436,96.9787,97.8367,159479000
2011-06-21,98.3424,99.3691,97.8751,99.1775,193157300
2011-06-22,98.8711,99.4533,98.5186,98.5799,176703000
2011-06-23,97.4231,98.5569,96.6799,98.2965,334286500
2011-06-24,98.2735,98.3501,97.0094,97.1549,226129300
2011-06-27,97.2162,98.396,97.0246,98.0206,168904700
2011-06-28,98.4114,99.3155,98.2735,99.3001,165556300
2011-06-29,99.7521,100.3114,99.3154,100.1505,244295500
2011-06-30,100.4723,101.2691,100.1429,101.1082,223322700
2011-07-01,101.2001,102.7401,100.9626,102.6022,202385700
2011-07-05,102.4949,102.7248,102.1961,102.5179,165936000
2011-07-06,102.2728,102.7707,101.9816,102.6405,143331600
2011-07-07,103.5522,103.9659,103.3377,103.7054,170464200
2011-07-08,102.5333,103.7055,102.1961,102.9699,194100500
2011-07-11,101.7058,102.0352,100.8707,101.1082,195918600
2011-07-12,100.8937,101.7288,100.6409,100.6715,214675700
2011-07-13,101.2001,102.0659,100.7634,101.0086,204062600
2011-07-14,101.2614,101.7288,100.1198,100.3114,226111800
2011-07-15,100.8707,101.0316,100.1888,100.8937,220012800
2011-07-18,100.4263,100.5796,99.3154,100.0663,196872100
2011-07-19,100.6255,101.813,100.6025,101.6905,166554900
2011-07-20,101.951,102.0123,101.453,101.6292,137145400
2011-07-21,102.2038,103.2918,101.6445,103.0389,245246300
2011-07-22,103.0619,103.2151,102.4796,103.1078,126019400
2011-07-25,102.1272,103.0389,102.0199,102.5333,136653800
2011-07-26,102.4643,102.6328,101.9203,102.1502,131278200
2011-07-27,101.5832,101.6139,99.9283,100.0586,249020100
2011-07-28,100.0586,100.955,99.6066,99.7675,207939900
2011-07-29,98.7638,100.0203,98.0436,99.0856,307038400
2011-08-01,100.2425,100.3344,97.7065,98.6642,325790900
2011-08-02,97.9211,98.4497,96.1436,96.1436,346653800
2011-08-03,96.2738,96.7718,94.642,96.6646,370830800
2011-08-04,95.3238,95.477,91.9834,92.1366,520721800
2011-08-05,93.2859,93.5234,89.5317,91.9987,655619200
2011-08-08,89.5701,92.0294,85.8236,86.0075,702263900
2011-08-09,87.3942,90.1294,84.4829,90.0068,717828700
2011-08-10,88.3059,89.0874,85.77,86.0305,662607400
2011-08-11,86.7736,91.11,86.0535,89.8918,487979700
2011-08-12,90.7116,91.3322,89.8535,90.4971,313731600
2011-08-15,91.3169,92.5044,91.1713,92.4125,258810600
2011-08-16,91.5314,92.4661,90.6426,91.6233,294095200
2011-08-17,92.129,92.8568,90.9568,91.6846,238201100
2011-08-18,89.2559,91.7153,86.8732,87.7313,512956300
2011-08-19,86.5438,88.7809,86.1913,86.2986,428281300
2011-08-22,88.2369,88.2829,86.1224,86.3675,275090600
2011-08-23,86.6893,89.3095,86.2526,89.2099,331136600
2011-08-24,89.0185,90.5891,88.8116,90.4665,246869700
2011-08-25,90.9644,91.4777,88.7733,89.0874,312365400
2011-08-26,88.6354,90.7959,87.2257,90.3822,314495900
2011-08-29,91.6003,93.033,90.4511,92.9794,190977200
2011-08-30,92.5734,93.7992,91.3705,93.2246,241315700
2011-08-31,93.8222,94.6266,92.9335,93.6383,301828400
2011-09-01,93.6919,94.5424,92.5351,92.6576,254585900
2011-09-02,90.7269,92.604,89.9684,90.2902,255517200
2011-09-06,87.6394,89.7616,87.6317,89.6314,285130500
2011-09-07,90.9874,92.1979,90.681,92.1596,209803200
2011-09-08,91.608,92.6576,90.9951,91.2019,250568200
2011-09-09,90.16,91.2173,88.3212,88.8116,380195100
2011-09-12,87.7007,89.4552,87.3789,89.3862,305793500
2011-09-13,89.6773,90.5431,89.0414,90.206,272514700
2011-09-14,90.6656,92.5504,89.4245,91.4548,319389500
2011-09-15,92.4354,93.0637,91.4778,93.033,326777200
2011-09-16,93.4065,93.9302,92.6595,93.5837,284528300
2011-09-19,92.0511,93.1293,91.4274,92.6518,241517000
2011-09-20,93.0446,93.9456,92.4208,92.544,218932200
2011-09-21,92.5902,92.8751,89.6715,89.8178,316251300
2011-09-22,87.2149,87.9542,85.7132,86.9145,513911300
2011-09-23,86.337,87.9157,86.2676,87.4382,307242500
2011-09-26,88.2622,89.6407,87.0069,89.5175,260673700
2011-09-27,91.2811,92.0743,89.9796,90.5186,311753900
2011-09-28,90.7034,91.2502,88.5394,88.6704,286696800
2011-09-29,90.1413,90.5879,87.7385,89.3712,298108900
2011-09-30,88.139,88.9091,87.0762,87.1378,288392300
2011-10-03,86.6296,87.7539,84.5657,84.6581,365136800
2011-10-04,83.4413,86.6989,82.7328,86.514,459177500
2011-10-05,86.7297,88.3469,85.9288,88.1159,284108000
2011-10-06,88.0697,89.8409,87.4151,89.71,257800800
2011-10-07,90.2337,90.2953,88.6087,89.1093,312657900
2011-10-10,90.6265,92.1282,90.6187,92.0897,230666300
2011-10-11,91.5429,92.4439,91.4505,92.1821,209088000
2011-10-12,92.8752,94.0611,92.6672,92.9907,281544900
2011-10-13,92.4439,93.0831,91.7354,92.8059,212538800
2011-10-14,93.884,94.4154,93.3603,94.3923,211397600
2011-10-17,93.9456,94.3769,92.3592,92.5902,202311600
2011-10-18,92.5209,95.1085,91.797,94.4,318857900
2011-10-19,94.2459,94.785,92.9599,93.2833,226601300
2011-10-20,93.5143,94.0303,92.2745,93.6915,262075600
2011-10-21,94.7927,95.5859,94.5078,95.4704,278999400
2011-10-24,95.6245,96.8797,95.5397,96.641,203215600
2011-10-25,96.1789,96.2251,94.554,94.7619,268596800
2011-10-26,95.7631,96.0865,94.1151,95.7246,289053800
2011-10-27,98.289,99.6675,97.5035,99.0591,393220200
2011-10-28,98.574,99.2286,98.4199,99.036,225906500
2011-10-31,97.9271,99.0514,96.5101,96.6487,228146700
2011-11-01,93.9764,95.1162,93.5837,93.9533,416565800
2011-11-02,95.3626,95.8016,94.5617,95.4858,244717600
2011-11-03,96.4716,97.4188,95.1855,97.2263,291174800
2011-11-04,96.4408,96.8027,95.5012,96.6333,249401600
2011-11-07,96.564,97.3341,95.6475,97.234,196617200
2011-11-08,97.7422,98.5893,96.8104,98.4815,224426300
2011-11-09,96.1789,96.8797,94.6156,94.8466,337982000
2011-11-10,96.1019,96.2174,94.7388,95.74,231866500
2011-11-11,96.9028,97.7961,96.872,97.542,189924400
2011-11-14,97.1801,98.1504,96.202,96.6179,159258300
2011-11-15,96.3946,97.6113,96.048,97.0954,184709400
2011-11-16,96.1173,97.2956,95.4165,95.5551,235782500
2011-11-17,95.378,95.6167,93.3603,94.038,331219600
2011-11-18,94.3384,94.5309,93.5451,93.9379,215580400
2011-11-21,92.5671,92.6826,91.3735,92.1513,229611600
2011-11-22,91.951,92.4901,91.2733,91.7893,216494900
2011-11-23,90.9268,91.7893,89.7639,89.7639,224329100
2011-11-25,89.6253,90.6418,89.4867,89.5945,99557000
2011-11-28,92.0589,92.5517,91.5044,92.1898,210686000
2011-11-29,92.4516,93.1832,92.1127,92.4516,199241500
2011-11-30,95.1008,96.4331,92.4131,96.2559,324439500
2011-12-01,96.1481,96.7565,95.8247,96.2405,176954800
2011-12-02,97.1262,97.4188,96.0942,96.1558,221109700
2011-12-05,97.6806,97.9425,96.6025,97.2032,225263900
2011-12-06,97.1955,97.8886,96.8489,97.234,178842100
2011-12-07,96.9105,98.0041,96.2406,97.5959,237802500
2011-12-08,96.9567,97.1724,95.224,95.455,240862800
2011-12-09,95.8863,97.3187,95.8016,97.0723,209111400
2011-12-12,96.2251,96.2405,94.8466,95.6553,215826100
2011-12-13,96.1558,96.7026,94.2999,94.7619,245159800
2011-12-14,94.3846,94.7465,93.5452,93.7531,238618800
2011-12-15,94.7465,94.8774,93.9456,94.0919,199109200
2011-12-16,94.7274,95.2854,94.0067,94.2314,220481400
2011-12-19,94.5957,94.7972,93.0224,93.2239,183903000
2011-12-20,94.6887,96.2077,93.2859,96.0449,225418100
2011-12-21,96.0449,96.3782,95.1304,96.2309,194230900
2011-12-22,96.5874,97.1841,96.2774,97.0834,119465400
2011-12-23,97.3934,97.9824,97.1919,97.9514,92187200
2011-12-27,97.7809,98.2846,97.6957,98.0289,86075700
2011-12-28,98.0444,98.0599,96.6649,96.7424,119107100
2011-12-29,97.0601,97.8429,96.7656,97.7421,123507200
2011-12-30,97.6646,97.9049,97.2616,97.2616,95599000
2012-01-03,99.0131,99.4936,98.7574,98.8116,193697900
2012-01-04,98.5791,99.0519,98.1994,98.9666,127186500
2012-01-05,98.4319,99.3774,97.9824,99.2301,173895000
2012-01-06,99.3541,99.3696,98.6489,98.9744,148050000
2012-01-09,99.1991,99.3386,98.7419,99.2146,99530200
2012-01-10,100.2764,100.4779,99.9354,100.0749,115282000
2012-01-11,99.7649,100.2609,99.6022,100.1291,111540700
2012-01-12,100.4159,100.5166,99.6176,100.3694,118983700
2012-01-13,99.6951,100.0129,98.9821,99.8501,179836200
2012-01-17,100.8111,100.9971,99.8966,100.2376,132209200
2012-01-18,100.2143,101.4001,100.0361,101.3458,163395200
2012-01-19,101.6947,101.9659,101.3692,101.8807,126328900
2012-01-20,101.7101,102.2604,101.4621,102.2604,138230200
2012-01-23,101.9194,102.4929,101.5086,101.9969,129295800
2012-01-24,101.3692,101.9117,101.2142,101.8807,103083300
2012-01-25,101.7256,102.9733,101.3303,102.7331,198613200
2012-01-26,103.1903,103.3841,101.8031,102.2061,184880500
2012-01-27,101.7101,102.3379,101.6404,102.1596,135259100
2012-01-30,101.1444,101.8651,100.7956,101.8109,147311800
2012-01-31,102.3146,102.4386,101.2761,101.7721,157212000
2012-02-01,102.5239,103.1826,102.3999,102.6634,166234500
2012-02-02,102.8648,103.0896,102.4619,102.8261,113090400
2012-02-03,103.8491,104.3296,103.6708,104.2676,160598500
2012-02-06,103.8336,104.2443,103.7173,104.1978,107694500
2012-02-07,103.9808,104.6396,103.5701,104.4613,135528100
2012-02-08,104.5156,104.7946,104.0893,104.7713,139361400
2012-02-09,104.9419,105.0813,104.2831,104.9031,148602900
2012-02-10,103.9731,104.2133,103.7251,104.1281,167907500
2012-02-13,104.8721,105.0271,104.4226,104.9031,115841900
2012-02-14,104.6241,104.8333,104.0428,104.7713,165329500
2012-02-15,105.1123,105.2673,104.0738,104.2831,195195100
2012-02-16,104.2908,105.5308,104.1048,105.4378,186567800
2012-02-17,105.8021,105.8873,105.3681,105.7168,129869400
2012-02-21,105.9648,106.2128,105.4378,105.7633,134042300
2012-02-22,105.6006,105.8253,105.2363,105.4223,124455300
2012-02-23,105.3681,105.9648,105.0116,105.8873,137704300
2012-02-24,106.1199,106.3291,105.8874,106.1199,105539100
2012-02-27,105.4146,106.5848,105.2441,106.298,145728900
2012-02-28,106.3291,106.7321,106.1198,106.6081,129355900
2012-02-29,106.7631,107.0963,105.8176,106.1896,185934700
2012-03-01,106.4143,106.9413,106.1198,106.7398,145023500
2012-03-02,106.6701,106.8096,106.1741,106.4143,120638300
2012-03-05,106.2516,106.329,105.6161,105.9803,140765000
2012-03-06,104.8953,104.9573,104.1281,104.4303,202129900
2012-03-07,104.6706,105.3293,104.5698,105.1588,143692200
2012-03-08,105.8021,106.4221,105.5851,106.2051,116968900
2012-03-09,106.4065,106.8948,106.2748,106.6158,122836800
2012-03-12,106.6003,106.7631,106.2438,106.6236,104003500
2012-03-13,107.1971,108.5998,107.0188,108.5456,184090500
2012-03-14,108.5766,108.8478,108.0961,108.4293,145163600
2012-03-15,108.5921,109.1036,108.3131,109.0571,165118500
2012-03-16,109.2548,109.3482,108.9746,109.2081,152893500
2012-03-19,109.138,109.9709,109.0602,109.6362,125291100
2012-03-20,109.0134,109.4493,108.6943,109.317,121729700
2012-03-21,109.3793,109.4805,108.9123,109.138,122388400
2012-03-22,108.3363,108.6243,107.9938,108.3518,135216700
2012-03-23,108.4453,108.8267,107.8459,108.7021,120521000
2012-03-26,109.4805,110.2277,109.4416,110.2277,120164000
2012-03-27,110.3289,110.399,109.8152,109.8852,119868500
2012-03-28,109.8308,110.002,108.6943,109.3404,148562100
2012-03-29,108.6943,109.356,108.2662,109.1536,164963700
2012-03-30,109.6906,109.7918,109.0135,109.605,135486800
2012-04-02,109.4727,110.6948,109.2547,110.4068,151741100
2012-04-03,110.2511,110.4379,109.3093,109.9553,155806700
2012-04-04,109.1458,109.2392,108.4608,108.8656,146896000
2012-04-05,108.492,109.1302,108.3986,108.8111,137439400
2012-04-09,107.4411,108.85,107.2932,107.589,127555900
2012-04-10,107.3788,107.6824,105.6742,105.7831,235360300
2012-04-11,106.8651,107.0597,106.4448,106.6394,154133000
2012-04-12,106.7406,108.1183,106.6627,108.0327,154321500
2012-04-13,107.7836,108.0561,106.6472,106.7484,169246700
2012-04-16,107.2932,107.4489,106.3125,106.6783,147825300
2012-04-17,107.2932,108.4764,107.1842,108.2584,147877600
2012-04-18,107.7758,108.2584,107.7136,107.8926,123884200
2012-04-19,107.9082,108.3129,106.6939,107.1998,198666700
2012-04-20,107.6747,108.0638,107.3166,107.3789,143199600
2012-04-23,106.2813,106.5693,105.8143,106.4759,171844900
2012-04-24,106.5693,107.1531,106.4837,106.8807,137484200
2012-04-25,107.9237,108.3908,107.8303,108.3441,150252200
2012-04-26,108.1105,109.2236,108.0483,109.0991,136291600
2012-04-27,109.426,109.5895,108.8189,109.2781,130725000
2012-04-30,109.0601,109.138,108.5775,108.8733,115092200
2012-05-01,108.8111,110.2667,108.6865,109.5505,138832200
2012-05-02,108.9123,109.3326,108.5542,109.2236,121081000
2012-05-03,109.2392,109.3248,108.1884,108.3907,143759700
2012-05-04,107.8225,108.4297,106.5771,106.6394,193927300
2012-05-07,106.258,107.0753,106.2191,106.7172,127765900
2012-05-08,106.0789,106.4603,105.0203,106.2891,213377700
2012-05-09,105.1604,106.3358,104.6856,105.6586,220752500
2012-05-10,106.3903,106.5226,105.6352,105.8765,150600000
2012-05-11,105.2149,106.5382,105.1682,105.5574,153032400
2012-05-14,104.5455,105.5574,104.2342,104.3898,163910000
2012-05-15,104.3197,104.9347,103.627,103.7904,207629300
2012-05-16,104.2575,104.7323,103.3701,103.3935,207265500
2012-05-17,103.4168,103.5414,101.8056,101.8601,247992900
2012-05-18,102.257,102.4361,100.8404,100.9883,319615900
2012-05-21,101.3152,102.763,101.1517,102.7241,177861100
2012-05-22,102.9887,103.7048,102.2337,102.9031,197531200
2012-05-23,102.1637,103.1055,101.1829,102.9576,204958400
2012-05-24,103.2378,103.4013,102.296,103.16,167357600
2012-05-25,103.1211,103.4091,102.5762,102.8253,135465600
2012-05-29,103.6504,104.2497,102.1014,104.0707,152883500
2012-05-30,103.1833,104.0629,102.3505,102.5606,162370400
2012-05-31,102.5217,103.0977,101.4553,102.3349,196186000
2012-06-01,100.7314,102.3582,99.7584,99.7584,253240900
2012-06-04,99.9374,100.2099,98.9644,99.7117,202545800
2012-06-05,99.5171,100.6147,99.4626,100.4668,164149400
2012-06-06,101.1673,102.7708,101.1361,102.7241,184202800
2012-06-07,103.8917,103.9384,102.5762,102.7863,184772700
2012-06-08,102.5217,103.627,102.1948,103.6037,143915400
2012-06-11,104.4365,104.4988,102.187,102.2882,169756100
2012-06-12,102.5839,103.5336,102.0936,103.4635,181931800
2012-06-13,103.16,103.806,102.4516,102.8019,172223900
2012-06-14,103.0121,104.3042,102.7319,103.8917,230615500
2012-06-15,104.3596,105.0481,104.1405,104.9542,169444500
2012-06-18,104.516,105.4158,104.2813,105.1576,131360900
2012-06-19,105.6897,106.6051,105.1341,106.1748,137382600
2012-06-20,106.1826,106.4877,105.0559,106.0026,206451800
2012-06-21,106.1278,106.2374,103.538,103.6241,205272200
2012-06-22,104.1639,104.6178,103.7649,104.4221,130029200
2012-06-25,103.319,103.3581,102.38,102.7478,146375700
2012-06-26,103.045,103.5771,102.4426,103.2641,141634000
2012-06-27,103.6084,104.3987,103.2563,104.1952,108088000
2012-06-28,103.5067,104.0544,102.7165,103.8979,169242100
2012-06-29,105.7836,106.6207,105.5097,106.4877,212250900
2012-07-02,106.785,106.918,106.0339,106.8085,129524500
2012-07-03,106.7851,107.5909,106.6755,107.5127,80450000
2012-07-05,107.1136,107.8178,106.6364,107.0276,126177500
2012-07-06,105.9948,106.2295,105.5097,106.0105,151192100
2012-07-09,105.9244,106.0731,105.3923,105.8775,103780500
2012-07-10,106.4173,106.5895,104.5943,104.9542,167884800
2012-07-11,105.009,105.3141,104.3596,104.9698,141733400
2012-07-12,104.3595,105.0246,103.7493,104.4613,143583200
2012-07-13,104.7351,106.3234,104.7194,106.2139,129642600
2012-07-16,105.9713,106.2765,105.5488,105.9635,97525200
2012-07-17,106.386,106.9102,105.275,106.6912,138860300
2012-07-18,106.4408,107.6926,106.3782,107.4814,113349700
2012-07-19,107.7005,108.1152,107.3562,107.7631,129847300
2012-07-20,107.1528,107.3171,106.6599,106.7772,142904500
2012-07-23,105.2124,106.7068,104.7194,105.6975,145210900
2012-07-24,105.7757,105.8227,104.0857,104.7899,173301200
2012-07-25,105.009,105.2828,104.2579,104.8134,129122300
2012-07-26,106.3234,106.7694,105.8305,106.5425,156526500
2012-07-27,107.1058,108.8115,106.519,108.5064,236768900
2012-07-30,108.3812,109.0228,108.1856,108.5064,106782000
2012-07-31,108.3578,108.6551,107.7475,107.7475,120575900
2012-08-01,108.5221,108.5455,107.5049,107.6536,138293800
2012-08-02,106.8398,107.6379,106.0808,106.9102,199556600
2012-08-03,108.4125,109.2575,106.9416,109.0306,157825000
2012-08-06,109.3201,109.6722,109.1949,109.2419,86326200
2012-08-07,109.68,110.259,109.5627,109.7896,109545100
2012-08-08,109.4218,110.0478,109.3905,109.9226,89754700
2012-08-09,109.7661,110.2356,109.6566,110.0165,90291700
2012-08-10,109.5705,110.2355,109.3905,110.1964,99792700
2012-08-13,110.0086,110.1964,109.5705,110.1417,79426900
2012-08-14,110.5485,110.619,109.8287,110.1573,102379400
2012-08-15,110.0399,110.4702,109.9695,110.2824,71085900
2012-08-16,110.4389,111.2292,110.1651,111.0962,112014200
2012-08-17,111.284,111.3388,110.9945,111.2449,90813700
2012-08-20,111.0884,111.2762,110.7832,111.2527,78255700
2012-08-21,111.5266,111.9569,110.6737,110.9163,105581100
2012-08-22,110.6346,111.1432,110.3764,110.9632,133243500
2012-08-23,110.6894,110.6972,109.8835,110.0556,111466400
2012-08-24,109.7817,110.971,109.7113,110.7206,99481200
2012-08-27,111.018,111.1667,110.5877,110.7441,68785900
2012-08-28,110.4624,110.9788,110.2981,110.6346,75689600
2012-08-29,110.7285,111.018,110.4155,110.7206,65421300
2012-08-30,110.2434,110.2747,109.6879,109.9226,96589900
2012-08-31,110.5485,110.9632,109.8209,110.4468,151970400
2012-09-04,110.3529,110.6815,109.6409,110.3451,120226200
2012-09-05,110.392,110.6893,110.0321,110.2512,100660300
2012-09-06,110.9163,112.4968,110.9085,112.489,158272500
2012-09-07,112.6767,112.9741,112.575,112.9271,107272100
2012-09-10,112.8175,113.0131,112.2463,112.2855,86458500
2012-09-11,112.3559,112.9583,112.3246,112.5984,88760000
2012-09-12,112.974,113.0992,112.5906,112.974,87640900
2012-09-13,112.9584,115.0475,112.6611,114.6954,225470200
2012-09-14,114.9222,115.8846,114.8283,115.2039,169777000
2012-09-17,114.9692,115.1648,114.5232,114.8127,119427800
2012-09-18,114.6171,114.8675,114.4293,114.7188,98326600
2012-09-19,114.8518,115.1492,114.5545,114.7814,128318300
2012-09-20,114.2572,114.8519,113.9443,114.7893,154009800
2012-09-21,115.347,115.3706,114.6941,114.7413,108737500
2012-09-24,114.1749,114.8278,114.0884,114.5682,95682000
2012-09-25,114.812,115.0323,113.3175,113.349,133165200
2012-09-26,113.3254,113.3568,112.4444,112.7118,146502200
2012-09-27,113.1838,114.0333,112.8849,113.7738,111830300
2012-09-28,113.3412,113.7109,112.8456,113.2468,150696100
2012-10-01,113.6794,114.5997,113.2782,113.5456,135911200
2012-10-02,113.994,114.1749,113.1366,113.6636,113422200
2012-10-03,113.9704,114.3951,113.3726,114.1277,121283100
2012-10-04,114.5603,115.1109,114.403,114.9458,124311600
2012-10-05,115.5594,115.756,114.6076,114.9537,124842100
2012-10-08,114.5289,114.9379,114.3008,114.5603,78415400
2012-10-09,114.4738,114.5682,113.3883,113.4277,148872900
2012-10-10,113.4119,113.522,112.5545,112.704,124247500
2012-10-11,113.4906,113.6558,112.7433,112.7669,123601500
2012-10-12,112.8456,113.231,112.1534,112.3972,124181900
2012-10-15,112.6646,113.4512,112.3028,113.3333,107689100
2012-10-16,113.8681,114.5603,113.7895,114.4817,108815500
2012-10-17,114.5604,115.0953,114.3873,115.0009,128834100
2012-10-18,114.7019,115.2526,114.3165,114.7019,148108500
2012-10-19,114.4896,114.4974,112.5231,112.7905,185645200
2012-10-22,112.6017,113.0107,111.9174,112.8062,125578600
2012-10-23,111.587,111.7443,110.7768,111.2409,192056300
2012-10-24,111.6421,111.7758,110.7532,110.9263,120179400
2012-10-25,111.7129,111.9174,110.5723,111.2488,134457400
2012-10-26,111.1465,111.5713,110.4307,111.1859,146023500
2012-10-31,111.5792,111.7207,110.6588,111.1859,103438500
2012-11-01,111.4218,112.4916,111.3196,112.35,100995600
2012-11-02,113.0186,113.0501,111.233,111.351,137702200
2012-11-05,111.1858,111.8309,110.8555,111.5791,98378500
2012-11-06,111.9174,112.8928,111.7994,112.4523,107068100
2012-11-07,111.4297,111.4454,109.3845,109.9037,264304500
2012-11-08,109.888,110.4464,108.4957,108.5822,181517300
2012-11-09,108.2518,109.6834,108.1968,108.6766,201055300
2012-11-12,109.0148,109.1879,108.5193,108.7631,97677500
2012-11-13,108.1889,109.534,108.0473,108.3855,123018300
2012-11-14,108.7159,108.8889,106.6786,106.9224,191505000
2012-11-15,106.9618,107.363,106.3325,106.7415,178128400
2012-11-16,106.8989,107.481,105.955,107.2686,239483900
2012-11-19,108.4721,109.4553,107.3,109.4396,151495800
2012-11-20,109.2666,109.6677,108.6137,109.4868,119807400
2012-11-21,109.5812,109.7857,109.3609,109.6913,81710800
2012-11-23,110.2262,111.2252,110.1554,111.1859,65409200
2012-11-26,110.6352,111.1937,110.2734,110.9499,100124400
2012-11-27,110.8398,111.2173,110.3127,110.3835,128646200
2012-11-28,109.9351,111.3352,109.3373,111.2723,177086500
2012-11-29,111.6892,112.0982,111.2015,111.7915,151085900
2012-11-30,111.8072,112.0275,111.4297,111.8151,136568300
2012-12-03,112.3264,112.4208,111.178,111.2645,124656300
2012-12-04,111.2566,111.5948,110.8082,111.1071,127512200
2012-12-05,111.2016,111.823,110.415,111.3038,147300500
2012-12-06,111.2016,111.7286,111.0364,111.6814,103220600
2012-12-07,112.114,112.2399,111.4375,112.0196,108726400
2012-12-10,111.8623,112.3343,111.8151,112.0668,98840700
2012-12-11,112.5309,113.3568,112.4759,112.8298,152570400
2012-12-12,113.2703,113.703,112.7276,112.8849,145880100
2012-12-13,112.8141,113.1366,111.9095,112.1927,135715000
2012-12-14,111.9488,112.1533,111.6027,111.7758,137701700
2012-12-17,112.0668,113.1524,112.0354,113.0894,143238200
2012-12-18,113.2703,114.4502,113.1051,114.3479,177762800
2012-12-19,114.4738,114.5132,113.4591,113.4985,150895400
2012-12-20,113.5692,114.167,113.2546,114.1513,168487000
2012-12-21,112.624,114.145,112.4418,113.1152,245883800
2012-12-24,112.8696,112.933,112.6399,112.7666,53874600
2012-12-26,112.9963,113.0518,111.9744,112.2913,106947700
2012-12-27,112.323,112.5527,110.8416,112.1408,167920600
2012-12-28,111.412,112.0299,110.802,110.9287,148806700
2012-12-31,110.6356,112.933,110.5406,112.8141,243935200
2013-01-02,114.953,115.7769,114.652,115.7056,192059000
2013-01-03,115.6501,115.9511,115.1352,115.4441,144761800
2013-01-04,115.6342,116.1412,115.3966,115.9511,116817700
2013-01-07,115.5392,115.7452,115.2065,115.6343,110002500
2013-01-08,115.4283,115.5867,114.85,115.3015,121265100
2013-01-09,115.555,115.9115,115.3728,115.5947,90745600
2013-01-10,116.2363,116.5215,115.6343,116.5136,130735400
2013-01-11,116.4819,116.569,116.1412,116.5056,113917300
2013-01-14,116.3631,116.5057,115.9987,116.4265,89567200
2013-01-15,115.8877,116.6165,115.8164,116.5056,93172600
2013-01-16,116.268,116.672,116.1413,116.4898,104849500
2013-01-17,117.0048,117.5751,116.5691,117.2424,133833500
2013-01-18,117.2186,117.6305,116.7908,117.5038,169906000
2013-01-22,117.5038,118.1376,117.2265,118.1376,111797300
2013-01-23,118.1375,118.4306,117.9236,118.3276,104596100
2013-01-24,118.1534,118.9377,118.0425,118.3594,146426400
2013-01-25,118.7317,119.0248,118.3277,119.0248,147211600
2013-01-28,119.0564,119.0881,118.4385,118.8822,113357700
2013-01-29,118.6445,119.5001,118.5653,119.3496,105694400
2013-01-30,119.3337,119.5714,118.7712,118.8822,137447700
2013-01-31,118.7397,119.1278,118.5099,118.5891,108975800
2013-02-01,119.3416,119.9516,119.1357,119.809,131173000
2013-02-04,119.0803,119.8328,118.3752,118.4624,159073600
2013-02-05,119.104,119.9992,119.0565,119.6585,113912400
2013-02-06,119.2387,119.8249,119.1516,119.7457,138762800
2013-02-07,119.7853,119.8962,118.7159,119.5873,162490000
2013-02-08,119.7932,120.3239,119.7932,120.2527,103133700
2013-02-11,120.2051,120.3319,119.9279,120.2289,73775000
2013-02-12,120.2368,120.6488,120.1022,120.427,65392700
2013-02-13,120.6726,120.8944,120.1893,120.53,82322600
2013-02-14,120.1655,120.7834,120.0308,120.6408,80834300
2013-02-15,120.7518,120.8785,120.0547,120.4983,215226500
2013-02-19,120.7042,121.4251,120.5378,121.4013,95105400
2013-02-20,121.3142,121.3538,119.8249,119.8883,160574800
2013-02-21,119.5873,119.9517,118.7793,119.1595,183257000
2013-02-22,119.7377,120.324,119.2149,120.324,106356600
2013-02-25,120.9102,121.0924,118.0346,118.0346,245824800
2013-02-26,118.605,118.9852,117.8207,118.8426,186596200
2013-02-27,118.7396,120.6726,118.6367,120.3399,150781900
2013-02-28,120.3319,121.1003,119.9437,120.1022,126866000
2013-03-01,119.6903,120.6805,119.1516,120.4983,170634800
2013-03-04,120.221,121.1399,120.0309,121.1399,99010200
2013-03-05,121.7261,122.55,121.7103,122.2252,121431900
2013-03-06,122.6609,122.7242,122.1222,122.3915,94469900
2013-03-07,122.55,122.7718,122.4074,122.6133,86101400
2013-03-08,123.1521,123.3026,122.5183,123.1362,123477800
2013-03-11,123.0411,123.6115,122.8906,123.6036,83746800
2013-03-12,123.5165,123.6591,122.954,123.3264,105755800
2013-03-13,123.3897,123.6749,122.9698,123.5006,92550900
2013-03-14,123.8254,124.2136,123.5085,124.1581,126329900
2013-03-15,124.0101,124.1613,123.5804,123.9942,138601100
2013-03-18,122.8086,123.843,122.6972,123.3099,126704300
2013-03-19,123.5725,123.7396,122.2118,123.0234,167567300
2013-03-20,123.7475,124.0897,123.5406,123.8828,113759300
2013-03-21,123.1428,123.843,122.6176,122.8245,128605000
2013-03-22,123.2144,123.8112,123.1189,123.8112,111163600
2013-03-25,124.1374,124.3443,122.8166,123.294,151322300
2013-03-26,123.8032,124.3124,123.6679,124.2806,86856600
2013-03-27,123.5406,124.3204,123.3337,124.2806,99950600
2013-03-28,124.2012,124.8059,123.9306,124.6627,102932800
2013-04-01,124.5989,124.8536,123.8669,124.1693,99194100
2013-04-02,124.6148,125.0923,124.4239,124.7819,101504300
2013-04-03,124.8535,124.949,123.1905,123.5168,154167400
2013-04-04,123.6759,124.2647,123.4053,124.018,131885000
2013-04-05,122.4982,123.6122,122.355,123.461,159666000
2013-04-08,123.5486,124.3046,123.1349,124.2966,86571200
2013-04-09,124.5273,125.1798,124.1136,124.7262,101922200
2013-04-10,125.0604,126.4131,125.0286,126.254,135711100
2013-04-11,126.2778,127.0815,126.1505,126.6677,110142500
2013-04-12,126.262,126.5484,125.6572,126.3575,116359900
2013-04-15,125.7208,125.8243,123.4133,123.4292,217259000
2013-04-16,124.3603,125.3151,124.0579,125.2515,147507800
2013-04-17,124.3602,124.3841,122.7609,123.4213,226834800
2013-04-18,123.6281,123.66,122.18,122.6494,167583200
2013-04-19,122.9359,123.7714,122.6335,123.7157,149687600
2013-04-22,123.9544,124.5591,123.1348,124.2647,106553500
2013-04-23,124.8854,125.6652,124.2647,125.5458,166141300
2013-04-24,125.5856,125.9596,125.3549,125.6254,96781200
2013-04-25,125.9914,126.7314,125.8004,126.1346,131060600
2013-04-26,125.9835,126.1983,125.506,125.9119,95918800
2013-04-29,126.254,127.0338,126.0551,126.7553,88572800
2013-04-30,126.7314,127.0895,126.2063,127.0576,116010700
2013-05-01,126.7792,126.8428,125.8005,125.9437,138874200
2013-05-02,126.262,127.2248,126.1426,127.1134,96407600
2013-05-03,128.2194,128.8082,127.1373,128.4024,144202300
2013-05-06,128.4979,128.9117,128.4422,128.7287,66882100
2013-05-07,129.0071,129.4209,128.6411,129.3811,90359200
2013-05-08,129.2379,130.0097,129.1663,129.9699,97419200
2013-05-09,129.9142,130.2564,129.2777,129.6039,106738600
2013-05-10,129.6914,130.137,129.3095,130.0256,103203000
2013-05-13,129.8585,130.3439,129.5562,130.1291,81843200
2013-05-14,130.2325,131.5693,130.2325,131.4738,119000900
2013-05-15,131.2589,132.4445,131.2191,132.1819,120718500
2013-05-16,131.9115,132.373,131.3625,131.5614,109913600
2013-05-17,132.0467,132.914,131.8716,132.8344,129801000
2013-05-20,132.7072,133.3437,132.5719,132.8265,85071200
2013-05-21,132.9458,133.5187,132.4843,133.0174,95804200
2013-05-22,133.1527,134.5293,131.4261,132.0308,244031800
2013-05-23,130.6224,132.0149,130.4474,131.6489,211064400
2013-05-24,130.8691,131.5932,130.4792,131.5375,151573900
2013-05-28,132.914,133.5028,131.9353,132.3252,143679800
2013-05-29,131.625,131.9274,130.7656,131.4659,160363400
2013-05-30,131.5693,132.556,131.4659,131.9512,107793800
2013-05-31,131.5852,132.3332,129.8028,130.0574,176850100
2013-06-03,130.3598,130.8611,129.4288,130.7736,168390700
2013-06-04,130.8452,131.3704,129.4846,130.145,157631500
2013-06-05,129.771,130.0336,128.2114,128.3228,211737800
2013-06-06,128.2671,129.4925,127.5112,129.4845,200225500
2013-06-07,130.3758,131.251,129.8108,131.1317,188337800
2013-06-10,131.5375,131.6091,130.7895,131.1317,105667100
2013-06-11,129.9381,130.9248,129.4925,129.779,159505400
2013-06-12,130.6701,130.8054,128.5854,128.7048,177361500
2013-06-13,128.6332,130.893,128.3467,130.6622,163587800
2013-06-14,130.5189,131.0282,129.6278,129.8426,141197500
2013-06-17,130.7258,131.4658,129.8744,130.8452,136295600
2013-06-18,130.9168,132.0785,130.9089,131.8796,114695600
2013-06-19,131.7682,131.999,130.0018,130.0574,206149500
2013-06-20,128.7923,130.0734,126.5006,126.8348,321255900
2013-06-21,127.698,127.794,125.9622,127.242,271956800
2013-06-24,125.9142,126.7301,124.5704,125.6342,222329000
2013-06-25,126.7701,128.0659,125.9222,126.8421,162262200
2013-06-26,127.882,128.3859,127.386,128.0979,134848000
2013-06-27,128.8659,129.4418,128.7459,128.8499,129483700
2013-06-28,128.4899,129.1058,127.874,128.3219,160402900
2013-07-01,128.9939,129.9698,128.8499,129.0739,131954800
2013-07-02,128.8818,129.8257,128.3859,128.9538,154863700
2013-07-03,128.3699,129.4018,128.1619,129.0098,75216400
2013-07-05,129.9617,130.4496,129.0258,130.4017,122416900
2013-07-08,131.0736,131.4975,130.4496,131.1456,108092500
2013-07-09,131.9695,132.2495,131.4016,132.0895,119298000
2013-07-10,131.9615,132.5854,131.6895,132.1375,121410100
2013-07-11,133.6733,134.0733,132.1295,133.9373,135592200
2013-07-12,133.8973,134.3292,133.6893,133.9933,104212700
2013-07-15,134.3613,134.6972,134.1293,134.5053,69450600
2013-07-16,134.5932,134.6732,133.6413,134.0013,88702100
2013-07-17,134.5132,134.7692,134.1692,134.3452,92873900
2013-07-18,134.6332,135.4012,134.5453,135.0812,103620100
2013-07-19,134.8012,135.3691,134.6332,135.3212,103831700
2013-07-22,135.5131,135.7771,135.1931,135.5851,79428600
2013-07-23,135.8251,135.8491,135.2252,135.2971,80829700
2013-07-24,135.8171,135.8731,134.5292,134.8012,112914000
2013-07-25,134.5612,135.2491,134.3372,135.1291,111088600
2013-07-26,134.5612,135.3132,134.0013,135.2732,107814600
2013-07-29,134.9291,135.2331,134.4731,134.8571,79695000
2013-07-30,135.2651,135.409,134.5371,134.8571,85209600
2013-07-31,135.1371,135.8651,134.7772,134.9532,142388700
2013-08-01,135.9771,136.633,135.9051,136.5131,110438400
2013-08-02,136.2091,136.761,136.0251,136.745,91116700
2013-08-05,136.441,136.7529,136.265,136.5449,54072700
2013-08-06,136.281,136.577,135.4651,135.7691,87495000
2013-08-07,135.3371,135.529,134.8251,135.3291,84854700
2013-08-08,135.969,136.129,135.1291,135.825,102181300
2013-08-09,135.6491,136.0651,134.9612,135.4331,91757700
2013-08-12,134.7532,135.4331,134.6892,135.2732,68593300
2013-08-13,135.5131,135.905,134.7132,135.6731,80806000
2013-08-14,135.6091,135.8251,134.9452,134.9772,79829200
2013-08-15,133.9133,133.9293,132.8574,133.0894,152931800
2013-08-16,132.8334,133.2893,132.3854,132.6494,130868200
2013-08-19,132.4974,132.9533,131.7935,131.8015,96437600
2013-08-20,132.0175,132.9454,131.8735,132.4494,89294400
2013-08-21,132.0815,132.8094,131.3376,131.6336,159530500
2013-08-22,131.9055,133.0254,131.8975,132.8334,101471400
2013-08-23,133.2254,133.4493,132.6014,133.2814,90888900
2013-08-26,133.4173,133.8253,132.6974,132.7854,89702100
2013-08-27,131.4736,132.7854,130.5537,130.6497,158619400
2013-08-28,130.5936,131.5775,130.4257,131.1136,108113000
2013-08-29,130.8257,132.0176,130.7057,131.3216,119200500
2013-08-30,131.5936,131.6096,130.5217,130.9056,134928900
2013-09-03,132.1695,132.4494,130.9456,131.4975,142375100
2013-09-04,131.5295,132.8094,131.2896,132.5854,97389400
2013-09-05,132.6654,133.1054,132.5694,132.7534,63090500
2013-09-06,133.1934,133.5693,131.5696,132.8174,159756500
2013-09-09,133.1454,134.1693,133.1454,134.0893,87559300
2013-09-10,134.8972,135.1052,134.5932,135.0812,105847200
2013-09-11,134.8972,135.5051,134.6652,135.5051,94545900
2013-09-12,135.4571,135.6331,134.9612,135.1452,83209000
2013-09-13,135.2891,135.5531,134.9772,135.4491,72727800
2013-09-16,136.913,136.977,136.0171,136.233,106299200
2013-09-17,136.353,136.873,136.353,136.841,82523300
2013-09-18,136.793,138.8008,136.449,138.4248,203460600
2013-09-19,138.8007,138.8647,138.0568,138.1928,146616900
2013-09-20,138.5207,138.5207,137.1141,137.2266,132867100
2013-09-23,137.0417,137.1703,136.1575,136.5916,104616500
2013-09-24,136.5675,137.0739,136.0128,136.2701,106333100
2013-09-25,136.3586,136.6319,135.7557,135.8763,117306500
2013-09-26,136.1014,136.7846,135.8843,136.3988,77146900
2013-09-27,135.7154,135.9566,135.418,135.7717,99141800
2013-09-30,134.6223,135.4743,134.357,135.0483,143937000
2013-10-01,135.1528,136.246,135.0162,136.1174,127160000
2013-10-02,135.3216,136.1173,134.9036,135.9887,113350000
2013-10-03,135.6753,135.7959,134.1079,134.7348,176698000
2013-10-04,134.8394,135.8924,134.6625,135.7557,96878000
2013-10-07,134.574,135.402,134.4374,134.5821,96295000
2013-10-08,134.5579,134.7348,132.9182,133.0146,178015000
2013-10-09,133.272,133.5935,132.2511,133.1112,168973000
2013-10-10,134.4696,136.0531,134.4214,135.9808,195955000
2013-10-11,135.7717,136.9051,135.6592,136.8569,105040000
2013-10-14,136.0129,137.516,135.9084,137.4035,112106000
2013-10-15,137.0578,137.5722,136.2218,136.4067,155485000
2013-10-16,137.2267,138.3842,137.1624,138.3118,161676000
2013-10-17,137.7491,139.3165,137.725,139.2361,129389000
2013-10-18,139.7505,140.273,139.4692,140.1765,138316000
2013-10-21,140.2248,140.466,139.8711,140.1846,104104000
2013-10-22,140.5946,141.4145,140.2088,140.9965,126663000
2013-10-23,140.5142,140.5785,139.831,140.3213,105484000
2013-10-24,140.6026,140.9643,140.2731,140.7875,70350000
2013-10-25,141.0768,141.4707,140.8036,141.4305,93625000
2013-10-28,141.3824,141.8486,141.2297,141.6557,84979000
2013-10-29,141.9772,142.4675,141.7762,142.4112,87401000
2013-10-30,142.58,142.6844,141.1974,141.7038,140002000
2013-10-31,141.5914,142.1862,141.093,141.302,133795000
2013-11-01,141.4869,141.9611,140.8438,141.6396,142805000
2013-11-04,142.0254,142.1942,141.4547,142.1379,85677000
2013-11-05,141.5833,142.0736,141.1251,141.6878,85825000
2013-11-06,142.2987,142.6765,141.9048,142.4112,87348000
2013-11-07,142.6765,142.789,140.474,140.6107,157000000
2013-11-08,140.5624,142.5237,140.5464,142.5076,136713000
2013-11-11,142.371,142.7006,142.2022,142.5318,62614000
2013-11-12,142.2263,142.5639,141.7682,142.2424,83990000
2013-11-13,141.5431,143.424,141.5431,143.3838,103844000
2013-11-14,143.5124,144.2198,143.2793,144.0992,103435000
2013-11-15,144.3323,144.7825,144.1475,144.7262,102818000
2013-11-18,144.9674,145.0879,143.8983,144.2198,104796000
2013-11-19,144.1475,144.5815,143.6571,143.9063,93891000
2013-11-20,144.1957,144.6297,143.0623,143.4562,124909000
2013-11-21,143.858,144.7261,143.7696,144.6136,92841000
2013-11-22,144.6699,145.3531,144.5011,145.337,81296000
2013-11-25,145.5943,145.6264,144.9834,145.1924,79486000
2013-11-26,145.2648,145.6667,145.0156,145.2326,86994000
2013-11-27,145.3853,145.6827,145.2085,145.5863,58800000
2013-11-29,145.7471,146.0927,145.3291,145.4898,55870900
2013-12-02,145.5622,145.8355,144.887,145.112,99726000
2013-12-03,144.6378,144.9995,144.0188,144.485,116563000
2013-12-04,143.9626,145.0718,143.3597,144.469,123033000
2013-12-05,144.2117,144.477,143.6973,143.8339,106934000
2013-12-06,145.2246,145.5782,144.8066,145.4416,127728000
2013-12-09,145.8676,146.0284,145.6184,145.8113,70124000
2013-12-10,145.4738,145.7792,145.2005,145.2889,80976000
2013-12-11,145.3451,145.3692,143.4803,143.6571,130591000
2013-12-12,143.5928,143.7697,142.8855,143.1829,115565000
2013-12-13,143.4803,143.6089,142.8935,143.1668,107808000
2013-12-16,143.842,144.5333,143.8018,144.059,96195000
2013-12-17,144.1876,144.2117,143.2793,143.6008,89886000
2013-12-18,143.8179,146.0766,142.5318,146.0525,234906000
2013-12-19,145.6345,146.0524,145.2567,145.8837,136531200
2013-12-20,146.0291,147.0798,145.9322,146.7323,197087000
2013-12-23,147.4515,147.6051,147.1444,147.5162,85598000
2013-12-24,147.5242,147.9041,147.5162,147.8394,45368800
2013-12-26,148.1709,148.6719,148.1547,148.5911,63365000
2013-12-27,148.785,148.8497,148.4294,148.583,61814000
2013-12-30,148.5991,148.7203,148.3647,148.5587,56857000
2013-12-31,148.7608,149.2619,148.6477,149.2619,86119900
2014-01-02,148.6881,148.7608,147.4758,147.8314,119636900
2014-01-03,148.0819,148.381,147.597,147.8072,81390600
2014-01-06,148.2921,148.3486,147.1525,147.3788,108028200
2014-01-07,147.9688,148.5345,147.8557,148.284,86144200
2014-01-08,148.2597,148.5668,147.8071,148.3163,96582300
2014-01-09,148.7931,148.8093,147.7344,148.4133,90683400
2014-01-10,148.6638,148.882,147.9041,148.8174,102026400
2014-01-13,148.4375,148.8496,146.5544,146.8373,149892000
2014-01-14,147.3222,148.5183,147.0474,148.4375,105016100
2014-01-15,148.785,149.4639,148.4699,149.2376,98525800
2014-01-16,148.9305,149.2376,148.5669,149.0437,72290600
2014-01-17,148.785,149.0679,148.1547,148.4133,107848700
2014-01-21,149.27,149.3265,147.9365,148.8497,88621200
2014-01-22,149.1002,149.1649,148.6315,148.9467,61270900
2014-01-23,148.1951,148.2193,146.9424,147.7263,132496900
2014-01-24,146.7646,146.8131,144.5259,144.5744,208677100
2014-01-27,144.7119,145.0836,143.144,143.8633,180843100
2014-01-28,143.9683,144.9058,143.9521,144.7199,110463200
2014-01-29,143.5158,144.2997,142.9501,143.3299,216597300
2014-01-30,144.5259,145.3179,144.0653,144.8492,118938100
2014-01-31,143.0551,144.8977,142.9823,144.0006,194677900
2014-02-03,143.831,144.1542,140.4851,140.7599,254837100
2014-02-04,141.3902,142.1095,140.7113,141.7458,165012400
2014-02-05,141.2528,141.8832,140.388,141.568,164230500
2014-02-06,141.8993,143.4349,141.6084,143.4349,132877600
2014-02-07,144.1057,145.3664,143.637,145.2129,170787200
2014-02-10,145.2291,145.5281,144.8331,145.4796,92218800
2014-02-11,145.6008,147.4435,145.5038,147.0717,117814100
2014-02-12,147.2898,147.7586,146.8534,147.1444,94717700
2014-02-13,146.1504,148.0577,146.1423,147.9041,100542200
2014-02-14,147.7668,148.9952,147.6294,148.7204,96498400
2014-02-18,148.8497,149.1003,148.4214,148.8982,80460900
2014-02-19,148.5102,149.472,147.791,147.9122,126524300
2014-02-20,148.1142,149.1245,147.5728,148.785,104998100
2014-02-21,149.0679,149.4235,148.5425,148.6153,118116400
2014-02-24,148.9305,150.4418,148.8659,149.4397,114063900
2014-02-25,149.5609,149.9892,148.8901,149.3831,117085000
2014-02-26,149.6013,149.9973,148.9709,149.3911,98677200
2014-02-27,149.1729,150.2155,149.0032,150.1751,93880800
2014-02-28,150.1509,151.25,149.5528,150.555,150842000
2014-03-03,149.2295,149.8761,148.5022,149.4962,167748500
2014-03-04,150.959,151.9207,150.9266,151.5974,167545900
2014-03-05,151.7268,151.9935,151.4924,151.7349,88376900
2014-03-06,152.1067,152.4299,151.7591,152.0824,82516500
2014-03-07,152.7128,152.7128,151.4762,152.147,114513500
2014-03-10,151.9127,152.1228,151.1934,152.0662,74939200
2014-03-11,152.2925,152.5107,150.9671,151.3146,99009100
2014-03-12,150.5792,151.4116,150.2397,151.355,104824400
2014-03-13,151.8076,151.9288,149.2376,149.6578,155014300
2014-03-14,149.3912,150.1589,149.0598,149.2376,153919600
2014-03-17,149.9892,150.9429,149.9246,150.5873,98359500
2014-03-18,150.8944,151.8642,150.7327,151.6621,101804600
2014-03-19,151.6783,151.8884,149.8922,150.854,176267300
2014-03-20,150.5226,151.848,150.2559,151.7349,117241000
2014-03-21,152.372,153.4354,151.0083,151.1463,163128000
2014-03-24,151.6659,151.8526,149.8638,150.5213,121411000
2014-03-25,151.2843,151.747,150.3914,151.2356,103852000
2014-03-26,151.8282,152.0717,150.1073,150.1479,119843000
2014-03-27,149.9693,150.4482,149.2793,149.8313,142383000
2014-03-28,150.2616,151.325,150.1723,150.5701,101642000
2014-03-31,151.5278,152.0392,150.5943,151.8038,99745000
2014-04-01,152.299,152.8997,151.7957,152.8104,89193000
2014-04-02,153.0053,153.5248,152.7211,153.3218,78774000
2014-04-03,153.5572,153.5978,152.648,153.1189,77435000
2014-04-04,153.955,153.9875,151.0652,151.3088,169381000
2014-04-07,150.9434,151.195,149.328,149.6365,140803000
2014-04-08,149.5716,150.497,149.0277,150.2535,112660000
2014-04-09,150.6593,151.9175,150.221,151.8688,100254000
2014-04-10,151.8607,151.9337,148.4919,148.6786,172959000
2014-04-11,147.8507,148.8897,147.1769,147.3393,167251000
2014-04-14,148.492,148.8491,147.2825,148.5001,132382000
2014-04-15,148.8085,149.6284,147.3393,149.5229,157093000
2014-04-16,150.5537,151.0976,149.8881,151.0895,105197000
2014-04-17,150.8866,151.7227,150.6269,151.3006,105255000
2014-04-21,151.3412,151.8769,151.1545,151.8282,68329000
2014-04-22,151.9824,152.9321,151.9012,152.5181,85790000
2014-04-23,152.4614,152.5425,152.0393,152.161,73869000
2014-04-24,152.9079,152.9241,151.739,152.4695,88170000
2014-04-25,151.9743,152.0636,150.8785,151.2194,100380000
2014-04-28,151.8363,152.3558,150.1398,151.6983,135121000
2014-04-29,152.1854,152.64,151.8607,152.4046,84098000
2014-04-30,152.1529,153.0134,151.9419,152.8591,101508000
2014-05-01,152.7861,153.2894,152.3883,152.8754,93019000
2014-05-02,152.8591,153.5328,152.4289,152.6562,98122000
2014-05-05,151.9094,153.054,151.4873,152.9484,75883000
2014-05-06,152.6075,152.7131,151.5847,151.6172,85454000
2014-05-07,152.1286,152.5832,150.9922,152.5101,106500000
2014-05-08,152.3721,153.4598,151.8607,152.3477,93618000
2014-05-09,152.3721,152.64,151.6578,152.575,83679000
2014-05-12,153.2569,154.1336,152.6075,154.0605,86940000
2014-05-13,154.2635,154.5719,154.0443,154.1985,66454000
2014-05-14,154.0606,154.1336,153.2488,153.468,72367000
2014-05-15,153.1594,153.1919,151.3736,152.1204,154956000
2014-05-16,152.2097,152.713,151.5685,152.6481,97458000
2014-05-19,152.3559,153.33,152.2179,153.2082,63839000
2014-05-20,153.1352,153.1514,151.8526,152.2423,111644000
2014-05-21,152.6806,153.5978,152.6562,153.5248,89093000
2014-05-22,153.5653,154.2147,153.3056,153.8981,61549000
2014-05-23,154.0362,154.6206,153.8982,154.5151,61092800
2014-05-27,155.0914,155.5135,155.0021,155.4648,72010000
2014-05-28,155.4648,155.7083,155.0914,155.3512,66723000
2014-05-29,155.7084,156.1792,155.3106,156.1548,64377000
2014-05-30,156.0086,156.5038,155.8788,156.4064,76316000
2014-06-02,156.6256,156.6581,155.8301,156.585,64656000
2014-06-03,156.2035,156.585,156.0574,156.5039,65047000
2014-06-04,156.236,156.9097,156.0736,156.8204,55529000
2014-06-05,156.999,158.0056,156.4227,157.8432,92103000
2014-06-06,158.1841,158.6387,158.1111,158.5981,78696000
2014-06-09,158.5738,159.142,158.4277,158.7605,65119000
2014-06-10,158.5657,158.8092,158.2247,158.7767,57129000
2014-06-11,158.2085,158.3871,157.8676,158.2247,68772000
2014-06-12,158.038,158.1273,156.7554,157.1045,106350000
2014-06-13,157.413,157.7377,156.9097,157.5835,82017000
2014-06-16,157.3887,158.0462,157.202,157.7134,87424000
2014-06-17,157.4942,158.2654,157.3238,158.1517,84834000
2014-06-18,158.1517,159.4018,157.8027,159.3125,105267000
2014-06-19,159.4505,159.5885,158.9391,159.4911,85929000
2014-06-20,159.8883,159.9454,159.6191,159.8149,100587000
2014-06-23,159.8557,159.9046,159.4723,159.7659,70611000
2014-06-24,159.4804,160.2716,158.624,158.8035,96237000
2014-06-25,158.4691,159.6844,158.4364,159.5212,82782000
2014-06-26,159.5457,159.562,158.3386,159.407,84312000
2014-06-27,159.0318,159.7659,158.9584,159.7169,71445100
2014-06-30,159.6191,160.0025,159.4804,159.6354,70201200
2014-07-01,160.0269,161.1933,159.9698,160.7039,90470000
2014-07-02,160.7203,161.071,160.6469,160.8671,52475000
2014-07-03,161.3237,161.7315,161.2014,161.6581,52938800
2014-07-07,161.3483,161.4788,160.8589,161.0954,61696000
2014-07-08,160.8018,160.8589,159.668,160.0595,108143000
2014-07-09,160.4592,160.9241,160.1167,160.7773,72992000
2014-07-10,159.2276,160.5652,159.0971,160.1411,99040000
2014-07-11,160.0432,160.4755,159.6844,160.3613,64243000
2014-07-14,161.1769,161.3808,161.0383,161.1688,58658000
2014-07-15,161.2667,161.5767,160.1575,160.8671,111307000
2014-07-16,161.5847,161.7071,161.0219,161.4624,79986400
2014-07-17,160.9648,161.5766,159.3988,159.6272,145398000
2014-07-18,160.1492,161.4216,160.0595,161.2585,124330000
2014-07-21,160.7529,161.0873,160.2145,160.9568,67592000
2014-07-22,161.5032,161.9518,161.389,161.6581,67678000
2014-07-23,161.9029,162.1883,161.5766,162.0171,65612000
2014-07-24,162.1721,162.3597,161.8621,162.0252,56888000
2014-07-25,161.5684,161.7071,160.9486,161.2666,76837000
2014-07-28,161.2993,161.5684,160.3695,161.3319,69259000
2014-07-29,161.6337,161.8621,160.6142,160.6387,80466000
2014-07-30,161.2095,161.4216,159.9942,160.663,104222000
2014-07-31,159.5457,159.6843,157.3924,157.4903,183479000
2014-08-01,157.058,158.0368,156.2506,157.0091,189261000
2014-08-04,157.3109,158.4772,156.6421,158.1428,91340000
2014-08-05,157.4984,157.9063,156.0385,156.6094,152690000
2014-08-06,155.8753,157.3272,155.8509,156.6584,94818000
2014-08-07,157.368,157.523,155.4186,155.8101,135733000
2014-08-08,156.1608,157.7187,155.7449,157.6127,117014000
2014-08-11,158.208,158.7708,157.9959,158.0694,74544000
2014-08-12,157.9144,158.3549,157.368,157.8492,73632000
2014-08-13,158.4691,159.0971,158.1999,158.9177,69047000
2014-08-14,159.1787,159.668,159.0318,159.668,57371000
2014-08-15,160.2471,160.394,158.4854,159.6354,139951000
2014-08-18,160.5162,161.0464,160.4265,160.973,75424000
2014-08-19,161.3646,161.9355,161.0383,161.8132,59135000
2014-08-20,161.5929,162.4412,161.5603,162.2455,72763000
2014-08-21,162.3841,162.9306,162.2536,162.7185,67791000
2014-08-22,162.5881,162.8735,162.0987,162.4657,76107000
2014-08-25,163.2405,163.6075,162.433,163.2894,63855000
2014-08-26,163.3955,163.7952,163.3547,163.3955,47298000
2014-08-27,163.4771,163.5913,163.0774,163.3303,47874000
2014-08-28,162.7919,163.3465,162.6287,163.2405,58330000
2014-08-29,163.4933,163.7217,162.9795,163.7054,65907000
2014-09-02,163.9175,163.9419,163.0121,163.6238,72426000
2014-09-03,164.2519,164.2764,163.3058,163.5342,57462000
2014-09-04,163.8115,164.415,162.849,163.2976,85236000
2014-09-05,163.265,164.0969,162.6451,164.0317,102177000
2014-09-08,163.8767,164.1132,163.1263,163.6075,64146000
2014-09-09,163.4607,163.5749,162.2373,162.5717,88591000
2014-09-10,162.6614,163.2894,162.1231,163.1834,67251000
2014-09-11,162.5309,163.3955,162.4085,163.371,66774400
2014-09-12,163.2079,163.2242,161.9518,162.4167,117409300
2014-09-15,162.4411,162.5716,161.8049,162.2943,76401000
2014-09-16,161.9926,163.8115,161.9029,163.5178,116201000
2014-09-17,163.7544,164.4966,162.9224,163.7381,151266000
2014-09-18,164.2356,164.6353,164.0235,164.6108,94990000
2014-09-19,165.1344,165.4458,164.1265,164.4625,121649000
2014-09-22,164.1757,164.2003,162.8482,163.1923,125553000
2014-09-23,162.6023,163.2825,162.209,162.2582,111393000
2014-09-24,162.2828,163.6349,161.8567,163.5283,107276000
2014-09-25,163.1022,163.1104,160.8323,160.8897,150300000
2014-09-26,161.1847,162.5696,160.9553,162.168,103547000
2014-09-29,160.7749,162.1598,160.652,161.873,95112000
2014-09-30,161.9959,162.4958,161.1109,161.4469,131302000
2014-10-01,161.1847,161.2421,158.8985,159.259,177798000
2014-10-02,159.1197,159.8408,157.6201,159.2836,157285000
2014-10-03,160.3488,161.3814,159.8572,161.0372,121569000
2014-10-06,161.7091,161.9222,160.2669,160.8487,104778000
2014-10-07,160.0211,160.3816,158.333,158.3658,147913000
2014-10-08,158.4559,161.365,157.6283,161.1355,186461000
2014-10-09,160.8815,161.1027,157.8085,157.9397,210705000
2014-10-10,157.8987,158.6854,156.0959,156.1369,221909000
2014-10-13,156.0713,156.6367,153.4819,153.572,230939000
2014-10-14,154.3997,155.5469,153.2688,153.8097,215847000
2014-10-15,151.7283,153.8015,149.0733,152.769,380715000
2014-10-16,150.0075,153.7114,149.8682,152.6379,270391000
2014-10-17,154.3996,155.4895,153.7441,154.4406,214625000
2014-10-20,154.1621,156.0632,154.1129,155.9403,130011000
2014-10-21,157.0711,159.1361,156.9072,159.0295,154949000
2014-10-22,159.3082,159.7179,157.8332,157.8987,151822000
2014-10-23,159.4802,160.7749,159.1852,159.7342,154944000
2014-10-24,159.9965,161.0126,159.3737,160.9634,117927000
2014-10-27,160.3898,160.9798,159.8162,160.7422,82954000
2014-10-28,161.283,162.5941,161.2092,162.5859,106736000
2014-10-29,162.7007,163.1678,161.2667,162.3401,142557000
2014-10-30,161.9059,163.8479,161.7584,163.3809,113330000
2014-10-31,165.3475,165.3803,164.5199,165.2492,146903000
2014-11-03,165.4622,165.8965,164.9624,165.3393,93600000
2014-11-04,164.8967,165.1999,163.938,164.7656,93343000
2014-11-05,165.9702,166.0112,165.077,165.8063,91709000
2014-11-06,165.8473,166.5602,165.2327,166.4701,107089000
2014-11-07,166.4865,166.8389,166.0276,166.6258,89540000
2014-11-10,166.6585,167.1994,166.4537,167.1502,66319000
2014-11-11,167.2158,167.4206,166.8798,167.3141,54499400
2014-11-12,166.634,167.3633,166.6012,167.1339,90120300
2014-11-13,167.2977,167.8468,166.5193,167.3223,85357900
2014-11-14,167.2485,167.5681,166.9372,167.3633,80417500
2014-11-17,167.0437,167.6419,166.8798,167.4698,80441000
2014-11-18,167.5271,168.7399,167.5271,168.4367,76068100
2014-11-19,168.2401,168.4367,167.4124,168.1663,82373000
2014-11-20,167.3797,168.5679,167.3141,168.4613,72840300
2014-11-21,170.1494,170.3133,168.7892,169.3628,142327300
2014-11-24,169.7643,169.9445,169.5512,169.838,65880800
2014-11-25,170.0675,170.2723,169.4611,169.7151,79108300
2014-11-26,169.8626,170.2478,169.6496,170.1494,62167800
2014-11-28,170.0265,170.3379,169.5512,169.7889,57890100
2014-12-01,169.1333,169.248,168.2975,168.6089,103968400
2014-12-02,168.6499,169.9036,168.6253,169.6987,74507200
2014-12-03,169.8707,170.5673,169.7069,170.3542,68952000
2014-12-04,170.0674,170.6656,169.3791,170.1658,91316600
2014-12-05,170.3378,170.8295,170.0756,170.4444,91025500
2014-12-08,170.0511,170.5427,168.7481,169.3054,108588200
2014-12-09,167.4698,169.2972,167.0929,169.1906,125180100
2014-12-10,168.7318,168.7891,166.2898,166.4783,159856400
2014-12-11,167.0683,168.9612,166.929,167.3223,159012800
2014-12-12,166.0522,167.0192,164.5854,164.6182,202330200
2014-12-15,165.5113,165.962,162.8891,163.4873,189965800
2014-12-16,162.7252,165.8555,162.1352,162.1762,259543800
2014-12-17,162.6106,165.8064,162.4876,165.3557,253910100
2014-12-18,167.773,174.517,167.1011,169.4447,257633900
2014-12-19,170.0915,170.833,169.4158,170.1656,245084600
2014-12-22,170.3552,170.9484,170.1162,170.9484,148318900
2014-12-23,171.5252,171.5747,170.8908,171.1792,122167900
2014-12-24,171.4016,171.6653,171.1544,171.1956,42963400
2014-12-26,171.6406,172.0856,171.5912,171.7477,57326700
2014-12-29,171.5664,172.1844,171.5005,171.9784,79643900
2014-12-30,171.5582,171.69,170.9814,171.0555,73540800
2014-12-31,171.3769,171.5417,169.2346,169.3582,130333800
2015-01-02,170.0503,170.4623,168.2376,169.2676,121465900
2015-01-05,168.2293,168.3941,165.9057,166.2106,169632600
2015-01-06,166.5155,167.0346,163.8541,164.6451,209151400
2015-01-07,165.9634,167.0346,165.5185,166.6967,125346700
2015-01-08,168.0975,169.8691,168.0811,169.6548,147217800
2015-01-09,170.0668,170.0833,167.6855,168.2953,158567300
2015-01-12,168.4271,168.5837,166.3755,166.9769,144396100
2015-01-13,168.1881,169.3087,165.2136,166.5072,214553300
2015-01-14,164.505,165.6997,163.6151,165.502,192991100
2015-01-15,166.1365,166.4496,163.8705,163.9859,176613900
2015-01-16,163.7799,166.293,163.5986,166.1365,211879600
2015-01-20,166.7709,167.0346,164.9335,166.4908,130991100
2015-01-21,166.0293,167.8091,165.5679,167.3312,122942700
2015-01-22,168.0811,169.9515,166.7133,169.8197,174356000
2015-01-23,169.5641,169.8196,168.7566,168.8885,117516800
2015-01-26,168.6743,169.3746,167.9657,169.284,92009700
2015-01-27,167.2405,168.1881,166.2271,167.051,134044600
2015-01-28,168.2294,168.3282,164.7193,164.9088,168514300
2015-01-29,165.1065,166.6885,163.7057,166.4331,173585400
2015-01-30,165.263,166.5814,164.0765,164.3402,197729700
2015-02-02,164.8345,166.466,163.03,166.3754,163107000
2015-02-03,167.2653,168.7896,166.8945,168.7814,124212900
2015-02-04,168.0233,169.2263,167.6855,168.1387,134306700
2015-02-05,168.7979,169.9844,168.7237,169.8361,97953200
2015-02-06,170.1986,170.7589,168.8473,169.3664,125672000
2015-02-09,168.7237,169.4406,168.2046,168.6084,87219000
2015-02-10,169.6383,170.66,168.6496,170.4046,96164200
2015-02-11,170.2398,170.9319,169.5971,170.5034,91087800
2015-02-12,171.2945,172.2009,170.5365,172.1432,97545900
2015-02-13,172.2668,172.9012,172.0113,172.8518,93670400
2015-02-17,172.5387,173.2967,172.2915,173.1237,76968200
2015-02-18,172.7529,173.2143,172.4892,173.1402,80652900
2015-02-19,172.5469,173.3791,172.4068,173.0166,91462500
2015-02-20,172.6046,174.1289,171.9866,174.0548,140896400
2015-02-23,173.8076,174.03,173.4285,174.03,74411100
2015-02-24,173.9559,174.7222,173.6593,174.5245,72472300
2015-02-25,174.4008,174.8787,174.0383,174.3761,73061700
2015-02-26,174.2855,174.442,173.5686,174.1701,72697900
2015-02-27,174.0712,174.3349,173.5274,173.5768,108076000
2015-03-02,173.6757,174.7304,173.6263,174.6727,87491400
2015-03-03,174.2443,174.7222,173.099,173.9559,110325800
2015-03-04,173.3626,173.4368,172.2585,173.2226,114497200
2015-03-05,173.5439,173.6922,172.9095,173.4121,76873000
2015-03-06,172.5552,172.9836,170.6436,170.9731,188128000
2015-03-09,171.1708,172.036,171.0143,171.6817,89818900
2015-03-10,170.3222,170.4046,168.8556,168.8968,157121300
2015-03-11,169.1522,169.3253,168.4189,168.5013,110145700
2015-03-12,169.1275,170.7095,169.078,170.6436,93993500
2015-03-13,170.3717,171.3275,168.5672,169.5972,162410900
2015-03-16,170.3222,171.9537,169.6218,171.863,136099200
2015-03-17,171.1297,171.7312,170.5447,171.3522,94510400
2015-03-18,170.8825,174.0795,170.248,173.4121,228808500
2015-03-19,173.0001,173.4203,172.2338,172.6211,117917300
2015-03-20,173.5654,174.6496,173.3833,174.1448,177715100
2015-03-23,174.1531,174.7242,173.8055,173.8055,71784500
2015-03-24,173.6813,174.1365,172.7627,172.8289,77805300
2015-03-25,173.0358,173.2675,170.2549,170.2962,159521700
2015-03-26,169.6341,170.8011,168.9389,169.8907,153067200
2015-03-27,169.7748,170.4535,169.5844,170.2797,118939000
2015-03-30,171.306,172.655,171.2894,172.3571,96180400
2015-03-31,171.5376,172.2329,170.7928,170.8507,126768700
2015-04-01,170.8176,170.8424,169.2616,170.2465,137303600
2015-04-02,170.1803,171.3059,169.9983,170.859,86900900
2015-04-06,169.9734,172.5226,169.841,172.0094,114368200
2015-04-07,172.0343,172.7792,171.5212,171.5543,81236300
2015-04-08,171.7777,172.5722,171.3887,172.1336,89351900
2015-04-09,171.9681,173.1268,171.4798,172.895,85548900
2015-04-10,173.1433,173.8799,172.9447,173.8386,72722900
2015-04-13,173.6979,174.3269,173.0027,173.0523,74436600
2015-04-14,172.8536,173.5654,172.2329,173.3833,75099900
2015-04-15,173.8469,174.6662,173.7641,174.1614,99529300
2015-04-16,173.8302,174.6165,173.6316,174.1116,68934900
2015-04-17,172.9282,173.1682,171.3308,172.1088,191113200
2015-04-20,173.0274,174.0123,172.9447,173.6813,92189500
2015-04-21,174.36,174.5172,173.1764,173.4744,72559800
2015-04-22,173.8137,174.5089,172.895,174.3268,78264600
2015-04-23,173.9296,175.4111,173.8138,174.7656,102585900
2015-04-24,175.1794,175.4359,174.7241,175.1711,61327400
2015-04-27,175.7339,175.858,174.2524,174.4428,79358100
2015-04-28,174.4179,175.0469,173.2509,174.9972,86863500
2015-04-29,174.1117,174.8731,173.4744,174.2772,125684900
2015-04-30,173.7061,174.0951,171.8356,172.5308,161304900
2015-05-01,173.3088,174.4427,173.2095,174.4013,103399700
2015-05-04,174.8234,175.4773,174.7159,174.8979,70927200
2015-05-05,174.6579,175.0138,172.7543,172.895,113326200
2015-05-06,173.4413,173.7475,171.1239,172.1832,135060200
2015-05-07,172.0839,173.2923,171.7529,172.8702,88244900
2015-05-08,174.5338,175.3449,174.451,175.1462,155877300
2015-05-11,175.1048,175.3696,174.2358,174.3103,75708100
2015-05-12,173.4826,174.3268,172.6633,173.7888,119727600
2015-05-13,174.1944,174.8152,173.5903,173.822,94667900
2015-05-14,174.8318,175.7256,174.5586,175.6346,95934000
2015-05-15,175.8249,175.9656,175.3449,175.8249,76510100
2015-05-18,175.6593,176.6194,175.5931,176.3711,74549700
2015-05-19,176.487,176.7601,176.0318,176.3132,72114600
2015-05-20,176.4125,176.9339,175.8745,176.189,76857500
2015-05-21,176.0484,176.9091,175.8828,176.7022,64764600
2015-05-22,176.3214,176.7352,176.2138,176.28,57433500
2015-05-26,175.7918,176.2139,173.971,174.3848,124308600
2015-05-27,174.84,176.2718,174.4344,176.0401,93214000
2015-05-28,175.7338,175.949,175.1545,175.8414,74974600
2015-05-29,175.7752,175.8166,174.4841,174.7489,124919600
2015-06-01,175.4111,175.7422,174.3186,175.1049,93338800
2015-06-02,174.6496,175.618,174.0289,174.931,91531000
2015-06-03,175.4607,176.0152,174.9062,175.3945,87820900
2015-06-04,174.691,175.3448,173.5985,173.913,151882800
2015-06-05,173.7641,174.2855,172.9612,173.6151,121704700
2015-06-08,173.5075,173.6565,172.473,172.5475,89063300
2015-06-09,172.5226,173.0606,171.8936,172.5226,105034700
2015-06-10,173.284,174.9724,173.2261,174.5917,134551300
2015-06-11,175.0303,175.5352,174.7986,175.1545,73876400
2015-06-12,174.3351,175.0303,173.5406,173.8137,135382400
2015-06-15,172.6799,173.3502,171.9764,173.0688,124384200
2015-06-16,172.9198,174.0951,172.746,174.0123,85308200
2015-06-17,174.2937,174.8979,173.2757,174.2937,126708600
2015-06-18,174.8897,176.5698,174.3269,176.1063,165867900
2015-06-19,175.8651,175.9399,174.9503,175.3245,130478700
2015-06-22,176.2393,176.8049,176.0148,176.2227,70696000
2015-06-23,176.4306,176.6801,175.9566,176.3474,68476800
2015-06-24,176.0813,176.4556,175.0417,175.0667,92307300
2015-06-25,175.5657,175.6904,174.4595,174.5344,97107400
2015-06-26,174.8921,175.1333,173.9523,174.5012,104174800
2015-06-29,173.0291,174.5095,170.7669,170.8418,202621300
2015-06-30,172.3721,172.422,170.7254,171.1994,182925100
2015-07-01,172.763,173.0125,171.7899,172.5717,135979900
2015-07-02,173.0458,173.2121,171.9979,172.4137,104373700
2015-07-06,171.1329,172.6964,170.9333,171.923,117975400
2015-07-07,172.1226,173.1289,169.7523,173.0041,173820200
2015-07-08,171.6735,171.9562,169.8688,170.1016,164020100
2015-07-09,172.1891,172.447,170.3012,170.4093,144113100
2015-07-10,172.397,172.9709,170.4509,172.555,129456900
2015-07-13,173.8109,174.5677,173.7693,174.4596,106069400
2015-07-14,174.418,175.5241,174.3597,175.2164,81709600
2015-07-15,175.2579,175.7153,174.6841,175.1581,97914100
2015-07-16,176.2061,176.5637,175.9649,176.5637,106683300
2015-07-17,176.5554,176.7716,176.1478,176.7134,89030000
2015-07-20,176.938,177.2956,176.4889,176.8049,70446800
2015-07-21,176.6719,176.9297,175.8069,176.1063,77965000
2015-07-22,175.4243,176.1229,175.391,175.7902,88667900
2015-07-23,175.9233,176.0231,174.4429,174.8005,90509100
2015-07-24,174.9004,174.9586,172.6549,172.9875,117755000
2015-07-27,172.1059,172.6133,171.5404,171.9812,132361100
2015-07-28,172.8128,174.235,171.9895,174.0936,123544800
2015-07-29,174.2184,175.5158,174.077,175.2913,105791300
2015-07-30,174.7839,175.4992,174.1685,175.3328,91304400
2015-07-31,175.8318,175.8568,174.7839,175.0667,103266900
2015-08-03,175.0334,175.0916,173.5281,174.4762,113965700
2015-08-04,174.4014,174.8588,173.6529,174.1352,81820800
2015-08-05,175.0251,175.7403,174.4263,174.7091,85786800
2015-08-06,174.892,175.0001,172.6964,173.2786,116030800
2015-08-07,173.1207,173.2704,172.0478,172.946,117858000
2015-08-10,174.052,175.2081,174.052,175.1249,80270700
2015-08-11,173.7943,174.2101,172.7879,173.5448,126081400
2015-08-12,172.2473,173.9356,170.7919,173.7526,172123700
2015-08-13,173.5946,174.2766,172.9958,173.5364,89383300
2015-08-14,173.3452,174.2434,173.2038,174.1685,72786500
2015-08-17,173.578,175.1415,173.1206,175.1415,79072600
2015-08-18,174.8671,175.2164,174.4013,174.6342,71692700
2015-08-19,173.894,174.6591,172.4469,173.2536,172946000
2015-08-20,171.7483,173.2287,169.5777,169.6359,194327900
2015-08-21,167.7729,169.6109,164.2716,164.5294,346588500
2015-08-24,155.93,164.2384,151.6968,157.6016,507244300
2015-08-25,162.5334,162.5501,155.4559,155.747,369833100
2015-08-26,159.7473,162.0012,156.6618,161.7267,339257000
2015-08-27,163.8558,165.8518,162.3504,165.727,274143900
2015-08-28,165.0867,166.2011,164.6043,165.7354,160414400
2015-08-31,164.7623,165.6106,163.8475,164.3964,163298800
2015-09-01,160.6122,161.9845,158.6246,159.4895,256000400
2015-09-02,161.8598,162.5584,160.0301,162.5168,160269300
2015-09-03,163.2237,164.7124,162.1426,162.6333,152087800
2015-09-04,160.3877,161.2277,159.3564,160.1714,207081000
2015-09-08,162.9576,164.3465,162.3172,164.1968,116025700
2015-09-09,165.7686,165.8934,161.6352,162.0011,149347700
2015-09-10,161.8099,164.0221,161.5521,162.8827,158611100
2015-09-11,162.4918,163.6894,161.7849,163.6229,119691200
2015-09-14,163.7976,163.8475,162.5335,163.0159,79452000
2015-09-15,163.5148,165.4942,162.9742,165.0534,113806200
2015-09-16,165.3528,166.6751,165.0118,166.4839,99581600
2015-09-17,166.3508,168.7377,165.7354,166.1096,276046600
2015-09-18,163.6125,166.0954,162.9855,163.3952,223657500
2015-09-21,164.2228,165.2594,163.1945,164.2395,105726200
2015-09-22,162.0826,162.5675,160.9791,162.1077,153890900
2015-09-23,162.2749,162.743,161.2717,161.8485,92790600
2015-09-24,160.6364,161.7232,159.3071,161.2634,159378800
2015-09-25,162.7179,163.0189,160.3521,161.2215,155054800
2015-09-28,160.327,160.4357,156.866,157.1753,178515900
2015-09-29,157.3927,158.6216,156.2724,157.2673,159045600
2015-09-30,159.1483,160.3688,158.3708,160.2016,163452000
2015-10-01,160.5778,160.9206,158.6885,160.6196,131079000
2015-10-02,158.6467,163.044,158.1033,163.019,211003300
2015-10-05,164.2395,166.1456,164.1308,165.9198,126320800
2015-10-06,165.7861,166.3462,164.6909,165.3513,110274500
2015-10-07,166.2793,167.0568,165.0922,166.7057,124307300
2015-10-08,166.3211,168.4947,166.0202,168.2105,153055200
2015-10-09,168.3526,168.7873,167.6838,168.3108,107069200
2015-10-12,168.386,168.6702,167.9596,168.4696,56395600
2015-10-13,167.7422,169.0046,167.2407,167.4079,88038700
2015-10-14,167.3494,167.9262,166.3127,166.6053,99106200
2015-10-15,167.2658,169.1719,166.898,169.1635,134142200
2015-10-16,169.5648,169.9493,168.804,169.9326,114580100
2015-10-19,169.2889,170.0162,168.9796,170.0162,76523900
2015-10-20,169.5815,170.4091,169.3307,169.7988,78448500
2015-10-21,170.2169,170.3673,168.5783,168.7455,102038000
2015-10-22,169.6901,171.8052,168.7455,171.5962,174911700
2015-10-23,173.2599,173.8451,172.4657,173.4772,144442300
2015-10-26,173.3016,173.3602,172.683,173.0508,69033000
2015-10-27,172.382,173.0508,172.0393,172.7164,77905800
2015-10-28,173.0509,174.7061,172.3904,174.681,135906700
2015-10-29,174.1795,174.9486,174.0625,174.5808,90525500
2015-10-30,174.773,175.0907,173.6695,173.8283,131076900
2015-11-02,174.1544,176.0772,174.029,175.8849,86270800
2015-11-03,175.5337,176.9466,175.308,176.3948,95246100
2015-11-04,176.6874,176.8128,175.3248,175.8598,96224500
2015-11-05,175.9183,176.3781,174.7981,175.6842,78408700
2015-11-06,175.3415,175.8264,174.2714,175.5923,110471500
2015-11-09,174.982,175.1325,173.0091,173.9537,131008700
2015-11-10,173.4772,174.3885,173.2097,174.355,75874600
2015-11-11,174.6225,174.6727,173.6026,173.6695,67846000
2015-11-12,172.6329,173.101,171.2284,171.2451,121315200
2015-11-13,170.8355,171.103,169.2387,169.3223,153577100
2015-11-16,169.1384,171.9557,169.0214,171.8972,117645200
2015-11-17,172.2065,173.0843,171.2786,171.7718,121123700
2015-11-18,172.2483,174.6392,172.2065,174.4971,121342500
2015-11-19,174.3801,174.7647,174.0541,174.3467,88220500
2015-11-20,175.099,175.6591,174.6058,174.982,94011500
2015-11-23,175.0406,175.5422,174.3216,174.7814,64931200
2015-11-24,173.7782,175.4167,173.3936,175.0155,98874400
2015-11-25,175.1408,175.3415,174.7312,174.9904,51980100
2015-11-27,175.0823,175.3916,174.6058,175.191,37317800
2015-11-30,175.3498,175.4669,174.355,174.4637,112822700
2015-12-01,175.0907,176.2444,174.8148,176.1273,97858400
2015-12-02,176.0772,176.3948,174.0791,174.3299,108441300
2015-12-03,174.5807,174.8482,171.1699,171.8888,166224200
2015-12-04,171.8888,175.5337,171.8888,175.2411,192913900
2015-12-07,174.9151,175.3331,173.218,174.1794,102027100
2015-12-08,172.6245,174.1293,172.031,173.0091,103372400
2015-12-09,172.3737,174.4554,170.6934,171.6631,162401500
2015-12-10,171.73,173.4104,171.4959,172.1062,116128900
2015-12-11,169.9994,170.6599,168.4612,168.7705,211173300
2015-12-14,168.9294,169.7486,167.157,169.6232,182385200
2015-12-15,171.128,172.3068,169.5982,171.4039,154069600
2015-12-16,172.5242,174.2129,171.2117,173.9119,197017000
2015-12-17,174.2213,174.2881,171.2451,171.2618,173092500
2015-12-18,170.5235,170.658,168.051,168.2108,251393500
2015-12-21,169.3797,169.775,168.2696,169.5984,99094300
2015-12-22,170.4814,171.4317,169.4975,171.1374,111026200
2015-12-23,172.1382,173.2987,172.0457,173.2567,110987200
2015-12-24,173.0043,173.5173,172.752,172.9706,48539600
2015-12-28,172.2811,172.6175,171.5074,172.5754,65899900
2015-12-29,173.6687,174.7451,173.6351,174.4172,92640700
2015-12-30,174.1733,174.2574,173.038,173.1809,63317700
2015-12-31,172.5081,173.1473,171.4485,171.4485,114877900
2016-01-04,168.606,169.0601,167.0082,169.0517,222353500
2016-01-05,169.3713,169.7918,168.236,169.3377,110845800
2016-01-06,166.7979,168.2444,166.1756,167.2016,152112600
2016-01-07,164.2666,166.0411,162.8033,163.1902,213436100
2016-01-08,164.1489,164.704,161.113,161.3989,209817200
2016-01-11,162.3156,162.6519,159.6329,161.5587,187941300
2016-01-12,162.9968,163.6107,160.743,162.8622,172330500
2016-01-13,163.5266,163.8714,158.4219,158.8003,221168900
2016-01-14,159.4058,162.5258,157.8164,161.4073,240795600
2016-01-15,157.068,158.7415,156.0168,157.9426,324846400
2016-01-19,159.7506,159.8768,156.5886,158.1528,195244400
2016-01-20,155.6046,157.6818,152.2323,156.126,286547800
2016-01-21,156.597,158.834,155.2767,157.0007,195772900
2016-01-22,159.5992,160.4234,158.8423,160.2215,168319600
2016-01-25,159.7171,159.9105,157.6062,157.7997,130371700
2016-01-26,158.4555,160.23,158.1192,159.9525,141036800
2016-01-27,159.4311,161.0962,157.3118,158.2117,185681700
2016-01-28,159.7506,159.9525,157.3959,159.0358,143798800
2016-01-29,159.8011,163.0472,159.6833,162.9127,210529300
2016-02-01,161.912,163.636,161.3317,162.8539,136061600
2016-02-02,161.4326,161.441,159.3974,159.9189,182564900
2016-02-03,160.97,161.2812,157.3454,160.8775,205054900
2016-02-04,160.3813,162.0969,159.7506,161.1298,139531800
2016-02-05,160.6168,161.1887,157.4296,158.0603,180788300
2016-02-08,156.2269,156.5213,153.7293,155.9326,191526700
2016-02-09,154.2003,157.211,154.0657,155.9411,184513100
2016-02-10,156.7652,158.3883,155.6804,155.8065,148214100
2016-02-11,153.3425,154.8226,152.2913,153.7798,219058900
2016-02-12,155.5458,156.967,154.7048,156.9502,127632400
2016-02-16,158.7499,159.6245,157.7912,159.5993,120250700
2016-02-17,160.7598,162.5763,160.6337,162.2063,136009500
2016-02-18,162.4753,162.5342,161.2307,161.5419,102343000
2016-02-19,160.7682,161.6176,160.1627,161.4662,114793000
2016-02-22,163.0389,163.9471,162.9716,163.8041,103640300
2016-02-23,163.1482,163.4173,161.6176,161.7354,111455300
2016-02-24,160.3141,162.7529,159.2124,162.4754,150812200
2016-02-25,162.9211,164.4516,162.1642,164.4432,110728300
2016-02-26,165.3094,165.4019,163.905,164.0648,129833700
2016-02-29,164.0817,165.0235,162.5847,162.7782,125918100
2016-03-01,163.9975,166.6887,163.5266,166.6046,141799700
2016-03-02,166.2934,167.4035,165.8813,167.353,102415000
2016-03-03,167.1764,168.0258,166.6045,168.0089,95172200
2016-03-04,168.2024,169.3293,167.3783,168.5556,129293600
2016-03-07,167.6389,169.0938,167.5632,168.6901,100219000
2016-03-08,167.6221,168.1267,166.6886,166.8484,123974900
2016-03-09,167.6558,168.0174,166.8737,167.6726,94801200
2016-03-10,168.1603,169.0938,165.9906,167.8071,156838700
2016-03-11,169.2536,170.5571,167.7903,170.515,137964500
2016-03-14,170.0105,170.7505,169.6825,170.2964,73612000
2016-03-15,169.3377,170.3216,169.077,170.0188,93169100
2016-03-16,169.5395,171.4065,169.4975,171.0028,129303200
2016-03-17,170.9188,172.5923,170.5235,172.0877,134278500
2016-03-18,172.5864,173.102,172.2737,172.7639,138372400
2016-03-21,172.5019,173.2373,172.2736,173.009,72926700
2016-03-22,172.2398,173.4824,172.0792,172.916,97471900
2016-03-23,172.5357,172.7217,171.6059,171.7749,81052500
2016-03-24,170.7521,171.7327,170.5323,171.6988,84360900
2016-03-28,172.113,172.3243,171.3522,171.8002,62408200
2016-03-29,171.3945,173.4993,171.0902,173.3894,92922900
2016-03-30,174.3868,174.8687,173.7867,174.1502,86365300
2016-03-31,174.0572,174.4799,173.5669,173.7276,94584100
2016-04-01,172.7386,175.097,172.4258,174.911,114423500
2016-04-04,174.8349,175.0378,174.0403,174.3446,63497000
2016-04-05,173.009,174.3531,172.3497,172.6033,99662200
2016-04-06,172.6033,174.5475,172.4258,174.4883,91839800
2016-04-07,173.4063,173.7614,171.6734,172.4004,113859000
2016-04-08,173.5754,174.0065,172.3328,172.8653,95040600
2016-04-11,173.4993,174.1925,172.3666,172.4596,83757500
2016-04-12,172.6287,174.3446,172.1891,174.0657,115350600
2016-04-13,174.9786,175.9085,174.8434,175.8239,96336400
2016-04-14,175.8831,176.3311,175.4858,175.8324,65212900
2016-04-15,175.8324,175.9676,175.3167,175.638,75761600
2016-04-18,175.638,176.9059,174.9786,176.8721,82531000
2016-04-19,177.2948,177.6836,176.6185,177.43,88316100
2016-04-20,177.4723,178.2922,176.9989,177.5991,81100300
2016-04-21,177.616,177.7259,176.3734,176.6439,85695000
2016-04-22,176.2888,176.9144,175.7479,176.6439,99251700
2016-04-25,176.0437,176.3818,175.4351,176.3396,66166500
2016-04-26,176.703,177.1088,176.1282,176.6016,75864200
2016-04-27,176.2213,177.354,175.8662,176.9651,77329400
2016-04-28,176.2127,177.3116,174.9448,175.3589,97216200
2016-04-29,174.7419,175.0885,173.3133,174.4122,142424100
2016-05-02,174.911,175.9761,174.4799,175.7986,62188000
2016-05-03,174.5729,174.8096,173.5247,174.2686,106422100
2016-05-04,173.2796,174.0065,172.7977,173.2964,92243800
2016-05-05,173.7614,174.1164,172.84,173.2626,67619200
2016-05-06,172.4934,173.9389,172.3412,173.8966,89315000
2016-05-09,173.7698,174.4714,173.5923,174.0403,74374900
2016-05-10,174.742,176.2213,174.6744,176.2044,77472200
2016-05-11,175.7478,176.2804,174.5559,174.5559,81727000
2016-05-12,175.2238,175.3928,173.6008,174.6067,89586300
2016-05-13,174.3108,174.8603,172.7639,173.0851,96474600
2016-05-16,173.2542,175.266,173.195,174.7927,77486800
2016-05-17,174.5222,174.8096,172.6371,173.1612,114924900
2016-05-18,172.8146,174.3869,172.1299,173.2119,120062100
2016-05-19,172.4934,172.8991,171.4114,172.6117,115430500
2016-05-20,173.2203,174.2178,173.1696,173.7022,104990400
2016-05-23,173.7191,173.9981,173.2796,173.4655,58682600
2016-05-24,174.277,176.0268,174.2517,175.7141,93537800
2016-05-25,176.3903,177.3201,175.714,176.9059,76621400
2016-05-26,177.0411,177.2694,176.6438,176.9566,55280700
2016-05-27,177.1172,177.7258,177.0665,177.7174,64211200
2016-05-31,177.9879,178.0978,176.8214,177.3793,109879400
2016-06-01,176.7707,177.9203,176.5763,177.7428,69936200
2016-06-02,177.3455,178.3007,176.8721,178.2838,63044700
2016-06-03,177.7258,178.0978,176.5509,177.7512,101757100
2016-06-06,178.1062,179.0107,177.9456,178.6557,64887000
2016-06-07,178.8078,179.4925,178.7825,178.9346,60974800
2016-06-08,179.0699,179.6447,178.9431,179.5179,66170900
2016-06-09,178.7909,179.3911,178.5205,179.2728,73786900
2016-06-10,177.9034,178.2415,177.0327,177.5737,113829200
2016-06-13,176.9736,177.8273,176.1198,176.2044,117751200
2016-06-14,175.8239,176.4494,174.9109,175.8577,125059300
2016-06-15,175.8578,176.9736,175.4267,175.6126,109124500
2016-06-16,175.6125,176.3057,173.7867,176.1366,149533100
2016-06-17,176.033,176.0585,174.8264,175.4807,117055700
2016-06-20,177.435,178.1063,176.5258,176.6108,82789600
2016-06-21,176.9932,177.5201,176.5514,177.1122,72461700
2016-06-22,177.2906,178.0128,176.6788,176.8232,95560500
2016-06-23,178.2762,179.1769,177.8174,179.1259,102731400
2016-06-24,173.0251,179.16,172.2519,172.6937,333444400
2016-06-27,171.2917,171.3002,168.7936,169.6008,230775800
2016-06-28,171.1982,172.6852,170.8923,172.6597,159382400
2016-06-29,174.0532,175.8291,173.9513,175.5997,137328600
2016-06-30,176.067,178.0468,175.5147,177.9958,165021900
2016-07-01,177.9958,178.854,177.8344,178.3697,106055300
2016-07-05,177.5455,177.656,176.4919,177.0867,109803700
2016-07-06,176.5938,178.2677,175.9396,178.1488,96021500
2016-07-07,178.3272,178.99,177.2736,178.0383,85593800
2016-07-08,179.3299,180.9358,179.1004,180.6894,133971000
2016-07-11,181.1482,181.8959,180.9443,181.3266,73633900
2016-07-12,182.2868,182.9411,181.3521,182.6437,101275600
2016-07-13,183.0601,183.0686,182.1339,182.6182,87324100
2016-07-14,183.8758,184.1052,183.247,183.6378,91230900
2016-07-15,184.1987,184.3941,182.9496,183.3915,107155400
2016-07-18,183.5104,184.0457,183.2555,183.8843,58725900
2016-07-19,183.4679,183.7313,183.2215,183.6973,54345700
2016-07-20,183.6974,184.7,183.6974,184.4621,58159500
2016-07-21,184.3516,184.5726,183.3235,183.7654,67777300
2016-07-22,183.8843,184.6405,183.6209,184.5896,62787500
2016-07-25,184.3857,184.4366,183.5105,184.0883,55873100
2016-07-26,183.9863,184.5301,183.332,184.1732,70080500
2016-07-27,184.547,184.615,183.213,183.9777,84083900
2016-07-28,183.7823,184.4791,183.3235,184.1902,65035700
2016-07-29,183.9268,184.8445,183.6464,184.4876,79519400
2016-08-01,184.547,184.9378,183.8842,184.3345,73311400
2016-08-02,184.0882,184.2411,182.3208,183.1535,92295500
2016-08-03,183.094,183.7483,182.7966,183.6888,53993600
2016-08-04,183.7993,184.1986,182.0489,183.8843,46585500
2016-08-05,183.8843,185.4307,183.8843,185.3883,71892200
2016-08-08,185.5752,185.6772,185.0144,185.2778,39906500
2016-08-09,185.3458,185.8811,185.0654,185.3883,51251700
2016-08-10,185.4987,185.5752,184.581,184.9294,57941100
2016-08-11,185.4562,186.034,185.1928,185.7876,72504300
2016-08-12,185.4817,185.8386,185.2268,185.6262,61313500
2016-08-15,185.9915,186.5098,185.983,186.1615,49813500
2016-08-16,185.7451,185.8131,185.2013,185.2013,53213600
2016-08-17,185.2353,185.6857,184.4026,185.5497,75134300
2016-08-18,185.5242,186.0,185.4138,185.9661,52989300
2016-08-19,185.4987,185.8726,185.0144,185.6941,75443000
2016-08-22,185.4563,185.9151,185.0909,185.6857,61368800
2016-08-23,186.2974,186.5948,186.0,186.0595,53399200
2016-08-24,185.9151,186.0085,184.6915,185.1079,71728900
2016-08-25,184.7254,185.3967,184.5725,184.9804,69224800
2016-08-26,185.1674,186.187,183.7483,184.632,122506300
2016-08-29,184.7595,185.8046,184.7255,185.5412,70502200
2016-08-30,185.4562,185.7366,184.683,185.2353,58114500
2016-08-31,184.904,185.0229,183.9353,184.7085,85269500
2016-09-01,184.7,185.0059,183.5614,184.717,97844200
2016-09-02,185.5667,185.9745,184.9804,185.5497,79293900
2016-09-06,185.8301,186.187,185.1163,186.1105,56702100
2016-09-07,185.9491,186.2719,185.4902,186.0935,76554900
2016-09-08,185.7621,186.034,185.3628,185.6687,74102900
2016-09-09,184.3601,184.4111,181.1992,181.2247,221589100
2016-09-12,180.4685,184.2242,180.4005,183.8248,168110900
2016-09-13,182.5502,182.8136,180.5619,181.1822,182828800
2016-09-14,181.2333,182.4313,180.562,181.1143,134185500
2016-09-15,180.9528,183.3065,180.7743,182.9241,134427900
2016-09-16,182.311,182.4903,181.5339,182.2171,155236400
2016-09-19,182.866,183.5065,181.9266,182.2512,80250500
2016-09-20,183.1052,183.2589,182.2256,182.2597,69665300
2016-09-21,182.96,184.4887,182.2768,184.3093,110284400
2016-09-22,185.317,185.7696,185.0693,185.4707,76678700
2016-09-23,185.0779,185.2146,184.3606,184.4545,73630900
2016-09-26,183.6261,183.8054,182.7635,182.96,89827300
2016-09-27,182.7977,184.1897,182.4305,184.0958,78494800
2016-09-28,184.3178,185.1633,183.3614,185.0096,87411000
2016-09-29,184.8046,185.206,182.7892,183.3357,128070600
2016-09-30,184.1641,185.4194,183.9164,184.7192,117202900
2016-10-03,184.3093,184.4972,183.6432,184.2751,83512100
2016-10-04,184.3861,184.6082,182.7465,183.3357,119948100
2016-10-05,183.9591,184.574,183.8908,184.147,72816000
2016-10-06,183.925,184.4972,183.387,184.2751,62927400
2016-10-07,184.5484,184.7192,182.9173,183.6431,89788300
2016-10-10,184.5996,185.0608,184.4545,184.5996,51855000
2016-10-11,184.1726,184.2409,181.5423,182.2682,130367400
2016-10-12,182.4049,183.0283,181.9096,182.5074,73866100
2016-10-13,181.1836,182.4048,180.3723,181.9095,101357000
2016-10-14,182.8831,183.3443,181.9266,182.0035,93346200
2016-10-17,181.9779,182.2341,181.1922,181.3716,58275700
2016-10-18,182.96,183.0198,182.1316,182.5074,76869700
2016-10-19,182.7721,183.3016,182.4134,182.9941,66519200
2016-10-20,182.644,183.2076,181.9949,182.6525,73639800
2016-10-21,182.6526,182.8234,181.6961,182.738,89089100
2016-10-24,183.609,183.8823,183.1649,183.5151,60146600
2016-10-25,183.3357,183.5919,182.7379,182.9002,66542300
2016-10-26,182.0803,183.1137,181.8412,182.5329,75705500
2016-10-27,183.2503,183.2844,181.9693,182.0462,77220200
2016-10-28,182.0206,182.6952,180.7994,181.5082,140623200
2016-10-31,181.8412,182.0633,181.3544,181.5167,61272500
2016-11-01,181.8412,181.8925,178.9974,180.2016,122781800
2016-11-02,179.8941,180.2784,178.6815,179.117,103330800
2016-11-03,179.3305,179.544,178.0239,178.2972,88939300
2016-11-04,178.4082,179.2451,177.9556,178.1008,109122100
2016-11-07,178.1007,182.0633,178.1007,182.0291,109794900
2016-11-08,181.6363,183.4126,181.3715,182.849,106772100
2016-11-09,181.363,185.4024,181.3374,184.7875,258429000
2016-11-10,185.5732,186.4358,183.7969,185.2487,172113300
2016-11-11,184.5313,185.0608,183.8823,184.8217,100552700
2016-11-14,185.3426,185.5476,184.2239,184.9668,94580000
2016-11-15,185.3512,186.4101,185.1462,186.4101,91652600
2016-11-16,185.7953,186.2906,185.6757,186.06,65617700
2016-11-17,186.2137,187.0763,186.1027,187.0165,69797200
2016-11-18,187.0847,187.2555,186.4186,186.5979,86265800
2016-11-21,187.1702,188.0327,187.025,188.0071,72402600
2016-11-22,188.3145,188.5536,187.6484,188.3743,67429000
2016-11-23,187.8619,188.528,187.6655,188.4768,56620200
2016-11-25,188.8184,189.2112,188.7415,189.177,37872300
2016-11-28,188.8696,189.1429,188.1864,188.2889,76572500
2016-11-29,188.3231,189.1087,188.0242,188.6561,69886700
2016-11-30,189.271,189.4333,188.1437,188.2035,113291800
2016-12-01,188.5024,188.5024,187.1531,187.5118,79040500
2016-12-02,187.5972,188.0925,187.2471,187.6057,74840300
2016-12-05,188.4341,189.0746,188.2377,188.733,67837800
2016-12-06,188.9209,189.3649,188.4426,189.3308,59877400
2016-12-07,189.1771,191.8672,189.0575,191.8074,110738100
2016-12-08,191.7817,192.7467,191.517,192.277,99714400
2016-12-09,192.4991,193.4556,192.465,193.4385,88005800
2016-12-12,193.3445,193.8228,192.798,193.2164,102016100
2016-12-13,193.874,195.0013,193.857,194.506,110477500
2016-12-14,194.2071,194.9074,192.4649,192.9005,142501800
2016-12-15,193.1396,194.5487,192.909,193.6947,124972600
2016-12-16,194.1491,194.2093,192.998,193.3159,156420200
2016-12-19,193.4963,194.1577,193.3502,193.7368,90341100
2016-12-20,194.2694,194.6302,194.0375,194.4841,89838800
2016-12-21,194.3553,194.5271,193.943,193.943,67909000
2016-12-22,193.7969,193.9172,193.2128,193.608,56219100
2016-12-23,193.6509,193.9,193.4619,193.8915,36697800
2016-12-27,194.1577,194.7676,194.1405,194.3725,42672500
2016-12-28,194.6302,194.6473,192.6544,192.7661,64095000
2016-12-29,192.8348,193.187,192.285,192.7231,48696100
2016-12-30,193.0495,193.1354,191.3315,192.0187,108998300
2017-01-03,193.3159,193.9945,192.3194,193.4877,91366500
2017-01-04,193.8141,194.7848,193.8055,194.6387,78744400
2017-01-05,194.3725,194.6388,193.6938,194.4841,78379000
2017-01-06,194.5958,195.6438,194.0546,195.18,71559900
2017-01-09,194.9223,195.0597,194.5013,194.5357,46939700
2017-01-10,194.5529,195.3861,194.1491,194.5357,63771900
2017-01-11,194.4497,195.0854,193.7883,195.0854,74650000
2017-01-12,194.5701,194.7848,193.2472,194.5959,72113200
2017-01-13,194.7677,195.3432,194.7333,195.0426,62717900
2017-01-17,194.4068,194.8106,193.9687,194.3553,61240800
2017-01-18,194.6044,194.8277,194.0546,194.7848,54793300
2017-01-19,194.8622,194.9996,193.6337,194.0633,66608800
2017-01-20,194.7419,195.2659,194.1148,194.7762,129168600
2017-01-23,194.7762,194.8363,193.5134,194.2694,75061600
2017-01-24,194.4842,195.9273,194.3725,195.515,95555300
2017-01-25,196.4599,197.2073,196.2967,197.2073,84437700
2017-01-26,197.0613,197.3276,196.7262,197.0011,59970700
2017-01-27,197.0784,197.2244,196.5114,196.6918,59711100
2017-01-30,196.0046,196.0304,194.4927,195.472,79737300
2017-01-31,194.9824,195.515,194.4155,195.4549,75880800
2017-02-01,195.4548,196.3654,194.948,195.5322,79117700
2017-02-02,195.5321,195.9445,194.8449,195.661,69657600
2017-02-03,196.563,197.1901,196.2538,197.0097,80563200
2017-02-06,196.606,197.0011,196.3225,196.6575,57790100
2017-02-07,197.0441,197.2846,196.4771,196.6661,57931200
2017-02-08,196.666,197.0526,196.1248,196.9237,51566200
2017-02-09,196.9238,198.3927,196.9238,198.092,65955200
2017-02-10,198.4356,199.0971,198.1092,198.8737,66015900
2017-02-13,199.3634,200.2139,199.3377,199.9562,55182100
2017-02-14,199.7757,200.7636,199.4321,200.755,71109000
2017-02-15,200.5403,201.9921,200.4888,201.8031,86785800
2017-02-16,201.8288,202.0092,200.8839,201.6313,84722400
2017-02-17,200.9698,201.9491,200.9527,201.9491,77204100
2017-02-21,202.3185,203.3236,202.3099,203.1518,88946100
2017-02-22,202.748,203.1947,202.5848,202.9714,62115200
2017-02-23,203.4868,203.5039,202.3528,203.1088,74615900
2017-02-24,202.2669,203.4094,202.224,203.3665,82381600
2017-02-27,203.2806,203.8562,203.0315,203.6844,56515400
2017-02-28,203.3064,203.5469,202.748,203.1346,96961900
2017-03-01,204.7839,206.4418,204.7667,205.9779,149158200
2017-03-02,205.789,205.7976,204.6293,204.6808,70246000
2017-03-03,204.5949,204.9729,204.2169,204.8096,81974300
2017-03-06,204.0194,204.5519,203.5984,204.1998,55391500
2017-03-07,203.8991,204.2513,203.3837,203.5899,65103700
2017-03-08,203.8819,204.1396,203.0744,203.2119,78168800
2017-03-09,203.3321,203.796,202.5075,203.4696,90683900
2017-03-10,204.4231,204.4661,203.2377,204.1826,81991700
2017-03-13,204.1224,204.3286,203.796,204.2856,57256800
2017-03-14,203.7444,203.796,202.894,203.5039,59880800
2017-03-15,204.071,205.6859,203.839,205.265,96081800
2017-03-16,205.4024,205.4797,204.5348,204.8612,78344000
2017-03-17,205.1227,205.3125,204.5015,204.5015,89002100
2017-03-20,204.5014,204.7862,203.8889,204.2771,52537000
2017-03-21,204.8811,205.0019,201.5249,201.6543,131809300
2017-03-22,201.6888,202.4135,201.0676,202.1288,97569200
2017-03-23,202.1288,203.0433,201.5421,201.9131,100410300
2017-03-24,202.2151,202.7845,200.99,201.7664,112504900
2017-03-27,200.1013,201.8182,199.8252,201.5594,87454500
2017-03-28,201.2575,203.4489,201.1453,203.0261,93483900
2017-03-29,202.7414,203.4489,202.5171,203.2159,61950400
2017-03-30,203.1555,204.0614,202.983,203.863,56737900
2017-03-31,203.5265,204.0528,203.3367,203.3885,73733100
2017-04-03,203.4402,203.6387,201.8096,203.0347,85546500
2017-04-04,202.75,203.2504,202.3704,203.1641,56466200
2017-04-05,203.8371,204.812,202.3531,202.5602,108800600
2017-04-06,202.6983,203.6473,202.2582,203.1296,69135800
2017-04-07,202.8794,203.6128,202.4394,202.9225,74412300
2017-04-10,203.0606,203.8371,202.5171,203.0434,67615300
2017-04-11,202.6638,202.9054,201.3179,202.8018,88045300
2017-04-12,202.5257,202.7155,201.6888,201.9131,81864400
2017-04-13,201.5767,202.31,200.6017,200.6017,92880400
2017-04-17,201.1194,202.379,200.9209,202.379,68405400
2017-04-18,201.6457,202.31,201.0935,201.7751,83225800
2017-04-19,202.3359,202.7069,201.1798,201.4041,68699900
2017-04-20,202.0167,203.4834,201.6975,203.0434,92572200
2017-04-21,202.9657,203.0175,201.9994,202.3963,110389800
2017-04-24,204.6309,204.8293,202.3704,204.6222,119209900
2017-04-25,205.2607,206.158,205.1744,205.8129,76698300
2017-04-26,205.7783,206.6584,205.6403,205.6834,84702500
2017-04-27,206.0027,206.1579,205.3211,205.856,57410300
2017-04-28,206.1148,206.1406,205.2779,205.4073,63532800
2017-05-01,205.925,206.3477,205.5109,205.925,66882500
2017-05-02,206.063,206.1838,205.5972,206.0027,57375700
2017-05-03,206.0027,206.0976,205.0795,205.7525,73137700
2017-05-04,206.0544,206.1321,205.1485,205.994,61462700
2017-05-05,206.365,206.8222,205.9249,206.805,62001300
2017-05-08,206.8482,206.9949,206.3478,206.7705,48385700
2017-05-09,207.0294,207.2278,206.2356,206.5807,51363200
2017-05-10,206.5376,206.9517,206.3305,206.9517,54293800
2017-05-11,206.503,206.6928,205.4505,206.5289,62358300
2017-05-12,206.2787,206.5721,205.9164,206.1838,53912700
2017-05-15,206.6066,207.4435,206.5893,207.3227,61918900
2017-05-16,207.616,207.6419,206.7446,207.1329,51241800
2017-05-17,207.1329,207.1329,203.3971,203.4575,172174100
2017-05-18,203.3798,205.1226,203.121,204.2771,107047700
2017-05-19,204.7602,206.2701,204.7085,205.6057,115011400
2017-05-22,206.1148,206.8137,206.0458,206.6497,61010600
2017-05-23,207.0207,207.2709,206.6411,207.107,48341700
2017-05-24,207.34,207.6937,207.0035,207.5901,46927700
2017-05-25,208.0991,208.8584,207.8921,208.5823,64071700
2017-05-26,208.3925,208.7031,208.3149,208.5392,46629900
2017-05-30,208.22,208.6082,208.0647,208.358,35201900
2017-05-31,208.6513,208.6858,207.616,208.3062,91796000
2017-06-01,208.7635,209.98,208.4788,209.9627,68962000
2017-06-02,210.0145,210.8169,209.7212,210.6616,88666100
2017-06-05,210.4891,210.7738,210.3079,210.5063,44698800
2017-06-06,209.9455,210.4977,209.7557,209.8333,50375400
2017-06-07,210.1698,210.4459,209.5054,210.2215,54144300
2017-06-08,210.3165,210.7997,209.7988,210.3251,65950700
2017-06-09,210.5926,211.3863,208.7463,210.0059,132256400
2017-06-12,209.7643,210.0145,209.1172,209.9627,86108100
2017-06-13,210.4977,211.0412,210.1526,210.9895,60067000
2017-06-14,211.2569,211.2655,209.9024,210.722,78602300
2017-06-15,209.3761,210.4373,209.1,210.3165,66464900
2017-06-16,210.4752,210.5272,209.4868,210.3625,84553100
2017-06-19,211.1861,212.1744,211.0907,212.1138,65123800
2017-06-20,211.7583,211.7669,210.6659,210.6832,56906400
2017-06-21,211.0734,211.1861,210.163,210.6312,55977600
2017-06-22,210.6398,211.134,210.3624,210.5358,44148100
2017-06-23,210.5965,211.1167,210.2151,210.7873,66986800
2017-06-26,211.4548,211.8709,210.7179,210.9259,56700500
2017-06-27,210.7092,211.004,209.2094,209.2267,82247700
2017-06-28,210.2411,211.2988,210.007,211.0994,70042600
2017-06-29,211.2468,211.2988,208.039,209.244,106949700
2017-06-30,210.0503,210.4231,209.4435,209.6342,86820700
2017-07-03,210.5705,211.004,209.9897,209.9897,39153800
2017-07-05,210.3538,210.6832,209.5475,210.4752,54427600
2017-07-06,209.7122,209.8336,208.3684,208.5505,65400800
2017-07-07,209.1227,210.0503,208.5591,209.9029,57972300
2017-07-10,209.903,210.5012,209.5995,210.1284,36663300
2017-07-11,210.1283,210.2844,208.8105,209.9723,50354600
2017-07-12,210.9347,211.7149,210.9347,211.5502,59610400
2017-07-13,211.5589,212.0184,211.3334,211.9056,39471600
2017-07-14,211.9056,213.2495,211.8103,212.894,60262700
2017-07-17,212.816,213.1975,212.6946,212.868,33531900
2017-07-18,212.4605,213.0327,212.1223,212.9807,42742500
2017-07-19,213.2928,214.1424,213.2841,214.1337,51034300
2017-07-20,214.3852,214.5066,213.683,214.2292,47135200
2017-07-21,213.6569,214.0644,213.4315,214.0384,82340800
2017-07-24,213.9604,214.1251,213.5182,213.9864,46622300
2017-07-25,214.732,214.836,214.2812,214.5066,54915600
2017-07-26,214.7927,214.8273,214.2551,214.5152,47575400
2017-07-27,214.9747,215.0094,212.998,214.3158,70766600
2017-07-28,213.839,214.1944,213.3882,214.0644,50088400
2017-07-31,214.4632,214.5586,213.7349,213.943,65838700
2017-08-01,214.5413,214.5759,213.8997,214.4199,55050400
2017-08-02,214.5499,214.6626,213.5962,214.5239,47211200
2017-08-03,214.4112,214.4372,213.8303,214.1078,40856000
2017-08-04,214.5933,214.8273,214.1164,214.4979,60191800
2017-08-07,214.5673,214.8967,214.4632,214.8967,31995000
2017-08-08,214.5846,215.7984,213.9951,214.3679,61719400
2017-08-09,213.6829,214.4112,213.3275,214.3592,62632600
2017-08-10,213.5269,213.657,211.2815,211.3335,120479500
2017-08-11,211.5589,212.2351,211.3248,211.6456,74869900
2017-08-14,212.92,213.9604,212.8854,213.7437,73291900
2017-08-15,214.1251,214.1424,213.4142,213.7176,55242700
2017-08-16,214.2378,214.6366,213.6656,214.0904,56715500
2017-08-17,213.4835,213.7956,210.7525,210.7525,128490400
2017-08-18,210.5879,211.7063,209.981,210.4232,136748000
2017-08-21,210.3625,210.848,209.6602,210.5879,65469700
2017-08-22,211.1688,212.946,211.1514,212.79,63140100
2017-08-23,211.8276,212.4519,211.6803,212.027,50203800
2017-08-24,212.4085,212.5646,211.3248,211.5329,50741700
2017-08-25,212.3218,212.9374,211.8797,212.027,64445900
2017-08-28,212.5559,212.5819,211.6195,212.0357,40565600
2017-08-29,210.7266,212.5386,210.6139,212.2785,51135700
2017-08-30,212.2611,213.5529,212.079,213.2841,62030800
2017-08-31,213.8997,214.81,213.3188,214.5673,103803900
2017-09-01,214.9401,215.2955,214.7233,214.8707,62007000
2017-09-05,214.3678,214.5933,212.3651,213.3275,91398800
2017-09-06,214.0037,214.3851,213.4748,214.0557,57916900
2017-09-07,214.3592,214.3765,213.6222,214.0297,58034700
2017-09-08,213.7436,214.2378,213.5356,213.7783,63832800
2017-09-11,215.0441,216.1365,215.0268,216.0585,71364800
2017-09-12,216.4226,216.8214,216.2405,216.7867,56896000
2017-09-13,216.5006,216.9254,216.3879,216.8907,59228000
2017-09-14,216.57,217.0208,216.3966,216.8214,95446300
2017-09-15,216.6776,217.2004,216.5731,217.1133,95432400
2017-09-18,217.4792,217.9236,217.1917,217.5751,46235200
2017-09-19,217.8191,217.8801,217.4706,217.7929,47108100
2017-09-20,217.88,217.9846,216.8781,217.8713,59574100
2017-09-21,217.7145,217.8016,217.1133,217.2875,48211400
2017-09-22,216.9913,217.4967,216.9652,217.3311,51214000
2017-09-25,217.0784,217.4269,216.1462,216.8867,57064400
2017-09-26,217.3137,217.5577,216.7822,217.0175,54082000
2017-09-27,217.7145,218.2459,216.8345,217.8626,81001400
2017-09-28,217.5837,218.2023,217.4966,218.1239,44778800
2017-09-29,218.1152,218.9691,217.9323,218.8907,85578000
2017-10-02,219.1172,219.8404,218.943,219.8404,59023000
2017-10-03,219.8404,220.337,219.7619,220.3108,66810200
2017-10-04,220.1627,220.8162,220.0495,220.5723,55953600
2017-10-05,220.9033,221.8966,220.6071,221.8792,63522800
2017-10-06,221.4348,221.914,221.1734,221.6264,80646000
2017-10-09,221.853,221.914,220.9992,221.2605,35803100
2017-10-10,221.8269,222.219,221.2867,221.8443,43057400
2017-10-11,221.7485,222.1928,221.5829,222.1928,47674300
2017-10-12,221.8792,222.2277,221.6265,221.8618,47065100
2017-10-13,222.2973,222.4106,221.8617,222.1318,54800400
2017-10-16,222.3583,222.6197,222.0186,222.428,38221700
2017-10-17,222.3758,222.6285,222.158,222.5849,31561000
2017-10-18,222.9595,223.0031,222.611,222.8027,40888300
2017-10-19,222.0273,222.8986,221.6091,222.8637,61903800
2017-10-20,223.6565,224.0399,222.8462,224.0137,89176400
2017-10-23,224.3361,224.3623,223.0641,223.1425,63915300
2017-10-24,223.5695,223.7698,223.1774,223.5346,66935900
2017-10-25,223.2035,223.3167,221.3041,222.428,103715300
2017-10-26,223.0379,223.308,222.5935,222.7155,69798000
2017-10-27,223.4562,224.6934,222.7243,224.5365,85562500
2017-10-30,223.4562,224.4407,223.4039,223.7001,54285700
2017-10-31,224.0748,224.3013,223.7524,224.0486,60304800
2017-11-01,224.824,225.1638,223.9789,224.3448,54202700
2017-11-02,224.2752,224.5714,223.2122,224.432,56449500
2017-11-03,224.5888,225.2249,224.1793,225.1813,59589700
2017-11-06,225.0506,225.6605,224.9809,225.5298,49652600
2017-11-07,225.6344,225.9654,224.8676,225.373,57502200
2017-11-08,225.1987,225.8522,224.9199,225.7563,50469600
2017-11-09,224.554,225.129,223.3603,224.9373,95085500
2017-11-10,224.554,225.0419,224.2403,224.8677,59984700
2017-11-13,224.1881,225.3033,224.1532,225.0768,50228600
2017-11-14,224.2751,224.6585,223.4997,224.554,61315200
2017-11-15,223.5868,224.1096,222.7243,223.43,80811500
2017-11-16,224.371,225.6953,224.3274,225.3294,67777000
2017-11-17,224.9809,225.3033,224.5888,224.6672,75756800
2017-11-20,224.9113,225.2423,224.6673,225.0507,48075500
2017-11-21,225.8173,226.706,225.0158,226.523,69176800
2017-11-22,226.5317,226.6624,226.1571,226.3226,45033400
2017-11-24,226.8106,226.95,226.6712,226.8454,27856500
2017-11-27,226.889,227.1852,226.5318,226.7322,52274900
2017-11-28,227.1939,229.0585,227.0981,229.0323,98971700
2017-11-29,229.163,229.6945,228.4486,228.8929,77512100
2017-11-30,229.8078,231.803,229.7294,230.8969,127894400
2017-12-01,230.6791,231.1583,227.194,230.4177,164390900
2017-12-04,232.0296,232.4565,230.0866,230.1389,94040600
2017-12-05,229.3112,231.0189,229.1805,229.3112,77994500
2017-12-06,229.407,229.7816,228.8929,229.3547,75898600
2017-12-07,230.0779,230.3915,229.0933,230.0779,77218600
2017-12-08,231.0275,231.3412,230.043,231.3325,76563900
2017-12-11,232.0295,232.0905,231.3064,232.0295,83077500
2017-12-12,232.8136,232.9094,232.0643,232.4389,85195800
2017-12-13,232.683,233.1187,232.3258,232.4129,102905400
2017-12-14,232.7091,232.8224,231.4109,231.4632,100666700
2017-12-15,232.4625,233.8549,232.4099,233.3907,144610300
2017-12-18,234.7831,235.221,234.6781,234.8707,83653600
2017-12-19,235.1159,235.1597,233.8986,233.9687,82382900
2017-12-20,234.932,234.9845,233.5484,233.8461,76751500
2017-12-21,234.4678,235.037,234.0825,234.3277,67032300
2017-12-22,234.3453,234.3803,233.7323,234.2665,78720900
2017-12-26,233.8635,234.2051,233.7234,233.9861,45244400
2017-12-27,234.1526,234.4591,233.8286,234.1001,57751000
2017-12-28,234.5992,234.6255,234.2139,234.5816,45116100
2017-12-29,235.1596,235.1771,233.5045,233.6972,96007400
2018-01-02,234.5554,235.4048,234.1701,235.3698,86655700
2018-01-03,235.5362,237.0074,235.5362,236.8585,90070400
2018-01-04,237.4978,238.3385,236.9199,237.8569,80636400
2018-01-05,238.645,239.5645,238.1546,239.442,83524000
2018-01-08,239.3456,240.0374,239.0566,239.8798,57319200
2018-01-09,240.3002,241.0446,240.02,240.4228,57254000
2018-01-10,239.6697,240.3177,239.0041,240.055,69574300
2018-01-11,240.6066,241.8064,240.4402,241.8064,62361500
2018-01-12,242.0691,243.5491,241.7713,243.3827,90816100
2018-01-16,244.6351,245.2831,241.859,242.5509,106555100
2018-01-17,243.4791,245.248,242.5508,244.8627,113258800
2018-01-18,244.7489,245.1692,243.9607,244.4512,100728000
2018-01-19,245.0291,245.5633,244.4511,245.5633,140920100
2018-01-22,245.3531,247.5599,245.3005,247.5599,91322400
2018-01-23,247.6038,248.3745,247.2798,248.0855,97084700
2018-01-24,248.7247,249.3202,246.8156,247.989,134816100
2018-01-25,248.8473,248.9436,247.306,248.0941,84587300
2018-01-26,248.9261,251.0103,248.6721,250.9665,107743100
2018-01-29,250.3974,250.8352,249.1451,249.3027,90118300
2018-01-30,247.4811,249.3552,246.2726,246.7455,131796400
2018-01-31,247.595,248.0941,245.7997,246.8681,108364800
2018-02-01,246.1413,247.8839,245.7997,246.5879,90102500
2018-02-02,245.2743,245.4057,241.1846,241.2197,173174800
2018-02-05,239.4682,241.57,230.5883,231.1313,294681800
2018-02-06,227.6372,236.1843,226.5513,235.6851,355026800
2018-02-07,235.1334,238.5137,234.3277,234.4065,167376100
2018-02-08,234.7043,234.8444,225.5791,225.6142,246449500
2018-02-09,228.3902,230.851,221.4895,229.0032,283565300
2018-02-12,231.0437,233.8285,229.1434,232.3661,143736000
2018-02-13,231.1663,233.487,230.5883,232.944,81223600
2018-02-14,231.464,236.4469,231.4552,236.0878,120735700
2018-02-15,237.8219,239.1092,235.3698,239.1004,111200300
2018-02-16,238.4786,241.1058,238.4348,239.1704,160420100
2018-02-20,238.2247,239.6609,236.8849,237.673,86369700
2018-02-21,238.1108,240.5803,236.3943,236.4907,98883700
2018-02-22,237.4103,239.1179,236.1317,236.7972,110511300
2018-02-23,238.0145,240.5716,237.5416,240.5716,92766400
2018-02-26,241.64,243.4616,241.0533,243.3652,86491400
2018-02-27,243.5491,244.2585,240.2651,240.3264,99099200
2018-02-28,241.4212,241.8678,237.5767,237.892,121907800
2018-03-01,237.6818,239.2231,232.9441,234.4328,176855100
2018-03-02,232.7689,236.2018,231.9107,235.6413,139083200
2018-03-05,234.4591,238.9778,234.354,238.3648,97307400
2018-03-06,239.3369,239.4157,237.4803,238.9691,79213200
2018-03-07,236.8148,239.2318,236.6222,238.8815,87063500
2018-03-08,239.5558,240.1601,238.5663,240.0375,66901200
2018-03-09,241.4387,244.2147,241.1234,244.2147,113625300
2018-03-12,244.5037,245.1254,243.5228,243.9082,71924800
2018-03-13,245.0641,245.5633,241.7276,242.3318,91968900
2018-03-14,243.2865,243.4703,240.5367,241.0884,105895100
2018-03-15,241.5963,242.2355,240.3265,240.8256,83433000
2018-03-16,241.3505,242.1331,241.034,241.0868,100343700
2018-03-19,240.3394,241.2626,236.1806,237.8248,109208400
2018-03-20,238.2205,238.8623,237.5522,238.2293,59757300
2018-03-21,238.1852,240.269,237.561,237.772,78709600
2018-03-22,235.5564,236.4004,231.5558,231.8284,148785900
2018-03-23,232.268,232.5933,226.6936,226.8871,183534800
2018-03-26,230.4744,233.3759,228.0829,233.0945,141956100
2018-03-27,234.0265,234.554,227.5817,229.1291,129941400
2018-03-28,229.2611,230.9228,227.3531,228.4521,146452300
2018-03-29,229.5863,233.2264,228.4609,231.3712,111601600
2018-04-02,230.8436,231.3536,223.9153,226.3771,186286300
2018-04-03,227.608,229.7534,225.8232,229.2786,119956900
2018-04-04,225.7441,232.4351,225.6122,231.7317,123715300
2018-04-05,233.4814,234.4398,232.3999,233.5605,82652600
2018-04-06,231.6086,233.0945,226.8432,228.3555,179521200
2018-04-09,229.8062,232.8572,228.5489,229.4809,105442900
2018-04-10,232.356,233.9122,231.2218,233.1297,103529000
2018-04-11,231.6526,233.5605,231.5823,231.9076,91140200
2018-04-12,233.2264,234.7563,233.0506,233.8155,68890500
2018-04-13,235.1168,235.2311,232.1274,233.1297,85079200
2018-04-16,234.7563,235.8113,233.9386,235.0464,63405300
2018-04-17,236.8049,238.1589,236.2949,237.561,64682000
2018-04-18,238.0006,238.5369,237.2796,237.7369,57303900
2018-04-19,237.0862,237.2885,235.3893,236.418,77655900
2018-04-20,236.3477,236.5675,233.5341,234.4133,99953100
2018-04-23,234.9849,235.5388,233.3055,234.3782,65558000
2018-04-24,235.3982,235.618,229.7271,231.2218,112885500
2018-04-25,231.1602,232.2329,229.349,231.7932,103840900
2018-04-26,232.8131,234.976,232.3735,234.1496,67731900
2018-04-27,234.7563,235.0552,233.4374,234.3694,57053600
2018-04-30,234.9849,235.5388,232.4966,232.567,82182300
2018-05-01,232.0042,233.0857,230.4568,232.9802,74203400
2018-05-02,232.7868,233.5957,231.0283,231.4152,86368900
2018-05-03,230.5887,231.5558,227.7663,230.9052,136311500
2018-05-04,229.938,234.5716,229.6127,233.8946,91222100
2018-05-07,234.6596,235.6531,233.9738,234.686,55304900
2018-05-08,234.3167,235.0464,233.1297,234.686,67499200
2018-05-09,235.3541,237.2797,234.8354,236.9544,59666100
2018-05-10,237.6929,239.4953,237.5874,239.17,72063900
2018-05-11,239.2931,240.1635,238.7831,239.8998,59871500
2018-05-14,240.3306,240.9812,239.4689,240.0141,54790600
2018-05-15,238.7919,238.8095,237.4203,238.3611,87036100
2018-05-16,238.3963,239.8207,238.3699,239.3635,53942600
2018-05-17,239.0997,240.2339,238.3875,239.1612,56536400
2018-05-18,238.8184,239.1788,238.2117,238.5634,64368000
2018-05-21,240.0405,240.8933,239.6536,240.357,58025900
2018-05-22,240.8757,241.1307,239.3634,239.6887,52966400
2018-05-23,238.4227,240.3746,238.2644,240.3482,64694200
2018-05-24,239.9525,240.2251,238.0798,239.8558,76043800
2018-05-25,239.2843,239.9085,238.7831,239.2843,56374800
2018-05-29,237.6665,238.4226,235.4244,236.5322,115908600
2018-05-30,237.8335,240.1283,237.7632,239.6887,69678400
2018-05-31,239.2843,239.5832,237.6225,238.2204,93519900
2018-06-01,239.5129,240.8582,239.4426,240.5592,71258400
2018-06-04,241.3769,241.9572,241.1395,241.7022,45385200
2018-06-05,241.8341,242.2562,241.0692,241.8781,51135000
2018-06-06,242.4848,244.0058,241.8693,243.9003,62732200
2018-06-07,244.3839,244.674,242.9683,243.8739,72969400
2018-06-08,243.4168,244.6477,243.2497,244.5949,72139700
2018-06-11,244.8147,245.6324,244.7004,244.9202,58892500
2018-06-12,245.3335,245.5972,244.5949,245.2368,72329000
2018-06-13,245.4742,245.7292,244.252,244.4543,79070600
2018-06-14,245.3159,245.5972,244.4806,245.0697,77097600
2018-06-15,244.2889,245.0926,243.185,244.757,120041600
2018-06-18,243.3086,244.3773,242.8317,244.2536,52917600
2018-06-19,241.9926,243.5382,241.5775,243.3174,97531500
2018-06-20,243.9975,244.395,243.397,243.7326,53785500
2018-06-21,243.7238,243.7414,241.7101,242.2047,71061400
2018-06-22,243.4588,243.5736,242.4255,242.6463,54898500
2018-06-25,241.4982,241.6571,237.6651,239.3432,137854200
2018-06-26,239.9084,240.7209,239.1577,239.873,68547400
2018-06-27,240.4559,241.8778,237.7357,237.8858,105110700
2018-06-28,237.8328,240.0054,237.1262,239.2459,76650500
2018-06-29,240.3322,241.6923,239.4755,239.5903,97592500
2018-07-02,238.0272,240.2617,237.7887,240.1027,63554800
2018-07-03,240.9947,241.0919,238.831,239.2549,42187100
2018-07-05,240.3764,241.2684,239.3077,241.2066,56925900
2018-07-06,241.2332,243.6177,240.8534,243.2468,66493700
2018-07-09,244.2448,245.4901,244.2006,245.4371,50550400
2018-07-10,245.8876,246.4175,245.5961,246.3203,51966800
2018-07-11,244.7747,245.5608,244.2183,244.5186,77054700
2018-07-12,245.7727,246.7884,245.1721,246.7354,60124700
2018-07-13,246.5587,247.2299,246.1083,246.9296,48216000
2018-07-16,246.9739,247.1152,246.2673,246.7089,48201000
2018-07-17,245.9406,248.0956,245.8876,247.707,52315500
2018-07-18,247.7864,248.334,247.3448,248.228,44593500
2018-07-19,247.5656,247.9453,246.8149,247.2918,61412100
2018-07-20,247.0887,247.7158,246.8502,247.0092,82337700
2018-07-23,246.806,247.6715,246.4616,247.4684,47047600
2018-07-24,248.8728,249.5528,247.8483,248.7138,68026900
2018-07-25,248.4664,251.1513,248.4223,250.8334,78882900
2018-07-26,250.118,250.9217,250.0209,250.2417,57919500
2018-07-27,250.5684,250.6656,247.6274,248.5459,76768700
2018-07-30,248.6255,248.7844,246.7266,247.2477,63742500
2018-07-31,248.0072,249.0758,247.6274,248.4664,68570500
2018-08-01,248.6695,249.1729,247.4066,248.0513,53853300
2018-08-02,246.7531,249.5704,246.5499,249.4026,63426400
2018-08-03,249.5263,250.5243,249.3496,250.4713,53935400
2018-08-06,250.5066,251.6989,250.118,251.3898,39400900
2018-08-07,252.0522,252.5998,251.9197,252.22,43196600
2018-08-08,252.0522,252.5114,251.6547,252.114,42114600
2018-08-09,252.1758,252.5644,251.6371,251.7696,35717000
2018-08-10,250.3388,250.8775,249.3761,250.0827,77076000
2018-08-13,250.3564,250.9658,248.855,249.1465,65732900
2018-08-14,249.8707,250.9747,249.4821,250.7362,43842000
2018-08-15,249.3939,249.5352,247.4332,248.8639,102925400
2018-08-16,250.2946,251.743,250.2592,250.8775,69967900
2018-08-17,250.6744,252.2023,250.2682,251.7607,65618500
2018-08-20,252.2111,252.5644,251.7607,252.2995,39807500
2018-08-21,252.8117,253.7479,252.3348,252.8912,67272000
2018-08-22,252.485,253.2622,252.22,252.7411,44993300
2018-08-23,252.5643,253.421,252.0874,252.4054,49204900
2018-08-24,252.9795,254.0658,252.9265,253.9245,57487400
2018-08-27,255.1168,256.0353,254.9578,255.9294,57072400
2018-08-28,256.3887,256.4947,255.5938,256.0531,46943500
2018-08-29,256.2649,257.6603,256.0265,257.4307,61485500
2018-08-30,256.9538,257.3248,255.7969,256.3886,61229500
2018-08-31,255.9823,256.839,255.4965,256.3974,66140800
2018-09-04,255.9823,256.3091,254.9578,255.9558,57594400
2018-09-05,255.6025,255.8057,254.2601,255.2669,72452400
2018-09-06,255.373,255.6733,253.4742,254.4987,65909900
2018-09-07,253.4564,254.9755,253.218,254.004,73524800
2018-09-10,255.0107,255.2757,254.2512,254.4455,50210900
2018-09-11,253.8008,255.7262,253.4564,255.2846,50530500
2018-09-12,255.2934,255.947,254.5604,255.3464,59810800
2018-09-13,256.4062,257.0421,256.1236,256.8566,51034200
2018-09-14,257.0598,257.2453,256.1236,256.9008,55079900
2018-09-17,256.8479,256.8832,255.267,255.5407,68244000
2018-09-18,255.7526,257.519,255.7261,256.9272,61930400
2018-09-19,256.9803,257.6162,256.8566,257.2011,49080600
2018-09-20,258.4553,259.6035,257.2188,259.2855,100360600
2018-09-21,260.0245,260.1398,258.8889,259.0486,105479700
2018-09-24,258.4718,258.6138,257.6113,258.1879,53409600
2018-09-25,258.6405,258.747,257.709,257.9485,44370000
2018-09-26,258.0904,259.2703,256.7596,257.1766,79739700
2018-09-27,257.6469,258.9777,257.3719,257.8953,59249500
2018-09-28,257.2742,258.4187,257.2388,257.9219,70091400
2018-10-01,259.155,259.8825,258.1525,258.8179,62078900
2018-10-02,258.667,259.3768,258.2944,258.667,47258200
2018-10-03,259.7139,260.1309,258.4542,258.809,64694600
2018-10-04,258.3299,258.3832,255.2071,256.7863,111545900
2018-10-05,257.0081,257.5226,253.9296,255.3491,105951700
2018-10-08,254.6659,255.7039,253.2908,255.3491,87742200
2018-10-09,254.9676,256.2717,254.4175,254.9764,74339000
2018-10-10,254.4707,254.5417,246.5304,246.903,214731000
2018-10-11,245.8206,247.4353,239.8588,241.4646,274840500
2018-10-12,245.5457,245.8296,241.6421,244.8182,183186500
2018-10-15,244.4633,245.7852,243.3543,243.443,102263700
2018-10-16,245.3949,249.1388,244.9247,248.7662,118255800
2018-10-17,248.8016,249.4315,246.2465,248.8105,110626000
2018-10-18,247.8789,248.4734,243.9487,245.2174,134557500
2018-10-19,245.865,247.7901,244.3922,245.0842,139901600
2018-10-22,245.7498,246.0691,243.452,243.9843,82415800
2018-10-23,240.3822,243.86,238.3062,242.7421,146352700
2018-10-24,242.4938,242.8753,234.8374,235.3875,177806700
2018-10-25,237.215,241.1452,236.1948,239.6104,138061500
2018-10-26,235.9197,240.4266,232.6992,235.3963,201574600
2018-10-29,238.4748,239.7612,230.5345,234.0921,160749100
2018-10-30,233.9235,237.8715,233.4356,237.561,157116000
2018-10-31,240.1161,242.405,239.6459,240.0983,128296300
2018-11-01,240.959,242.8487,239.8766,242.6535,99495000
2018-11-02,243.7535,244.1794,239.1757,241.2162,122634100
2018-11-05,241.7041,243.097,240.7371,242.547,65622500
2018-11-06,242.4848,244.2414,242.4227,244.0817,60085900
2018-11-07,246.2466,249.3872,245.8207,249.3074,102752100
2018-11-08,248.5088,249.4936,247.7192,248.8548,65584900
2018-11-09,247.5506,247.7369,245.0222,246.4239,98812600
2018-11-12,245.9182,246.1578,241.3049,241.8194,99673600
2018-11-13,242.2808,244.2681,240.6484,241.367,98176600
2018-11-14,243.2301,243.6293,238.1643,239.7169,125335900
2018-11-15,238.457,242.68,236.8867,242.2186,135101400
2018-11-16,241.1274,243.7535,240.6128,242.8485,126668000
2018-11-19,242.2454,242.5381,237.8272,238.741,103061700
2018-11-20,235.4229,236.8779,233.4622,234.3228,136021300
2018-11-21,235.8664,237.0109,235.1124,235.1212,75563700
2018-11-23,233.4888,234.9438,233.3913,233.5509,42807900
2018-11-26,235.7955,237.5433,235.4052,237.3215,79981400
2018-11-27,236.2923,238.1199,235.689,238.1199,75502400
2018-11-28,239.1846,243.6027,238.0578,243.6027,127629600
2018-11-29,242.8308,244.4632,241.6952,243.0704,82346400
2018-11-30,242.9196,245.1109,242.6002,244.552,98204200
2018-12-03,248.6596,248.7661,246.2022,247.7902,103176300
2018-12-04,246.9651,247.3909,239.4507,239.7612,177986000
2018-12-06,235.9197,239.5128,232.8323,239.3975,204185400
2018-12-07,239.0603,240.6217,233.0008,233.8348,161018900
2018-12-10,233.6574,235.2455,229.4433,234.2784,151445900
2018-12-11,237.4634,237.6497,232.8678,234.3317,121504400
2018-12-12,237.2949,238.6522,235.4318,235.5116,97976700
2018-12-13,236.452,237.3126,234.3228,235.4317,96662700
2018-12-14,233.2937,234.243,230.5345,231.0846,116961100
2018-12-17,230.1353,231.2443,224.9275,226.5511,165492300
2018-12-18,228.1835,228.8489,224.7057,226.3027,134515100
2018-12-19,226.3825,230.1353,221.2191,222.9136,214992800
2018-12-20,221.6715,223.2329,217.0493,219.285,252053400
2018-12-21,220.1818,222.8322,214.1495,214.792,255345600
2018-12-24,213.3106,214.9169,209.0541,209.1165,147311600
2018-12-26,210.5711,219.6821,208.599,219.6821,218485400
2018-12-27,216.4607,221.565,213.2392,221.3687,186267300
2018-12-28,222.7162,224.3403,219.9231,221.0831,153100200
2018-12-31,222.6983,223.2605,220.8333,223.0196,144299400
2019-01-02,219.5036,224.1707,219.4769,223.2516,126925200
2019-01-03,221.5114,221.8148,217.4422,217.9241,144140700
2019-01-04,220.9404,225.8662,220.5656,225.2237,142628800
2019-01-07,225.4914,228.4005,224.5991,226.9995,103139100
2019-01-08,229.1769,229.6141,226.6604,229.1322,102512600
2019-01-09,229.8372,231.0419,228.6147,230.2031,95006600
2019-01-10,228.6772,231.265,227.999,231.0152,96823900
2019-01-11,229.9443,231.1312,229.3643,231.1044,73858100
2019-01-14,229.2126,230.4976,228.811,229.6944,70908200
2019-01-15,230.0692,232.6393,230.0603,232.3269,85208300
2019-01-16,232.7552,233.7725,232.55,232.8891,77636700
2019-01-17,232.0235,235.5127,231.9789,234.656,96118400
2019-01-18,236.4586,238.2433,234.6917,237.7793,127900300
2019-01-22,236.3158,236.53,232.9605,234.5668,115531200
2019-01-23,235.593,236.289,232.6035,235.0575,86030300
2019-01-24,234.8791,235.7626,233.8707,235.1825,59204100
2019-01-25,237.0207,237.9934,235.2806,237.1725,96883400
2019-01-28,235.0397,235.4324,233.612,235.3699,85613700
2019-01-29,235.5127,236.0748,234.2276,235.0575,66136300
2019-01-30,236.5657,239.6175,235.8071,238.7787,92473700
2019-01-31,238.7163,241.3577,238.5021,240.8758,104012100
2019-02-01,241.0721,242.0091,240.2065,240.9918,85782500
2019-02-04,241.0364,242.7497,240.3671,242.6872,60744800
2019-02-05,243.1156,244.008,242.6159,243.7046,79552800
2019-02-06,243.4279,243.9187,242.6516,243.3833,58347800
2019-02-07,241.7771,242.3214,239.4123,241.0632,95482000
2019-02-08,239.8228,241.4558,239.0018,241.3577,75788900
2019-02-11,242.0091,242.2679,240.965,241.4915,68021400
2019-02-12,243.0977,244.9717,243.0263,244.5969,72270200
2019-02-13,245.4268,246.23,245.0074,245.3911,65277200
2019-02-14,244.3113,245.9711,243.4993,244.8468,83234400
2019-02-15,246.6137,247.5507,246.4085,247.515,97088700
2019-02-19,246.7207,248.5947,246.7118,247.9433,59120800
2019-02-20,247.9076,248.8982,247.4079,248.443,76610800
2019-02-21,247.8095,248.1664,246.6048,247.5596,64214700
2019-02-22,248.1753,249.2907,247.5417,249.0944,78114600
2019-02-25,250.5133,251.0309,249.3532,249.4335,69030700
2019-02-26,249.0855,250.1296,248.8803,249.2551,56844100
2019-02-27,248.5412,249.496,247.6131,249.148,56921600
2019-02-28,248.9339,249.3711,248.3628,248.684,69268300
2019-03-01,250.2546,250.6473,248.809,250.2368,78880500
2019-03-04,251.2896,251.5306,247.042,249.3264,106494600
2019-03-05,249.4514,249.6477,248.443,248.9873,59114600
2019-03-06,249.1033,249.1122,247.158,247.4792,75039800
2019-03-07,247.0331,247.1759,244.5702,245.409,94885100
2019-03-08,243.5618,245.0877,243.0978,244.9182,85795800
2019-03-11,245.632,248.6304,245.6053,248.4698,65098900
2019-03-12,249.023,249.9243,248.8357,249.4068,79667500
2019-03-13,250.2902,251.9857,250.1296,251.0576,80639200
2019-03-14,251.0844,251.5038,250.4598,250.897,67518400
2019-03-15,251.4465,252.9433,251.2582,252.1366,81309000
2019-03-18,252.3517,253.3466,252.1277,253.0508,62199800
2019-03-19,254.1084,254.8702,252.2262,253.1135,90268100
2019-03-20,252.8984,254.0995,251.2493,252.3517,84609200
2019-03-21,251.5361,255.6053,251.4913,255.2019,79550400
2019-03-22,253.8485,254.3684,250.2275,250.2902,122659300
2019-03-25,249.9497,251.1328,248.8472,250.102,85575200
2019-03-26,251.8498,252.9163,250.5681,251.9663,68125900
2019-03-27,251.9573,252.54,249.1071,250.6488,72224700
2019-03-28,251.2761,252.0469,250.1289,251.5988,56238500
2019-03-29,253.1045,253.5079,251.9842,253.1852,82186800
2019-04-01,255.175,256.4836,254.9061,256.1878,77617900
2019-04-02,256.3761,256.5464,255.5246,256.3134,40070400
2019-04-03,257.5234,257.9178,256.1162,256.7167,68243200
2019-04-04,257.0393,257.6488,256.3491,257.3978,48997500
2019-04-05,258.0611,258.6975,257.7743,258.6437,58621700
2019-04-08,258.2225,258.9485,257.5682,258.8409,53566300
2019-04-09,257.8818,258.2045,256.9676,257.5143,66142300
2019-04-10,257.9266,258.4824,257.5144,258.3927,52601500
2019-04-11,258.8767,258.8856,257.7563,258.321,55093100
2019-04-12,259.9254,260.3467,258.3659,260.0688,69727800
2019-04-15,260.1405,260.2391,259.1008,259.8985,49596700
2019-04-16,260.7769,260.8307,259.4773,260.0688,52153200
2019-04-17,261.1803,261.2071,259.0202,259.4325,58268300
2019-04-18,260.0151,260.2123,258.7244,259.9434,68708500
2019-04-22,259.1815,260.3197,259.0918,260.1674,40160100
2019-04-23,260.5349,262.7398,260.3019,262.5067,52246600
2019-04-24,262.4261,262.7577,261.7807,261.9241,50392900
2019-04-25,261.8255,262.4171,260.5797,261.7628,57770900
2019-04-26,261.8076,263.0534,261.0367,262.9817,50916400
2019-04-29,263.0715,263.914,262.9818,263.3941,57197700
2019-04-30,263.0534,263.8153,261.6463,263.5285,81111700
2019-05-01,264.1558,264.362,261.5386,261.5476,71671900
2019-05-02,261.4311,262.3454,259.4951,260.983,65030200
2019-05-03,262.4529,263.8153,261.0906,263.5374,56543700
2019-05-06,259.2532,262.8921,258.9395,262.453,107198100
2019-05-07,260.0598,260.6514,256.1699,258.07,144729900
2019-05-08,257.7115,259.4145,257.12,257.7115,91568300
2019-05-09,255.6502,257.5324,253.9203,256.9319,103471100
2019-05-10,255.9996,258.9753,253.0239,258.2224,112429300
2019-05-13,253.1315,254.0905,250.8997,251.7332,127290500
2019-05-14,252.7461,255.5336,252.6206,254.0099,77003200
2019-05-15,252.3876,256.1341,252.1814,255.4977,73956400
2019-05-16,256.1968,259.2173,256.1251,257.8639,76749600
2019-05-17,255.5694,258.6706,255.5515,256.1968,100353000
2019-05-20,254.6014,256.3044,253.7589,254.5028,62877600
2019-05-21,256.1878,257.1738,255.9369,256.7973,46847100
2019-05-22,255.8472,256.9586,255.5335,256.0086,49482500
2019-05-23,253.7947,253.8395,251.4733,252.8805,98733800
2019-05-24,254.3145,254.7268,252.8356,253.4541,55268100
2019-05-28,253.732,254.6821,251.079,251.0969,70029400
2019-05-29,249.9855,250.3888,248.0136,249.4118,104972900
2019-05-30,250.1647,250.9983,248.9995,250.093,62523800
2019-05-31,247.5565,248.3811,246.6961,246.723,86862800
2019-06-03,246.7588,247.8702,244.769,246.0955,96428000
2019-06-04,248.3812,251.572,247.933,251.4376,77231900
2019-06-05,253.0508,253.6424,251.2493,253.6155,71169700
2019-06-06,253.9112,255.9368,253.2658,255.2645,69430400
2019-06-07,256.2774,258.8946,256.1071,257.819,74272200
2019-06-10,259.3608,260.6604,258.9127,259.0023,60799100
2019-06-11,260.8127,261.1802,258.2941,258.9395,58641300
2019-06-12,258.7065,259.2622,257.9715,258.4824,47096300
2019-06-13,259.3875,259.9074,258.6884,259.5489,48945200
2019-06-14,259.2622,259.8627,258.5003,259.2622,52324700
2019-06-17,259.4952,260.1226,259.1905,259.3607,39205700
2019-06-18,261.1713,263.1252,260.8128,262.0766,85434800
2019-06-19,262.2109,263.1968,261.2429,262.668,78674400
2019-06-20,265.339,265.581,262.7308,265.1777,116570000
2019-06-21,264.9093,266.1612,264.5761,264.7922,83309500
2019-06-24,264.9993,265.3145,264.3148,264.4679,47582700
2019-06-25,264.522,264.549,261.766,261.8741,82028700
2019-06-26,262.7657,263.27,261.5047,261.6128,51584900
2019-06-27,262.3694,263.0449,261.9912,262.5406,40355200
2019-06-28,263.5132,264.3869,262.9999,263.8915,59350900
2019-07-01,267.206,267.4222,265.0894,266.2873,78705600
2019-07-02,266.2422,267.0347,265.4046,266.9807,61504500
2019-07-03,267.6562,269.1333,267.5121,269.1153,40898900
2019-07-05,267.8905,268.9713,266.6026,268.8092,51677300
2019-07-08,267.5031,268.6289,266.7916,267.332,45841800
2019-07-09,266.1791,267.9624,266.1251,267.6652,41101300
2019-07-10,268.7281,269.8899,268.1967,268.9442,58448500
2019-07-11,269.5837,269.8178,268.5749,269.5746,50826100
2019-07-12,270.0611,270.8537,269.7549,270.7816,40326000
2019-07-15,271.2139,271.2139,270.3672,270.8716,33900000
2019-07-16,270.7816,270.9887,269.6918,269.998,36650100
2019-07-17,269.971,270.1331,268.1606,268.1606,36036300
2019-07-18,267.6653,269.5207,267.224,269.1424,51392600
2019-07-19,270.2321,270.2591,267.4761,267.6472,58678600
2019-07-22,268.0436,268.8451,267.5302,268.3047,43638100
2019-07-23,269.4216,270.2232,268.593,270.2232,44564500
2019-07-24,269.4665,271.493,269.3765,271.493,47213200
2019-07-25,271.0428,271.0969,269.3946,270.1962,55394100
2019-07-26,270.8806,272.2045,270.7545,272.0064,45084100
2019-07-29,271.8893,272.0064,270.9617,271.511,38126500
2019-07-30,270.1151,271.2499,269.7368,270.8446,45849000
2019-07-31,271.0878,271.2769,265.873,267.8814,104245200
2019-08-01,268.0345,270.9797,264.7562,265.5487,142646600
2019-08-02,264.6571,264.9003,262.0002,263.5493,116749700
2019-08-05,259.4694,259.5775,253.7322,255.6236,178745400
2019-08-06,257.5059,259.4243,256.0379,259.2082,120711700
2019-08-07,256.146,260.1269,254.0205,259.3613,140572300
2019-08-08,260.8473,264.45,260.298,264.45,87713900
2019-08-09,263.5133,264.1077,260.8744,262.6487,93730000
2019-08-12,261.1536,262.6396,258.5057,259.4514,65527600
2019-08-13,259.1541,264.9273,258.8118,263.4862,94299800
2019-08-14,259.4513,260.0548,255.5695,255.6956,135622100
2019-08-15,256.5782,257.2627,254.3356,256.3711,99556600
2019-08-16,258.0193,260.5862,256.4251,260.1539,83018300
2019-08-19,263.162,263.9636,262.4865,263.2881,53571800
2019-08-20,262.7837,263.3151,261.1445,261.2706,51596400
2019-08-21,263.4232,263.7654,262.7387,263.3962,49524700
2019-08-22,264.0987,264.7292,261.5499,263.3152,51666400
2019-08-23,262.0182,263.6754,255.3083,256.5512,149161500
2019-08-26,258.7308,259.3883,257.2087,259.3883,72423800
2019-08-27,260.7753,261.1445,257.614,258.3705,66668900
2019-08-28,257.713,260.3519,256.9114,260.1898,59696700
2019-08-29,262.7387,264.0357,261.739,263.5133,57899400
2019-08-30,264.9903,265.0083,262.4685,263.3962,62901200
2019-09-03,261.703,262.6126,260.5321,261.8561,69101400
2019-09-04,264.0177,264.8463,263.2702,264.8283,46887300
2019-09-05,267.3051,269.1424,264.7923,268.2328,83258100
2019-09-06,268.548,269.0794,267.8725,268.4399,49584300
2019-09-09,269.4216,269.5116,267.6383,268.575,51260300
2019-09-10,267.8184,268.575,266.5665,268.5119,57947100
2019-09-11,268.8181,270.5023,268.1696,270.4213,68821100
2019-09-12,271.322,272.4118,270.5654,271.358,72908700
2019-09-13,271.7993,272.1506,270.8086,271.1779,62104800
2019-09-16,270.052,271.2229,269.7008,270.3402,58191200
2019-09-17,270.1421,271.1148,269.971,271.0248,41475500
2019-09-18,270.6374,271.2949,268.611,271.1869,73375800
2019-09-19,271.5742,272.5649,270.8356,271.1689,76560500
2019-09-20,271.7695,272.0501,269.1004,269.8875,89565000
2019-09-23,269.2271,270.5391,268.9738,269.8243,43476800
2019-09-24,270.91,271.2991,266.7479,267.707,94869400
2019-09-25,267.7884,269.7337,266.3135,269.2904,71854000
2019-09-26,269.2994,269.5075,267.3269,268.7294,56179700
2019-09-27,269.4804,269.589,265.7345,267.2817,84746600
2019-09-30,267.7974,269.227,267.7522,268.5213,51662400
2019-10-01,269.399,270.0505,265.1102,265.3274,88242400
2019-10-02,263.753,263.762,259.3556,260.6404,122539500
2019-10-03,260.4143,262.803,257.7089,262.7758,85278800
2019-10-04,263.4272,266.585,263.3729,266.3316,65091200
2019-10-07,265.5355,267.1551,264.9021,265.1826,59610500
2019-10-08,263.3368,264.0697,261.0295,261.0657,95708100
2019-10-09,263.0743,264.4768,262.45,263.5448,62359400
2019-10-10,263.4634,266.205,263.3006,265.3274,55296300
2019-10-11,268.0689,270.3037,267.9513,268.0779,98720400
2019-10-14,267.7613,268.4309,267.4356,267.7794,40394800
2019-10-15,268.82,271.1725,268.7023,270.4305,46754500
2019-10-16,269.969,270.6838,269.5619,269.9962,48928200
2019-10-17,271.1543,271.661,270.1048,270.7924,45736600
2019-10-18,270.2586,270.901,268.7566,269.6071,64304000
2019-10-21,270.9191,271.6338,270.4847,271.4348,39048600
2019-10-22,271.9686,272.2582,270.4576,270.5481,48594700
2019-10-23,270.2948,271.3896,270.0867,271.3353,34352200
2019-10-24,272.2673,272.412,270.9553,271.7787,35453100
2019-10-25,271.2086,273.4345,271.1543,272.8916,45205400
2019-10-28,274.104,274.9274,274.0769,274.4297,42147000
2019-10-29,274.1584,275.2713,274.0317,274.3484,44284900
2019-10-30,274.5474,275.5608,273.2444,275.1898,49643900
2019-10-31,275.1808,275.1808,273.0092,274.4569,69053800
2019-11-01,275.8955,277.0446,275.7327,276.9994,71141500
2019-11-04,278.5467,278.6824,277.7414,278.1124,60606900
2019-11-05,278.3114,278.61,277.5152,277.8047,42933200
2019-11-06,277.8048,278.1395,276.9271,277.8681,46487100
2019-11-07,279.1982,280.1754,278.3748,278.8453,54272300
2019-11-08,278.5014,279.5872,277.8047,279.5329,49032100
2019-11-11,278.1576,279.171,278.0218,278.9991,35797300
2019-11-12,279.361,280.4829,278.8181,279.5872,46484600
2019-11-13,278.6009,280.0758,278.3747,279.6777,53917700
2019-11-14,279.3972,280.1663,278.7638,280.0848,51219900
2019-11-15,281.4149,282.1568,280.7272,282.1116,62023600
2019-11-18,281.8764,282.555,281.424,282.3197,49228000
2019-11-19,282.9169,282.9259,281.5958,282.2383,67804700
2019-11-20,281.6502,282.1659,279.6415,281.1887,79406200
2019-11-21,281.2975,281.406,279.9402,280.7365,54664700
2019-11-22,281.4783,281.614,280.3563,281.3606,44850200
2019-11-25,282.2836,283.5412,282.2836,283.5412,48647200
2019-11-26,283.5775,284.3647,283.2608,284.1837,37569000
2019-11-27,284.6632,285.4504,284.4461,285.4504,44444600
2019-11-29,284.8892,285.1336,284.1654,284.3916,36592700
2019-12-02,284.6451,284.7085,281.5507,281.976,75767800
2019-12-03,279.2705,280.1663,277.8952,280.0848,73941700
2019-12-04,281.1253,282.4102,280.7815,281.813,49080000
2019-12-05,282.5098,282.5278,281.0168,282.3197,40709000
2019-12-06,284.2199,285.2966,284.2108,284.8985,48927000
2019-12-09,284.5093,285.1789,283.9303,284.0027,34838500
2019-12-10,283.9485,284.609,283.0346,283.6861,52649800
2019-12-11,284.1384,284.7446,283.6045,284.4913,53429100
2019-12-12,284.5004,287.7215,284.2651,286.9434,96389600
2019-12-13,286.7081,288.3368,285.939,287.1153,81503900
2019-12-16,288.8344,289.6759,287.0519,289.0878,82749700
2019-12-17,289.4677,289.7663,289.0696,289.151,61097700
2019-12-18,289.5401,289.7663,289.1148,289.1691,48133000
2019-12-19,289.3591,290.4268,289.1058,290.3544,85310500
2019-12-20,291.3819,292.7549,290.409,291.6274,147142100
2019-12-23,292.4093,292.4639,291.9274,292.0729,52990000
2019-12-24,292.3002,292.3457,291.782,292.082,20270000
2019-12-26,292.4639,293.6459,292.4548,293.6368,30911200
2019-12-27,294.3642,294.4188,293.0367,293.5641,42528800
2019-12-30,293.646,293.7824,291.4637,291.9456,49729100
2019-12-31,291.4455,292.9004,291.1,292.6548,57077300
2020-01-02,294.1824,295.4099,293.2641,295.3917,59151200
2020-01-03,292.0184,294.2734,291.9639,293.155,77709700
2020-01-06,291.4092,294.3552,291.291,294.2734,55653900
2020-01-07,293.7096,294.1825,293.0004,293.446,40496400
2020-01-08,293.6368,296.2191,293.3913,295.0098,68296000
2020-01-09,296.5647,297.0829,295.9827,297.0102,48473300
2020-01-10,297.5922,297.7467,295.6918,296.1555,53029300
2020-01-13,296.7739,298.2014,296.3466,298.1924,47086800
2020-01-14,297.7559,298.8015,297.183,297.7377,62832800
2020-01-15,297.6467,299.1652,297.5649,298.4105,72056600
2020-01-16,299.7836,300.8929,299.5563,300.8929,54050300
2020-01-17,301.6021,302.0385,300.8292,301.8294,95846000
2020-01-21,300.8746,302.0385,300.8019,301.2383,77742400
2020-01-22,302.0931,302.7387,301.1202,301.2747,48914900
2020-01-23,300.6291,302.0294,299.5198,301.6202,51963000
2020-01-24,302.2748,302.3566,297.6557,298.9378,87578400
2020-01-27,293.7188,295.6191,293.3824,294.1461,84062500
2020-01-28,295.5646,298.1014,294.237,297.2285,63834000
2020-01-29,298.5833,298.8107,296.783,296.983,53888900
2020-01-30,294.928,298.1559,294.1824,297.9468,75491800
2020-01-31,297.3285,297.4831,291.6275,292.5367,113845600
2020-02-03,294.0097,296.5647,293.8915,294.7098,69083000
2020-02-04,298.3014,300.0654,297.9832,299.2016,62573200
2020-02-05,302.1203,302.8659,300.6655,302.6567,65951100
2020-02-06,303.6115,303.8661,302.6022,303.6751,50359700
2020-02-07,302.6203,303.6842,301.511,302.0566,64139400
2020-02-10,301.1747,304.3753,301.1384,304.3117,42070000
2020-02-11,305.6573,306.4392,304.3115,304.8389,54864500
2020-02-12,306.2665,307.0121,305.9028,306.803,43992700
2020-02-13,305.3846,307.4395,305.1118,306.4757,54501900
2020-02-14,306.8848,307.0848,305.6937,306.9666,64582200
2020-02-18,305.9756,307.0303,304.7935,306.1756,57226200
2020-02-19,307.1394,308.3123,306.8575,307.6395,48814700
2020-02-20,307.0939,307.9123,303.4023,306.3756,74163400
2020-02-21,305.0299,305.3391,302.4022,303.2205,113788200
2020-02-24,293.8188,303.2933,292.0912,293.1641,161088400
2020-02-25,294.5462,295.1554,283.4078,284.2806,218913200
2020-02-26,285.6717,289.2451,282.5075,283.2349,194773800
2020-02-27,277.743,283.2895,270.5144,270.5144,284353500
2020-02-28,262.5038,270.8599,259.6306,269.3778,384975800
2020-03-02,271.1508,281.1073,267.7411,281.0436,238703600
2020-03-03,281.4163,285.3625,270.5689,272.9966,300139100
2020-03-04,278.3431,284.6897,275.8062,284.4715,176613400
2020-03-05,277.3066,280.48,272.7876,275.0153,186366800
2020-03-06,266.55,271.6692,263.895,270.469,228667200
2020-03-09,250.3197,258.4031,248.6376,249.3468,309417300
2020-03-10,258.8121,262.34,248.683,262.2491,276444100
2020-03-11,255.2297,256.3572,246.3007,249.4649,255316300
2020-03-12,232.771,242.4637,225.2059,225.5969,392220700
2020-03-13,239.2177,246.8464,225.9697,244.8824,329566100
2020-03-16,219.2957,233.5893,215.8223,218.0864,297240000
2020-03-17,222.8054,232.9255,215.5586,229.8613,262070500
2020-03-18,214.813,225.8333,207.3298,218.2228,327597100
2020-03-19,217.5408,224.9331,211.1487,218.6865,289322000
2020-03-20,221.8199,223.5943,208.988,209.2624,347158800
2020-03-23,208.7045,210.0672,199.6224,203.9119,326025200
2020-03-24,214.4025,223.2559,213.8354,222.387,235494500
2020-03-25,223.9601,234.4598,219.2773,225.7161,299430300
2020-03-26,228.213,240.359,227.7831,238.8956,257632800
2020-03-27,231.6428,238.539,229.6124,231.78,224341200
2020-03-30,233.8653,240.0206,231.8806,239.3072,171369500
2020-03-31,238.3103,240.8438,234.3409,235.7403,194881100
2020-04-01,226.8045,235.6579,223.0729,225.1308,189554600
2020-04-02,224.2528,231.1032,223.704,230.3258,177660400
2020-04-03,229.3471,231.6885,224.2802,226.9966,135561200
2020-04-06,235.8225,244.2004,226.9783,242.2431,188061200
2020-04-07,250.7947,251.5447,242.2706,242.4901,201427200
2020-04-08,245.0784,252.4319,242.5998,250.6301,153774500
2020-04-09,253.8769,257.1878,251.9471,254.444,189999200
2020-04-13,253.4745,253.8129,248.2338,252.1209,114839100
2020-04-14,256.9865,260.5718,251.9836,259.5566,134143400
2020-04-15,253.8678,259.6938,251.9379,254.0416,121775000
2020-04-16,255.3128,256.1177,252.2123,255.2671,131798300
2020-04-17,261.0108,262.7668,258.2853,262.1632,146684800
2020-04-20,258.4774,262.3005,257.3251,257.5446,100109300
2020-04-21,253.0996,254.2977,248.7917,249.7247,126385700
2020-04-22,254.5812,257.0049,253.2641,255.2671,92951600
2020-04-23,256.5384,259.6938,254.947,255.2488,104709700
2020-04-24,256.758,259.4744,254.7184,258.8067,85063200
2020-04-27,260.7731,263.6541,260.3158,262.5383,77896600
2020-04-28,266.1692,266.5168,261.0291,261.331,105270000
2020-04-29,266.6357,269.6996,265.6113,268.1722,118745600
2020-04-30,266.8003,268.2729,263.9468,265.6754,122901700
2020-05-01,260.9468,265.8399,257.4804,258.642,125180000
2020-05-04,256.7671,259.6572,255.2946,259.3554,80873200
2020-05-05,262.1633,264.5504,259.4835,261.7517,79569900
2020-05-06,263.4437,263.8278,259.5474,259.9773,73632600
2020-05-07,263.1785,265.0352,262.6115,263.1145,75250400
2020-05-08,266.2334,267.9345,265.1084,267.4681,76452400
2020-05-11,265.5474,268.8949,265.1267,267.523,79514200
2020-05-12,268.7027,269.1142,262.0535,262.1907,95870800
2020-05-13,261.6328,262.6663,255.139,257.5536,144721100
2020-05-14,255.13,260.7639,249.6789,260.6359,121977900
2020-05-15,258.2579,261.8798,257.3159,261.834,111146300
2020-05-18,268.0258,271.4099,267.7057,269.8093,119703800
2020-05-19,269.2149,270.9161,267.0199,267.0382,95189300
2020-05-20,270.5593,272.4343,270.3307,271.5745,85861700
2020-05-21,271.4466,272.2514,268.6113,269.6997,78293900
2020-05-22,269.4161,270.3855,268.1813,270.2118,63958200
2020-05-26,276.1477,276.3855,270.2301,273.541,88951400
2020-05-27,276.3215,277.6476,271.5198,277.6111,104817400
2020-05-28,278.6354,280.6384,276.4312,277.0989,90405200
2020-05-29,276.6324,278.9189,273.8977,278.3336,119090800
2020-06-01,277.6934,280.0622,277.1812,279.4586,55758300
2020-06-02,280.3731,281.8182,279.0469,281.7724,74267200
2020-06-03,283.748,286.4736,283.4737,285.5224,92567600
2020-06-04,284.5437,286.2723,282.687,284.7723,75794400
2020-06-05,290.1412,293.8362,290.0772,292.071,150524700
2020-06-08,292.8759,295.7935,292.3363,295.6014,73641200
2020-06-09,292.949,295.6746,292.0893,293.3972,77479200
2020-06-10,293.9735,294.8606,291.0467,291.7601,95000800
2020-06-11,284.8638,285.4949,274.3916,274.9403,209243600
2020-06-12,281.9188,282.6871,273.102,278.233,194678900
2020-06-15,272.5716,281.9555,271.4009,280.8305,135782700
2020-06-16,288.5406,288.6869,281.3975,286.2357,137627500
2020-06-17,287.251,287.5437,284.3151,285.0468,83398900
2020-06-18,283.5377,285.6322,283.0804,285.1566,80828700
2020-06-19,288.6069,288.7998,281.5886,283.5269,135549600
2020-06-22,282.9298,285.7408,281.7907,285.3458,74649400
2020-06-23,287.9823,288.9101,286.2552,286.6594,68471200
2020-06-24,284.6293,285.2448,277.5191,279.3471,132813500
2020-06-25,278.7776,282.6083,276.7658,282.3419,89468000
2020-06-26,281.2487,281.46,275.0571,275.6358,127961000
2020-06-29,276.8853,279.8249,274.607,279.6871,79773300
2020-06-30,279.2552,284.9599,279.099,283.2696,113394800
2020-07-01,284.3812,286.5124,283.9219,285.2539,72396500
2020-07-02,288.6713,290.0125,286.1634,286.8248,69344200
2020-07-06,290.6279,291.8313,289.8838,291.2526,61713800
2020-07-07,289.7185,291.6843,287.872,288.2487,82910000
2020-07-08,289.0111,290.5636,287.2565,290.4534,54638600
2020-07-09,291.0596,291.2985,285.4008,288.7998,83354200
2020-07-10,288.7355,292.015,287.3116,291.7486,57550400
2020-07-13,294.0821,296.4521,288.5703,289.2225,102997500
2020-07-14,287.8077,293.742,286.6134,292.9704,93657000
2020-07-15,296.1765,296.7553,293.292,295.6621,87196500
2020-07-16,293.7697,295.1384,293.1266,294.6883,54622500
2020-07-17,295.6896,296.3235,293.7237,295.5426,62774900
2020-07-20,295.2761,298.6751,294.532,297.931,56308800
2020-07-21,299.8877,300.3287,297.582,298.5649,57292200
2020-07-22,298.2066,300.5767,298.0964,300.2643,57792900
2020-07-23,299.9061,300.6043,295.3221,296.6817,75738000
2020-07-24,294.8352,295.7906,293.2735,294.7709,73766600
2020-07-27,295.4599,297.095,294.6698,296.9205,48293000
2020-07-28,296.1948,297.3064,294.7434,295.0374,57495000
2020-07-29,295.91,299.2263,295.8733,298.6659,48454200
2020-07-30,295.708,298.0138,293.6319,297.6004,61861700
2020-07-31,299.3824,300.0531,295.1843,299.952,84986800
2020-08-03,301.6056,302.7998,301.0636,302.0374,53077900
2020-08-04,301.1829,303.2039,301.1829,303.2039,41917900
2020-08-05,304.4993,305.3444,304.2329,305.0872,42697700
2020-08-06,304.5084,307.2459,304.1869,307.1265,43679400
2020-08-07,306.1619,307.6318,305.2617,307.347,57308300
2020-08-10,307.7971,308.4493,305.868,308.2656,44282100
2020-08-11,309.4416,310.0754,304.9954,305.7211,69601100
2020-08-12,308.1463,310.7552,308.1187,309.9836,53774400
2020-08-13,309.221,310.7276,308.5045,309.4231,41816100
2020-08-14,309.0373,309.9652,308.3116,309.4323,47260400
2020-08-17,310.4428,310.8103,309.4415,310.4153,35481000
2020-08-18,310.8103,311.5085,309.2211,311.0859,38733900
2020-08-19,311.4625,311.977,309.2303,309.7906,68054200
2020-08-20,308.0727,311.2328,307.9441,310.7552,42207800
2020-08-21,310.4244,312.078,310.0845,311.8575,55106600
2020-08-24,314.2827,315.0911,311.83,315.0176,48588700
2020-08-25,315.578,316.2026,314.4205,316.12,38463400
2020-08-26,316.7079,319.5556,316.1659,319.2892,50790200
2020-08-27,320.1527,321.4296,318.3338,319.9874,58034100
2020-08-28,321.0071,322.1829,319.822,322.0543,48588900
2020-08-31,321.843,322.7157,320.658,320.8876,66099200
2020-09-01,321.7145,324.011,320.8234,323.91,54908700
2020-09-02,325.8116,329.5596,324.6725,328.5951,69540000
2020-09-03,326.9139,327.3825,314.7145,317.2867,148011100
2020-09-04,317.9665,319.5282,307.6227,314.6962,139156300
2020-09-08,309.3129,314.7604,305.7945,306.0977,114465300
2020-09-09,310.0845,314.595,309.221,312.1423,91462300
2020-09-10,314.0071,314.6593,305.7669,306.7223,90569500
2020-09-11,308.4953,309.5518,304.0675,306.8785,84680200
2020-09-14,310.0294,312.6842,307.0254,310.9204,65605700
2020-09-15,313.364,314.1908,310.9297,312.4914,52920900
2020-09-16,313.7224,315.1462,310.9756,311.2513,82096000
2020-09-17,306.4193,310.2224,305.8956,308.5137,91523300
2020-09-18,309.3152,309.4259,302.4901,304.9619,105877900
2020-09-21,300.3965,301.7154,296.7349,301.5678,99450800
2020-09-22,303.0435,305.1925,300.544,304.6391,63612100
2020-09-23,305.1925,305.4692,297.0761,297.5742,93112200
2020-09-24,296.2645,301.411,294.9548,298.3673,76681300
2020-09-25,297.5189,303.9751,296.652,303.1911,71069400
2020-09-28,307.3322,308.937,306.3453,308.2269,64584600
2020-09-29,308.024,308.7618,305.8565,306.5482,51304000
2020-09-30,307.2124,312.0084,307.0187,308.8725,104081100
2020-10-01,311.4549,312.4233,308.9831,310.8554,88698700
2020-10-02,305.9303,310.8278,305.4599,307.9041,89431100
2020-10-05,309.9516,313.5486,309.9055,313.3642,45713100
2020-10-06,313.5024,315.5868,308.402,308.9093,90128900
2020-10-07,311.8516,315.0889,311.8239,314.2865,56999600
2020-10-08,316.2141,317.1364,315.301,317.0718,45242500
2020-10-09,318.7135,320.3644,318.0956,319.9033,59528600
2020-10-12,322.4305,326.5163,321.9417,325.0498,80388500
2020-10-13,324.9114,325.0867,321.9693,322.9285,73255500
2020-10-14,323.5003,324.5886,320.1707,320.8994,57727900
2020-10-15,317.0072,320.9824,316.4723,320.5028,60357700
2020-10-16,321.8493,323.5003,320.1338,320.3091,89501900
2020-10-19,321.5635,322.1907,314.5447,315.4394,68425600
2020-10-20,316.7767,319.931,316.0204,316.7029,60051900
2020-10-21,316.6568,318.815,315.799,316.1034,63575000
2020-10-22,316.3155,318.4184,314.185,317.8373,55399300
2020-10-23,319.0548,319.1102,316.4724,318.9165,49143900
2020-10-26,315.55,316.334,309.5458,313.0229,91473000
2020-10-27,313.3641,313.6961,311.7316,311.9437,65994100
2020-10-28,306.2993,311.9715,300.7931,301.2819,127094300
2020-10-29,301.5124,307.4982,299.8338,304.3439,90597700
2020-10-30,302.776,304.0765,297.5373,301.1712,120287300
2020-11-02,304.5468,306.539,301.8168,304.5468,86068300
2020-11-03,307.7657,311.9715,304.6299,309.924,93294200
2020-11-04,314.3787,320.9086,313.2073,316.8505,126959700
2020-11-05,322.1076,324.8284,321.7571,323.0299,82039700
2020-11-06,322.744,324.2013,320.6412,322.9562,74973000
2020-11-09,335.6933,336.0715,326.5532,327.0144,172304200
2020-11-10,326.0275,327.5862,323.279,326.5348,85552000
2020-11-11,328.7114,329.7813,327.4755,328.9604,58649000
2020-11-12,327.955,329.0065,323.9707,325.7692,67546200
2020-11-13,327.6692,331.0172,327.1527,330.2794,62892200
2020-11-16,332.9355,334.5957,331.6535,334.402,74541100
2020-11-17,332.004,333.8025,330.5006,332.6035,66111000
2020-11-18,332.871,333.4152,328.5638,328.6007,70591300
2020-11-19,327.9736,330.3532,326.6363,329.9843,59940900
2020-11-20,329.7259,329.9289,327.6507,327.7245,70417300
2020-11-23,329.523,330.9434,327.3002,329.689,63230600
2020-11-24,332.2253,335.5457,331.3768,335.0015,62415900
2020-11-25,334.9185,334.9462,333.3967,334.485,45330900
2020-11-27,335.5733,335.8869,334.4112,335.4166,28514100
2020-11-30,334.6418,334.9093,331.2662,333.9316,83872700
2020-12-01,337.169,339.1151,336.5787,337.584,74231400
2020-12-02,336.4772,338.451,335.9054,338.2942,45927000
2020-12-03,338.1928,339.5855,337.1045,338.202,62882000
2020-12-04,338.7831,341.1165,338.6908,341.1165,50749900
2020-12-07,340.351,340.9044,339.152,340.4155,48944300
2020-12-08,339.1519,341.9742,339.1058,341.4116,42458900
2020-12-09,342.0664,342.2232,337.5194,338.3495,74098300
2020-12-10,336.9846,339.2811,336.1176,338.2389,57735400
2020-12-11,336.5511,338.2481,335.0385,337.8423,57698600
2020-12-14,340.0005,341.0704,336.1545,336.3297,69216200
2020-12-15,338.8568,340.8767,337.4918,340.8767,63865300
2020-12-16,341.0887,342.3246,340.2125,341.4116,58420500
2020-12-17,343.0441,343.5236,342.2232,343.3207,64119500
2020-12-18,343.608,343.7747,339.9493,341.95,136542300
2020-12-21,338.0505,350.5455,335.3274,340.7274,96386700
2020-12-22,341.0515,341.1627,339.0323,340.1531,47949000
2020-12-23,341.1162,342.3574,340.1344,340.4586,46201400
2020-12-24,340.931,341.8109,340.3475,341.7831,26457900
2020-12-28,344.3211,345.1085,343.7006,344.7195,39000400
2020-12-29,346.2384,346.4144,343.4782,344.0617,53680500
2020-12-30,344.8768,345.5808,344.1636,344.5526,49455300
2020-12-31,344.3581,347.0257,343.8487,346.3032,78520700
2021-01-04,347.6278,347.7575,337.9115,341.5887,110210800
2021-01-05,340.9496,345.0251,340.9033,343.9414,66426200
2021-01-06,342.4408,349.1746,341.8943,345.9976,107997700
2021-01-07,348.3595,351.8792,348.1835,351.1382,68766800
2021-01-08,352.5184,353.352,349.2858,353.1389,71677200
2021-01-11,349.9804,352.509,349.86,350.7584,51034700
2021-01-12,350.9438,351.8422,348.6003,350.8326,52547700
2021-01-13,350.7585,352.7684,349.9805,351.7774,45303600
2021-01-14,352.5183,353.0185,350.2119,350.5454,49989100
2021-01-15,348.9338,349.7304,346.1366,347.989,107160000
2021-01-19,350.4342,351.2586,348.9615,350.7214,51233300
2021-01-20,353.0,356.4086,352.611,355.575,61836100
2021-01-21,356.1306,356.5567,354.9821,355.8991,47840100
2021-01-22,354.0559,355.7973,353.6762,354.6395,52860500
2021-01-25,355.3712,356.39,350.5455,356.0381,70402000
2021-01-26,356.9829,357.3904,355.2508,355.4824,42665300
2021-01-27,352.1756,352.2683,344.5712,346.7942,123351100
2021-01-28,348.6004,353.7595,348.1651,349.7767,94198100
2021-01-29,347.9242,348.8875,341.107,342.7743,126765100
2021-02-01,346.155,349.508,343.0614,348.4799,75817600
2021-02-02,351.6477,354.9544,348.5633,353.4075,64450700
2021-02-03,354.2319,355.399,352.4165,353.6854,52427100
2021-02-04,354.7135,357.7516,353.7966,357.7053,47142600
2021-02-05,359.567,359.8171,357.659,359.1132,48669800
2021-02-08,360.5582,361.753,359.706,361.7067,38365200
2021-02-09,360.8731,362.0587,360.4656,361.4659,35551100
2021-02-10,363.1979,363.3461,358.9187,361.3084,59154400
2021-02-11,362.3828,362.7996,359.4744,361.8919,42913300
2021-02-12,361.0954,363.9205,361.0213,363.6797,50593300
2021-02-16,364.9022,365.0968,362.6515,363.3647,50972400
2021-02-17,361.6233,363.6981,360.6137,363.448,52290600
2021-02-18,360.8545,362.6421,359.1409,361.9012,59712800
2021-02-19,363.1515,363.4387,360.8174,361.262,83241000
2021-02-22,358.5112,360.8823,358.2147,358.4834,67414200
2021-02-23,356.2881,360.2617,352.1571,358.9186,107284100
2021-02-24,357.8349,363.2998,356.8531,362.8737,72433900
2021-02-25,361.614,362.9756,352.6943,354.13,146670500
2021-02-26,356.0011,357.1403,350.3325,352.3053,152701600
2021-03-01,357.1495,362.0864,352.4998,360.8452,105348800
2021-03-02,361.0676,361.2991,357.5293,358.0295,79595300
2021-03-03,357.3348,358.2981,353.1852,353.2871,119940200
2021-03-04,353.1018,355.6767,344.4507,348.9152,183433000
2021-03-05,352.3978,356.3807,345.1547,355.334,152039600
2021-03-08,356.2882,359.0854,353.2871,353.565,123149200
2021-03-09,357.3904,361.151,356.8902,358.6131,113633600
2021-03-10,360.9471,362.531,359.5393,360.8452,109899400
2021-03-11,363.2998,366.4675,362.8459,364.5039,86245000
2021-03-12,363.1517,365.1338,362.3458,364.9949,64653600
2021-03-15,365.2449,367.4308,363.1145,367.1715,73427200
2021-03-16,367.7828,368.4868,365.9396,366.7084,73722500
2021-03-17,365.4302,368.7554,364.2909,367.9588,97959300
2021-03-18,365.3838,367.4586,361.9289,362.6051,115349100
2021-03-19,362.3059,363.8764,359.769,361.9342,113624500
2021-03-22,362.4453,366.1996,362.3895,364.8242,73778600
2021-03-23,364.1923,365.6327,361.1722,361.9528,90686600
2021-03-24,363.3467,364.9729,360.0663,360.1128,97588600
2021-03-25,358.6817,362.9285,356.7488,362.1386,116128600
2021-03-26,363.2816,368.374,362.6869,367.9745,114409100
2021-03-29,366.5063,368.6901,365.0287,367.7887,108107600
2021-03-30,366.5248,367.4819,365.2238,366.8128,76262200
2021-03-31,367.3797,369.8516,367.3519,368.2997,112734200
2021-04-01,370.2233,372.3328,370.0189,372.277,99682900
2021-04-05,374.9254,378.1593,374.8511,377.6203,91684800
2021-04-06,377.0628,378.4381,376.7282,377.3973,62021000
2021-04-07,377.2301,378.1779,376.7747,377.8341,55836300
2021-04-08,379.0793,379.6833,378.15,379.6276,57863100
2021-04-09,379.5069,382.5549,379.3861,382.3876,61104600
2021-04-12,381.7929,382.7965,381.1889,382.527,56704900
2021-04-13,382.4248,384.2833,382.0438,383.6607,56551000
2021-04-14,383.6327,384.6828,381.8114,382.3504,61659900
2021-04-15,384.4784,386.7273,384.432,386.4578,60229800
2021-04-16,387.7402,388.3535,386.3277,387.7495,82037300
2021-04-19,386.8202,387.2663,384.5249,385.8445,78498500
2021-04-20,384.6364,385.7329,381.5512,383.0195,81851800
2021-04-21,382.4062,386.8481,382.2668,386.6437,66793000
2021-04-22,386.4763,387.3033,382.0529,383.1123,97582800
2021-04-23,383.67,388.6695,383.5956,387.2663,73209200
2021-04-26,387.9167,388.6415,387.3312,388.0746,52182400
2021-04-27,388.3721,388.5672,386.8573,387.9911,51303100
2021-04-28,388.2606,389.3757,387.4149,387.8795,51238900
2021-04-29,390.5931,390.9648,386.9875,390.3514,78544300
2021-04-30,388.0932,388.9389,386.8945,387.7866,85527000
2021-05-03,389.766,390.147,388.1305,388.623,68128300
2021-05-04,386.6436,387.1361,382.5548,386.2254,101591200
2021-05-05,387.861,388.0933,385.7887,386.3463,60162200
2021-05-06,386.4206,389.5615,384.4226,389.4315,74321400
2021-05-07,390.1934,392.9162,389.515,392.2657,67733800
2021-05-10,392.6188,392.8419,388.2605,388.3813,81852400
2021-05-11,383.8837,385.9003,381.0587,384.9152,116888000
2021-05-12,382.1459,383.4097,375.4273,376.7375,134811000
2021-05-13,378.2802,383.1868,378.2337,381.2632,106394000
2021-05-14,383.986,387.9633,383.9581,387.1176,82201600
2021-05-17,386.0117,386.941,384.1252,386.1325,65129200
2021-05-18,386.3927,386.6343,382.6477,382.8057,59810200
2021-05-19,378.1407,381.9786,376.6631,381.802,106467100
2021-05-20,382.6756,387.164,382.5548,385.9095,78022200
2021-05-21,387.387,388.6229,385.1381,385.5935,76578700
2021-05-24,387.8237,390.593,387.5821,389.5243,51376700
2021-05-25,390.6023,390.9554,388.084,388.6601,57451400
2021-05-26,389.2456,389.9332,388.2141,389.4315,43088600
2021-05-27,390.4537,390.9648,389.3571,389.6359,56707700
2021-05-28,391.1971,391.4573,390.1006,390.3329,58520200
2021-06-01,392.6838,392.8232,389.5522,389.989,54216600
2021-06-02,390.6395,391.4387,389.6359,390.6023,49097100
2021-06-03,388.2977,390.2864,386.8388,389.1526,58138800
2021-06-04,390.9926,393.0092,389.2177,392.7118,55938800
2021-06-07,392.7025,392.879,391.4015,392.3308,51555000
2021-06-08,393.1857,393.2787,390.5931,392.4145,47134300
2021-06-09,393.2508,393.3252,391.606,391.829,48436300
2021-06-10,393.0464,394.5983,391.7361,393.6504,51020100
2021-06-11,394.1986,394.4123,392.9162,394.3008,45570800
2021-06-14,394.4124,395.2859,393.1764,395.1837,42358500
2021-06-15,395.3324,395.3695,393.5853,394.4589,51508500
2021-06-16,394.5983,394.8213,390.2214,392.2565,80386100
2021-06-17,391.8475,393.102,389.6637,392.1263,90949700
2021-06-18,388.8595,389.5494,386.6313,386.8364,118676300
2021-06-21,388.5892,392.5608,387.778,392.3744,72822000
2021-06-22,392.3651,395.3019,391.6472,394.4721,57700300
2021-06-23,394.5466,395.3484,393.9126,393.9966,49445400
2021-06-24,396.1316,396.7469,395.8798,396.3273,45110300
2021-06-25,397.0732,398.1827,396.7469,397.7351,58129500
2021-06-28,398.2573,398.7048,397.0639,398.537,53159600
2021-06-29,398.9192,399.5532,398.2199,398.7514,35970500
2021-06-30,398.2945,399.7583,398.2666,399.087,64827900
2021-07-01,399.8423,401.4552,399.777,401.2967,53441000
2021-07-02,402.4527,404.7182,401.3805,404.364,57697700
2021-07-06,404.4199,404.6344,400.9051,403.6275,68710400
2021-07-07,404.308,405.3335,402.3035,405.0538,63549500
2021-07-08,399.7583,402.5087,398.5836,401.7535,97595200
2021-07-09,403.2545,406.3405,401.5577,406.0421,76238600
2021-07-12,405.9582,407.7483,405.5293,407.4965,52889600
2021-07-13,406.7134,408.2051,405.8463,406.1074,52911300
2021-07-14,407.7949,408.2797,405.4734,406.7134,64130400
2021-07-15,405.3801,406.0514,403.4316,405.3242,55126400
2021-07-16,406.4989,406.5456,401.7535,402.145,75874700
2021-07-19,397.3437,402.2104,393.4093,396.2062,147987000
2021-07-20,396.8681,403.1519,396.0756,401.8839,99608200
2021-07-21,403.0773,405.2776,401.8373,405.1377,64724400
2021-07-22,405.3149,406.2286,404.336,405.9862,47878500
2021-07-23,407.9067,410.4986,407.2261,410.1629,63766600
2021-07-26,409.5756,411.1792,409.529,411.1699,43719200
2021-07-27,410.1349,410.1629,406.4802,409.2958,67397100
2021-07-28,409.9205,410.4985,407.7109,409.128,52472400
2021-07-29,410.0511,411.8971,410.0418,410.8249,47435300
2021-07-30,408.2703,410.2748,408.1398,408.8297,68951200
2021-08-02,410.5359,411.0859,407.6177,407.972,58783300
2021-08-03,408.7645,411.4123,406.5829,411.2911,58053900
2021-08-04,410.0137,411.263,409.0348,409.2679,46732200
2021-08-05,410.424,411.9437,410.107,411.8598,38969700
2021-08-06,412.1768,412.9599,411.897,412.5403,46930000
2021-08-09,412.5124,412.8293,411.4402,412.2047,41222600
2021-08-10,412.6522,413.426,411.9716,412.7174,43339300
2021-08-11,413.7804,413.8363,412.6616,413.7431,44034300
2021-08-12,413.5939,415.1229,412.6989,414.983,38909400
2021-08-13,415.4305,415.7568,414.9457,415.7382,39470300
2021-08-16,414.4422,416.8476,412.8946,416.7171,73740000
2021-08-17,414.1719,414.8431,411.0113,413.9854,92673900
2021-08-18,412.9785,414.5355,409.212,409.4544,89351900
2021-08-19,406.7413,411.2817,406.6015,410.0883,92812200
2021-08-20,410.4333,413.6778,409.9485,413.3514,72008700
2021-08-23,415.0296,417.8918,413.426,416.9875,54973000
2021-08-24,417.6494,418.1809,417.1367,417.6494,38744700
2021-08-25,417.836,419.0386,417.463,418.5259,40529700
2021-08-26,418.2461,418.4792,415.9619,416.0552,57829600
2021-08-27,416.8569,420.148,416.801,419.7751,77235100
2021-08-30,420.4464,422.4042,420.204,421.6211,48357400
2021-08-31,421.5279,421.8635,420.3998,420.9964,59300200
2021-09-01,421.9288,422.4415,420.9871,421.2202,48721400
2021-09-02,422.6372,423.3178,421.3227,422.516,42501000
2021-09-03,421.388,422.9263,420.9871,422.4135,47170500
2021-09-07,422.0687,422.1619,420.232,420.9033,51671500
2021-09-08,420.3718,421.099,418.4791,420.3904,56181900
2021-09-09,420.1946,421.938,418.3486,418.591,57970400
2021-09-10,420.5117,420.9312,415.1695,415.2907,89948200
2021-09-13,418.2742,418.5352,414.0508,416.3536,83738600
2021-09-14,417.7893,417.9944,413.2209,414.1066,78197100
2021-09-15,414.5262,418.0597,413.4261,417.5656,78792200
2021-09-16,417.0434,418.013,413.9667,416.9035,77786700
2021-09-17,416.1348,416.5557,412.4871,412.8425,118425000
2021-09-20,406.7443,408.3156,401.1138,405.9587,166445500
2021-09-21,408.2876,409.5784,405.0515,405.5753,92526100
2021-09-22,407.8386,411.5611,405.6874,409.5315,102350100
2021-09-23,411.3928,416.1067,411.159,414.5073,76396000
2021-09-24,412.8799,415.9009,412.6648,415.1901,62094800
2021-09-27,414.1613,415.321,413.3101,414.0023,61371100
2021-09-28,411.2432,411.5705,404.9299,405.6594,130436300
2021-09-29,407.0343,408.7646,405.781,406.3422,82329200
2021-09-30,407.8105,408.512,401.0389,401.3757,140506000
2021-10-01,403.0967,407.8199,399.5893,406.1457,129240100
2021-10-04,404.986,405.8839,398.7756,400.9081,128570000
2021-10-05,402.4045,407.3149,401.6095,405.0795,90682500
2021-10-06,401.4973,406.9688,399.8792,406.763,113032200
2021-10-07,410.0273,413.1044,409.8496,410.2798,72437500
2021-10-08,411.0467,411.4302,408.9049,409.5315,74557400
2021-10-11,408.8768,411.7763,406.5012,406.5667,65233300
2021-10-12,407.4833,407.8855,404.7803,405.5659,71181200
2021-10-13,406.5854,407.8387,403.6205,407.025,72974000
2021-10-14,410.6726,414.021,410.2049,413.8713,70236800
2021-10-15,415.9758,417.3881,415.3585,417.0233,66260200
2021-10-18,415.2462,418.5945,414.5914,418.2578,62213200
2021-10-19,419.8759,421.5501,419.268,421.4846,46996800
2021-10-20,421.943,423.4394,421.8307,423.1401,49571600
2021-10-21,422.5416,424.4684,422.1114,424.2439,41305400
2021-10-22,423.8136,425.254,421.8682,423.8043,58845100
2021-10-25,424.8893,426.4045,423.1216,426.0771,45214500
2021-10-26,427.6203,428.8269,426.0864,426.4605,56075100
2021-10-27,426.9188,427.5828,424.4963,424.5712,72438000
2021-10-28,425.9929,428.7427,425.9836,428.6679,51437900
2021-10-29,426.3763,429.8276,426.0864,429.5377,70162400
2021-11-01,430.5197,430.8938,428.5556,430.2765,48433600
2021-11-02,430.4449,432.3248,430.3139,432.0162,48908400
2021-11-03,431.455,435.056,431.0154,434.6538,52509800
2021-11-04,435.2523,436.7862,434.9063,436.7021,52847100
2021-11-05,438.9187,440.2001,436.7114,438.2172,66390600
2021-11-08,439.3116,439.8073,437.9086,438.5914,50405200
2021-11-09,438.9561,439.1899,435.7386,437.1416,51149100
2021-11-10,435.4581,437.1417,432.1471,433.6249,69429700
2021-11-11,435.1121,435.1869,433.7466,433.7653,34848500
2021-11-12,435.0279,437.5906,434.0832,437.0388,53466700
2021-11-15,438.3202,438.4791,436.0661,437.1884,46980500
2021-11-16,436.9265,440.0504,436.8517,438.9187,48857500
2021-11-17,438.6569,438.8346,437.2352,437.8525,47858300
2021-11-18,438.8813,439.6015,436.1689,439.3396,50625600
2021-11-19,439.2274,440.4714,438.1892,438.554,57315600
2021-11-22,440.4246,442.9032,437.1136,437.3194,72762000
2021-11-23,436.992,438.7504,434.4012,437.8993,73206500
2021-11-24,435.9071,439.19,435.0934,439.0684,61858800
2021-11-26,432.4277,433.8868,428.1534,429.2758,112669600
2021-11-29,434.0458,436.3747,431.8572,434.5415,86268800
2021-11-30,432.1097,434.0084,425.8432,426.0864,148559600
2021-12-01,431.773,434.607,421.1574,421.3538,131939200
2021-12-02,421.5689,429.3693,421.1761,427.8073,127637800
2021-12-03,429.4629,430.5198,419.876,424.0849,137331600
2021-12-06,426.6195,430.978,424.2158,429.1074,98977500
2021-12-07,434.3638,438.5446,428.9765,437.9834,95484700
2021-12-08,438.3763,439.5921,436.6272,439.1432,72238800
2021-12-09,437.8618,439.2461,435.9819,436.1783,61272600
2021-12-10,438.872,440.434,436.328,440.2843,77159800
2021-12-13,439.7698,440.1159,436.1034,436.384,87724700
2021-12-14,433.1292,435.6078,430.473,433.3817,97264100
2021-12-15,433.4379,440.3965,430.9313,440.1534,116899300
2021-12-16,441.9959,442.2765,434.7286,436.2719,116568600
2021-12-17,433.2055,436.1996,429.9298,431.6287,135511600
2021-12-20,426.5697,427.4332,423.4348,427.039,107134800
2021-12-21,430.446,434.7635,428.2873,434.6227,69806300
2021-12-22,434.3693,439.081,434.1722,438.9684,58890200
2021-12-23,439.9633,443.1921,439.8601,441.6997,56439700
2021-12-27,443.07,447.9976,443.0231,447.9507,56808600
2021-12-28,448.3824,449.4055,446.8243,447.5846,47274600
2021-12-29,447.6879,449.1709,446.693,448.1572,54503000
2021-12-30,448.5795,449.5838,446.4583,446.9182,55329000
2021-12-31,446.4302,447.5752,445.5198,445.7919,65237400
2022-01-03,447.0497,448.5045,444.7501,448.3731,72668200
2022-01-04,449.7904,450.5037,446.3739,448.2229,71178700
2022-01-05,447.8569,448.6265,439.5222,439.6161,104538900
2022-01-06,439.1561,441.9062,436.8472,439.203,86858900
2022-01-07,439.2125,440.3857,436.1151,437.4667,85111600
2022-01-10,434.2849,437.1382,428.5595,436.9223,119362000
2022-01-11,436.6595,440.9958,433.6747,440.9019,74303100
2022-01-12,442.6289,444.14,440.1416,442.0939,67605400
2022-01-13,443.1921,443.8397,434.9794,436.0025,91173100
2022-01-14,432.8676,436.5281,431.6568,436.1808,95890900
2022-01-18,431.5066,431.7131,427.3486,428.4562,109709100
2022-01-19,429.9955,431.3846,423.7351,424.0073,109357600
2022-01-20,425.8844,430.568,417.2025,419.3143,122379700
2022-01-21,418.1975,420.5439,411.0548,411.083,202271200
2022-01-24,405.4984,413.3356,394.9205,412.8288,251783900
2022-01-25,406.4651,412.7161,400.9181,407.7885,167997300
2022-01-26,413.6547,416.7708,402.523,406.7655,186391100
2022-01-27,411.3458,414.4713,403.0768,404.7569,149878300
2022-01-28,406.1084,414.856,401.5469,414.8091,164457400
2022-01-31,414.1427,422.6275,412.8005,422.2803,152251400
2022-02-01,423.003,425.7719,419.4927,425.1336,123155400
2022-02-02,427.5271,429.9862,425.2275,429.2635,117361000
2022-02-03,423.2564,425.1524,418.3382,419.1736,118024400
2022-02-04,418.9389,424.974,416.5736,421.1446,118454400
2022-02-07,421.9048,423.2939,418.4696,419.793,84472900
2022-02-08,419.2956,424.1669,417.8783,423.247,81012000
2022-02-09,427.2642,429.7609,427.0671,429.4417,92589900
2022-02-10,423.6225,429.6013,419.7368,421.7266,140103700
2022-02-11,421.811,423.8759,411.984,413.4106,153214600
2022-02-14,412.9038,414.4807,408.6051,412.0591,123006300
2022-02-15,416.4798,418.8732,415.9636,418.7043,88482700
2022-02-16,416.6675,420.5439,414.7997,419.1736,84863600
2022-02-17,416.0012,419.1454,409.6188,410.2195,102259100
2022-02-18,410.4729,411.7212,405.3013,407.5633,132642900
2022-02-22,405.367,408.7553,399.7073,403.1895,124391800
2022-02-23,406.0897,406.6528,395.4742,396.0374,132578000
2022-02-24,385.7786,402.4292,385.422,401.9974,213942900
2022-02-25,403.2269,410.9515,401.5844,410.8671,121804500
2022-02-28,405.4983,411.2894,404.25,409.8158,145615000
2022-03-01,408.3235,410.3227,400.8805,403.5743,137785900
2022-03-02,405.8174,412.7161,405.0666,410.9985,117726500
2022-03-03,413.4201,414.0208,407.1597,408.9524,105501700
2022-03-04,405.2355,406.756,401.6032,405.6297,113978200
2022-03-07,405.0478,405.7517,393.6064,393.6721,137896600
2022-03-08,393.8505,400.9744,389.6268,390.6874,164772700
2022-03-09,399.0314,403.1331,396.8539,401.162,116990800
2022-03-10,396.5723,400.2422,394.6201,399.3506,93972700
2022-03-11,401.8284,402.4385,393.7659,394.2728,95636300
2022-03-14,395.0424,398.4776,390.2556,391.3913,95729200
2022-03-15,393.9912,400.6271,392.7242,399.9982,106219100
2022-03-16,403.4898,408.9242,398.7123,408.8679,144954800
2022-03-17,406.9626,413.9832,406.5871,413.9832,102676900
2022-03-18,412.3789,418.8376,411.6445,418.5175,106345500
2022-03-21,418.348,420.344,414.9021,418.3951,88349800
2022-03-22,419.779,424.2229,419.779,423.2909,74650400
2022-03-23,420.7677,422.2552,417.7548,417.8396,79426100
2022-03-24,419.8544,424.1476,418.7434,424.1382,64736900
2022-03-25,424.769,426.4825,422.1987,426.2095,77101300
2022-03-28,425.6164,429.2412,423.7334,429.2412,68529800
2022-03-29,433.1108,435.0409,430.4369,434.5513,86581500
2022-03-30,433.4121,434.2218,429.7685,431.868,79666900
2022-03-31,431.1054,431.9245,424.769,425.221,121699900
2022-04-01,426.7933,426.9345,422.8672,426.4261,89048800
2022-04-04,426.6238,430.1827,425.8047,430.0791,59601000
2022-04-05,428.5916,431.0489,423.5075,424.6467,74214500
2022-04-06,420.7488,422.6694,417.5288,420.4004,106898000
2022-04-07,419.5249,424.3265,417.5854,422.5188,78097200
2022-04-08,421.7656,424.27,419.8544,421.389,79272700
2022-04-11,418.1314,418.9694,413.6876,414.1866,89770500
2022-04-12,417.1617,419.6755,411.1078,412.6519,84363600
2022-04-13,412.4071,418.1315,412.2282,417.3783,74070400
2022-04-14,417.6041,418.7151,412.0775,412.1811,97869500
2022-04-18,411.2584,414.0265,410.1286,412.3506,66002500
2022-04-19,412.247,419.7225,412.0775,419.007,77821000
2022-04-20,420.7771,421.389,417.5383,418.6963,65224400
2022-04-21,422.3023,423.6863,411.5315,412.4353,85417300
2022-04-22,411.3526,412.4541,400.5535,401.1184,132471800
2022-04-25,398.8871,403.6135,394.3396,403.444,119647700
2022-04-26,400.9208,401.1185,391.7317,391.7599,103996300
2022-04-27,392.8332,398.1809,390.7336,392.8614,122030000
2022-04-28,397.5878,404.5079,393.1722,402.7849,105449100
2022-04-29,398.8117,400.9583,387.1559,387.8997,145491100
2022-05-02,387.9656,391.5904,381.328,390.2346,158312500
2022-05-03,390.7337,394.4244,389.1802,392.0236,100028200
2022-05-04,392.6826,404.5268,389.5098,403.9619,144247900
2022-05-05,399.7155,400.1392,385.4894,389.6038,172929100
2022-05-06,387.0524,390.5359,381.9965,387.2783,151770800
2022-05-09,381.4033,382.6367,373.3064,374.8787,155586100
2022-05-10,380.8291,382.326,371.7247,375.7449,132497200
2022-05-11,374.7846,380.4053,369.032,369.7758,142361000
2022-05-12,366.5935,372.6473,362.6203,369.3897,125090800
2022-05-13,373.5041,379.5956,372.4684,378.221,104174400
2022-05-16,376.5828,380.3394,374.3421,376.6864,78622400
2022-05-17,382.7497,384.6704,379.0307,384.435,83029700
2022-05-18,379.8969,380.1794,367.7044,368.9378,117674500
2022-05-19,365.8874,371.0845,364.4657,366.6782,98510700
2022-05-20,370.2466,373.8054,358.28,366.8383,131432200
2022-05-23,369.8511,374.4645,367.5444,373.7018,76414900
2022-05-24,369.5969,372.0354,364.3245,370.8491,91448800
2022-05-25,369.3615,376.0838,368.9661,374.1255,91472900
2022-05-26,375.3496,383.2299,375.1424,381.6011,82168300
2022-05-27,384.049,391.082,383.8513,390.9691,84768700
2022-05-31,389.3591,392.0988,386.045,388.7753,95937000
2022-06-01,390.8843,391.8917,383.1263,385.6307,86585800
2022-06-02,385.4707,393.0216,383.2299,392.9745,79609600
2022-06-03,388.2764,389.8204,385.5554,386.5252,71874300
2022-06-06,390.5171,392.2401,386.5345,387.702,57508900
2022-06-07,384.2279,391.8729,383.7665,391.421,59272400
2022-06-08,389.7169,391.4964,386.3746,387.1654,64350000
2022-06-09,385.3953,387.6549,377.9575,377.9575,86289800
2022-06-10,371.7812,372.6285,366.9513,366.9983,132893900
2022-06-13,357.6304,359.4757,351.4635,353.0641,170004900
2022-06-14,354.8058,355.8321,348.912,352.0002,104011800
2022-06-15,355.286,361.4435,350.3526,357.0184,125666800
2022-06-16,348.8367,349.2416,342.7828,345.2025,134473300
2022-06-17,345.6158,349.2751,342.4576,345.9467,111113900
2022-06-21,351.6484,356.0359,351.5728,354.6553,76811900
2022-06-22,350.4477,358.1068,350.0316,354.0125,90059400
2022-06-23,356.1399,358.2107,352.594,357.4826,79292100
2022-06-24,360.6409,368.8579,360.6125,368.8484,98050300
2022-06-27,369.7657,370.0588,366.3522,367.4396,66009600
2022-06-28,368.9903,371.7608,359.8182,359.9317,86548900
2022-06-29,360.4802,361.4635,357.8231,359.6386,65676000
2022-06-30,355.7617,359.9411,352.282,356.7167,112508300
2022-07-01,356.0643,360.9246,353.4545,360.4896,74839700
2022-07-05,355.4214,361.1894,352.6036,361.1704,81438000
2022-07-06,361.3122,364.8676,358.9388,362.3902,70426200
2022-07-07,364.1584,368.612,362.4091,367.8177,64525900
2022-07-08,366.1913,369.3779,364.669,367.5152,72397800
2022-07-11,364.8487,365.8132,362.6266,363.3169,58366900
2022-07-12,362.7684,365.1418,358.3621,360.1019,62219200
2022-07-13,354.6837,361.1325,354.2677,358.2107,84224600
2022-07-14,353.2749,358.4188,350.8448,357.3409,89704800
2022-07-15,361.7282,364.2813,359.8276,364.1678,79060400
2022-07-18,367.241,367.9123,359.9412,361.161,63203600
2022-07-19,365.0662,371.4866,364.4138,370.9193,78506000
2022-07-20,371.1084,374.6921,369.7467,373.2832,71843800
2022-07-21,372.7064,377.1316,370.3141,377.0844,64903900
2022-07-22,377.2073,378.3987,371.3731,373.5858,72197300
2022-07-25,374.2098,374.8906,371.808,374.0396,53631500
2022-07-26,372.4038,372.6118,368.7255,369.6143,52946400
2022-07-27,372.8954,380.9517,372.6023,379.2119,82342100
2022-07-28,380.0157,384.6584,376.4792,383.9682,73966600
2022-07-29,385.3959,390.5493,384.63,389.5659,87003700
2022-08-01,386.8805,390.9086,386.1713,388.4123,69997500
2022-08-02,386.8521,390.5209,384.6773,385.8498,63435400
2022-08-03,387.9678,393.055,387.6842,391.892,67820600
2022-08-04,391.8164,392.4972,389.9914,391.6273,45656600
2022-08-05,387.3627,391.6083,387.306,390.9653,56814900
2022-08-08,392.6485,394.8895,389.4146,390.5115,53886100
2022-08-09,389.7834,390.2846,387.8923,388.9608,44931800
2022-08-10,395.9863,397.2723,394.0384,397.1304,68665700
2022-08-11,399.9671,401.8205,396.3929,397.1304,59489700
2022-08-12,399.0593,403.9574,398.1138,403.8534,61694500
2022-08-15,401.6503,406.0378,401.5936,405.5177,54048300
2022-08-16,404.4492,408.2315,403.6455,406.312,59289000
2022-08-17,402.7282,406.1228,401.4328,403.4279,63563400
2022-08-18,403.6265,405.2812,402.3405,404.6005,49023200
2022-08-19,401.8489,402.1137,398.2935,399.1635,68016900
2022-08-22,394.3505,394.5207,389.9536,390.8519,77695600
2022-08-23,390.4264,392.8092,389.3579,389.9063,49105200
2022-08-24,389.6793,392.516,388.9985,391.1544,49177800
2022-08-25,392.639,396.7239,391.5516,396.6766,50942300
2022-08-26,396.5632,397.1022,383.1928,383.2495,103087000
2022-08-29,380.3088,383.7506,379.3632,380.7154,65370800
2022-08-30,381.8689,382.1053,374.4462,376.5359,85652400
2022-08-31,378.1623,379.401,373.5385,373.6708,76029700
2022-09-01,371.5055,375.1837,368.8106,374.8434,78740100
2022-09-02,378.4932,379.7036,369.0848,370.8908,99632100
2022-09-06,371.7324,372.6685,367.2788,369.4914,76637400
2022-09-07,369.1793,376.8952,368.9619,376.1293,70964200
2022-09-08,373.8694,379.0417,372.6685,378.5878,80821700
2022-09-09,380.8193,385.3297,380.5546,384.4693,76706900
2022-09-12,386.5306,389.3201,386.228,388.6014,69256300
2022-09-13,379.9589,381.1598,370.5883,371.7041,122947100
2022-09-14,372.9994,374.6353,369.8318,373.1224,85023700
2022-09-15,371.5716,374.4083,367.6191,368.8862,87633800
2022-09-16,364.7238,366.7272,362.7964,366.0721,103084800
2022-09-19,362.9389,368.911,362.863,368.911,73278500
2022-09-20,365.5973,366.6038,361.9324,364.6764,77274900
2022-09-21,366.5943,369.6325,358.3055,358.315,106746600
2022-09-22,357.546,359.179,354.5647,355.3053,89472600
2022-09-23,351.8492,351.8872,344.9277,349.3521,122346900
2022-09-26,347.8899,351.4979,344.6808,345.8961,92581200
2022-09-27,349.4186,351.6783,342.63,345.0132,108294100
2022-09-28,345.9626,353.4823,344.2726,351.8018,110802200
2022-09-29,348.2698,348.5546,341.5192,344.453,112952300
2022-09-30,343.513,347.4153,338.9936,339.1265,153711200
2022-10-03,342.8294,349.9218,341.0539,348.0799,89756500
2022-10-04,353.5772,358.8942,348.0419,358.8657,103602800
2022-10-05,354.5172,360.2804,352.2005,358.0302,88065700
2022-10-06,356.6345,359.5778,353.8431,354.3368,82333500
2022-10-07,350.3206,354.4223,342.6965,344.453,107789500
2022-10-10,345.5638,345.8012,339.5918,341.823,76042800
2022-10-11,340.1329,344.6808,337.7308,339.6582,92482800
2022-10-12,340.0665,341.6331,338.291,338.5378,76991800
2022-10-13,331.5593,348.9344,330.5149,347.4722,147254500
2022-10-14,349.9218,351.5454,338.9176,339.5538,123737000
2022-10-17,345.6113,349.3806,339.2215,348.2793,93168200
2022-10-18,356.1693,356.4731,348.9439,352.3714,97162900
2022-10-19,350.3396,353.0551,347.0735,349.8744,79746900
2022-10-20,349.4281,353.8336,346.1809,346.9405,88283100
2022-10-21,346.6653,355.856,345.1651,355.3718,131038400
2022-10-24,356.8908,360.85,354.2513,359.7202,85436900
2022-10-25,359.6442,365.7777,359.5303,365.4644,78846300
2022-10-26,362.3313,367.99,362.0749,362.711,104087300
2022-10-27,363.7079,365.5403,360.1569,360.774,81971800
2022-10-28,360.6697,369.8319,360.4893,369.3572,100302000
2022-10-31,366.9076,368.7685,365.7872,366.6892,96631300
2022-11-01,370.4206,370.658,363.9168,365.0846,85407600
2022-11-02,364.496,368.9869,355.818,355.9224,126990400
2022-11-03,352.6942,355.2863,350.1497,352.2575,87100100
2022-11-04,357.9447,359.7202,351.2985,357.3276,103505200
2022-11-07,358.6188,361.3343,356.549,360.7456,68286900
2022-11-08,361.847,365.6543,358.6283,362.692,84641100
2022-11-09,360.7266,361.8755,354.7261,355.2198,78495500
2022-11-10,368.4361,375.0729,366.148,374.7405,141455800
2022-11-11,375.5952,379.1651,373.7152,378.3676,93839900
2022-11-14,376.611,379.9531,374.8735,375.1488,71903500
2022-11-15,380.8741,381.9754,374.5507,378.3485,93194500
2022-11-16,376.725,377.6744,374.8355,375.4622,68508500
2022-11-17,370.7244,374.9875,370.4206,374.3134,74496300
2022-11-18,377.6365,377.703,373.1741,376.0129,92922500
2022-11-21,374.6932,375.8135,372.8132,374.6457,51243200
2022-11-22,376.5825,379.8486,375.1773,379.6872,60429000
2022-11-23,379.3549,382.5641,379.1271,382.0799,68261600
2022-11-25,381.5197,382.5451,381.2443,381.9944,30545400
2022-11-28,378.9182,380.5513,375.1393,375.8989,67881600
2022-11-29,376.0318,377.2186,373.4208,375.2533,52310000
2022-11-30,375.5001,387.0739,373.5917,387.0739,144566700
2022-12-01,388.1089,389.2768,384.2921,386.7892,76398200
2022-12-02,381.9185,387.245,381.8141,386.343,85342700
2022-12-05,383.5326,384.463,378.0447,379.3929,77289800
2022-12-06,379.2316,379.7727,371.8448,373.9241,77972200
2022-12-07,373.079,375.6426,372.158,373.2879,65927900
2022-12-08,375.1678,377.2756,373.3923,376.2122,60737900
2022-12-09,374.978,377.5225,373.2784,373.4019,81447700
2022-12-12,374.1899,378.7852,373.5253,378.7852,75405800
2022-12-13,389.4856,389.742,378.8992,381.6526,123782500
2022-12-14,381.3108,385.0042,376.2787,379.2125,108111300
2022-12-15,374.3703,375.2723,368.2843,369.9364,117705900
2022-12-16,367.3907,368.726,363.4419,365.5689,119858000
2022-12-19,365.7596,366.0934,360.8093,362.4689,79878100
2022-12-20,361.7154,364.5768,360.3991,362.9649,74427200
2022-12-21,365.5497,369.5176,365.0156,368.3921,78167400
2022-12-22,365.359,368.3731,357.4614,363.1366,100120900
2022-12-23,362.116,365.3685,360.5708,365.2254,59857300
2022-12-27,365.111,365.4543,362.116,363.7852,51638200
2022-12-28,363.7185,365.6833,359.0353,359.2642,70911500
2022-12-29,362.097,366.599,361.5723,365.731,66970900
2022-12-30,363.0603,364.9106,360.9523,364.7676,84022200
2023-01-03,366.618,368.5829,360.3801,363.232,74850700
2023-01-04,365.483,368.0583,362.4499,366.0363,85934100
2023-01-05,364.0904,364.2049,361.2671,361.8585,76970500
2023-01-06,364.9393,371.2727,361.8871,370.1567,104189600
2023-01-09,372.3409,375.5171,369.7656,369.9468,73978100
2023-01-10,369.3651,372.608,368.4303,372.5413,65358100
2023-01-11,374.115,377.3294,373.3043,377.2531,68881100
2023-01-12,378.3499,380.0859,374.2962,378.6265,90157700
2023-01-13,375.4409,380.6678,375.1738,380.0955,63903900
2023-01-17,380.0764,381.7455,378.7219,379.3991,62677300
2023-01-18,380.5819,381.6406,373.2089,373.4092,99632300
2023-01-19,371.3776,373.0182,369.3746,370.6909,86958900
2023-01-20,372.0834,377.7491,370.4429,377.5965,91806400
2023-01-23,378.3977,384.0538,377.4438,382.1271,84178800
2023-01-24,380.4579,382.623,379.2752,381.7169,59524900
2023-01-25,377.6632,382.1939,375.3836,381.86,84800300
2023-01-26,384.5116,386.2189,381.5547,386.0567,72287400
2023-01-27,385.0172,389.3093,384.8073,386.9438,68346200
2023-01-30,384.1968,386.4192,381.7932,382.0889,74202000
2023-01-31,382.604,387.7546,382.2606,387.7069,86811800
2023-02-01,386.4955,394.5648,383.7676,391.8273,101459200
2023-02-02,395.6998,398.9905,393.8113,397.5312,101654500
2023-02-03,392.5809,397.7124,392.104,393.3058,94736800
2023-02-06,390.8641,392.2948,389.2521,390.9022,60295300
2023-02-07,389.9865,397.2545,388.7465,396.0146,90990700
2023-02-08,394.0498,395.3851,390.9975,391.6843,76227500
2023-02-09,395.2706,395.4232,387.0678,388.2887,78694900
2023-02-10,387.1155,389.5763,386.3048,389.1948,70769700
2023-02-13,389.8434,393.8971,389.3855,393.7635,64913500
2023-02-14,392.247,395.881,389.6431,393.5824,88389300
2023-02-15,391.3981,394.9368,390.5588,394.8605,61555700
2023-02-16,389.9102,393.8399,389.2902,389.4237,76431500
2023-02-17,387.3062,388.6893,385.389,388.4508,89257800
2023-02-21,384.4449,385.4941,380.4007,380.6582,82655900
2023-02-22,381.0684,382.604,378.6838,380.1336,83742300
2023-02-23,383.0141,383.6246,377.9493,382.1557,96242400
2023-02-24,377.1577,378.9032,375.4599,378.0734,108194400
2023-02-27,381.4021,382.7565,378.4262,379.361,80444700
2023-02-28,378.8841,380.8394,377.854,377.9589,96438600
2023-03-01,377.1481,378.369,375.2119,376.5091,99706800
2023-03-02,374.5443,380.2767,374.2104,379.4373,85127800
2023-03-03,381.2496,385.7707,380.601,385.5227,90120000
2023-03-06,386.3429,388.6321,385.351,385.7897,72795900
2023-03-07,385.7421,385.9805,379.2657,379.8761,108310600
2023-03-08,379.9905,381.2496,378.2737,380.4961,74746600
2023-03-09,381.2782,382.9378,372.4935,373.476,111945300
2023-03-10,372.9322,375.002,366.5703,368.0869,189253000
2023-03-13,364.1763,372.36,363.0698,367.5623,157790000
2023-03-14,372.4649,375.2787,369.1742,373.6381,149752400
2023-03-15,368.0679,371.5016,365.9885,371.3013,172996900
2023-03-16,368.9549,378.1592,368.4494,377.8158,143254200
2023-03-17,376.4907,377.6205,372.0194,373.3981,140553400
2023-03-20,374.1736,377.4003,373.4747,376.9886,93055800
2023-03-21,380.3397,382.4174,378.7503,381.9386,91524200
2023-03-22,381.7663,385.3663,375.3897,375.4279,111746600
2023-03-23,378.2811,382.3024,373.7428,376.4428,119351300
2023-03-24,375.1694,378.9993,372.8332,378.9131,107682400
2023-03-27,381.1822,381.9482,378.7312,379.6216,74010400
2023-03-28,378.9322,379.6216,376.9407,378.7695,62871700
2023-03-29,382.9152,384.5142,381.7184,384.2748,77497900
2023-03-30,386.8982,387.1472,384.6674,386.5248,69840000
2023-03-31,387.444,392.2696,387.3387,391.9728,112062600
2023-04-03,391.4557,393.8685,391.0631,393.4664,67391100
2023-04-04,394.1078,394.3951,389.9142,391.2834,66601500
2023-04-05,390.5558,391.3121,388.6121,390.2589,65200200
2023-04-06,389.4643,392.059,388.4207,391.7813,63743300
2023-04-10,389.311,392.26,388.6982,392.1833,63681000
2023-04-11,392.8057,393.6866,391.5227,392.2887,59297900
2023-04-12,394.3472,394.6345,390.1057,390.6897,86420400
2023-04-13,391.7717,396.2334,390.6323,395.8792,85814800
2023-04-14,395.2473,397.4303,392.6143,394.9121,78161500
2023-04-17,394.826,396.3483,393.6004,396.3292,66436400
2023-04-18,397.8994,398.0335,395.2186,396.5877,63560000
2023-04-19,394.6824,397.4207,394.6249,396.5207,55227300
2023-04-20,393.7153,396.0994,392.8153,394.3568,75840400
2023-04-21,394.6537,395.1228,392.7196,394.6632,73457400
2023-04-24,394.4622,395.4962,393.1313,395.075,64332100
2023-04-25,393.1121,393.6675,388.7461,388.8036,97766700
2023-04-26,389.4164,390.4888,386.6015,387.1568,80447000
2023-04-27,389.6844,395.1323,389.4355,394.8643,92968400
2023-04-28,393.9834,398.2441,393.9259,398.2345,89433100
2023-05-01,397.794,399.8526,397.6025,397.8323,62122300
2023-05-02,397.1239,397.1718,390.4696,393.3611,103998500
2023-05-03,393.8589,396.2621,390.4216,390.661,91531800
2023-05-04,389.6174,389.943,386.5631,387.894,94901900
2023-05-05,391.5132,396.1186,391.2547,395.075,87891800
2023-05-08,395.4004,395.6589,393.7823,395.1802,50046800
2023-05-09,393.6387,394.5579,393.2175,393.4472,49220100
2023-05-10,396.2717,396.9037,391.4749,395.2856,96142900
2023-05-11,394.4239,394.8835,392.5282,394.5963,70157100
2023-05-12,395.8314,396.042,391.6664,394.0792,70481500
2023-05-15,394.6824,395.8409,392.777,395.4388,54289400
2023-05-16,394.3377,395.2569,392.7866,392.7962,57705500
2023-05-17,394.8068,398.1674,393.1695,397.5642,87287000
2023-05-18,397.2483,401.8154,397.0281,401.3941,97177200
2023-05-19,402.2942,402.8208,399.5941,400.8101,103793300
2023-05-22,400.8293,402.5048,399.5942,400.9729,60745400
2023-05-23,399.3357,400.9059,396.0803,396.4729,86383500
2023-05-24,394.8738,395.2568,392.4419,393.6004,89213700
2023-05-25,397.0952,398.4548,394.8643,397.009,90961600
2023-05-26,397.66,402.8685,397.5834,402.1505,93830000
2023-05-30,404.075,404.6016,400.925,402.3037,72216000
2023-05-31,400.4846,401.3846,398.5122,400.0729,110811800
2023-06-01,400.3026,404.9272,399.058,403.874,88865000
2023-06-02,406.4399,410.4995,405.9133,409.7144,91426200
2023-06-05,410.0591,411.3421,408.2304,408.9293,65460200
2023-06-06,408.5176,410.3464,407.8665,409.8198,64022200
2023-06-07,410.2123,411.3421,407.9815,408.4027,85373300
2023-06-08,408.4698,411.323,407.7038,410.873,61952800
2023-06-09,411.6676,413.6112,410.624,411.6102,85742800
2023-06-12,412.5868,415.4209,411.8687,415.3443,76104300
2023-06-13,416.7996,418.724,416.1389,418.0826,95899700
2023-06-14,418.4177,420.3805,415.1432,418.5804,100612100
2023-06-15,417.7666,425.0145,417.6709,423.7699,110303100
2023-06-16,425.7476,426.3146,421.8556,422.3264,114165800
2023-06-20,420.3949,421.279,418.0692,420.1354,76160400
2023-06-21,419.1551,419.9527,417.3964,417.9827,76982300
2023-06-22,417.0313,419.5972,416.6949,419.4915,70637200
2023-06-23,416.051,418.098,415.609,416.3201,92074500
2023-06-26,415.7531,417.6655,414.3788,414.6191,72823600
2023-06-27,415.4936,419.7797,415.042,419.1647,72813700
2023-06-28,418.0883,420.3852,417.4733,419.3761,75636000
2023-06-29,418.9629,421.1924,418.5593,421.0291,67882300
2023-06-30,424.2293,426.9778,423.9121,425.9975,104964000
2023-07-03,425.6516,426.7663,425.3729,426.4877,32793400
2023-07-05,424.6809,426.5837,424.6713,425.8534,58418400
2023-07-06,422.288,422.9415,420.02,422.5186,80658300
2023-07-07,421.5288,425.3825,421.2117,421.4519,86134200
2023-07-10,421.0963,422.6916,420.5293,422.5186,62443500
2023-07-11,423.2778,425.6995,422.3071,425.2094,64463800
2023-07-12,428.9862,430.0337,427.5639,428.6306,91924500
2023-07-13,430.4374,432.8208,430.005,432.0327,72425200
2023-07-14,432.9168,433.7625,431.0044,431.7636,69815800
2023-07-17,431.6194,434.3102,431.5713,433.2627,52680200
2023-07-18,432.936,437.126,432.5035,436.4821,80668200
2023-07-19,437.2702,438.6348,436.4052,437.4528,65891700
2023-07-20,436.4629,437.3566,433.8393,434.5505,70591600
2023-07-21,436.2611,436.4629,434.5409,434.5505,71275600
2023-07-24,435.6941,437.299,434.6658,436.4917,54023400
2023-07-25,436.2227,438.9327,436.1746,437.6834,55191200
2023-07-26,436.7512,439.173,435.7037,437.7507,71052900
2023-07-27,441.1238,441.5275,433.9451,434.8484,92194400
2023-07-28,438.1063,439.9322,434.8484,439.1057,80011800
2023-07-31,439.5766,440.2973,438.2696,439.9418,62040400
2023-08-01,438.481,439.4228,437.7314,438.6828,55291500
2023-08-02,435.5788,435.8383,431.8309,432.5804,93933400
2023-08-03,430.572,433.2147,429.9281,431.3408,64276100
2023-08-04,433.1474,435.2424,428.8709,429.3899,100128900
2023-08-07,431.2158,433.2916,430.5238,433.1378,58357500
2023-08-08,430.6103,433.1282,427.9099,431.2542,71361300
2023-08-09,431.5233,431.6867,427.612,428.3712,78789600
2023-08-10,430.716,434.0891,427.3621,428.5249,93005500
2023-08-11,426.6606,429.2842,426.0648,428.2751,68690900
2023-08-14,427.3622,430.6393,427.0547,430.6393,47867400
2023-08-15,428.8709,429.2265,425.0557,425.6227,75707500
2023-08-16,425.2094,426.8624,422.3937,422.4994,80107200
2023-08-17,423.9602,424.2196,418.7611,419.2801,95711300
2023-08-18,416.4738,420.5101,416.1279,419.4818,98852000
2023-08-21,420.4909,422.9511,418.3479,422.2112,68719000
2023-08-22,423.9794,423.9794,420.5101,421.0675,64994200
2023-08-23,422.1246,426.3723,421.9805,425.7573,68441000
2023-08-24,427.3525,427.8619,419.8278,419.8567,88517300
2023-08-25,421.5768,424.0947,418.0403,422.8166,102325100
2023-08-28,424.998,426.1128,422.8165,425.4978,61595400
2023-08-29,425.392,431.9269,425.2094,431.6482,83081900
2023-08-30,431.9847,434.0604,431.2831,433.4262,69053900
2023-08-31,434.0412,435.1752,432.6093,432.7919,66084600
2023-09-01,435.5019,435.9824,432.1479,433.5991,58944100
2023-09-05,433.1571,433.4742,431.6579,431.7251,55166200
2023-09-06,430.9178,431.0235,426.5068,428.8228,70758500
2023-09-07,425.8341,428.179,425.4882,427.5063,70355400
2023-09-08,427.5543,429.6782,427.1988,428.1501,61659700
2023-09-11,430.7641,431.2734,429.0631,430.9659,60180100
2023-09-12,429.5244,431.0428,428.0252,428.6018,67565400
2023-09-13,428.8229,430.2548,427.7273,429.1016,60199300
2023-09-14,431.5617,433.4934,430.2644,432.8014,83430800
2023-09-15,431.2227,431.5506,427.153,427.5869,111848900
2023-09-18,427.2783,429.13,426.8058,427.8377,55752200
2023-09-19,426.9215,427.5098,424.279,426.9504,66514600
2023-09-20,428.2042,428.6188,422.8228,423.0253,82562600
2023-09-21,420.19,420.4504,415.8791,416.0334,104095800
2023-09-22,417.0557,418.647,414.6832,415.098,100829700
2023-09-25,413.8925,416.8821,413.4585,416.8435,70874500
2023-09-26,413.8153,414.5193,409.8902,410.7196,96168400
2023-09-27,411.8864,412.4458,407.2573,410.8834,104705800
2023-09-28,410.3337,414.9339,409.7454,413.2655,92258300
2023-09-29,416.3035,416.4771,410.7485,412.2626,115111300
2023-10-02,411.4332,413.3428,409.3501,412.0987,83798600
2023-10-03,409.9287,412.1565,405.2224,406.5822,103760600
2023-10-04,407.0452,410.2855,405.5889,409.543,87453000
2023-10-05,409.2536,410.2277,406.1772,409.3887,70142700
2023-10-06,406.9487,415.7827,405.6275,414.2493,113273300
2023-10-09,412.359,417.4703,411.8093,416.9013,80374400
2023-10-10,417.5282,421.6558,417.1328,419.0713,78607300
2023-10-11,420.1321,421.0386,417.7596,420.7878,62451700
2023-10-12,421.3954,421.7715,415.879,418.2225,81154200
2023-10-13,419.7174,420.9133,414.5771,416.1395,95143100
2023-10-16,418.3769,421.5787,418.1358,420.5179,75433200
2023-10-17,417.4029,422.5432,417.0557,420.4986,75324700
2023-10-18,418.7337,419.6885,413.8153,414.8954,93559800
2023-10-19,415.6091,417.4125,410.5749,411.25,121323000
2023-10-20,410.816,411.3561,406.0904,406.1965,123919900
2023-10-23,404.6727,409.3404,402.9271,405.4924,92035100
2023-10-24,407.6045,409.6973,405.7625,408.5497,78564200
2023-10-25,406.8716,406.9005,402.1749,402.686,94223200
2023-10-26,401.6252,402.4739,396.9479,397.864,115156800
2023-10-27,399.4456,399.841,394.6429,396.0606,107367700
2023-10-30,398.8381,401.847,397.5458,400.7958,86562700
2023-10-31,401.3649,403.6312,399.465,403.313,79665200
2023-11-01,404.2773,408.4243,403.7469,407.6142,98068100
2023-11-02,411.3946,415.5801,411.3753,415.4258,94938900
2023-11-03,417.7211,420.759,417.5957,419.2159,100167800
2023-11-06,419.9681,420.6239,418.2418,420.1803,67831700
2023-11-07,420.1803,422.0127,419.0423,421.3762,64256100
2023-11-08,421.9741,422.4948,419.3895,421.6848,61746000
2023-11-09,422.8228,422.8614,417.9719,418.3962,83174400
2023-11-10,420.46,425.2338,418.3865,424.9251,89462200
2023-11-13,423.5943,425.6195,422.8131,424.5201,52236100
2023-11-14,430.4319,434.0388,430.2101,432.7561,97176900
2023-11-15,434.087,435.3118,432.8236,433.6723,77327600
2023-11-16,433.2286,434.5209,432.1677,434.2026,66665800
2023-11-17,434.2124,435.3504,433.2962,434.7428,83133200
2023-11-20,434.492,438.9283,434.4824,438.0893,69936200
2023-11-21,437.0477,437.9639,435.8712,437.1345,49244600
2023-11-22,438.7836,440.1338,437.7325,438.8222,59394900
2023-11-24,438.8704,439.2851,438.5425,439.0922,29737400
2023-11-27,438.4654,439.2754,437.9156,438.3014,50506000
2023-11-28,437.9156,440.0276,437.3563,438.7354,62115000
2023-11-29,440.8764,442.0048,438.0315,438.4268,63146000
2023-11-30,439.2658,440.5003,437.202,440.1531,79752700
2023-12-01,439.5455,443.2874,438.9572,442.757,89183400
2023-12-04,439.3816,442.7763,438.1664,440.4328,72430900
2023-12-05,439.0537,441.3007,438.6776,440.346,69793500
2023-12-06,442.4773,442.5063,438.1375,438.5715,69124700
2023-12-07,440.645,442.5641,440.047,441.918,66995400
2023-12-08,441.1753,444.3482,440.9342,443.8178,83194400
2023-12-11,443.326,445.7177,443.1138,445.5441,65002200
2023-12-12,445.1969,447.6754,444.2036,447.579,68327600
2023-12-13,447.9551,454.0019,447.5983,453.7512,93278000
2023-12-14,455.6799,456.8661,452.5456,455.2074,119026000
2023-12-15,454.6129,455.7846,452.6182,454.4579,141553700
2023-12-18,456.0556,457.9923,455.0002,457.0143,70375300
2023-12-19,457.5565,459.8708,457.479,459.7933,55761800
2023-12-20,458.9412,460.8197,452.9958,453.4218,102921000
2023-12-21,456.3946,457.9923,453.9835,457.7212,86667500
2023-12-22,458.8444,460.3163,456.7529,458.6411,67160400
2023-12-26,459.0477,461.4782,458.9703,460.5777,55387000
2023-12-27,460.3744,461.5557,459.8418,461.4105,68000300
2023-12-28,461.7687,462.4175,461.1683,461.5847,77158100
2023-12-29,461.391,461.9139,458.3021,460.2484,122283100
2024-01-02,457.1983,458.6604,455.5812,457.6727,123623700
2024-01-03,455.5231,456.259,453.3347,453.9351,103585900
2024-01-04,453.4605,456.0363,452.2501,452.4729,84232200
2024-01-05,452.6762,455.5327,451.6498,453.0926,86118900
2024-01-08,453.5864,459.7062,453.4606,459.5609,74879100
2024-01-09,456.9174,459.8805,456.4139,458.8637,65931400
2024-01-10,459.1349,462.3206,458.8541,461.4588,67310600
2024-01-11,462.4562,462.9694,457.2951,461.2555,77940700
2024-01-12,462.6983,463.4342,460.171,461.575,58026400
2024-01-16,460.2,461.5072,458.0697,459.8805,85014900
2024-01-17,456.869,457.8083,454.9808,457.3242,68843900
2024-01-18,458.9896,461.943,457.45,461.391,91856200
2024-01-19,462.5143,467.4236,461.4395,467.1428,110834500
2024-01-22,468.6728,469.8445,467.4818,468.1306,75844900
2024-01-23,468.6728,469.7379,467.5883,469.4958,49945300
2024-01-24,472.3523,473.2819,469.5152,470.009,81765000
2024-01-25,472.1296,472.8365,470.009,472.5654,72525000
2024-01-26,472.1393,473.6208,471.1226,471.965,76641600
2024-01-29,472.2749,475.8479,471.7326,475.7027,61322800
2024-01-30,475.0152,476.0416,474.5794,475.3347,58618400
2024-01-31,473.1367,473.5821,467.5592,467.5786,126011100
2024-02-01,469.2731,473.7274,468.4694,473.6983,91891600
2024-02-02,474.134,480.3312,473.7951,478.6851,99228200
2024-02-05,478.0557,478.7142,474.6957,476.9421,75757100
2024-02-06,477.8814,478.6561,476.458,478.3268,55918600
2024-02-07,480.5637,482.7327,479.6631,482.3163,70556500
2024-02-08,482.3162,482.9069,481.5029,482.5293,52343600
2024-02-09,483.0328,485.7537,482.6939,485.318,63979400
2024-02-12,485.289,487.5451,484.3884,485.105,56502300
2024-02-13,478.8594,481.3382,475.1701,478.4236,113099200
2024-02-14,481.0478,483.2555,478.7335,482.7714,68387800
2024-02-15,483.4686,486.2864,482.9941,486.1024,61683000
2024-02-16,485.8022,486.9352,482.9457,483.6816,75532900
2024-02-20,481.9483,482.6164,478.7819,481.0187,71736700
2024-02-21,479.7212,481.6094,477.9201,481.4544,59293400
2024-02-22,488.039,492.377,487.0803,491.4184,76402500
2024-02-23,493.1323,493.965,491.0311,491.7573,61321800
2024-02-26,492.193,492.6288,489.8303,489.9562,50386700
2024-02-27,490.6438,491.0892,488.7556,490.8665,48854500
2024-02-28,489.3172,490.7987,488.9589,490.2177,56506600
2024-02-29,491.9703,493.5874,489.3365,491.98,83924800
2024-03-01,492.8515,497.0249,492.4448,496.5989,76844800
2024-03-04,495.8048,497.9061,495.7758,496.0663,49799300
2024-03-05,494.0716,494.517,488.9105,491.1086,72855600
2024-03-06,494.3717,495.8436,492.3093,493.5971,68382400
2024-03-07,496.8797,499.5426,493.6552,498.4968,58652100
2024-03-08,499.1262,501.7987,494.9334,495.5047,86532500
2024-03-11,494.304,495.6596,492.3867,495.0786,62557200
2024-03-12,497.1799,500.9854,494.672,500.4044,73114400
2024-03-13,500.7239,500.8982,498.1869,499.62,55104100
2024-03-14,500.5883,500.7432,495.6015,498.6323,110171800
2024-03-15,495.5775,497.0248,493.5475,495.2084,107646300
2024-03-18,499.2588,500.6964,497.7436,498.1515,88893300
2024-03-19,497.4619,501.2015,496.4614,500.9198,60755300
2024-03-20,500.978,505.6889,500.3078,505.5529,69594600
2024-03-21,508.3795,509.0788,506.9419,507.2236,60256100
2024-03-22,507.1363,507.622,506.029,506.2622,79070800
2024-03-25,504.8925,506.0095,504.7079,504.8634,48512100
2024-03-26,506.2815,506.6215,503.5327,503.9309,65463700
2024-03-27,506.7477,508.2047,504.5913,508.1658,82999800
2024-03-28,508.2048,509.5646,507.7871,508.0688,96294900
2024-04-01,508.8069,509.3411,506.0289,507.1848,62477500
2024-04-02,503.3773,504.096,501.6677,503.9601,74230300
2024-04-03,502.8721,506.0095,502.8235,504.5136,59155800
2024-04-04,508.5058,508.8458,498.0544,498.3555,96858100
2024-04-05,499.7057,505.5141,499.2685,503.5618,74546500
2024-04-08,504.2612,505.2616,503.0373,503.8435,48401800
2024-04-09,505.5725,505.8153,499.5988,504.4263,68049200
2024-04-10,498.7537,501.3569,497.4036,499.3754,82652800
2024-04-11,500.8906,504.5816,497.3939,503.1441,70099000
2024-04-12,499.6182,501.0266,494.4799,496.1992,92561100
2024-04-15,500.3564,500.5215,489.1377,489.9827,92101400
2024-04-16,490.4587,491.9739,487.807,489.0891,73484000
2024-04-17,491.5368,491.702,484.8056,486.1945,75910300
2024-04-18,487.5836,489.672,484.2617,485.1942,74548100
2024-04-19,485.1164,486.1071,479.6964,480.9591,102212600
2024-04-22,483.5526,487.9721,481.2214,485.3884,67961000
2024-04-23,487.3892,491.5756,485.2038,491.1483,64633600
2024-04-24,492.0322,492.819,488.7006,490.9152,55928100
2024-04-25,484.8639,489.8079,483.2223,489.0503,69122400
2024-04-26,491.8282,495.257,491.1969,493.6835,64306100
2024-04-29,495.461,496.102,492.7024,495.4318,46415400
2024-04-30,493.9749,494.9462,487.5836,487.5836,77483600
2024-05-01,487.0008,493.6155,485.5341,486.0003,80242800
2024-05-02,489.6913,491.3814,485.2232,490.5461,62550200
2024-05-03,496.5003,497.8504,493.9748,496.6266,72756700
2024-05-06,499.016,501.794,498.5789,501.7552,47264700
2024-05-07,502.7167,503.6978,501.6386,502.3088,52561300
2024-05-08,500.4827,502.8915,500.3661,502.3573,42047200
2024-05-09,502.5418,505.2907,501.891,505.2518,43643700
2024-05-10,506.8449,507.6511,504.6886,505.9028,52233200
2024-05-13,507.5733,507.6801,504.8342,505.9706,36716400
2024-05-14,506.1649,508.8069,505.6307,508.2921,57535900
2024-05-15,510.7496,514.8777,510.1182,514.5863,59504900
2024-05-16,514.6834,516.2764,513.3818,513.5275,50244800
2024-05-17,513.6441,514.3337,512.1968,514.2657,59187600
2024-05-20,514.3824,516.3153,513.9938,514.8583,37764200
2024-05-21,514.1007,516.2764,513.8967,516.121,33437000
2024-05-22,515.4314,516.1404,512.4688,514.6349,48390000
2024-05-23,517.6752,517.7821,509.6715,510.876,57211200
2024-05-24,512.7116,515.0623,511.7695,514.256,41291100
2024-05-28,515.0622,515.2954,511.9928,514.6154,36269600
2024-05-29,510.6038,512.1871,510.3027,511.0117,45190300
2024-05-30,509.4771,510.1376,506.3786,507.6219,46377600
2024-05-31,508.5738,512.3716,503.4938,512.2454,90785800
2024-06-03,513.8482,514.1299,507.6123,512.6631,46835700
2024-06-04,511.3615,513.9744,509.9045,513.2361,34632700
2024-06-05,515.5479,519.3554,513.5664,519.336,47610400
2024-06-06,519.6371,520.0645,517.4031,519.3263,30808500
2024-06-07,518.355,521.4924,517.2671,518.695,43224500
2024-06-10,517.8888,520.6182,517.2963,520.2977,35686100
2024-06-11,518.7533,521.609,516.7912,521.5507,36383400
2024-06-12,526.0965,528.5151,524.8046,525.8342,63251300
2024-06-13,527.5729,527.7477,524.115,526.8929,44760900
2024-06-14,525.3679,527.2425,524.3674,527.2134,40089900
2024-06-17,526.5335,532.7985,526.0769,531.4095,55839500
2024-06-18,531.4679,532.886,531.0502,532.7598,41376400
2024-06-20,533.6824,534.3429,529.5446,531.3124,70328200
2024-06-21,530.493,531.7111,529.1482,530.6002,64338600
2024-06-24,530.4248,532.9778,528.7584,528.8754,45528700
2024-06-25,530.0934,531.2725,528.583,530.9119,37936200
2024-06-26,529.8011,532.2859,529.158,531.5746,38550600
2024-06-27,531.4381,532.9876,530.6975,532.4126,35041500
2024-06-28,533.1824,536.2228,529.08,530.3175,76144500
2024-07-01,531.6916,531.9352,528.661,531.409,40297800
2024-07-02,529.8108,534.9851,529.762,534.9851,40434800
2024-07-03,534.6733,537.7331,534.6343,537.3726,32789900
2024-07-05,537.6746,540.8708,537.0412,540.4713,41488400
2024-07-08,541.2509,542.0402,540.0329,541.095,36110500
2024-07-09,542.0499,542.9464,541.3288,541.6212,27289700
2024-07-10,542.8394,547.3219,542.5471,546.9808,38701200
2024-07-11,547.0977,547.9649,541.631,542.2643,53054200
2024-07-12,543.3849,549.2706,542.9172,545.6846,53084400
2024-07-15,547.6726,550.4108,545.3339,547.1854,40584300
2024-07-16,548.491,550.7225,547.7407,550.4302,36475300
2024-07-17,544.5251,546.1914,542.391,542.7126,57119000
2024-07-18,544.2423,545.2265,536.3687,538.5417,56270400
2024-07-19,538.308,539.9256,533.9132,534.9656,65509100
2024-07-22,538.8731,541.0852,536.9437,540.481,43346700
2024-07-23,540.3738,542.5176,539.146,539.6332,34439600
2024-07-24,534.8389,535.141,526.4878,527.4038,74515300
2024-07-25,527.5208,533.4748,523.7205,524.6559,61158300
2024-07-26,528.4271,533.2116,527.6572,530.5319,53763800
2024-07-29,532.0714,533.0751,528.8557,530.8436,39515800
2024-07-30,532.3054,533.3578,524.7631,528.1542,46853600
2024-07-31,534.956,539.3605,533.5918,536.7393,65663400
2024-08-01,538.4542,540.6954,525.6499,529.1384,76428700
2024-08-02,522.0639,523.2722,515.0965,519.2867,82789100
2024-08-05,498.5698,510.2047,497.2347,504.1631,146267400
2024-08-06,505.9562,516.2172,504.6407,508.8114,84826300
2024-08-07,514.9698,518.0102,504.816,505.4104,70698300
2024-08-08,510.5263,517.7178,508.5092,517.0942,63276600
2024-08-09,516.2758,520.8557,515.0577,519.3745,45619600
2024-08-12,520.5632,522.0443,517.3865,519.6472,42542100
2024-08-13,522.824,528.4271,522.5804,528.1932,52333100
2024-08-14,528.9825,531.0387,526.3223,529.8596,42446900
2024-08-15,535.4627,539.224,534.8585,538.9415,60846800
2024-08-16,537.3335,540.8416,537.1776,540.1497,44430700
2024-08-19,540.559,545.3143,539.7112,545.3143,39121800
2024-08-20,544.8661,546.513,543.0926,544.4276,33732300
2024-08-21,545.4704,547.7506,540.5592,546.2987,41514600
2024-08-22,548.189,548.7931,540.8026,542.0109,56121500
2024-08-23,545.2364,548.7055,543.0536,547.77,50639400
2024-08-26,548.7931,549.5045,544.7686,546.4642,35788600
2024-08-27,545.1974,547.7018,544.0573,547.2145,32693900
2024-08-28,546.8737,547.3024,540.8612,544.038,41066000
2024-08-29,545.9965,549.2804,542.9465,544.0865,38715200
2024-08-30,546.4447,549.7871,542.9074,549.2803,62700100
2024-09-03,546.1524,546.4837,535.4724,537.9767,60600100
2024-09-04,536.1447,540.2666,535.4236,536.8755,47224900
2024-09-05,536.8171,539.6527,533.1239,535.5698,44264300
2024-09-06,535.8914,537.509,525.6597,526.5562,68493800
2024-09-09,530.7365,533.7184,528.8168,532.4515,40445800
2024-09-10,534.3517,535.1216,529.499,534.7708,36394600
2024-09-11,534.683,541.1729,526.1663,540.2569,75248600
2024-09-12,540.8319,545.1098,538.6199,544.8077,51819600
2024-09-13,545.4118,548.647,545.1584,547.653,39310500
2024-09-16,547.3899,548.7249,545.597,548.4619,36656100
2024-09-17,550.6641,552.1063,546.4642,548.686,49321000
2024-09-18,549.3389,554.1625,546.5033,547.0587,59044900
2024-09-19,556.4232,558.2455,553.5681,556.394,75315500
2024-09-20,555.0313,556.4681,552.4215,555.432,77503100
2024-09-23,556.4976,557.4652,555.2855,556.8201,44116900
2024-09-24,557.6118,558.4719,554.7967,558.4133,46805700
2024-09-25,558.2569,558.9899,556.0771,557.1816,38428600
2024-09-26,561.4238,561.7464,557.0449,559.3907,48336000
2024-09-27,560.4562,561.2674,557.5532,558.5795,42100900
2024-09-30,557.5531,561.4238,555.2659,560.8178,63557400
2024-10-01,560.466,561.1111,553.2329,555.7938,72668800
2024-10-02,554.9043,557.0449,552.5193,556.0283,38097800
2024-10-03,554.5622,556.9472,552.7344,555.0118,40846500
2024-10-04,559.4396,560.4269,555.2855,560.0554,42939100
2024-10-07,558.4134,559.0585,553.8487,554.9923,49964700
2024-10-08,557.5532,560.8374,556.6833,560.2411,37398700
2024-10-09,560.2313,564.6787,559.6351,564.1216,37912200
2024-10-10,562.7825,564.5516,561.5313,563.1343,44138100
2024-10-11,563.0562,567.2397,562.9193,566.5066,42268000
2024-10-14,568.1096,572.0683,567.6307,571.1397,36217200
2024-10-15,571.4035,571.7065,565.4899,566.702,54203600
2024-10-16,566.702,569.6832,565.9005,569.1652,30725400
2024-10-17,572.6938,572.8991,569.0284,569.2141,34393700
2024-10-18,570.8953,572.1855,569.4389,571.4036,37416800
2024-10-21,570.6802,571.6576,567.5035,570.4651,36439000
2024-10-22,567.9434,571.3156,567.2885,570.1622,34183800
2024-10-23,568.1487,568.5885,561.4629,564.9524,49314600
2024-10-24,566.8976,566.9758,563.5645,566.1743,34979900
2024-10-25,568.393,571.2764,565.0403,565.9786,47268200
2024-10-28,569.4389,569.566,567.4254,567.7284,30174700
2024-10-29,566.7704,569.7614,565.3825,568.6472,42899700
2024-10-30,568.1779,570.1622,566.223,566.9268,41435800
2024-10-31,562.5772,562.6457,555.6179,555.8134,60182500
2024-11-01,558.4328,562.5674,557.7486,558.1591,45667500
2024-11-04,558.2959,559.5862,555.0802,556.9568,38217000
2024-11-05,557.8659,563.7305,557.6509,563.6915,39478300
2024-11-06,575.9095,578.5779,572.1855,577.708,68182000
2024-11-07,579.7021,583.1916,579.6239,582.175,47233200
2024-11-08,582.7223,586.114,582.7223,584.6967,46444900
2024-11-11,586.2801,586.632,583.5335,585.2538,37586800
2024-11-12,585.1757,585.772,580.963,583.4359,43006100
2024-11-13,583.8952,585.7133,581.5396,583.7193,47388600
2024-11-14,583.8464,584.3253,579.2817,579.9659,38904100
2024-11-15,576.4178,576.887,570.69,572.5374,75988800
2024-11-18,572.9967,576.193,572.1366,574.8832,37001700
2024-11-19,571.5209,577.708,570.8562,576.9847,49412000
2024-11-20,577.063,577.4637,571.4427,577.1803,50032600
2024-11-21,580.0149,581.6961,574.1991,580.2787,46750300
2024-11-22,580.269,582.7029,579.7706,582.0773,38226400
2024-11-25,585.9968,587.3065,581.7742,584.0517,42441400
2024-11-26,585.293,587.766,584.5795,587.1013,45621300
2024-11-27,586.9156,587.2967,583.8073,585.3223,34000200
2024-11-29,586.1335,589.7403,585.8598,588.9583,30177400
2024-12-02,589.3689,590.6885,588.8802,590.014,31746000
2024-12-03,589.7794,590.532,588.7531,590.2877,26906600
2024-12-04,591.9688,594.1974,591.3042,593.953,42787600
2024-12-05,593.9532,594.7547,592.6238,592.9757,28762200
2024-12-06,593.7381,595.3314,593.3276,594.0998,31241500
2024-12-09,593.9825,594.1486,590.4539,591.0403,34742700
2024-12-10,591.7149,592.1351,588.5479,589.2028,37234500
2024-12-11,592.1156,594.7058,591.8419,593.7577,28677700
2024-12-12,592.8976,593.4644,590.6983,590.6983,31543800
2024-12-13,592.7217,593.4352,589.2127,590.5811,35904700
2024-12-16,592.3306,594.0704,591.5584,593.1027,43695200
2024-12-17,590.5615,591.5193,589.2908,590.6592,55773500
2024-12-18,590.3562,592.7314,572.6743,573.0555,108248700
2024-12-19,578.0208,579.6238,572.6351,572.8795,85919500
2024-12-20,570.561,584.2717,569.7176,579.7603,125716700
2024-12-23,579.5053,583.8303,576.3375,583.2321,57635800
2024-12-24,584.5756,589.7539,583.997,589.7147,33160100
2024-12-26,587.9495,590.8721,586.5569,589.7541,41219100
2024-12-27,586.0271,586.2625,579.3778,583.5459,64969300
2024-12-30,576.5631,580.3389,573.1501,576.8867,56578800
2024-12-31,578.5442,579.2602,573.16,574.788,57052700
2025-01-02,578.0342,579.7407,569.3155,573.3757,50204000
2025-01-03,576.2101,581.1824,575.1313,580.5449,37888500
2025-01-06,584.7817,588.1456,582.1631,583.8892,47679400
2025-01-07,585.9094,586.2331,575.4745,577.2888,60393100
2025-01-08,577.3575,579.2013,573.9249,578.1323,47304700
2025-01-10,574.5918,574.6605,567.403,569.3057,73105000
2025-01-13,564.6766,570.5414,564.2647,570.1884,47910100
2025-01-14,573.1011,573.7288,567.2069,570.973,48420600
2025-01-15,578.956,582.4964,577.8477,581.3588,56900200
2025-01-16,582.7221,582.8987,579.5446,580.2409,43319700
2025-01-17,585.4584,587.8121,584.1343,586.0664,58070600
2025-01-21,589.0968,591.4407,587.1353,591.4309,42532900
2025-01-22,594.2458,596.1092,593.6966,594.7558,48196000
2025-01-23,594.1279,598.0018,593.8534,598.0018,41152100
2025-01-24,598.0608,599.0121,595.1088,596.2562,34604700
2025-01-27,583.3498,588.1357,583.1831,587.8219,70361100
2025-01-28,589.0478,593.7063,585.7427,592.8727,44433300
2025-01-29,592.0881,592.4902,587.6748,590.2149,37177400
2025-01-30,592.3235,594.9126,589.1459,593.3827,39281300
2025-01-31,595.7952,598.2079,589.4695,590.2247,66566900
2025-02-03,581.2509,588.724,579.1129,586.2526,65857200
2025-02-04,586.3116,590.6954,585.7722,590.1855,33457800
2025-02-05,589.0674,592.7256,587.0471,592.5784,30653100
2025-02-06,594.3143,594.7655,591.0191,594.638,35771500
2025-02-07,595.197,596.4131,588.4888,589.1949,50788500
2025-02-10,592.3922,593.8339,591.127,593.1964,26048700
2025-02-11,590.9406,594.1869,590.8229,593.6475,30056700
2025-02-12,587.6552,592.9021,586.9785,591.735,45076100
2025-02-13,592.8334,598.1882,591.5781,597.9822,40921300
2025-02-14,598.1883,599.2181,597.3351,597.9529,26910400
2025-02-18,599.1101,599.7084,596.6583,599.7084,26749000
2025-02-19,598.3256,601.4149,597.8156,601.1207,31011100
2025-02-20,599.7573,599.8946,595.3244,598.6197,36554000
2025-02-21,598.4039,598.5412,587.9199,588.3809,76519800
2025-02-24,590.4209,591.4114,584.9974,585.7036,50737200
2025-02-25,585.6447,586.3704,578.2009,582.7907,58266500
2025-02-26,584.4482,588.0279,580.4566,583.085,43321600
2025-02-27,585.3503,586.4978,573.3855,573.7777,74196700
2025-02-28,574.278,583.2615,571.2181,582.7319,88744100
2025-03-03,584.6933,585.831,568.727,572.5224,74249200
2025-03-04,568.5407,574.1113,561.2244,565.7456,109648200
2025-03-05,565.5788,573.6111,562.0384,571.8261,71230500
2025-03-06,564.3922,568.9918,559.1355,561.6756,80094900
2025-03-07,559.9004,566.2654,554.7319,564.8237,81158800
2025-03-10,556.6542,558.5666,544.8854,549.7793,99326600
2025-03-11,548.6221,553.1531,541.3843,545.2091,88102100
2025-03-12,551.3385,552.2604,543.0219,548.1021,69588200
2025-03-13,547.7295,548.3376,539.0892,540.7957,74079400
2025-03-14,545.3954,552.9667,540.8644,551.9663,62660300
2025-03-17,551.9467,558.7334,551.5152,556.2227,49008700
2025-03-18,553.918,554.1337,548.2886,550.2108,66041400
2025-03-19,551.9859,559.9495,550.809,556.2031,66556000
2025-03-20,552.4764,559.5769,551.7604,554.5947,62958200
2025-03-21,550.1544,555.6728,548.9248,554.7776,83763000
2025-03-24,561.4864,565.7654,560.8962,564.7129,58766800
2025-03-25,565.913,567.0048,564.3292,566.0704,38355700
2025-03-26,565.8047,566.9261,557.9353,559.3124,51848300
2025-03-27,557.9254,561.5847,555.7219,557.827,42164200
2025-03-28,556.3023,557.0302,546.013,546.5933,71662700
2025-03-31,540.8585,551.561,537.9468,550.2625,95328200
2025-04-01,548.3541,553.7545,544.6456,551.8167,54609600
2025-04-02,545.9933,558.1614,545.7572,555.3088,76014500
2025-04-03,536.2156,539.0289,527.9428,527.9428,125986000
2025-04-04,515.1253,517.2895,496.819,497.0354,217965100
2025-04-07,481.208,514.6335,473.9386,496.1501,256611400
2025-04-08,513.3449,516.414,481.1785,488.3791,165816600
2025-04-09,485.3887,539.6683,485.005,539.6683,241867300
2025-04-10,523.4866,524.7949,501.0095,516.0205,162331200
2025-04-11,514.4761,527.6771,511.5841,525.2278,97866300
2025-04-14,535.1727,535.399,525.149,530.3232,68034000
2025-04-15,530.8643,534.3662,528.051,528.8379,56892900
2025-04-16,523.0047,529.1134,511.8005,517.0829,83484800
2025-04-17,519.0306,522.503,515.3615,517.8207,79868100
2025-04-21,512.6563,513.1875,500.1635,505.4951,69368100
2025-04-22,511.653,520.6635,510.7185,518.647,75948100
2025-04-23,531.612,536.5304,525.1689,526.6837,90590700
2025-04-24,527.9624,538.4977,526.7132,537.7698,64150400
2025-04-25,537.7304,542.0586,534.8187,541.6553,61119600
2025-04-28,542.3931,544.5178,536.127,541.8619,47613800
2025-04-29,539.9534,546.3868,539.5993,545.2752,47775100
2025-04-30,538.6355,547.4394,532.6842,545.4917,93101500
2025-05-01,551.2265,554.8661,548.7575,549.3575,63186100
2025-05-02,555.5154,559.1058,553.2037,557.5123,60717300
2025-05-05,553.3906,557.4041,552.5348,554.3153,38659200
2025-05-06,548.8264,554.1579,547.8722,549.6822,48264700
2025-05-07,551.0102,554.6203,546.9672,551.9938,55588000
2025-05-08,556.017,561.0043,552.5348,555.84,65130800
2025-05-09,557.2369,558.2402,553.5776,555.1318,37603400
2025-05-12,571.9823,573.4873,567.6246,573.4775,78993600
2025-05-13,573.8906,579.4681,573.3299,577.2646,67947200
2025-05-14,578.2188,579.3697,575.9858,578.0024,66283500
2025-05-15,576.0055,581.3272,575.553,580.8256,71268100
2025-05-16,581.6027,584.7997,579.6649,584.5046,76052100
2025-05-19,578.5041,585.8227,578.5041,585.1439,68168500
2025-05-20,583.4126,584.3569,579.9795,583.1765,60614500
2025-05-21,578.8385,582.911,572.3265,573.3495,95197700
2025-05-22,573.1528,577.0482,571.9232,573.5759,70860400
2025-05-23,566.5818,572.3167,566.208,569.6608,76029000
2025-05-27,576.5071,581.6616,568.9918,581.5043,72588500
2025-05-28,581.9076,583.0979,577.4122,578.1401,68445500
2025-05-29,583.3832,583.5209,576.5073,580.4223,69973300
2025-05-30,579.3204,581.4845,573.7233,579.7729,90601200
2025-06-02,578.1697,583.1176,575.5137,583.0389,61630500
2025-06-03,582.6749,587.3375,582.1928,586.3637,63606200
2025-06-04,587.2195,588.1934,585.7735,586.2063,57314200
2025-06-05,587.8786,589.2263,581.406,583.3734,92278700
2025-06-06,588.8917,591.0264,587.1211,589.364,66588700
2025-06-09,589.9345,591.4395,588.7246,589.8951,53016400
2025-06-10,590.4263,593.6233,589.3148,593.2397,66247000
2025-06-11,594.3316,595.1874,589.4919,591.5478,73658200
2025-06-12,590.2197,593.8987,589.7377,593.8987,64129000
2025-06-13,588.7344,592.0298,585.7637,587.2589,89506000
2025-06-16,590.6034,594.5873,590.4263,592.8462,79984100
2025-06-17,590.4165,591.9313,587.0228,587.7802,82209400
2025-06-18,588.6753,591.4099,586.7374,587.6917,76605000
2025-06-20,590.3565,591.422,584.9105,586.3115,94051400
2025-06-23,587.0612,592.4874,583.9535,592.1027,87426000
2025-06-24,596.2266,599.6994,595.3189,598.6438,67735300
2025-06-25,599.7587,600.4493,597.4205,598.9793,62114800
2025-06-26,600.8243,604.0998,600.2126,603.6656,78548400
2025-06-27,604.662,608.125,602.6395,606.6648,86258400
2025-06-30,609.1018,610.9171,606.7931,609.5654,92502500
2025-07-01,608.0954,610.5323,607.2667,609.3682,70030100
2025-07-02,608.9636,612.17,608.342,612.1306,66510400
2025-07-03,614.1037,617.8824,614.0839,616.955,51065800
2025-07-07,615.0015,615.6626,609.5852,612.3575,74814500
2025-07-08,613.0184,613.7683,611.213,612.022,59024600
2025-07-09,614.4194,616.3432,612.5843,615.6921,66113300
2025-07-10,615.8303,618.4644,614.6562,617.4285,57529000
2025-07-11,614.3898,616.4814,613.1961,615.258,63670200
2025-07-14,614.8042,616.7774,613.4624,616.4321,51898500
2025-07-15,619.1057,619.4411,613.7189,613.7979,74317300
2025-07-16,615.3764,616.3531,609.7627,615.85,88987500
2025-07-17,616.0275,619.9739,615.8104,619.6187,68885700
2025-07-18,620.8618,621.0295,618.0599,619.1649,65621600
2025-07-21,620.339,623.0718,619.9148,620.339,63375000
2025-07-22,620.6645,621.2861,617.7936,620.4277,60046300
2025-07-23,623.0817,625.7061,621.2861,625.7061,70511000
2025-07-24,626.0908,627.6201,625.489,625.9133,71307100
2025-07-25,626.5743,629.0309,626.3277,628.5573,56865400
2025-07-28,628.9321,629.4846,627.0181,628.3994,54917100
2025-07-29,629.7905,630.1062,625.8343,626.7419,60556300
2025-07-30,627.3931,629.1295,623.0718,625.9527,80418900
2025-07-31,630.8856,631.2703,622.3121,623.6046,103385200
2025-08-01,617.902,617.9415,610.986,613.3834,140103600
2025-08-04,617.2805,622.756,617.1917,622.7067,73218000
2025-08-05,623.3185,624.1275,618.6322,619.5497,68051400
2025-08-06,620.6151,624.9463,619.7075,624.2952,64357500
2025-08-07,627.7087,628.4388,620.6743,623.7722,74205800
2025-08-08,625.558,629.0999,625.2423,628.6362,64051600
2025-08-11,628.9125,630.3825,626.15,627.3931,58742300
2025-08-12,629.7314,634.2302,628.2515,634.0724,64730800
2025-08-13,636.2625,637.5254,634.0624,636.2428,60092800
2025-08-14,634.171,636.9631,633.7271,636.3021,59327500
2025-08-15,637.3281,637.4268,633.9047,634.8123,68592500
2025-08-18,634.24,635.3647,633.5691,634.6741,43804900
2025-08-19,634.4966,635.4733,629.9188,631.231,69750700
2025-08-20,630.8265,631.0829,624.4629,629.5537,88890300
2025-08-21,627.7483,629.4156,625.3114,627.0281,54805800
2025-08-22,629.2084,637.8312,628.7052,636.6572,84083200
2025-08-25,635.4042,636.6374,633.7368,633.8552,51274300
2025-08-26,633.5889,636.8546,632.9674,636.5092,51581600
2025-08-27,635.9271,638.6895,635.7791,637.9595,48341100
2025-08-28,638.5613,640.7712,636.6868,640.2188,61519500
2025-08-29,638.7882,639.1533,634.5163,636.4007,74522200
2025-09-02,628.9519,631.9018,626.4065,631.6848,81983500
2025-09-03,634.0526,635.5719,631.8722,635.1082,70820900
2025-09-04,635.7791,640.4457,634.8813,640.4161,65219200
2025-09-05,642.7444,643.4646,634.7037,638.5612,85178900
2025-09-08,639.9227,641.1264,638.5514,640.1299,63133100
2025-09-09,640.2681,642.1328,638.5416,641.6099,66133900
2025-09-10,644.8558,645.7733,641.9059,643.4647,78034500
2025-09-11,645.4083,649.5026,644.8262,648.812,69934400
2025-09-12,648.7824,650.2721,648.0918,648.5949,72780100
2025-09-15,650.795,652.1762,650.4991,652.048,63772400
2025-09-16,652.6004,652.9063,650.3708,651.1501,61169000
2025-09-17,651.1601,652.8472,645.5267,650.3412,101952200
2025-09-18,653.0149,655.9747,651.4166,653.3799,90459200
2025-09-19,655.2607,657.4569,653.3216,656.616,97945600
2025-09-22,655.132,660.1677,655.1023,659.7225,69452200
2025-09-23,659.6038,660.2172,654.9144,656.1313,81708900
2025-09-24,657.4174,657.5163,652.629,654.0438,68082200
2025-09-25,650.9175,652.3718,647.4251,651.0263,89622100
2025-09-26,652.4708,655.3002,650.8582,654.7561,69179200
2025-09-29,657.269,658.1792,654.7957,656.5963,73499000
2025-09-30,655.8541,659.5345,654.5482,659.0695,86288000
2025-10-01,656.0917,662.2255,655.9829,661.3154,72545400
2025-10-02,663.2939,663.4127,659.6631,662.077,56896000
2025-10-03,662.8388,665.5001,661.0284,662.0672,70494400
2025-10-06,664.4515,665.332,662.3146,664.4416,54623300
2025-10-07,665.3616,665.8068,660.5436,661.9781,72020100
2025-10-08,663.0961,666.0245,662.2749,665.9255,60702200
2025-10-09,666.3412,666.7468,662.0673,663.9964,66501900
2025-10-10,664.956,666.7566,645.8719,646.05,159422600
2025-10-13,653.5986,658.0307,652.728,655.963,79560500
2025-10-14,650.1557,658.7233,646.1984,655.1617,88779600
2025-10-15,659.7027,663.0762,651.8969,658.0703,81702600
2025-10-16,659.7027,661.5726,650.0963,653.5887,110563300
2025-10-17,652.4608,658.654,651.1154,657.2986,96500900
2025-10-20,660.1974,665.0352,660.1479,664.1349,60493400
2025-10-21,664.2734,665.8069,662.829,664.125,56249000
2025-10-22,664.8274,664.8274,656.2203,660.6722,80564000
2025-10-23,660.9888,665.5298,660.6722,664.59,65604500
2025-10-24,669.2398,671.2283,668.4384,670.0213,74356500
2025-10-27,675.4429,678.2229,674.8394,677.9261,63339800
2025-10-28,679.7167,681.5569,677.5204,679.7266,61738100
2025-10-29,681.3689,682.3385,675.5814,680.0532,85657100
2025-10-30,676.6004,678.6186,672.5739,672.5739,76335800
2025-10-31,677.7282,677.7678,671.9901,674.78,87164100
2025-11-03,678.3514,678.48,672.6826,676.0463,57315000
2025-11-04,668.8935,672.7025,667.3799,668.0328,78427000
2025-11-05,667.7756,673.5928,666.9742,670.3478,74402400
2025-11-06,669.2497,670.15,661.5824,663.1555,85035300
2025-11-07,660.781,663.9172,654.1526,663.8083,100592400
2025-11-10,670.0114,674.8987,667.8251,674.1666,75842900
2025-11-11,672.6926,676.2739,671.4856,675.71,58953400
2025-11-12,677.4809,677.6492,673.6819,676.086,62312500
2025-11-13,673.2367,673.5929,663.3633,664.867,103457800
2025-11-14,658.278,668.4483,656.1906,664.7581,96846700
2025-11-17,662.552,666.5192,655.1023,658.5649,90456100
2025-11-18,655.0331,658.0209,648.8597,653.0347,114467500
2025-11-19,653.7271,660.2171,651.7188,655.5574,94703000
2025-11-20,665.7277,668.3494,644.9321,645.5652,165293500
2025-11-21,648.0583,657.457,643.9032,651.9959,123956200
2025-11-24,655.6167,662.908,654.5285,661.5922,80437900
2025-11-25,661.4934,668.9925,657.3877,667.8152,81077100
2025-11-26,670.3974,674.4239,669.497,672.4255,71879600
2025-11-28,673.5928,676.3728,673.2367,676.0958,49212000
2025-12-01,671.5647,675.7001,671.4955,673.0092,61201200
2025-12-02,674.6415,676.5212,672.0791,674.2557,62953800
2025-12-03,673.3059,677.5996,672.4353,676.5905,57238500
2025-12-04,677.9853,678.0546,674.0676,677.0851,61970300
2025-12-05,678.1536,681.0425,677.2731,678.3713,79241000
2025-12-08,679.2617,679.3111,674.2952,676.3333,55231500
2025-12-09,675.8584,678.0745,675.3044,675.7496,58310100
2025-12-10,675.2747,681.6163,674.0381,680.2313,85671300
2025-12-11,677.8271,681.8932,674.8888,681.8141,86173700
2025-12-12,680.8248,681.5273,671.9209,674.4833,113160300
2025-12-15,678.4208,678.4406,672.0,673.4642,90811000
2025-12-16,671.9803,673.8106,667.7757,671.6241,122030600
2025-12-17,672.6331,673.1773,664.0359,664.2338,110625200
2025-12-18,670.3676,673.4741,667.6965,669.2497,108650100
2025-12-19,671.3464,675.8115,671.2272,675.3154,103599500
2025-12-22,678.6394,680.0484,675.3154,679.5225,69556700
2025-12-23,678.6195,682.8664,678.5699,682.6282,64840000
2025-12-24,682.6183,685.476,682.4695,685.0295,39445600
2025-12-26,685.2874,686.2995,683.928,684.96,41613300
2025-12-29,682.2114,683.8586,680.7529,682.519,62559500
2025-12-30,682.1222,683.2236,681.2589,681.6856,47160700
2025-12-31,681.8146,682.0329,676.4267,676.635,74144800
2026-01-02,680.3957,681.5467,674.5514,677.8754,89377200
2026-01-05,681.2192,684.0868,681.0605,682.3901,71927200
2026-01-06,682.5984,686.9544,682.4496,686.4484,69273800
2026-01-07,686.8254,688.5817,683.9777,684.2357,75588300
2026-01-08,683.4815,685.2676,682.1618,684.1662,64019200
2026-01-09,685.2775,689.9212,683.8387,688.6909,80125500
2026-01-12,685.3271,690.6952,685.2775,689.7723,63976000
2026-01-13,690.0999,690.6953,685.992,688.3932,78309700
2026-01-14,685.6446,686.359,680.7231,685.0096,94676700
2026-01-15,689.187,690.0602,685.8927,686.8751,77862000
2026-01-16,688.284,688.8695,684.7516,686.2995,79289200
2026-01-20,676.2083,679.463,671.3265,672.3287,111623300
2026-01-21,674.3826,683.4021,672.8743,680.088,127844500
2026-01-22,684.5036,685.7737,681.5963,683.6403,77112200
2026-01-23,682.8167,685.6049,681.8343,683.8883,63059600
2026-01-26,685.1386,688.7504,684.573,687.3612,60473800
2026-01-27,688.8,691.1318,688.1948,690.0999,55506100
2026-01-28,691.6477,692.4316,688.5618,690.0303,61172200
2026-01-29,690.9929,691.6577,679.5225,688.6611,97486200
2026-01-30,686.4285,688.8298,681.7947,686.6071,101835100
2026-02-02,684.2357,691.5287,684.0769,690.0204,79286500
2026-02-03,690.8143,691.5584,678.7287,684.186,107904600
2026-02-04,684.9997,686.0912,676.4763,680.8719,105204600
2026-02-05,675.6626,678.3913,670.5525,672.3683,113610800
2026-02-06,676.1786,686.9445,675.5733,685.2676,89127600
2026-02-09,684.0769,690.4769,683.0053,688.5718,73885200
2026-02-10,689.5641,691.1417,686.2995,686.756,65185700
2026-02-11,690.9929,691.7371,683.8387,686.5972,76353900
2026-02-12,688.8596,689.9609,675.0971,675.9901,118829000
2026-02-13,676.4068,680.9612,672.2691,676.4663,96267500
2026-02-17,674.8688,679.6316,670.5426,677.5578,81354700
2026-02-18,678.7188,683.809,677.538,680.9711,73570300
2026-02-19,678.5402,680.862,676.2679,679.1752,58649400
2026-02-20,677.0319,684.7119,676.4465,684.0868,100034000
2026-02-23,682.4992,684.6524,675.097,677.1014,90558100
2026-02-24,676.6152,683.0151,674.7299,682.0229,73798700
2026-02-25,684.8311,688.3039,684.7517,687.7781,56369500
2026-02-26,687.907,687.9268,679.0462,683.9578,71671000
2026-02-27,677.796,681.5367,676.3572,680.6735,83308900
2026-03-02,673.44,683.2831,672.7653,681.0605,87477200
2026-03-03,669.8282,677.3197,664.47,675.0574,105003100
2026-03-04,676.3472,681.7649,674.3528,679.8201,79182200
2026-03-05,676.7938,680.217,670.3739,676.0297,106606500
2026-03-06,668.1909,670.87,664.5692,667.1689,100687000
2026-03-09,661.2254,674.6505,657.2564,673.0134,102667700
2026-03-10,672.4675,678.0638,669.5305,671.9317,81505300
2026-03-11,672.3287,674.8093,668.1216,671.0884,68441700
2026-03-12,665.9583,666.4446,660.7094,660.8979,108882200
2026-03-13,664.0831,667.1293,656.2344,657.1572,97200200
2026-03-16,663.2,666.8614,661.9497,663.845,82023100
2026-03-17,667.1789,669.213,664.5097,665.5912,87128000
2026-03-18,663.1801,664.5296,656.0657,656.3038,82062600
2026-03-19,651.8784,657.8418,650.0923,654.6865,111272500
2026-03-20,653.2009,653.38,641.4703,645.301,163617500
2026-03-23,654.7531,659.2802,650.6439,652.0767,134802700
2026-03-24,648.0371,653.7184,646.6044,649.8878,96457500
2026-03-25,655.3501,657.559,650.9424,653.5095,90653800
2026-03-26,648.7735,651.5494,641.57,641.8386,96494400
2026-03-27,639.2616,639.4208,629.9189,630.894,103649400
2026-03-30,636.8837,637.1424,626.1083,628.7847,99275900
2026-03-31,635.7196,648.256,634.7644,647.0621,152534100
2026-04-01,650.6042,655.2009,649.7087,651.9374,97841500
2026-04-02,643.1619,654.8825,641.8585,652.5245,68358700
2026-04-06,652.5542,656.3948,652.216,655.6088,39105800
2026-04-07,653.3403,656.2853,647.7784,655.8973,69980400
2026-04-08,672.9808,673.6673,668.0757,672.6027,93606100
2026-04-09,671.4386,677.7267,670.374,676.483,57134400
2026-04-10,677.8859,678.5924,675.0304,676.0353,42253500
2026-04-13,673.9956,682.8408,673.1698,682.6418,54185800
2026-04-14,684.2238,691.0791,684.1939,690.9597,63480500
2026-04-15,691.7557,696.7504,690.7011,696.4121,58240400
2026-04-16,697.5265,699.2378,695.0092,698.1234,49972400
2026-04-17,702.5809,708.7994,702.2028,706.5607,70661900
2026-04-20,705.2075,706.3318,702.5808,705.1478,43546800
2026-04-21,706.7,707.695,699.0985,700.5312,58941400
2026-04-22,705.5757,707.8641,704.6503,707.6253,42518500
2026-04-23,705.9239,708.7695,698.7403,704.8792,56174000
2026-04-24,707.1676,710.8688,705.4363,710.3415,45182000
2026-04-27,709.5754,712.0231,708.7098,711.5654,33135900
2026-04-28,708.2323,709.2869,705.6752,708.1029,43117400
2026-04-29,707.4163,708.6103,704.7996,707.9934,41859200
2026-04-30,711.0281,716.162,706.8691,715.0377,67240900
2026-05-01,717.6147,721.2164,716.8386,717.0177,43049800
2026-05-04,716.4406,718.4803,711.3862,714.391,51950600
2026-05-05,718.1321,721.3856,717.8535,720.122,36933200
2026-05-06,724.4898,730.8875,724.1516,730.1313,53288900
2026-05-07,731.3451,732.4197,726.0718,727.8926,51724600
2026-05-08,731.2257,734.3599,730.8675,733.9022,47227100
2026-05-11,732.7381,737.0561,732.7381,735.5737,44024000
2026-05-12,733.1759,735.1161,728.1414,734.4594,54185300
2026-05-13,734.7479,740.1605,731.763,738.5685,44200200
2026-05-14,739.9018,745.7522,739.8122,744.399,45307600
2026-05-15,738.0512,739.7128,734.2405,735.4444,60410800
2026-05-18,736.101,737.683,729.6935,734.927,47843900
2026-05-19,731.0765,733.932,727.8429,730.0317,54255900
2026-05-20,732.0018,738.1307,730.191,737.5139,45768000
2026-05-21,734.917,741.1156,733.3152,738.9764,43332200
2026-05-22,742.4787,745.1651,740.7276,741.8818,41762000
2026-05-26,746.2297,748.339,744.598,746.8068,41123600
2026-05-27,747.0953,747.5928,744.4487,746.6774,42106300
2026-05-28,746.4685,751.3438,745.4536,750.7966,41562600
2026-05-29,752.0901,754.2591,750.8862,752.6671,55075700
2026-06-01,751.5527,756.448,750.8861,754.7167,43634900
2026-06-02,753.2144,756.5674,752.9358,755.7416,31581900
2026-06-03,754.3287,754.9754,749.7718,750.4384,51402500
2026-06-04,748.3091,754.4879,747.6823,753.274,49923000
2026-06-05,748.5181,749.0256,731.8227,733.8325,93989400
2026-06-08,739.6132,741.5833,734.4693,735.4941,49319100
2026-06-09,739.8819,743.1355,718.948,733.3351,87683500
2026-06-10,729.6935,734.6584,721.6741,721.7736,60341300
2026-06-11,725.0869,736.2702,720.7588,734.0415,86330500
2026-06-12,736.9766,740.6878,731.3253,738.0114,57079500
2026-06-15,748.0604,752.8661,747.9709,751.0255,60176400
2026-06-16,750.7469,751.6324,746.1004,746.5482,67093100
2026-06-17,747.5032,748.3589,735.4941,737.2253,85945200
2026-06-18,745.9078,746.3766,742.0174,744.8903,80875700
2026-06-22,745.8479,748.3218,741.2893,742.5461,46628100
2026-06-23,731.9923,737.7979,730.486,731.7629,66846800
2026-06-24,733.3489,738.1171,729.0297,731.4237,57439500
2026-06-25,737.0796,737.5385,727.7927,732.4811,53934400
2026-06-26,727.1444,734.7056,714.805,727.1843,71034000
2026-06-29,734.7056,739.7231,730.2766,739.1645,58035200
2026-06-30,739.4538,746.1671,739.0548,744.9202,55626000
2026-07-01,743.1546,747.5836,740.5411,743.9127,47100900
2026-07-02,745.5487,749.449,738.1969,742.9352,57447800
2026-07-06,746.8853,750.5462,745.5586,749.4191,50673300
2026-07-07,748.3616,749.0999,743.3641,745.8579,43721500
2026-07-08,741.3191,744.3018,737.6782,743.5536,43767400
2026-07-09,745.4988,750.1073,743.7432,749.848,41441700
2026-07-10,750.1871,753.5488,746.2469,753.08,42191300
2026-07-13,750.6061,752.0425,746.1472,747.3143,44013600
2026-07-14,749.0499,751.474,746.8055,749.9677,35143100
2026-07-15,752.3717,753.7084,748.3417,752.9403,43844800
2026-07-16,750.8954,752.7009,746.0275,748.8604,46409800
2026-07-17,740.2418,745.4389,738.965,741.4488,62651000
2026-07-20,745.2095,746.8753,739.6733,740.2518,50422300
2026-07-21,744.4414,747.1846,742.3366,746.4265,34324300
2026-07-22,744.7706,748.1622,744.5212,745.5586,32836200
2026-07-23,737.5386,740.7207,733.3889,736.3515,55437300
2026-07-24,736.6807,741.8777,735.4637,737.0996,44782000
2026-07-27,743.0648,743.6833,734.0472,737.2593,41461200
2026-07-28,737.359,740.9501,734.1569,739.0248,47322200
2026-07-29,738.1371,740.8404,727.294,727.6531,70697200
2026-07-30,734.2267,740.6109,732.7704,739.8528,66811300
2026-07-31,742.8354,747.045,735.8528,745.1796,62445900
2026-08-03,747.5836,756.701,746.9452,755.7932,59927500
2026-08-04,758.7459,771.4942,758.6362,769.4194,69154800
2026-08-05,773.9282,774.9257,767.6039,767.8832,44689100
2026-08-06,768.3022,769.9082,765.559,766.6562,38416900
2026-08-07,769.1102,772.0029,767.7036,771.3446,43586300
2026-08-10,770.6862,773.1301,769.7086,771.1152,39249500
2026-08-11,772.6115,772.6913,767.2947,768.6513,36740600
2026-08-12,772.791,772.9805,769.3695,770.5765,33179100
2026-08-13,772.9506,777.4395,772.1925,775.9532,35634500
2026-08-14,776.6115,776.8709,773.5092,774.417,31367900
2026-08-17,774.2574,774.8559,770.5965,770.756,34356600
2026-08-18,766.7959,767.5939,765.0203,765.549,43920900
2026-08-19,768.4517,770.5565,766.1973,767.155,40306000
2026-08-20,764.0627,766.2473,760.1524,760.711,45520300
2026-08-21,764.1524,765.948,762.2771,763.8232,39188700
2026-08-24,762.8856,763.3245,760.1923,761.5788,32430900
2026-08-25,764.2621,764.8807,761.1599,764.0128,27422300
2026-08-26,762.8357,765.4492,762.0377,764.1824,28751600
2026-08-27,766.5964,770.4468,765.2597,769.1899,34557100
2026-08-28,769.8483,773.3795,766.4069,767.4443,36744300
2026-08-31,765.4293,766.0976,762.8257,765.15,38810800
2026-09-01,760.1225,762.7759,757.5987,759.8931,41126300
2026-09-02,760.5614,764.5315,759.8432,763.2646,29566200
2026-09-03,765.9979,772.1127,765.549,771.2548,43531600
2026-09-04,770.0977,770.9556,767.0952,768.2822,34054200
2026-09-08,767.165,767.7934,763.2447,764.0627,44746100
2026-09-09,762.1874,762.5764,759.0551,760.5115,32812400
2026-09-10,756.1523,758.2271,754.7658,755.9528,42740400
2026-09-11,762.8257,764.4816,761.7085,762.3968,45512700
2026-09-14,757.1199,761.6287,756.0525,758.9952,43992400
2026-09-15,758.2371,758.4665,754.277,755.5139,46195000
2026-09-16,757.6187,759.7833,747.7432,752.1822,59217700
2026-09-17,761.2597,761.6786,758.0776,760.711,49652800
2026-09-18,761.31,762.0,757.97,761.69,65395100
2026-09-21,766.25,774.89,766.03,773.5,50484700
2026-09-22,774.03,775.14,772.57,773.38,34802300
2026-09-23,772.79,773.05,766.5,767.81,54931700
2026-09-24,764.07,768.95,763.25,767.18,43983700
2026-09-25,768.78,772.28,766.29,771.35,36666700
2026-09-28,768.35,769.54,763.72,765.61,42694500
2026-09-29,766.83,766.98,762.35,764.2,36832600
2026-09-30,766.45,769.41,766.0,767.75,13990316
