Date,Open,High,Low,Close,Volume
1998-12-22,14.3099,14.3581,14.3099,14.3581,600.0
1998-12-23,14.4641,14.6472,14.4641,14.6086,900.0
1998-12-24,14.7435,14.811,14.6954,14.8014,1400.0
1998-12-28,14.8014,14.8881,14.8014,14.8784,7400.0
1998-12-29,14.9555,15.0904,14.9555,15.0904,1400.0
1998-12-30,15.0808,15.0808,14.9845,15.023,2800.0
1998-12-31,15.023,15.1483,14.9941,15.1483,33100.0
1999-01-04,15.1675,15.3217,14.9363,14.9363,6400.0
1999-01-05,15.0904,15.2735,15.023,15.2446,2000.0
1999-01-06,15.3892,15.6204,15.3892,15.5723,13500.0
1999-01-07,15.4566,15.4952,15.3217,15.4373,13100.0
1999-01-08,15.3988,15.5723,15.3121,15.553,11000.0
1999-01-11,15.5144,15.5144,15.341,15.4084,2200.0
1999-01-12,15.3314,15.3699,15.1772,15.2254,6500.0
1999-01-13,14.8206,15.023,14.8014,14.8399,1700.0
1999-01-14,14.8014,14.9363,14.7725,14.7725,4100.0
1999-01-15,14.8496,15.0616,14.8496,15.023,4900.0
1999-01-19,15.1579,15.1579,14.8688,14.9941,10100.0
1999-01-20,15.0326,15.1097,14.9266,14.9266,1700.0
1999-01-21,14.8881,14.8881,14.7917,14.8014,2500.0
1999-01-22,14.5894,14.6472,14.5123,14.5123,8700.0
1999-01-25,14.5797,14.7532,14.5605,14.7532,4600.0
1999-01-26,14.7532,14.7532,14.7532,14.7532,0.0
1999-01-27,14.9266,14.9266,14.8688,14.8688,500.0
1999-01-28,14.8206,14.917,14.7724,14.8881,1900.0
1999-01-29,14.9459,15.0519,14.7725,14.9845,109200.0
1999-02-01,15.1097,15.1097,15.0037,15.0037,2400.0
1999-02-02,14.8977,14.917,14.7146,14.8881,20700.0
1999-02-03,14.8881,15.0326,14.8881,15.0326,20100.0
1999-02-04,15.0134,15.0615,14.9555,15.0519,6100.0
1999-02-05,15.1001,15.1001,14.9844,15.0037,4300.0
1999-02-08,15.1097,15.1097,14.8881,15.0519,2900.0
1999-02-09,15.023,15.023,14.8495,14.8495,4100.0
1999-02-10,14.9074,14.9074,14.8303,14.9074,5400.0
1999-02-11,15.0037,15.1097,15.0037,15.1097,3500.0
1999-02-12,15.0423,15.0423,14.9941,15.023,2600.0
1999-02-16,15.1194,15.129,15.0904,15.1001,3800.0
1999-02-17,14.9748,15.2639,14.9748,15.1001,5400.0
1999-02-18,15.0037,15.129,14.9652,15.1001,4300.0
1999-02-19,15.0326,15.2157,15.0326,15.1965,2800.0
1999-02-22,15.2061,15.4277,15.2061,15.4277,6400.0
1999-02-23,15.3795,15.447,15.3314,15.4181,5400.0
1999-02-24,15.5144,15.5241,15.341,15.3795,5300.0
1999-02-25,15.1579,15.1579,14.9748,15.0712,3200.0
1999-02-26,15.1483,15.2061,15.0326,15.1194,3400.0
1999-03-01,15.0904,15.1097,14.9941,15.1097,3200.0
1999-03-02,15.1483,15.1772,14.9845,14.9845,47600.0
1999-03-03,15.1001,15.1001,14.8688,14.8977,13600.0
1999-03-04,15.0134,15.1868,15.0134,15.1868,15700.0
1999-03-05,15.447,15.5241,15.447,15.5241,5200.0
1999-03-08,15.5819,15.6108,15.5337,15.6108,1800.0
1999-03-09,15.6108,15.7361,15.6012,15.6879,1800.0
1999-03-10,15.6301,15.7072,15.5626,15.659,2700.0
1999-03-11,15.6686,15.8517,15.6686,15.6783,1800.0
1999-03-12,15.6975,15.7553,15.6975,15.7264,2200.0
1999-03-15,15.7168,15.7746,15.6879,15.6879,1900.0
1999-03-16,15.7168,15.7264,15.5819,15.5819,4800.0
1999-03-17,15.6108,15.6975,15.5337,15.553,1900.0
1999-03-18,15.5241,15.5915,15.4855,15.5915,3900.0
1999-03-19,15.6691,15.7368,15.6401,15.6884,9100.0
1999-03-22,15.6207,15.6884,15.5627,15.5723,9900.0
1999-03-23,15.5723,15.5723,15.2048,15.2048,4900.0
1999-03-24,15.2048,15.8335,15.1274,15.1661,4800.0
1999-03-25,15.2435,15.4273,15.2338,15.3305,6500.0
1999-03-26,15.2145,15.3886,15.2145,15.3692,3100.0
1999-03-29,15.553,15.6207,15.553,15.6207,3000.0
1999-03-30,15.5143,15.6304,15.5143,15.611,3500.0
1999-03-31,15.5143,15.5433,15.4369,15.4369,21700.0
1999-04-01,15.4563,15.6014,15.4563,15.6014,3500.0
1999-04-05,15.7174,15.9399,15.7078,15.9399,7700.0
1999-04-06,15.8819,15.8915,15.7851,15.8528,2700.0
1999-04-07,15.9205,15.9496,15.7658,15.8819,24400.0
1999-04-08,15.8432,15.9979,15.8045,15.9689,24800.0
1999-04-09,15.9786,15.9979,15.8915,15.9786,1200.0
1999-04-12,15.9786,16.3655,15.9592,16.3655,11500.0
1999-04-13,16.3461,16.4912,16.3268,16.4912,1100.0
1999-04-14,16.5686,16.9942,16.5589,16.8491,25500.0
1999-04-15,17.0232,17.3617,17.0038,17.2843,61700.0
1999-04-16,17.3327,17.4488,17.1779,17.3811,173300.0
1999-04-19,17.5745,18.1452,17.4488,17.5261,292800.0
1999-04-20,17.6229,17.6229,17.236,17.4101,102300.0
1999-04-21,17.4488,17.4971,17.294,17.4681,58100.0
1999-04-22,17.4004,18.0871,17.4004,17.4778,56200.0
1999-04-23,17.3327,17.6132,17.3327,17.6132,109800.0
1999-04-26,17.6712,17.7196,17.5939,17.5939,64900.0
1999-04-27,17.8066,17.8163,17.6422,17.6809,160800.0
1999-04-28,17.6906,17.9904,17.6906,17.9034,27200.0
1999-04-29,18.0388,18.0871,17.8066,17.9711,85400.0
1999-04-30,17.9904,17.9904,17.5745,17.7583,63200.0
1999-05-03,17.6906,18.1065,17.6906,18.1065,26700.0
1999-05-04,18.1065,18.2999,18.0678,18.1839,333200.0
1999-05-05,18.1355,18.2322,17.9807,18.1839,70000.0
1999-05-06,18.1065,18.2225,18.0194,18.2225,108700.0
1999-05-07,18.2999,18.5707,18.2806,18.5707,119300.0
1999-05-10,18.416,18.5417,18.3193,18.3193,24900.0
1999-05-11,18.5321,18.6578,18.445,18.6288,83400.0
1999-05-12,18.5707,18.5707,18.3676,18.445,50900.0
1999-05-13,18.3676,18.445,18.2032,18.2612,32400.0
1999-05-14,18.0291,18.2612,17.9711,18.0291,34400.0
1999-05-17,18.0001,18.0098,17.8453,17.9904,22600.0
1999-05-18,17.826,17.9034,17.5455,17.7583,19500.0
1999-05-19,17.855,18.0485,17.855,18.0291,74300.0
1999-05-20,18.1258,18.1935,17.4875,18.0775,11100.0
1999-05-21,18.0098,18.0098,17.826,17.8647,90600.0
1999-05-24,17.9034,18.0775,17.7099,17.7099,14900.0
1999-05-25,17.855,17.8744,17.6519,17.6519,17600.0
1999-05-26,17.5455,17.5938,17.4488,17.5261,77400.0
1999-05-27,17.4488,17.4488,17.1199,17.236,719300.0
1999-05-28,17.2747,17.4778,17.2747,17.4101,2200.0
1999-06-01,17.4101,17.6422,17.265,17.4198,11800.0
1999-06-02,17.7583,17.7583,17.5745,17.6519,22800.0
1999-06-03,17.6519,17.8647,17.6519,17.8357,17900.0
1999-06-04,17.9324,18.0194,17.9324,18.0194,4600.0
1999-06-07,18.1742,18.2129,18.1452,18.1935,10800.0
1999-06-08,18.1645,18.1645,18.0291,18.0291,24900.0
1999-06-09,18.0968,18.1452,18.0098,18.0484,8500.0
1999-06-10,17.8937,17.9034,17.7486,17.8357,46400.0
1999-06-11,17.913,18.0001,17.8066,17.8066,2100.0
1999-06-14,17.9517,18.0484,17.9517,18.0194,14400.0
1999-06-15,18.0291,18.1162,18.0291,18.0775,4400.0
1999-06-16,18.2322,18.3966,18.2322,18.3289,183200.0
1999-06-17,18.2419,18.4837,18.2419,18.474,11000.0
1999-06-18,18.5363,18.6138,18.4782,18.6138,1000.0
1999-06-21,18.5944,18.5944,18.3232,18.362,4400.0
1999-06-22,18.4007,18.4492,18.2748,18.2748,33000.0
1999-06-23,18.2845,18.3329,18.1005,18.3329,29500.0
1999-06-24,18.2942,18.2942,17.9649,18.1392,34000.0
1999-06-25,18.1296,18.1586,18.0133,18.0327,2800.0
1999-06-28,18.1392,18.1683,18.0618,18.0618,3600.0
1999-06-29,18.0618,18.1586,18.0618,18.1586,4400.0
1999-06-30,18.2555,18.4976,18.0811,18.4782,24700.0
1999-07-01,18.3329,18.4879,18.3329,18.4879,15200.0
1999-07-02,18.4976,18.6041,18.4976,18.5751,11400.0
1999-07-06,18.4588,18.6913,18.4588,18.5944,42200.0
1999-07-07,18.5751,18.5944,18.3136,18.4588,12000.0
1999-07-08,18.4104,18.546,18.3814,18.5266,3300.0
1999-07-09,18.5363,18.5847,18.5073,18.546,80800.0
1999-07-12,18.5654,18.5654,18.3523,18.3814,3400.0
1999-07-13,18.2748,18.3329,18.2264,18.3136,32500.0
1999-07-14,18.4588,18.4588,18.2942,18.4104,82700.0
1999-07-15,18.5363,18.5363,18.4685,18.5363,14200.0
1999-07-16,18.5363,18.6332,18.5266,18.5654,3800.0
1999-07-19,18.7106,18.7106,18.5847,18.5847,1100.0
1999-07-20,18.546,18.6525,18.5169,18.5654,73500.0
1999-07-21,18.5073,18.6428,18.5073,18.546,1900.0
1999-07-22,18.9818,18.9818,18.4782,18.4782,9600.0
1999-07-23,18.4588,18.5654,18.362,18.3814,67100.0
1999-07-26,18.3039,18.4782,18.2361,18.2458,33100.0
1999-07-27,18.3814,18.4879,18.3233,18.4879,3000.0
1999-07-28,18.4201,18.4201,18.3814,18.3814,1100.0
1999-07-29,18.207,18.207,17.9843,18.0133,16800.0
1999-07-30,18.0134,18.0134,17.8003,17.8003,3900.0
1999-08-02,17.9165,17.994,17.8487,17.8487,43800.0
1999-08-03,17.9456,17.9456,17.7422,17.8584,2000.0
1999-08-04,17.9068,17.9165,17.7228,17.7228,9500.0
1999-08-05,17.6453,17.8293,17.5872,17.8197,14400.0
1999-08-06,17.6647,17.6647,17.5388,17.655,1500.0
1999-08-09,17.655,17.7131,17.5872,17.5969,103400.0
1999-08-10,17.6453,17.6453,17.4032,17.4323,3600.0
1999-08-11,17.5097,17.7422,17.4516,17.7422,5400.0
1999-08-12,17.8197,17.8197,17.6647,17.6744,4400.0
1999-08-13,17.8003,18.0037,17.8003,17.9843,3600.0
1999-08-16,18.023,18.1005,17.994,18.0521,38800.0
1999-08-17,18.207,18.3039,18.1296,18.3039,2700.0
1999-08-18,18.1296,18.178,18.1005,18.1296,5300.0
1999-08-19,17.8971,17.9262,17.7809,17.8971,4200.0
1999-08-20,18.023,18.1489,18.023,18.0811,2800.0
1999-08-23,18.2845,18.4976,18.2845,18.4685,14900.0
1999-08-24,18.5363,18.5944,18.4588,18.4782,32700.0
1999-08-25,18.4782,18.7397,18.4782,18.6816,33800.0
1999-08-26,18.701,18.701,18.5847,18.5847,15800.0
1999-08-27,18.5169,18.5169,18.3523,18.3717,6300.0
1999-08-30,18.2942,18.2942,17.9068,17.9068,7200.0
1999-08-31,17.9068,17.9843,17.8584,17.9456,2800.0
1999-09-01,18.0037,18.0521,17.8874,17.994,6800.0
1999-09-02,17.839,17.8778,17.7712,17.839,10700.0
1999-09-03,18.207,18.2748,18.1974,18.2748,11000.0
1999-09-07,18.2748,18.4782,18.2748,18.4782,24400.0
1999-09-08,18.4201,18.5944,18.4201,18.5363,2900.0
1999-09-09,18.5944,18.6235,18.4007,18.4007,12800.0
1999-09-10,18.4007,18.4782,18.3523,18.3523,3400.0
1999-09-13,18.1974,18.2458,18.1392,18.2167,7500.0
1999-09-14,18.0037,18.1393,18.0037,18.0521,1700.0
1999-09-15,18.2264,18.2264,18.0521,18.0811,21200.0
1999-09-16,17.9262,17.9746,17.8293,17.9165,13100.0
1999-09-17,18.0082,18.212,18.0082,18.212,7400.0
1999-09-20,18.2023,18.2508,18.1053,18.2314,9600.0
1999-09-21,18.018,18.115,17.9015,17.9985,14600.0
1999-09-22,17.9694,18.0374,17.9015,17.9403,15600.0
1999-09-23,17.95,17.95,17.7463,17.7948,9600.0
1999-09-24,17.5231,17.5522,17.3291,17.4164,119800.0
1999-09-27,17.4649,17.6396,17.4649,17.6396,24300.0
1999-09-28,17.5037,17.5231,17.2126,17.4261,111500.0
1999-09-29,17.3873,17.6687,17.3873,17.5231,44000.0
1999-09-30,17.5328,17.853,17.5328,17.853,142800.0
1999-10-01,17.7172,17.7172,17.6007,17.6104,2000.0
1999-10-04,17.7269,17.9306,17.7269,17.9209,7300.0
1999-10-05,17.8433,17.9985,17.7366,17.7366,39200.0
1999-10-06,17.9015,18.0568,17.8918,17.9888,12100.0
1999-10-07,18.0471,18.1344,17.9985,18.0082,4300.0
1999-10-08,18.0568,18.3284,18.0568,18.2508,102600.0
1999-10-11,18.1635,18.309,18.1635,18.2799,4300.0
1999-10-12,18.0762,18.0956,17.8239,17.9015,6100.0
1999-10-13,17.7754,17.8239,17.3873,17.397,25600.0
1999-10-14,17.3097,17.3679,17.0477,17.2223,4500.0
1999-10-15,16.8924,17.1544,16.8536,16.9798,27600.0
1999-10-18,16.8536,16.9701,16.6499,16.6499,261100.0
1999-10-19,16.8924,16.9992,16.6402,16.6596,202900.0
1999-10-20,16.8051,16.8633,16.7857,16.8051,3500.0
1999-10-21,16.7469,16.7469,16.4461,16.6208,209500.0
1999-10-22,16.8536,17.1738,16.8245,17.0671,14900.0
1999-10-25,17.0089,17.0574,16.8439,17.038,10800.0
1999-10-26,17.0089,17.1447,16.9215,16.9312,5800.0
1999-10-27,16.9215,16.9895,16.8051,16.9895,42900.0
1999-10-28,17.2417,17.3873,17.1932,17.3776,8100.0
1999-10-29,17.494,17.6104,17.4552,17.4649,20500.0
1999-11-01,17.397,17.397,17.0186,17.0186,3100.0
1999-11-02,17.1932,17.4067,17.1738,17.232,25700.0
1999-11-03,17.232,17.232,17.1156,17.1156,8400.0
1999-11-04,17.232,17.3291,16.9895,17.0671,17800.0
1999-11-05,17.1544,17.3,17.1156,17.1544,88600.0
1999-11-08,17.0671,17.1835,17.0671,17.1835,4000.0
1999-11-09,17.1835,17.1932,17.1156,17.1932,4500.0
1999-11-10,17.0477,17.1641,17.0477,17.1253,5900.0
1999-11-11,17.1544,17.2708,17.135,17.1932,23800.0
1999-11-12,17.3291,17.3291,17.135,17.3097,41400.0
1999-11-15,17.3873,17.5425,17.3873,17.4067,14300.0
1999-11-16,17.5522,17.8142,17.5522,17.8142,9900.0
1999-11-17,17.9209,17.9694,17.8433,17.9306,8500.0
1999-11-18,17.9209,18.0471,17.8918,17.9888,38300.0
1999-11-19,17.8918,17.9209,17.756,17.7754,5000.0
1999-11-22,17.5134,17.6978,17.5134,17.6978,24600.0
1999-11-23,17.591,17.591,17.4649,17.5231,27700.0
1999-11-24,17.4455,17.5619,17.4455,17.5328,3900.0
1999-11-26,17.4261,17.5134,17.4261,17.4455,14800.0
1999-11-29,17.1447,17.2514,17.0962,17.1544,231100.0
1999-11-30,17.135,17.232,17.0671,17.0768,14100.0
1999-12-01,17.1156,17.3485,17.1156,17.2126,41800.0
1999-12-02,17.3291,17.4067,17.1738,17.1738,219000.0
1999-12-03,17.4164,17.6007,17.4164,17.4552,24100.0
1999-12-06,17.4067,17.4164,17.2903,17.4067,17300.0
1999-12-07,17.397,17.4067,17.0768,17.0768,8000.0
1999-12-08,17.1738,17.4358,17.1738,17.3776,210500.0
1999-12-09,17.038,17.1544,16.8536,16.9118,12700.0
1999-12-10,17.1738,17.232,17.0768,17.2223,37100.0
1999-12-13,17.2126,17.397,17.2126,17.3194,22600.0
1999-12-14,17.3776,17.4552,17.3097,17.3194,9400.0
1999-12-15,17.3582,17.3582,17.135,17.1544,18800.0
1999-12-16,17.1738,17.3291,17.1738,17.3097,17100.0
1999-12-17,17.5731,17.7874,17.4562,17.7874,788400.0
1999-12-20,17.651,17.651,17.2224,17.2516,459700.0
1999-12-21,17.1347,17.5243,17.1347,17.4951,519300.0
1999-12-22,17.4659,17.5146,17.3588,17.4172,511700.0
1999-12-23,17.612,17.7387,17.5828,17.651,152100.0
1999-12-27,18.0017,18.0017,17.7192,17.8263,1067100.0
1999-12-28,17.8848,18.1965,17.8848,18.0114,34900.0
1999-12-29,18.0893,18.1673,18.0504,18.1478,9000.0
1999-12-30,18.2355,18.2939,18.1867,18.1867,10200.0
1999-12-31,18.2549,18.4595,18.2354,18.4595,4700.0
2000-01-03,18.3816,18.3816,17.8848,17.9822,82800.0
2000-01-04,17.7484,17.8361,17.4172,17.4854,146900.0
2000-01-05,17.4562,17.5341,17.2808,17.4075,129200.0
2000-01-06,17.4075,17.6899,17.3393,17.6412,54000.0
2000-01-07,17.8458,18.3134,17.8458,18.3134,32900.0
2000-01-10,18.4108,18.4692,18.2549,18.3134,122500.0
2000-01-11,18.3718,18.3718,18.0796,18.0796,109800.0
2000-01-12,18.0309,18.0309,17.8653,17.8653,39900.0
2000-01-13,18.1186,18.2452,17.9822,18.2062,189700.0
2000-01-14,18.2549,18.2647,18.0114,18.0796,5700.0
2000-01-18,17.9432,18.138,17.9335,18.0601,83600.0
2000-01-19,18.0796,18.0991,18.0017,18.0017,62800.0
2000-01-20,18.0796,18.0796,17.6899,17.8848,49600.0
2000-01-21,17.8653,17.9335,17.6607,17.6607,45700.0
2000-01-24,17.7776,17.7971,17.1445,17.1542,51600.0
2000-01-25,16.9301,17.0763,16.7158,17.0568,89700.0
2000-01-26,16.9983,17.3003,16.3749,17.1932,93400.0
2000-01-27,17.2321,17.6315,17.2321,17.2906,156000.0
2000-01-28,17.2224,17.2906,16.8327,16.8327,17600.0
2000-01-31,16.7451,17.0178,16.7451,16.9496,45700.0
2000-02-01,16.9301,16.9301,16.7743,16.8327,5500.0
2000-02-02,16.9789,16.9789,16.7548,16.8425,3500.0
2000-02-03,16.9107,16.9301,16.6769,16.8327,107900.0
2000-02-04,17.0178,17.0178,16.8717,16.9009,31400.0
2000-02-07,16.7938,16.7938,16.521,16.6087,43800.0
2000-02-08,16.8912,16.8912,16.6476,16.6769,119600.0
2000-02-09,16.6671,16.6671,16.4431,16.5015,58400.0
2000-02-10,16.4041,16.4431,16.2093,16.219,65200.0
2000-02-11,16.2483,16.2483,15.7904,15.8781,50400.0
2000-02-14,15.8976,16.1508,15.8684,16.1314,4900.0
2000-02-15,16.1606,16.5697,16.0924,16.4139,21200.0
2000-02-16,16.4723,16.4918,16.3067,16.3749,77400.0
2000-02-17,16.4431,16.482,16.297,16.4431,16400.0
2000-02-18,16.5113,16.521,16.0242,16.0827,115300.0
2000-02-22,16.3651,16.3651,16.0827,16.3457,46900.0
2000-02-23,16.4528,16.4528,16.219,16.219,63100.0
2000-02-24,16.2093,16.2093,15.8489,16.0729,19500.0
2000-02-25,16.034,16.1021,15.7709,15.7904,26700.0
2000-02-28,15.8489,16.0924,15.5859,15.8391,463900.0
2000-02-29,15.9755,16.0534,15.9463,16.0145,9100.0
2000-03-01,16.0242,16.1509,15.8976,15.9268,2408000.0
2000-03-02,16.0729,16.0924,15.8391,15.9852,421400.0
2000-03-03,16.2288,16.5892,16.219,16.4236,41200.0
2000-03-06,16.3652,16.5113,16.219,16.3554,292100.0
2000-03-07,16.4918,16.4918,15.7028,15.7028,50300.0
2000-03-08,15.6735,15.8683,15.5859,15.8683,350700.0
2000-03-09,15.8976,16.1216,15.7028,16.034,30400.0
2000-03-10,16.1703,16.3651,16.0437,16.0729,114200.0
2000-03-13,15.693,16.0242,15.693,15.8294,86600.0
2000-03-14,16.0534,16.0534,15.693,15.7417,38600.0
2000-03-15,15.5469,16.4236,15.5274,16.3749,121300.0
2000-03-16,16.4041,17.2906,16.4041,17.2613,281000.0
2000-03-17,17.3653,17.5703,17.1115,17.2384,34400.0
2000-03-20,17.4043,17.4434,17.1798,17.336,129700.0
2000-03-21,17.1408,17.7069,17.1408,17.7069,11100.0
2000-03-22,17.4922,17.7069,17.4727,17.6288,69100.0
2000-03-23,17.7362,18.1364,17.6386,18.0388,19200.0
2000-03-24,18.1071,18.3512,18.1071,18.1462,6200.0
2000-03-27,18.1657,18.1657,17.9119,17.9217,10300.0
2000-03-28,17.9802,18.1169,17.8729,17.8729,8900.0
2000-03-29,17.9802,18.1559,17.8436,18.0974,5200.0
2000-03-30,18.1169,18.4,18.0974,18.2145,9300.0
2000-03-31,18.3024,18.439,18.1852,18.2438,23400.0
2000-04-03,18.3121,18.3707,18.1657,18.3219,39400.0
2000-04-04,18.3512,18.6635,17.4141,18.1169,220700.0
2000-04-05,18.2145,18.2828,17.9607,18.0486,7600.0
2000-04-06,18.2438,18.3902,18.1755,18.2047,23000.0
2000-04-07,18.3609,18.5464,18.3024,18.4781,136600.0
2000-04-10,18.5073,18.5854,18.3804,18.5073,21100.0
2000-04-11,18.4585,18.7904,18.4293,18.7319,313700.0
2000-04-12,18.5464,18.8197,18.3219,18.4,157700.0
2000-04-13,18.2438,18.5073,18.2438,18.4488,590800.0
2000-04-14,17.6288,17.785,17.2384,17.2384,19600.0
2000-04-17,17.4434,17.6581,17.2969,17.6581,20200.0
2000-04-18,17.6484,17.8143,17.6093,17.7264,10700.0
2000-04-19,17.7753,17.9217,17.6484,17.7948,13700.0
2000-04-20,17.9021,17.9412,17.8045,17.9412,2900.0
2000-04-24,17.8045,18.1852,17.8045,17.9607,8900.0
2000-04-25,18.3316,18.9466,18.3121,18.8978,13100.0
2000-04-26,18.9856,19.0149,18.4976,18.6147,515300.0
2000-04-27,18.3414,18.6342,18.3414,18.6342,6500.0
2000-04-28,18.644,18.6538,18.4292,18.5073,9600.0
2000-05-01,18.5757,18.9368,18.4976,18.9368,2000.0
2000-05-02,18.7221,18.8783,18.5659,18.7416,187400.0
2000-05-03,18.4878,18.5464,18.0193,18.1169,52900.0
2000-05-04,18.029,18.2926,18.0095,18.1462,29200.0
2000-05-05,18.2926,18.605,18.2243,18.4683,7200.0
2000-05-08,18.5562,18.5562,18.4293,18.4585,4000.0
2000-05-09,18.4585,18.4585,18.2243,18.3121,10400.0
2000-05-10,18.1559,18.1852,17.9607,18.1267,2100.0
2000-05-11,18.4,18.5757,18.4,18.5757,2200.0
2000-05-12,18.6635,18.8002,18.6635,18.8002,4100.0
2000-05-15,18.7416,19.1125,18.7416,19.1125,9700.0
2000-05-16,19.1321,19.4054,19.1321,19.2882,10500.0
2000-05-17,19.1906,19.1906,19.0149,19.1613,4900.0
2000-05-18,19.2297,19.2297,19.0735,19.0735,500.0
2000-05-19,18.7416,18.7416,18.5464,18.5464,3900.0
2000-05-22,18.1169,18.2438,18.1169,18.2243,5500.0
2000-05-23,18.2243,18.2243,18.0583,18.1462,800.0
2000-05-24,18.1169,18.4097,18.1169,18.4097,3800.0
2000-05-25,18.5854,18.5854,18.0779,18.0779,51700.0
2000-05-26,18.2633,18.2633,17.9119,17.9802,8900.0
2000-05-30,18.1559,18.4,18.0583,18.3024,157200.0
2000-05-31,18.4195,18.683,18.4,18.4293,2000.0
2000-06-01,18.4585,18.644,18.4585,18.5757,1500.0
2000-06-02,18.7904,18.7904,18.5464,18.7123,86800.0
2000-06-05,18.8588,18.8588,18.6635,18.6831,4500.0
2000-06-06,18.5269,18.6635,18.5269,18.5464,204700.0
2000-06-07,18.5854,18.7221,18.4293,18.4585,20000.0
2000-06-08,18.3902,18.3902,18.1169,18.1657,13000.0
2000-06-09,18.3121,18.3707,18.0974,18.234,14900.0
2000-06-12,18.2731,18.3024,18.1462,18.2535,63900.0
2000-06-13,18.1755,18.3902,18.0876,18.3316,13700.0
2000-06-14,18.4097,18.5171,18.234,18.2926,57400.0
2000-06-15,18.4585,18.5073,18.4,18.4683,44500.0
2000-06-16,18.3695,18.3695,18.1446,18.1446,110400.0
2000-06-19,18.1152,18.1152,17.7533,17.9587,219100.0
2000-06-20,17.6359,17.7631,17.4012,17.4012,8100.0
2000-06-21,17.3425,17.4794,17.3425,17.4697,11700.0
2000-06-22,17.3229,17.3229,17.0882,17.0882,76800.0
2000-06-23,17.3229,17.3621,17.274,17.274,2400.0
2000-06-26,17.5283,17.6946,17.5088,17.6848,18100.0
2000-06-27,17.724,17.812,17.6946,17.7631,3800.0
2000-06-28,17.6262,17.9881,17.5283,17.9881,203200.0
2000-06-29,17.8414,17.8414,17.3914,17.6751,22200.0
2000-06-30,17.6751,17.7044,17.587,17.7044,7300.0
2000-07-03,17.7827,17.9392,17.7827,17.9392,4700.0
2000-07-05,17.9783,18.1544,17.7827,17.7827,9000.0
2000-07-06,17.8805,17.8805,17.6457,17.7338,16800.0
2000-07-07,17.7827,17.9098,17.7827,17.8218,212800.0
2000-07-10,17.6751,17.9978,17.6262,17.8413,115800.0
2000-07-11,17.8413,18.2619,17.8218,18.1837,8100.0
2000-07-12,18.35,18.35,18.2228,18.2522,5700.0
2000-07-13,18.3011,18.4282,18.2522,18.3989,4400.0
2000-07-14,18.526,18.5847,18.4282,18.5847,1300.0
2000-07-17,18.6532,18.8293,18.6532,18.6923,13500.0
2000-07-18,18.7804,18.7902,18.6239,18.7412,17900.0
2000-07-19,18.6923,18.7119,18.4184,18.5847,10400.0
2000-07-20,18.8293,18.8782,18.7217,18.8097,5200.0
2000-07-21,18.8488,18.8488,18.6434,18.7804,2400.0
2000-07-24,18.7412,18.7999,18.5652,18.6434,16000.0
2000-07-25,18.7412,18.7412,18.5847,18.6825,1800.0
2000-07-26,18.5358,18.5358,18.4087,18.4478,3700.0
2000-07-27,18.663,18.663,18.3206,18.3206,900.0
2000-07-28,18.1544,18.1544,17.7044,17.7044,39100.0
2000-07-31,17.8805,18.1544,17.8805,17.9783,38500.0
2000-08-01,18.0468,18.1544,18.0468,18.1152,97300.0
2000-08-02,17.9978,18.1544,17.9978,18.037,2700.0
2000-08-03,18.037,18.1544,17.9685,18.0663,3200.0
2000-08-04,18.1544,18.3109,18.1544,18.2913,39500.0
2000-08-07,18.2815,18.8293,18.2815,18.8293,5600.0
2000-08-08,18.7804,19.0347,18.7608,18.9956,5100.0
2000-08-09,19.2499,19.2499,19.0053,19.1618,22500.0
2000-08-10,19.0738,19.289,19.0738,19.1129,25700.0
2000-08-11,19.2107,19.4455,19.1521,19.3281,23900.0
2000-08-14,19.4064,19.5433,19.2499,19.5238,60500.0
2000-08-15,19.4064,19.4064,19.1716,19.2792,4400.0
2000-08-16,19.2499,19.3086,19.1521,19.1912,22100.0
2000-08-17,19.289,19.3477,19.289,19.289,25500.0
2000-08-18,19.3281,19.3868,19.2303,19.2303,31500.0
2000-08-21,19.3086,19.5042,19.3086,19.5042,5000.0
2000-08-22,19.4455,19.602,19.4455,19.4651,1300.0
2000-08-23,19.4651,19.5433,19.3673,19.3673,35400.0
2000-08-24,19.377,19.6998,19.3673,19.5727,33700.0
2000-08-25,19.7389,19.7585,19.6216,19.6607,202400.0
2000-08-28,19.8563,19.9933,19.7585,19.9248,113000.0
2000-08-29,19.9052,19.9052,19.7585,19.7976,5500.0
2000-08-30,19.7389,19.8368,19.5042,19.6118,5400.0
2000-08-31,19.602,19.8759,19.602,19.7585,31700.0
2000-09-01,19.8759,19.9346,19.7585,19.9346,2700.0
2000-09-05,19.8563,20.052,19.8563,19.9346,151500.0
2000-09-06,19.8955,20.1498,19.8955,20.0324,31000.0
2000-09-07,19.9541,19.9737,19.8759,19.915,45200.0
2000-09-08,19.8563,19.8563,19.5629,19.6803,328700.0
2000-09-11,19.8172,19.9346,19.5629,19.5824,169900.0
2000-09-12,19.5629,19.602,19.4944,19.5238,200200.0
2000-09-13,19.602,19.6607,19.5042,19.5824,30200.0
2000-09-14,19.6216,19.6216,19.5238,19.5629,13000.0
2000-09-15,19.2828,19.3416,19.067,19.067,14900.0
2000-09-18,19.0277,19.2239,18.8512,18.8512,22400.0
2000-09-19,18.8708,18.8708,18.5766,18.6354,11800.0
2000-09-20,18.7335,18.7335,18.4196,18.7335,20200.0
2000-09-21,18.6747,18.7924,18.5962,18.7924,16200.0
2000-09-22,18.5962,18.655,18.4785,18.655,5800.0
2000-09-25,18.9885,19.2043,18.9885,19.2043,38300.0
2000-09-26,19.0081,19.2239,18.9689,19.2239,4100.0
2000-09-27,19.0866,19.2239,19.0277,19.067,10000.0
2000-09-28,19.1062,19.3612,18.9689,19.322,51900.0
2000-09-29,19.2043,19.3416,19.0964,19.1847,4800.0
2000-10-02,19.0081,19.1356,18.9101,18.9885,10800.0
2000-10-03,19.1062,19.4985,19.067,19.3612,16000.0
2000-10-04,19.3612,19.4985,19.3612,19.4985,16600.0
2000-10-05,19.5574,19.5574,19.4201,19.5182,2500.0
2000-10-06,19.4593,19.4985,18.9885,18.9885,2400.0
2000-10-09,18.9493,19.1062,18.91,19.1062,1300.0
2000-10-10,19.0277,19.0474,18.8512,18.8512,3200.0
2000-10-11,18.557,18.7335,18.4981,18.5177,20400.0
2000-10-12,18.5962,18.5962,17.9489,18.096,17000.0
2000-10-13,18.1548,18.655,18.145,18.655,5900.0
2000-10-16,18.7727,18.9885,18.7335,18.9101,3600.0
2000-10-17,18.9101,18.9297,18.4,18.4,11000.0
2000-10-18,17.9587,18.4393,17.9587,18.0665,29200.0
2000-10-19,18.2039,18.3804,18.2039,18.3804,5700.0
2000-10-20,18.4393,18.4785,18.3608,18.4785,700.0
2000-10-23,18.7139,18.8708,18.6747,18.6943,7600.0
2000-10-24,18.8708,19.1062,18.8708,18.9885,33600.0
2000-10-25,18.655,18.8316,18.6354,18.6354,1200.0
2000-10-26,18.5766,18.7335,18.2039,18.7335,72200.0
2000-10-27,18.7237,18.7531,18.5177,18.7237,502700.0
2000-10-30,18.8316,18.9591,18.8316,18.9297,1000.0
2000-10-31,19.2828,19.6162,19.2828,19.6162,5400.0
2000-11-01,19.7339,19.7535,19.4985,19.6358,2900.0
2000-11-02,19.6359,19.7143,19.5868,19.5966,3300.0
2000-11-03,19.577,19.577,19.4397,19.4397,400.0
2000-11-06,19.5181,19.7535,19.5181,19.6162,30900.0
2000-11-07,19.5966,19.6947,19.5378,19.6947,15700.0
2000-11-08,19.7339,19.7928,19.5182,19.5672,6000.0
2000-11-09,19.577,19.6947,19.4789,19.6947,3400.0
2000-11-10,19.4005,19.5378,19.2435,19.2435,24200.0
2000-11-13,18.8316,18.9885,18.5864,18.8904,10800.0
2000-11-14,18.9493,19.2631,18.9493,19.2631,1400.0
2000-11-15,19.2631,19.4201,19.2631,19.3024,7700.0
2000-11-16,19.4789,19.4789,19.3122,19.4005,800.0
2000-11-17,19.322,19.6359,19.3024,19.322,5900.0
2000-11-20,19.322,19.322,19.0278,19.0474,2000.0
2000-11-21,19.0277,19.2828,19.0277,19.2828,2900.0
2000-11-22,19.0474,19.0474,18.8512,18.9689,1200.0
2000-11-24,18.9689,19.3024,18.9689,19.2828,3900.0
2000-11-27,19.4985,19.4985,19.2043,19.322,4800.0
2000-11-28,19.2043,19.2043,18.9885,19.0768,3300.0
2000-11-29,19.1651,19.322,19.1454,19.2337,53000.0
2000-11-30,18.8904,18.9493,18.7335,18.9493,8300.0
2000-12-01,19.1258,19.3024,19.116,19.116,1002700.0
2000-12-04,19.3612,19.6555,19.3416,19.6358,17200.0
2000-12-05,19.8909,20.3518,19.8909,20.3518,71700.0
2000-12-06,20.2538,20.2538,19.9497,19.9497,9300.0
2000-12-07,19.9497,19.9595,19.832,19.8909,2100.0
2000-12-08,20.0674,20.342,20.0674,20.2341,5500.0
2000-12-11,20.2636,20.499,20.2636,20.4597,8600.0
2000-12-12,20.2047,20.3813,20.0674,20.1557,6100.0
2000-12-13,20.1459,20.1459,19.7928,19.8026,5700.0
2000-12-14,19.6162,19.8026,19.3808,19.3808,15100.0
2000-12-15,19.0479,19.2055,18.8706,19.0676,12700.0
2000-12-18,19.3433,19.4517,19.2448,19.4221,8700.0
2000-12-19,19.4221,19.4812,19.0873,19.0873,23200.0
2000-12-20,18.6145,18.6933,18.3584,18.4569,18900.0
2000-12-21,18.4175,18.5948,18.2993,18.5653,20800.0
2000-12-22,18.6736,19.0479,18.6736,19.0085,3400.0
2000-12-26,19.107,19.2252,18.91,19.2252,15500.0
2000-12-27,19.1464,19.5403,19.1168,19.5403,16200.0
2000-12-28,19.5797,19.8259,19.5403,19.8259,23000.0
2000-12-29,19.8358,20.0328,19.6979,19.6979,15900.0
2001-01-02,19.6782,19.6782,18.7228,18.8213,150900.0
2001-01-03,18.3978,19.7767,18.3978,19.6388,212300.0
2001-01-04,19.7767,19.9343,19.7471,19.7964,7200.0
2001-01-05,19.107,19.56,19.0873,19.2252,37600.0
2001-01-08,19.0577,19.0676,18.8312,19.0676,6000.0
2001-01-09,19.1562,19.2055,18.91,19.1267,293600.0
2001-01-10,18.7918,19.3039,18.7721,19.3039,123400.0
2001-01-11,19.2645,19.6388,19.2645,19.5403,9700.0
2001-01-12,19.5403,19.6191,19.2449,19.4812,33300.0
2001-01-16,19.5206,19.7373,19.363,19.6684,7200.0
2001-01-17,19.8949,19.8949,19.6388,19.6388,32800.0
2001-01-18,19.5009,19.8161,19.363,19.7668,6800.0
2001-01-19,19.9737,19.9737,19.4123,19.56,12300.0
2001-01-22,19.4418,19.5403,19.2842,19.5206,37500.0
2001-01-23,19.5797,19.7964,19.5009,19.7767,106400.0
2001-01-24,19.6782,19.7964,19.6388,19.6684,16600.0
2001-01-25,19.6388,19.6979,19.56,19.6585,3300.0
2001-01-26,19.4024,19.5403,19.2744,19.3335,78000.0
2001-01-29,19.4836,19.4836,19.326,19.4142,17700.0
2001-01-30,19.3638,19.7357,19.1936,19.7294,14800.0
2001-01-31,19.7357,19.9059,19.6601,19.7735,56000.0
2001-02-01,19.7294,19.7546,19.4332,19.5151,17300.0
2001-02-02,19.6853,19.6853,19.3197,19.4521,20100.0
2001-02-05,19.4836,19.6412,19.3827,19.5466,13700.0
2001-02-06,19.6034,19.7168,19.5781,19.6412,13600.0
2001-02-07,19.5781,19.5781,19.3323,19.471,23100.0
2001-02-08,19.4647,19.6475,19.4458,19.4458,3600.0
2001-02-09,19.3197,19.3323,18.973,18.9856,7100.0
2001-02-12,19.0487,19.2756,19.0487,19.2062,167100.0
2001-02-13,19.3638,19.6097,19.3638,19.408,298100.0
2001-02-14,19.326,19.326,19.0613,19.2062,14500.0
2001-02-15,19.3008,19.616,19.2756,19.534,7000.0
2001-02-16,19.2567,19.2819,18.9226,18.9604,36900.0
2001-02-20,19.0991,19.2188,18.9919,19.0297,9500.0
2001-02-21,19.0297,19.1747,18.7965,18.7965,9900.0
2001-02-22,18.7209,18.7713,18.5633,18.62,46100.0
2001-02-23,18.6137,18.6452,18.2103,18.5948,41600.0
2001-02-26,18.6579,19.0676,18.5822,18.9667,11800.0
2001-02-27,18.973,19.0676,18.7839,18.9226,11700.0
2001-02-28,18.8911,18.9226,18.4562,18.5885,23000.0
2001-03-01,18.4561,18.5507,18.2797,18.4561,11500.0
2001-03-02,18.5066,18.8154,18.4687,18.5633,206400.0
2001-03-05,18.6578,18.8217,18.6578,18.7965,2000.0
2001-03-06,19.0676,19.2882,18.9856,19.0676,8600.0
2001-03-07,19.1054,19.2945,19.1054,19.2945,5400.0
2001-03-08,19.3575,19.4458,19.2693,19.4142,53000.0
2001-03-09,19.1621,19.2188,18.8596,19.0045,24300.0
2001-03-12,18.6263,18.6263,17.9645,17.9645,165200.0
2001-03-13,17.9582,18.0401,17.8069,17.9897,7700.0
2001-03-14,17.5863,17.8384,17.4665,17.6115,63000.0
2001-03-15,17.7124,17.7124,17.4602,17.5296,10300.0
2001-03-16,17.5163,17.5163,17.0738,17.0738,7700.0
2001-03-19,17.0864,17.4151,16.9979,17.4151,32200.0
2001-03-20,17.4151,17.5605,17.0611,17.0611,4900.0
2001-03-21,16.9094,16.9726,16.5238,16.6187,59500.0
2001-03-22,16.5238,16.5238,15.4871,16.1698,18700.0
2001-03-23,16.1509,16.5428,16.1509,16.4922,13000.0
2001-03-26,16.7514,16.9916,16.7388,16.7893,4500.0
2001-03-27,16.8525,17.1496,16.8336,17.0611,21500.0
2001-03-28,16.8146,16.8146,16.5618,16.7514,4400.0
2001-03-29,16.7072,16.8083,16.4353,16.7514,24900.0
2001-03-30,16.7198,16.8083,16.6503,16.8083,15600.0
2001-04-02,16.8083,17.0106,16.5365,16.6882,50600.0
2001-04-03,16.4353,16.5491,15.9929,15.9929,27300.0
2001-04-04,16.1825,16.4227,15.9549,16.0687,4000.0
2001-04-05,16.4353,17.0232,16.4353,17.0043,7300.0
2001-04-06,16.7514,16.764,16.4796,16.6629,19200.0
2001-04-09,16.9663,17.0738,16.7704,16.96,3200.0
2001-04-10,17.0675,17.5858,17.0675,17.4594,47800.0
2001-04-11,17.7944,17.7944,17.1623,17.2634,41800.0
2001-04-12,17.1307,17.6806,17.1307,17.6048,22500.0
2001-04-16,17.5289,17.6427,17.472,17.5732,3700.0
2001-04-17,17.491,17.7944,17.491,17.7944,10200.0
2001-04-18,17.8892,18.8122,17.8892,18.5593,15900.0
2001-04-19,18.6478,18.6794,18.4392,18.6225,7000.0
2001-04-20,18.7047,18.7047,18.3886,18.5719,9900.0
2001-04-23,18.5719,18.5719,18.1737,18.2875,16600.0
2001-04-24,18.3697,18.4898,18.1042,18.1042,30900.0
2001-04-25,18.0789,18.5277,18.0789,18.5277,5100.0
2001-04-26,18.6162,18.7869,18.5972,18.7869,10100.0
2001-04-27,18.8374,18.9575,18.7552,18.9259,17600.0
2001-04-30,19.0713,19.1156,18.73,18.73,12100.0
2001-05-01,18.6225,18.9006,18.6035,18.9006,14300.0
2001-05-02,18.6984,18.9322,18.6794,18.907,13500.0
2001-05-03,18.6478,18.6731,18.534,18.6288,9700.0
2001-05-04,18.6794,18.9133,18.5783,18.9133,72900.0
2001-05-07,18.9006,19.0271,18.8943,18.9828,13100.0
2001-05-08,19.1535,19.1535,18.8248,19.0144,30000.0
2001-05-09,18.7742,19.0966,18.7742,18.907,13700.0
2001-05-10,19.1345,19.242,19.1029,19.1156,4200.0
2001-05-11,19.3431,19.3431,18.9133,19.0208,10200.0
2001-05-14,19.1092,19.1156,18.9323,19.1092,5200.0
2001-05-15,18.9639,19.2546,18.9639,19.1851,11000.0
2001-05-16,19.3115,19.8804,19.1535,19.8046,22500.0
2001-05-17,19.9373,20.2218,19.8868,20.1333,36000.0
2001-05-18,20.1333,20.1965,19.9626,20.1965,10800.0
2001-05-21,20.1965,20.3925,20.0385,20.3925,60100.0
2001-05-22,20.4494,20.4494,20.2281,20.3292,28900.0
2001-05-23,20.481,20.481,19.9942,20.0195,47700.0
2001-05-24,20.0385,20.5252,19.8488,19.9942,32100.0
2001-05-25,19.8362,19.8362,19.596,19.6971,27800.0
2001-05-29,19.8488,19.8488,19.577,19.6466,18500.0
2001-05-30,19.5328,19.6023,19.2483,19.2483,28700.0
2001-05-31,19.3747,19.5897,19.3747,19.5138,37300.0
2001-06-01,19.5328,19.5833,19.2104,19.4569,20200.0
2001-06-04,19.5328,19.9057,19.4127,19.5833,23900.0
2001-06-05,19.6592,19.8109,19.558,19.7919,41000.0
2001-06-06,19.6402,19.8488,19.5644,19.5644,20500.0
2001-06-07,19.4379,19.7161,19.4379,19.6529,28000.0
2001-06-08,19.6592,19.6592,19.3495,19.4127,57200.0
2001-06-11,19.223,19.4127,19.0713,19.0776,19200.0
2001-06-12,18.9639,19.3178,18.8374,19.2041,16700.0
2001-06-13,19.2673,19.3747,19.1345,19.1345,68500.0
2001-06-14,19.0144,19.0903,18.8754,19.0081,6500.0
2001-06-15,18.9416,19.0049,18.7389,18.9099,8400.0
2001-06-18,18.8466,19.1,18.8466,18.8846,9300.0
2001-06-19,19.1887,19.1887,18.6882,18.6882,110100.0
2001-06-20,18.7705,18.8592,18.6945,18.7705,11300.0
2001-06-21,18.8909,19.0176,18.8402,18.8529,29400.0
2001-06-22,19.0049,19.0049,18.6819,18.6882,12200.0
2001-06-25,18.8339,18.8719,18.4411,18.4411,15900.0
2001-06-26,18.3714,18.6502,18.2511,18.4918,12300.0
2001-06-27,18.5298,18.5425,18.2954,18.4538,3900.0
2001-06-28,18.3398,18.6882,18.3398,18.5171,4400.0
2001-06-29,18.3714,18.5868,18.3081,18.3081,269800.0
2001-07-02,18.3398,18.7072,18.3398,18.5742,39600.0
2001-07-03,18.6755,18.6882,18.5298,18.6882,4300.0
2001-07-05,18.5361,18.6692,18.5298,18.5425,90600.0
2001-07-06,18.5615,18.5615,18.1687,18.2004,43600.0
2001-07-09,18.3081,18.3081,18.1624,18.2574,5000.0
2001-07-10,18.3334,18.3334,17.9787,17.9787,16200.0
2001-07-11,17.9217,17.947,17.6239,17.795,15900.0
2001-07-12,18.061,18.3461,18.061,18.2257,15600.0
2001-07-13,18.3588,18.3968,18.1117,18.3714,22200.0
2001-07-16,18.4981,18.4981,18.0293,18.061,25600.0
2001-07-17,17.947,18.4285,17.947,18.4285,15400.0
2001-07-18,18.4285,18.4855,18.2257,18.4855,8800.0
2001-07-19,18.6882,18.6882,18.4348,18.4348,9600.0
2001-07-20,18.5488,18.5805,18.4981,18.5298,16800.0
2001-07-23,18.3778,18.5298,18.3271,18.3271,2400.0
2001-07-24,18.2637,18.2637,17.7189,17.8393,186800.0
2001-07-25,18.0547,18.0547,17.776,17.9597,21400.0
2001-07-26,17.9407,18.1434,17.8646,18.137,23300.0
2001-07-27,18.137,18.3524,18.099,18.3081,12000.0
2001-07-30,18.3651,18.3651,18.1497,18.2701,16000.0
2001-07-31,18.2131,18.4855,18.2131,18.2701,14800.0
2001-08-01,18.4348,18.5488,18.3714,18.3714,24800.0
2001-08-02,18.3714,18.5108,18.3398,18.3968,11700.0
2001-08-03,18.4855,18.4855,18.2004,18.4855,20400.0
2001-08-06,18.3714,18.3968,18.0864,18.0864,16000.0
2001-08-07,18.2447,18.3461,18.0674,18.2194,10000.0
2001-08-08,18.2321,18.3714,17.985,18.0547,9500.0
2001-08-09,18.004,18.099,17.909,18.061,9400.0
2001-08-10,17.9153,18.3968,17.9153,18.3968,29500.0
2001-08-13,18.4348,18.4348,18.1814,18.2257,16200.0
2001-08-14,18.3714,18.8402,17.3135,18.2384,27300.0
2001-08-15,18.3714,18.3714,18.1814,18.2004,88400.0
2001-08-16,18.0547,18.2384,17.9787,18.1941,20200.0
2001-08-17,18.1117,18.1117,17.871,17.9723,21800.0
2001-08-20,18.1307,18.1307,17.852,17.9597,13800.0
2001-08-21,18.0357,18.1624,17.89,17.9343,26200.0
2001-08-22,17.8646,18.061,17.8456,17.9027,30100.0
2001-08-23,17.9913,18.004,17.89,17.9597,22200.0
2001-08-24,17.9913,18.2891,17.9913,18.2891,9500.0
2001-08-27,18.3081,18.3524,18.1877,18.2827,4500.0
2001-08-28,18.1624,18.1814,17.9343,17.9343,35100.0
2001-08-29,18.0547,18.0547,17.7443,17.814,12900.0
2001-08-30,17.7063,17.8393,17.3832,17.4846,103000.0
2001-08-31,17.4149,17.6619,17.4149,17.6429,6800.0
2001-09-04,17.5606,17.9027,17.4782,17.4782,21900.0
2001-09-05,17.4529,17.6112,17.3578,17.5225,78800.0
2001-09-06,17.4845,17.4845,17.2185,17.2185,13400.0
2001-09-07,17.1044,17.1234,16.756,16.7877,41000.0
2001-09-10,16.7877,16.8384,16.623,16.756,8400.0
2001-09-17,16.566,16.566,15.1596,15.204,155900.0
2001-09-18,15.299,15.3306,14.9189,14.9886,123700.0
2001-09-19,14.9189,15.0456,14.051,14.6148,32000.0
2001-09-20,14.1904,14.2347,13.7596,13.7786,84500.0
2001-09-21,13.3594,13.9319,12.9777,13.7919,19600.0
2001-09-24,14.3454,14.7525,14.2818,14.7144,35300.0
2001-09-25,14.708,14.8734,14.5426,14.8098,69500.0
2001-09-26,14.6953,14.8734,14.4408,14.549,56000.0
2001-09-27,14.5299,14.708,14.3645,14.708,9900.0
2001-09-28,14.8543,15.1024,14.7271,15.0579,35500.0
2001-10-01,15.077,15.077,14.7398,14.9243,7700.0
2001-10-02,15.0197,15.2169,14.9561,15.2169,17100.0
2001-10-03,15.1915,15.6114,15.1215,15.5859,34000.0
2001-10-04,15.5859,15.7704,15.5223,15.605,28300.0
2001-10-05,15.5859,15.5923,15.2678,15.5923,6400.0
2001-10-08,15.5159,15.5223,15.2869,15.4078,33000.0
2001-10-09,15.3951,15.3951,15.236,15.3505,10300.0
2001-10-10,15.3505,15.7322,15.3505,15.6304,20400.0
2001-10-11,15.8404,16.1139,15.8404,16.0948,32200.0
2001-10-12,16.1585,16.1585,15.6686,15.9422,30100.0
2001-10-15,15.9422,16.063,15.7895,16.0503,22900.0
2001-10-16,16.1712,16.1839,15.9103,16.0121,38700.0
2001-10-17,16.0948,16.0948,15.6368,15.6368,199800.0
2001-10-18,15.5605,15.6432,15.4905,15.5732,7900.0
2001-10-19,15.4587,15.4968,15.3887,15.4841,46900.0
2001-10-22,15.5541,15.8213,15.5541,15.8086,12800.0
2001-10-23,15.904,15.9167,15.675,15.7259,16500.0
2001-10-24,15.7131,15.8658,15.7131,15.8022,9500.0
2001-10-25,15.5986,16.0503,15.5986,16.0503,5100.0
2001-10-26,16.0312,16.3811,16.0312,16.3493,10800.0
2001-10-29,16.063,16.1266,15.7449,15.7449,20800.0
2001-10-30,15.5223,15.6241,15.3951,15.4014,8600.0
2001-10-31,15.6177,15.6177,15.2678,15.3251,18900.0
2001-11-01,15.3633,15.6432,15.1406,15.6432,49700.0
2001-11-02,15.6368,15.8849,15.5732,15.8849,9100.0
2001-11-05,16.0439,16.1712,16.0185,16.1203,27300.0
2001-11-06,16.1585,16.3493,15.9994,16.3493,56400.0
2001-11-07,16.2857,16.5211,16.2793,16.3111,33900.0
2001-11-08,16.5083,16.6547,16.4511,16.4829,20500.0
2001-11-09,16.5083,16.5529,16.4129,16.4256,15600.0
2001-11-12,16.4129,16.4129,15.9103,16.2348,25000.0
2001-11-13,16.4765,16.6356,16.4511,16.6356,25500.0
2001-11-14,16.6674,16.801,16.6419,16.7183,61300.0
2001-11-15,16.8455,16.8709,16.6865,16.801,58300.0
2001-11-16,17.0173,17.0173,16.8264,16.9346,16200.0
2001-11-19,17.1445,17.1445,16.9855,17.0872,100600.0
2001-11-20,17.0173,17.0936,16.8582,16.8582,80000.0
2001-11-21,17.0109,17.0109,16.7628,16.89,34800.0
2001-11-23,16.9218,17.1127,16.8837,17.0936,22400.0
2001-11-26,17.1127,17.1827,16.9918,17.1763,43200.0
2001-11-27,17.0491,17.3353,16.9918,17.0618,398600.0
2001-11-28,16.9346,17.0109,16.7882,16.7946,30400.0
2001-11-29,16.9218,16.9218,16.7692,16.89,43100.0
2001-11-30,16.89,16.9664,16.8582,16.8582,48500.0
2001-12-03,16.7755,16.7755,16.572,16.7119,9600.0
2001-12-04,16.7755,16.9346,16.7437,16.9155,10800.0
2001-12-05,17.1127,17.4117,17.1127,17.2781,69500.0
2001-12-06,17.4053,17.558,17.3353,17.488,93100.0
2001-12-07,17.3035,17.4308,17.2208,17.2972,18900.0
2001-12-10,17.2972,17.2972,16.9664,17.03,12000.0
2001-12-11,17.0809,17.2081,16.9537,16.9537,47400.0
2001-12-12,17.0936,17.1127,16.9282,17.0363,16300.0
2001-12-13,16.8964,17.0045,16.8455,16.9155,27900.0
2001-12-14,16.6992,16.9409,16.6992,16.7437,31000.0
2001-12-17,16.9855,17.1063,16.9473,16.9982,16000.0
2001-12-18,17.3353,17.4117,17.2654,17.4053,36400.0
2001-12-19,17.3035,17.5962,17.3035,17.5707,11800.0
2001-12-20,17.5771,17.5834,17.418,17.4689,3893700.0
2001-12-21,17.6089,17.6661,17.4626,17.6661,1077300.0
2001-12-24,17.5898,17.6852,17.5389,17.6852,162900.0
2001-12-26,17.6852,17.8252,17.6025,17.7488,104800.0
2001-12-27,17.7489,17.7997,17.7043,17.7425,40600.0
2001-12-28,17.8125,17.8888,17.7552,17.8443,1280200.0
2001-12-31,17.7488,17.8634,17.6216,17.6216,60600.0
2002-01-02,17.558,17.6216,17.3672,17.6216,2623400.0
2002-01-03,17.6216,17.6216,17.4244,17.6153,51800.0
2002-01-04,17.6852,17.787,17.5898,17.6216,1325400.0
2002-01-07,17.7743,17.8061,17.5007,17.5007,1613300.0
2002-01-08,17.6216,17.6534,17.3608,17.4499,226600.0
2002-01-09,17.558,17.6852,17.3035,17.3544,180800.0
2002-01-10,17.3354,17.3608,17.1699,17.1763,26100.0
2002-01-11,17.1445,17.2526,16.8964,16.8964,34300.0
2002-01-14,17.0173,17.0173,16.7056,16.7056,77600.0
2002-01-15,16.5656,16.7564,16.502,16.7246,82500.0
2002-01-16,16.3938,16.4574,16.1076,16.1585,312000.0
2002-01-17,16.3493,16.3811,16.2221,16.2221,23100.0
2002-01-18,16.1584,16.3429,16.1584,16.3366,11500.0
2002-01-22,16.7628,16.7628,16.3557,16.432,15000.0
2002-01-23,16.2348,16.3557,16.0694,16.3493,27200.0
2002-01-24,16.3493,16.5529,16.3493,16.4956,14300.0
2002-01-25,16.4893,16.7437,16.4893,16.7246,61600.0
2002-01-28,16.7946,16.7946,16.6038,16.7119,15800.0
2002-01-29,16.7946,16.7946,15.9294,16.0757,195700.0
2002-01-30,16.0757,16.2984,15.4905,16.2539,261100.0
2002-01-31,16.273,16.5147,16.2221,16.5083,95300.0
2002-02-01,16.502,16.502,16.2412,16.3811,299800.0
2002-02-04,16.0312,16.0821,15.6559,15.6559,341500.0
2002-02-05,15.6813,15.7131,15.3442,15.4396,2663200.0
2002-02-06,15.6813,15.7958,15.5096,15.5541,1516500.0
2002-02-07,15.8404,15.9231,15.675,15.7386,1814300.0
2002-02-08,15.7004,15.9485,15.6113,15.834,158100.0
2002-02-11,15.904,16.2793,15.904,16.1775,39300.0
2002-02-12,16.1521,16.2284,16.0376,16.0376,11300.0
2002-02-13,16.3048,16.3811,16.1585,16.2093,34300.0
2002-02-14,16.2221,16.3048,16.1266,16.2666,8800.0
2002-02-15,16.1266,16.3366,16.1139,16.1521,11400.0
2002-02-19,15.9676,16.1775,15.9676,16.1076,54700.0
2002-02-20,16.2539,16.3429,15.974,16.3429,28700.0
2002-02-21,16.4447,16.5974,16.2666,16.2793,24200.0
2002-02-22,16.4129,16.5147,16.1585,16.4384,94500.0
2002-02-25,16.5338,16.9028,16.5338,16.8709,560300.0
2002-02-26,16.9855,17.0173,16.7183,16.9346,197500.0
2002-02-27,17.0618,17.2526,16.96,17.1381,2123800.0
2002-02-28,17.2399,17.3353,16.9218,16.9218,150200.0
2002-03-01,17.0491,17.3163,16.9282,17.3163,33400.0
2002-03-04,17.5262,18.0288,17.4562,17.9079,320300.0
2002-03-05,17.8443,17.9715,17.6089,17.6852,332700.0
2002-03-06,17.717,18.226,17.717,18.2196,145600.0
2002-03-07,18.2578,18.2578,17.8824,18.0033,304400.0
2002-03-08,18.1433,18.2578,17.9461,18.1242,124100.0
2002-03-11,18.0669,18.3087,17.9715,18.1623,105800.0
2002-03-12,18.0351,18.2514,17.9397,18.1242,138300.0
2002-03-13,18.0669,18.1115,17.8761,17.8761,226200.0
2002-03-14,17.9524,18.0097,17.8761,17.8952,147100.0
2002-03-15,17.9921,17.9921,17.8135,17.9092,139300.0
2002-03-18,18.0559,18.0559,17.7433,17.839,220400.0
2002-03-19,17.9602,18.1134,17.9283,18.0304,132800.0
2002-03-20,17.9922,18.0304,17.7369,17.8326,111700.0
2002-03-21,17.8326,17.8326,17.2712,17.4754,137600.0
2002-03-22,17.4753,17.5647,17.2138,17.3733,91000.0
2002-03-25,17.5072,17.5072,17.067,17.0989,158600.0
2002-03-26,17.1181,17.4434,17.1181,17.2074,184600.0
2002-03-27,17.3222,17.5073,17.1755,17.3222,73000.0
2002-03-28,17.386,17.5328,17.3605,17.3796,13800.0
2002-04-01,17.2138,17.4115,17.0542,17.3733,15000.0
2002-04-02,17.2265,17.3031,17.15,17.2074,115700.0
2002-04-03,17.0989,17.2265,16.8501,16.9713,189200.0
2002-04-04,16.9075,17.15,16.9075,17.1053,274800.0
2002-04-05,17.386,17.386,17.1627,17.1819,153700.0
2002-04-08,17.0734,17.3158,17.0351,17.3158,156000.0
2002-04-09,17.4179,17.4179,17.2839,17.3031,97100.0
2002-04-10,17.4562,17.705,17.4371,17.705,95900.0
2002-04-11,17.6093,17.6093,17.1117,17.1372,218100.0
2002-04-12,17.2393,17.2584,17.0351,17.1117,38100.0
2002-04-15,17.0415,17.0415,16.8437,16.933,93900.0
2002-04-16,17.0798,17.2903,17.0798,17.2329,329400.0
2002-04-17,17.1946,17.2265,17.0351,17.1117,305800.0
2002-04-18,17.0862,17.1181,16.7161,16.9841,392200.0
2002-04-19,16.9777,17.0543,16.882,16.8884,39700.0
2002-04-22,16.8118,16.8692,16.5757,16.6204,525900.0
2002-04-23,16.6204,16.7416,16.4992,16.5885,574300.0
2002-04-24,16.5247,16.7033,16.4354,16.4481,39300.0
2002-04-25,16.1227,16.3142,16.0079,16.2504,159400.0
2002-04-26,16.2695,16.3907,16.0781,16.0845,90200.0
2002-04-29,16.1674,16.1674,15.7272,15.7336,303500.0
2002-04-30,15.8165,16.295,15.7846,16.1802,313800.0
2002-05-01,16.1419,16.2504,15.8101,16.2312,61700.0
2002-05-02,16.2823,16.3142,16.1866,16.2886,42900.0
2002-05-03,16.2057,16.3524,16.1419,16.295,35700.0
2002-05-06,16.2631,16.2759,15.8101,15.8356,173000.0
2002-05-07,15.8867,16.0462,15.8037,15.8484,73100.0
2002-05-08,16.2567,16.5183,16.2057,16.5056,277900.0
2002-05-09,16.3652,16.429,16.2057,16.2248,229900.0
2002-05-10,16.378,16.378,15.9824,15.9824,60500.0
2002-05-13,15.9824,16.1674,15.9377,16.0845,381300.0
2002-05-14,16.3907,16.4928,16.3205,16.4418,48700.0
2002-05-15,16.3907,16.6651,16.378,16.5056,55700.0
2002-05-16,16.6268,16.6268,16.5056,16.6076,33700.0
2002-05-17,16.7034,16.7799,16.6523,16.7544,91800.0
2002-05-20,16.7289,16.7289,16.5502,16.6204,82100.0
2002-05-21,16.6587,16.8118,16.3333,16.3652,166600.0
2002-05-22,16.3014,16.5056,16.2822,16.4354,137700.0
2002-05-23,16.4737,16.7416,16.4099,16.7416,76000.0
2002-05-24,16.6778,16.7289,16.5566,16.5566,22200.0
2002-05-28,16.6204,16.6204,16.3524,16.3716,20000.0
2002-05-29,16.3205,16.3205,16.1802,16.1866,239100.0
2002-05-30,16.0462,16.2248,16.0143,16.1164,59600.0
2002-05-31,16.1546,16.3971,16.1546,16.2504,52000.0
2002-06-03,16.3333,16.3333,15.6378,15.6378,49900.0
2002-06-04,15.6315,15.6953,15.4082,15.5102,72400.0
2002-06-05,15.5485,15.7718,15.5485,15.7718,80600.0
2002-06-06,15.6953,15.7336,15.3763,15.3954,38600.0
2002-06-07,15.2487,15.5358,15.0445,15.3954,144200.0
2002-06-10,15.3507,15.5996,15.3507,15.5166,11400.0
2002-06-11,15.5677,15.6889,15.2742,15.3316,57500.0
2002-06-12,15.2678,15.389,15.07,15.3252,66900.0
2002-06-13,15.4337,15.4847,15.2869,15.2869,48800.0
2002-06-14,15.1466,15.255,15.0445,15.2104,24900.0
2002-06-17,15.2869,15.6378,15.2869,15.6378,24100.0
2002-06-18,15.6442,15.8356,15.5932,15.7846,231200.0
2002-06-19,15.6953,15.9441,15.6315,15.6634,86800.0
2002-06-20,15.708,15.7272,15.5358,15.5421,120800.0
2002-06-21,15.388,15.4584,15.145,15.1514,38100.0
2002-06-24,15.2345,15.5159,14.9915,15.3624,199600.0
2002-06-25,15.3496,15.4712,14.9531,15.0362,116200.0
2002-06-26,14.7101,15.0299,14.5182,15.0299,343500.0
2002-06-27,15.177,15.2665,14.9275,15.2665,37100.0
2002-06-28,15.3368,15.4839,15.2537,15.2537,22000.0
2002-07-01,15.3305,15.356,14.9147,14.9147,71900.0
2002-07-02,14.8636,15.0299,14.5758,14.6845,158900.0
2002-07-03,14.6781,14.7037,14.3263,14.7037,26500.0
2002-07-05,14.8316,15.3113,14.8316,15.3113,17400.0
2002-07-08,15.3496,15.3496,15.0107,15.0554,173100.0
2002-07-09,15.1002,15.1961,14.6781,14.6781,175700.0
2002-07-10,14.8124,14.8252,14.2688,14.3199,207600.0
2002-07-11,14.0385,14.3903,13.9106,14.3391,98300.0
2002-07-12,14.4351,14.5949,14.1153,14.2944,50200.0
2002-07-15,14.1217,14.1856,13.6292,14.1856,32900.0
2002-07-16,13.9426,14.1664,13.8275,13.8914,27000.0
2002-07-17,14.2112,14.2304,13.8019,14.0577,55900.0
2002-07-18,14.0385,14.0385,13.6484,13.6484,39600.0
2002-07-19,13.5397,13.5397,13.0984,13.2263,98500.0
2002-07-22,13.1431,13.1943,12.6251,12.8042,115200.0
2002-07-23,12.8873,12.9001,12.5164,12.5164,99900.0
2002-07-24,12.2158,13.2199,12.2158,13.1879,55600.0
2002-07-25,13.0472,13.3606,12.8745,13.2007,47100.0
2002-07-26,13.2391,13.4693,13.1815,13.4118,117600.0
2002-07-29,13.4309,14.3327,13.4309,14.2496,105100.0
2002-07-30,14.16,14.5054,13.9874,14.4159,76400.0
2002-07-31,14.1984,14.3903,13.9746,14.3903,61800.0
2002-08-01,14.3455,14.3839,14.0385,14.0705,41900.0
2002-08-02,13.9106,14.0705,13.4693,13.5589,56500.0
2002-08-05,13.5588,13.5588,13.1111,13.1111,29400.0
2002-08-06,13.4949,13.917,13.4309,13.5589,36200.0
2002-08-07,13.9554,13.9554,13.5461,13.8978,277500.0
2002-08-08,13.9746,14.4287,13.8914,14.3007,28600.0
2002-08-09,14.1473,14.4287,14.1025,14.4095,22300.0
2002-08-12,14.3263,14.3647,14.1025,14.2432,44400.0
2002-08-13,14.224,14.3007,13.9106,13.9106,18900.0
2002-08-14,13.917,14.2688,13.5333,14.2112,50000.0
2002-08-15,14.3199,14.4287,14.0513,14.3263,36800.0
2002-08-16,14.2752,14.467,14.2048,14.3135,26500.0
2002-08-19,14.3903,14.742,14.3583,14.6525,59700.0
2002-08-20,14.6525,14.6525,14.4159,14.5821,18900.0
2002-08-21,14.5822,14.7932,14.4606,14.6269,25200.0
2002-08-22,14.7101,14.9275,14.6653,14.838,32600.0
2002-08-23,14.7804,14.7804,14.4862,14.4926,20900.0
2002-08-26,14.6205,14.6717,14.3199,14.6717,31000.0
2002-08-27,14.806,14.8892,14.5118,14.5438,37700.0
2002-08-28,14.4223,14.4223,14.1792,14.2624,22100.0
2002-08-29,13.9426,14.1856,13.9426,14.1537,33700.0
2002-08-30,14.1664,14.3647,14.0641,14.1664,45800.0
2002-09-03,13.917,13.917,13.642,13.674,152100.0
2002-09-04,13.5908,13.885,13.4309,13.8083,37200.0
2002-09-05,13.4757,13.6996,13.4309,13.5652,40200.0
2002-09-06,13.5588,13.8275,13.5588,13.7379,36800.0
2002-09-09,13.6356,14.0065,13.5908,13.853,75600.0
2002-09-10,13.9746,14.0577,13.8658,14.0065,44800.0
2002-09-11,14.2112,14.2112,13.9938,14.0065,27300.0
2002-09-12,14.0705,14.0705,13.7571,13.8147,47600.0
2002-09-13,13.5141,13.5461,13.367,13.4821,21500.0
2002-09-16,13.367,13.6356,13.367,13.6164,92100.0
2002-09-17,13.7571,14.1089,13.335,13.335,177400.0
2002-09-18,13.2071,13.3734,13.1559,13.3158,71700.0
2002-09-19,13.1112,13.303,12.9896,13.0536,284200.0
2002-09-20,12.9361,13.1287,12.9361,13.103,40400.0
2002-09-23,12.9682,13.0196,12.8141,12.9361,62900.0
2002-09-24,12.7884,12.8398,12.6087,12.6601,77000.0
2002-09-25,12.9554,12.981,12.6857,12.904,165300.0
2002-09-26,13.0003,13.225,12.9233,13.1544,532300.0
2002-09-27,13.1287,13.1287,12.6408,12.6536,35900.0
2002-09-30,12.583,12.6344,12.2107,12.5316,147000.0
2002-10-01,12.6087,13.0773,12.5188,13.0773,91900.0
2002-10-02,12.8398,13.0003,12.6151,12.6279,140700.0
2002-10-03,12.5188,12.8462,12.4996,12.5252,91800.0
2002-10-04,12.5702,12.5702,12.1015,12.1978,47700.0
2002-10-07,12.2299,12.3005,11.7677,11.8704,57100.0
2002-10-08,11.7998,12.1079,11.6714,11.9603,180300.0
2002-10-09,11.9603,11.9603,11.5237,11.5558,153800.0
2002-10-10,11.62,11.9795,11.3953,11.9539,601300.0
2002-10-11,12.307,12.6729,12.307,12.506,85300.0
2002-10-14,12.583,12.583,12.3904,12.4354,187300.0
2002-10-15,12.4354,13.0773,12.4354,13.0388,644700.0
2002-10-16,13.0388,13.0388,12.6793,12.7178,134600.0
2002-10-17,13.2571,13.2571,13.0003,13.1159,655200.0
2002-10-18,13.1159,13.1351,12.8462,13.0966,23100.0
2002-10-21,13.0966,13.5139,12.9682,13.4946,59800.0
2002-10-22,13.5139,13.5139,13.148,13.3085,488700.0
2002-10-23,13.2571,13.4433,13.0645,13.4433,24100.0
2002-10-24,13.5139,13.5332,13.1223,13.1608,125900.0
2002-10-25,13.0645,13.3277,13.0645,13.3277,126400.0
2002-10-28,13.5139,13.5139,13.1159,13.1415,193300.0
2002-10-29,13.1415,13.1415,12.7949,13.0324,255300.0
2002-10-30,12.9682,13.1993,12.9682,13.0452,165500.0
2002-10-31,13.2122,13.2122,13.0131,13.148,33100.0
2002-11-01,13.0838,13.3213,12.8719,13.3213,40100.0
2002-11-04,13.4497,13.6102,13.2892,13.3341,71000.0
2002-11-05,13.4497,13.4818,13.225,13.4625,100900.0
2002-11-06,13.5909,13.7386,13.4818,13.7129,125700.0
2002-11-07,13.4497,13.546,13.3213,13.4176,42300.0
2002-11-08,13.3855,13.5267,13.1608,13.2186,121400.0
2002-11-11,13.1608,13.6359,12.8783,12.9682,127300.0
2002-11-12,13.0324,13.1223,12.9169,12.9746,70300.0
2002-11-13,12.9746,13.1094,12.8205,12.9489,182200.0
2002-11-14,13.1993,13.2186,13.0773,13.1287,69100.0
2002-11-15,12.9746,13.1736,12.9746,13.1287,40400.0
2002-11-18,13.3213,13.3213,13.0324,13.0324,13800.0
2002-11-19,12.904,13.1544,12.904,13.0517,52500.0
2002-11-20,13.0324,13.2699,13.0003,13.2443,46900.0
2002-11-21,13.2443,13.79,13.2443,13.79,77800.0
2002-11-22,13.7129,13.7835,13.6359,13.7258,37600.0
2002-11-25,13.6616,13.7771,13.5139,13.7001,50300.0
2002-11-26,13.5396,13.6744,13.4497,13.5075,884300.0
2002-11-27,13.6295,13.9633,13.6295,13.867,67600.0
2002-11-29,13.8092,13.9633,13.8092,13.8349,25100.0
2002-12-02,14.0275,14.1816,13.8028,13.9248,979000.0
2002-12-03,13.9633,13.9633,13.6359,13.6937,56700.0
2002-12-04,13.6359,13.8221,13.5075,13.6487,59100.0
2002-12-05,13.6616,13.6616,13.4497,13.5075,34500.0
2002-12-06,13.347,13.5974,13.3149,13.5011,67300.0
2002-12-09,13.4176,13.5139,13.2892,13.2892,47600.0
2002-12-10,13.2956,13.4625,13.2378,13.3983,57500.0
2002-12-11,13.4176,13.5588,13.3149,13.469,38400.0
2002-12-12,13.546,13.546,13.3341,13.4176,1076900.0
2002-12-13,13.3534,13.4818,13.1351,13.1865,51300.0
2002-12-16,13.2314,13.5139,13.2314,13.5139,78200.0
2002-12-17,13.347,13.5396,13.347,13.347,32000.0
2002-12-18,13.3855,13.3855,13.2314,13.3277,66200.0
2002-12-19,13.3277,13.4497,13.1415,13.2314,101300.0
2002-12-20,13.3625,13.4399,13.2979,13.4399,365900.0
2002-12-23,13.2785,13.4851,13.2785,13.3754,95400.0
2002-12-24,13.3947,13.4335,13.2785,13.3108,25300.0
2002-12-26,13.2334,13.5948,13.2334,13.356,30100.0
2002-12-27,13.2979,13.3496,13.0978,13.0978,243500.0
2002-12-30,13.3625,13.3625,13.0139,13.1688,373300.0
2002-12-31,13.3302,13.3302,13.0849,13.2915,72400.0
2003-01-02,13.4464,13.724,13.3108,13.6336,320600.0
2003-01-03,13.7175,13.7175,13.5367,13.6788,70700.0
2003-01-06,13.7498,13.9176,13.7175,13.8014,76900.0
2003-01-07,13.8143,13.8402,13.6207,13.724,62500.0
2003-01-08,13.6852,13.6981,13.4399,13.5561,41800.0
2003-01-09,13.5561,13.7433,13.5561,13.7304,177500.0
2003-01-10,13.6207,13.7885,13.5432,13.7046,99400.0
2003-01-13,13.7498,13.7498,13.5432,13.6788,101900.0
2003-01-14,13.7175,13.7175,13.5626,13.7046,357900.0
2003-01-15,13.7821,13.7821,13.4012,13.5109,88000.0
2003-01-16,13.5109,13.653,13.4012,13.4335,143400.0
2003-01-17,13.2334,13.4399,13.2334,13.3366,33300.0
2003-01-21,13.2979,13.427,13.001,13.0074,67100.0
2003-01-22,12.8783,13.0074,12.7169,12.7621,105300.0
2003-01-23,12.9106,13.0203,12.7492,12.9945,134400.0
2003-01-24,12.8783,12.8783,12.562,12.5943,65000.0
2003-01-27,12.491,12.6524,12.3942,12.4975,76600.0
2003-01-28,12.3942,12.6847,12.3942,12.5749,218800.0
2003-01-29,12.5749,12.7815,12.3619,12.5878,28000.0
2003-01-30,12.6847,12.6847,12.3683,12.3683,94800.0
2003-01-31,12.4587,12.704,12.4329,12.5749,57700.0
2003-02-03,12.704,12.7621,12.6007,12.6847,39400.0
2003-02-04,12.5362,12.5749,12.4006,12.5749,92600.0
2003-02-05,12.6847,12.7557,12.4587,12.5878,164400.0
2003-02-06,12.6201,12.6201,12.3296,12.4845,54500.0
2003-02-07,12.5556,12.5556,12.278,12.3619,18300.0
2003-02-10,12.4587,12.4587,12.2005,12.3748,28900.0
2003-02-11,12.5039,12.5039,12.2328,12.2457,121400.0
2003-02-12,12.2651,12.278,12.1037,12.1424,133600.0
2003-02-13,12.1747,12.1747,11.8455,11.9875,43700.0
2003-02-14,12.0004,12.2715,12.0004,12.2651,77600.0
2003-02-18,12.4265,12.5556,12.2973,12.4006,67300.0
2003-02-19,12.491,12.5233,12.3296,12.4587,52600.0
2003-02-20,12.5233,12.5556,12.2651,12.3942,138700.0
2003-02-21,12.2651,12.5878,12.2651,12.5878,177500.0
2003-02-24,12.5233,12.5233,12.1682,12.1682,103300.0
2003-02-25,12.0391,12.3619,12.0069,12.3619,281500.0
2003-02-26,12.3942,12.4264,12.2005,12.2651,341100.0
2003-02-27,12.3619,12.42,12.136,12.349,76000.0
2003-02-28,12.3554,12.5233,12.2973,12.3813,38900.0
2003-03-03,12.5168,12.5233,12.2715,12.3296,155500.0
2003-03-04,12.2005,12.3296,12.1037,12.1037,26500.0
2003-03-05,12.2328,12.2328,12.0069,12.2005,851400.0
2003-03-06,12.136,12.1553,11.5227,12.1101,576300.0
2003-03-07,11.8455,12.2328,11.8455,12.1553,1321300.0
2003-03-10,12.2005,12.2005,11.8455,11.8455,144700.0
2003-03-11,11.91,11.9358,11.6195,11.626,39300.0
2003-03-12,11.5937,11.7616,11.5227,11.7616,77700.0
2003-03-13,11.8907,12.1295,11.8132,12.1037,926400.0
2003-03-14,12.2005,12.3296,12.052,12.2973,518600.0
2003-03-17,12.0391,12.7234,12.0391,12.6459,375400.0
2003-03-18,12.775,12.846,12.6136,12.8138,627000.0
2003-03-19,12.9041,12.9235,12.6782,12.8912,78900.0
2003-03-20,12.9106,12.9752,12.6847,12.8848,1269900.0
2003-03-21,13.0571,13.3358,12.9081,13.3358,179500.0
2003-03-24,12.8627,12.9923,12.7655,12.8627,335600.0
2003-03-25,12.8951,13.0118,12.7137,12.8887,120200.0
2003-03-26,12.7979,12.9405,12.7331,12.8887,893400.0
2003-03-27,12.7267,12.8627,12.5841,12.8563,825600.0
2003-03-28,12.7655,12.7979,12.6359,12.7137,143000.0
2003-03-31,12.4415,12.623,12.3767,12.5128,169700.0
2003-04-01,12.6035,12.7267,12.4415,12.6878,94300.0
2003-04-02,12.8627,13.0507,12.8044,12.9729,369100.0
2003-04-03,13.1867,13.1867,12.9211,12.9599,248100.0
2003-04-04,13.0895,13.0895,12.8692,12.9923,79200.0
2003-04-07,13.3163,13.3941,13.0701,13.0895,100200.0
2003-04-08,13.0507,13.1543,12.9599,13.0377,179000.0
2003-04-09,13.0247,13.1543,12.8563,12.8822,198800.0
2003-04-10,12.9923,12.9923,12.7655,12.9016,383100.0
2003-04-11,12.9535,13.109,12.8627,12.9211,180600.0
2003-04-14,13.0377,13.1414,12.9081,13.1414,120000.0
2003-04-15,13.2386,13.258,13.0442,13.2515,534800.0
2003-04-16,13.2515,13.3163,13.0312,13.0701,338700.0
2003-04-17,13.0701,13.2839,13.0442,13.2839,132100.0
2003-04-21,13.2775,13.3358,13.1673,13.1673,76800.0
2003-04-22,13.1219,13.5755,13.1219,13.5626,71900.0
2003-04-23,13.5431,13.6922,13.5431,13.6727,79700.0
2003-04-24,13.6079,13.6079,13.4459,13.5431,35600.0
2003-04-25,13.4135,13.5496,13.3487,13.4395,105500.0
2003-04-28,13.4395,13.7505,13.4395,13.6792,143800.0
2003-04-29,13.7829,13.8347,13.6079,13.7181,324700.0
2003-04-30,13.7051,13.8671,13.5755,13.8671,65400.0
2003-05-01,13.8671,13.8671,13.5107,13.6598,34300.0
2003-05-02,13.595,13.9255,13.595,13.8477,407200.0
2003-05-05,13.8023,13.919,13.7116,13.8023,33700.0
2003-05-06,13.8347,13.9708,13.7764,13.8412,324400.0
2003-05-07,13.8801,13.9319,13.744,13.8218,61500.0
2003-05-08,13.5755,13.7894,13.5755,13.6922,21600.0
2003-05-09,13.7699,13.8995,13.6468,13.8995,13800.0
2003-05-12,13.7311,14.0291,13.7311,14.0032,36400.0
2003-05-13,14.0615,14.0615,13.8866,13.9579,386800.0
2003-05-14,13.9319,14.0097,13.8218,13.9125,72100.0
2003-05-15,13.9967,14.0745,13.9319,14.0615,152900.0
2003-05-16,13.9319,14.068,13.8931,13.9967,53800.0
2003-05-19,13.9967,13.9967,13.6339,13.6339,333300.0
2003-05-20,13.7959,13.7959,13.5237,13.7116,246400.0
2003-05-21,13.7116,13.7116,13.5107,13.6339,107000.0
2003-05-22,13.6987,13.8023,13.6274,13.7375,1526600.0
2003-05-23,13.7699,13.8671,13.6792,13.7894,52000.0
2003-05-27,13.8347,14.1263,13.6857,14.1263,182000.0
2003-05-28,14.3726,14.3726,14.0227,14.0745,99800.0
2003-05-29,13.9708,14.1523,13.8671,13.919,341100.0
2003-05-30,13.919,14.2495,13.919,14.243,1063800.0
2003-06-02,14.3855,14.5216,14.2883,14.3855,312600.0
2003-06-03,14.4438,14.4568,14.2819,14.405,98700.0
2003-06-04,14.5151,14.6253,14.3596,14.5929,599800.0
2003-06-05,14.5735,14.6707,14.4439,14.6318,72600.0
2003-06-06,14.6447,14.9493,14.6447,14.7549,802100.0
2003-06-09,14.7549,14.7549,14.5281,14.5605,78800.0
2003-06-10,14.4179,14.716,14.4179,14.6383,107000.0
2003-06-11,14.7419,14.9882,14.6706,14.9298,491200.0
2003-06-12,15.0659,15.0919,14.9039,14.9687,89000.0
2003-06-13,15.04,15.04,14.7549,14.8067,32300.0
2003-06-16,14.7095,15.1631,14.7095,15.1631,61900.0
2003-06-17,15.2863,15.2863,15.0659,15.1696,1540600.0
2003-06-18,15.0594,15.1955,15.0206,15.0918,40400.0
2003-06-19,15.1631,15.1631,14.7743,14.8132,89600.0
2003-06-20,15.0015,15.0015,14.8262,14.8847,91400.0
2003-06-23,14.9366,14.9366,14.6379,14.7028,486500.0
2003-06-24,14.6898,14.7678,14.6314,14.7093,44600.0
2003-06-25,14.7742,14.7742,14.482,14.482,65900.0
2003-06-26,14.5469,14.6833,14.4625,14.6573,58200.0
2003-06-27,14.7093,14.7093,14.4495,14.5145,42200.0
2003-06-30,14.4495,14.6119,13.982,14.5405,42600.0
2003-07-01,14.4301,14.5729,14.2872,14.5729,59600.0
2003-07-02,14.6768,14.6768,14.5015,14.6119,398700.0
2003-07-03,14.6119,14.6898,14.5275,14.5989,10500.0
2003-07-07,14.8002,14.8911,14.6898,14.7937,508000.0
2003-07-08,14.7742,14.9041,14.7353,14.9041,137700.0
2003-07-09,14.9041,14.9041,14.6898,14.7418,22700.0
2003-07-10,14.6379,14.7158,14.5275,14.5469,100400.0
2003-07-11,14.6898,14.7613,14.5859,14.6963,553800.0
2003-07-14,14.8067,14.9301,14.6444,14.6444,72100.0
2003-07-15,14.6509,14.7937,14.5275,14.5535,509700.0
2003-07-16,14.6898,14.6898,14.456,14.521,50100.0
2003-07-17,14.4041,14.5794,13.8391,14.482,1268100.0
2003-07-18,14.482,14.7743,14.482,14.6768,4202200.0
2003-07-21,14.8067,14.8067,14.5989,14.6119,205200.0
2003-07-22,14.8067,14.8327,14.5924,14.7937,670300.0
2003-07-23,14.9041,14.9041,14.6184,14.7483,244000.0
2003-07-24,14.8717,14.9691,14.7223,14.7483,165300.0
2003-07-25,14.7418,15.0795,14.7418,15.0795,312800.0
2003-07-28,15.1964,15.1964,14.9691,15.0925,1153800.0
2003-07-29,15.1055,15.1055,14.8262,14.8847,1189600.0
2003-07-30,15.0015,15.0015,14.8132,14.8847,27600.0
2003-07-31,15.0015,15.2288,14.9561,15.021,441600.0
2003-08-01,15.034,15.034,14.8717,14.9041,178000.0
2003-08-04,15.0015,15.0015,14.7093,14.9366,189000.0
2003-08-05,15.0015,15.034,14.6444,14.6833,789800.0
2003-08-06,14.6184,14.7418,14.534,14.6573,170800.0
2003-08-07,14.5469,14.7613,14.5469,14.7483,1054600.0
2003-08-08,14.8717,14.8717,14.6833,14.7678,209800.0
2003-08-11,14.8717,14.9171,14.7353,14.8847,178600.0
2003-08-12,14.9691,15.0275,14.8197,15.0275,233600.0
2003-08-13,15.1639,15.2548,14.9366,14.9756,536100.0
2003-08-14,14.9366,15.2093,14.9366,15.1509,268000.0
2003-08-15,15.1964,15.2938,15.1249,15.2938,51700.0
2003-08-18,15.3263,15.5211,15.2288,15.5211,498100.0
2003-08-19,15.612,15.612,15.4431,15.612,900000.0
2003-08-20,15.6055,15.6055,15.4431,15.5211,2655100.0
2003-08-21,15.651,15.7224,15.5601,15.7029,451200.0
2003-08-22,15.8133,15.8458,15.4951,15.5535,529700.0
2003-08-25,15.4237,15.5341,15.3587,15.4107,960500.0
2003-08-26,15.2808,15.5146,15.2808,15.5016,365700.0
2003-08-27,15.3912,15.5016,15.3717,15.4886,287200.0
2003-08-28,15.6185,15.6185,15.4107,15.612,119100.0
2003-08-29,15.5016,15.6704,15.5016,15.6055,136500.0
2003-09-02,15.8458,15.8977,15.5665,15.8328,830700.0
2003-09-03,15.9627,16.0016,15.8523,15.9627,758200.0
2003-09-04,15.9367,15.9887,15.8263,15.9497,1947100.0
2003-09-05,15.9692,15.9692,15.6964,15.7744,565200.0
2003-09-08,15.9107,15.9432,15.7873,15.8523,1571900.0
2003-09-09,15.8783,15.9042,15.6575,15.6834,307400.0
2003-09-10,15.547,15.651,15.4691,15.5016,58500.0
2003-09-11,15.5016,15.6964,15.4237,15.6315,485400.0
2003-09-12,15.6315,15.6834,15.4561,15.625,1639700.0
2003-09-15,15.7484,15.7484,15.586,15.6445,271600.0
2003-09-16,15.6315,15.8912,15.5276,15.8458,36500.0
2003-09-17,15.9432,15.9432,15.7614,15.7808,238400.0
2003-09-18,15.8783,15.9952,15.7679,15.9692,758000.0
2003-09-19,16.0324,16.078,15.8108,15.902,105800.0
2003-09-22,15.7717,15.8043,15.6479,15.6935,188400.0
2003-09-23,15.6088,15.7717,15.6088,15.7521,506500.0
2003-09-24,15.8695,15.8695,15.4328,15.4458,204700.0
2003-09-25,15.3937,15.4784,15.2829,15.3285,105500.0
2003-09-26,15.2047,15.3155,15.133,15.1656,178200.0
2003-09-29,15.2829,15.3872,15.1591,15.322,710500.0
2003-09-30,15.3807,15.3807,15.0222,15.1786,253100.0
2003-10-01,15.2503,15.511,15.2177,15.4784,31900.0
2003-10-02,15.4132,15.5762,15.4132,15.5501,70400.0
2003-10-03,15.5827,15.8695,15.5827,15.7065,202500.0
2003-10-06,15.7978,15.7978,15.6674,15.713,99100.0
2003-10-07,15.5762,15.7913,15.5762,15.7913,86900.0
2003-10-08,15.6935,15.8043,15.6479,15.7196,232400.0
2003-10-09,15.8825,15.9672,15.7913,15.8239,153600.0
2003-10-10,15.9542,15.9542,15.6739,15.7326,67900.0
2003-10-13,15.889,15.9477,15.7065,15.7978,143900.0
2003-10-14,15.8369,15.9151,15.6935,15.876,170300.0
2003-10-15,16.0715,16.0715,15.7913,15.902,155200.0
2003-10-16,15.7587,15.9672,15.6414,15.9086,630100.0
2003-10-17,15.9607,15.9607,15.7196,15.7978,300200.0
2003-10-20,15.8695,15.8695,15.7326,15.8369,167100.0
2003-10-21,15.9346,15.9346,15.8043,15.8108,70100.0
2003-10-22,15.6739,15.8043,15.6088,15.6283,204400.0
2003-10-23,15.6348,15.7196,15.5436,15.6674,166200.0
2003-10-24,15.498,15.7065,15.4784,15.6739,281600.0
2003-10-27,15.6414,15.7782,15.6414,15.6805,151600.0
2003-10-28,15.7261,15.8629,15.6935,15.8629,67800.0
2003-10-29,15.8825,16.0194,15.8629,15.9672,134000.0
2003-10-30,16.1953,16.2084,16.0063,16.091,166800.0
2003-10-31,16.2149,16.2149,16.0976,16.1171,645000.0
2003-11-03,16.2149,16.3061,16.1562,16.1953,131200.0
2003-11-04,16.2931,16.2931,16.1627,16.2409,44200.0
2003-11-05,16.2866,16.2866,16.1171,16.2279,63100.0
2003-11-06,16.2018,16.3257,16.1301,16.3126,167300.0
2003-11-07,16.3192,16.3908,16.2214,16.254,272200.0
2003-11-10,16.3583,16.3583,16.0976,16.1041,692800.0
2003-11-11,16.065,16.1301,16.0259,16.0454,160600.0
2003-11-12,16.091,16.3387,16.0845,16.3061,751300.0
2003-11-13,16.1758,16.3322,16.1758,16.2996,1747200.0
2003-11-14,16.3713,16.3713,16.1301,16.1758,74800.0
2003-11-17,16.0324,16.1301,15.9346,16.1301,119500.0
2003-11-18,16.1953,16.2279,16.0128,16.0519,122800.0
2003-11-19,16.1106,16.254,16.0585,16.1953,92800.0
2003-11-20,16.1171,16.28,16.0454,16.078,441700.0
2003-11-21,16.1301,16.1627,15.9933,16.091,43300.0
2003-11-24,16.1562,16.2866,16.1497,16.2866,62900.0
2003-11-25,16.3257,16.456,16.2931,16.4169,214900.0
2003-11-26,16.4886,16.4886,16.28,16.4169,168000.0
2003-11-28,16.4625,16.469,16.3908,16.4365,132500.0
2003-12-01,16.5538,16.6776,16.4886,16.6776,326900.0
2003-12-02,16.8079,16.8731,16.5798,16.645,200600.0
2003-12-03,16.7819,16.7819,16.6385,16.658,441200.0
2003-12-04,16.6711,16.7297,16.632,16.7102,177400.0
2003-12-05,16.6906,16.7232,16.5668,16.5864,822800.0
2003-12-08,16.6841,16.7428,16.5929,16.7363,181900.0
2003-12-09,16.7623,16.8536,16.6906,16.7363,149900.0
2003-12-10,16.6515,16.7819,16.6189,16.7037,228900.0
2003-12-11,16.7428,16.9969,16.7428,16.9643,398600.0
2003-12-12,16.8145,17.0165,16.8145,16.9904,1787700.0
2003-12-15,17.2185,17.2185,16.9513,17.01,416900.0
2003-12-16,17.1403,17.1403,16.9187,17.1143,475700.0
2003-12-17,17.1729,17.1729,16.9904,17.1338,470700.0
2003-12-18,17.2381,17.3358,17.1599,17.3293,435500.0
2003-12-19,17.4538,17.4538,17.2376,17.3424,467100.0
2003-12-22,17.3883,17.4734,17.2966,17.4472,938400.0
2003-12-23,17.5651,17.5651,17.4276,17.4865,200200.0
2003-12-24,17.683,17.683,17.3752,17.421,265000.0
2003-12-26,17.4996,17.4996,17.3752,17.3883,94100.0
2003-12-29,17.5192,17.6109,17.4538,17.6109,244900.0
2003-12-30,17.7157,17.7157,17.4865,17.5061,495500.0
2003-12-31,17.552,17.6109,17.4734,17.5258,253600.0
2004-01-02,17.683,17.6895,17.4407,17.5127,118300.0
2004-01-05,17.7157,17.7157,17.5651,17.683,302600.0
2004-01-06,17.7812,17.7812,17.5978,17.6568,360900.0
2004-01-07,17.683,17.7092,17.5258,17.683,558400.0
2004-01-08,17.7812,17.8467,17.6961,17.7943,646500.0
2004-01-09,17.6502,17.7681,17.5716,17.6175,1932100.0
2004-01-12,17.5716,17.7092,17.5716,17.6764,695700.0
2004-01-13,17.7747,17.7878,17.5062,17.6044,439100.0
2004-01-14,17.683,17.8729,17.683,17.8467,336600.0
2004-01-15,17.945,17.9581,17.7419,17.8729,764700.0
2004-01-16,18.0432,18.2069,17.9646,18.2069,757800.0
2004-01-20,18.2397,18.3052,17.9057,17.9842,744000.0
2004-01-21,18.0432,18.1611,17.8402,18.1087,311400.0
2004-01-22,18.2397,18.2397,17.9974,18.0236,251700.0
2004-01-23,18.089,18.1218,17.8467,17.958,521700.0
2004-01-26,17.8795,18.1938,17.8795,18.1873,367300.0
2004-01-27,18.2004,18.2397,17.9973,18.0104,964300.0
2004-01-28,18.1414,18.1414,17.683,17.7288,920000.0
2004-01-29,17.9122,17.9122,17.5651,17.7354,1215800.0
2004-01-30,17.7616,17.7616,17.5585,17.7026,222700.0
2004-02-02,17.5716,17.8009,17.5323,17.6699,395000.0
2004-02-03,18.2724,18.2724,16.9233,17.6044,170600.0
2004-02-04,17.6568,17.6568,17.4734,17.5192,640000.0
2004-02-05,17.6175,17.7223,17.4865,17.683,219800.0
2004-02-06,17.7812,17.814,17.5913,17.7616,712200.0
2004-02-09,17.814,17.814,17.6764,17.7157,1147100.0
2004-02-10,17.7157,17.7157,17.6175,17.7026,369900.0
2004-02-11,17.7026,17.9908,17.6306,17.8991,1008700.0
2004-02-12,18.0104,18.0104,17.8664,17.886,314600.0
2004-02-13,17.9122,17.9973,17.7485,17.8009,735400.0
2004-02-17,17.9057,17.9843,17.8205,17.9384,401400.0
2004-02-18,18.0039,18.0039,17.7747,17.8467,441100.0
2004-02-19,17.9777,17.9777,17.7092,17.7092,497800.0
2004-02-20,17.6895,17.8729,17.5847,17.6764,530500.0
2004-02-23,17.7812,17.7812,17.5192,17.6109,1550700.0
2004-02-24,17.4865,17.7026,17.4472,17.6109,508600.0
2004-02-25,17.6502,17.6502,17.4996,17.5651,238900.0
2004-02-26,17.5258,17.6109,17.4603,17.5782,474700.0
2004-02-27,17.6044,17.6502,17.5062,17.5716,284400.0
2004-03-01,17.5913,17.7223,17.5455,17.6633,380400.0
2004-03-02,17.5847,17.7223,17.5389,17.6044,540200.0
2004-03-03,17.6175,17.6306,17.5258,17.5978,547600.0
2004-03-04,17.624,17.683,17.5717,17.6633,240800.0
2004-03-05,17.5127,17.7747,17.5127,17.7026,94600.0
2004-03-08,17.5716,17.6961,17.4014,17.4014,1022400.0
2004-03-09,17.3424,17.421,17.2311,17.2835,1146100.0
2004-03-10,17.1983,17.3097,16.9495,16.9626,1693100.0
2004-03-11,16.8316,17.0739,16.4779,16.7071,1404400.0
2004-03-12,16.7006,17.0281,16.7006,16.9953,2531100.0
2004-03-15,16.9888,17.0542,16.7726,16.7857,1048200.0
2004-03-16,16.7333,17.015,16.7333,16.9757,2137700.0
2004-03-17,17.0935,17.2507,17.0608,17.1852,299200.0
2004-03-18,17.0935,17.2311,17.015,17.2049,297600.0
2004-03-19,17.0872,17.2055,16.9887,16.9887,439200.0
2004-03-22,16.8507,16.8572,16.6206,16.7586,688500.0
2004-03-23,16.7849,16.8572,16.6929,16.7126,484900.0
2004-03-24,16.6732,16.7718,16.6141,16.7126,262500.0
2004-03-25,16.7389,17.0544,16.7389,16.9887,557600.0
2004-03-26,17.0544,17.1858,17.0018,17.0807,921500.0
2004-03-29,17.3501,17.383,17.199,17.2844,360600.0
2004-03-30,17.2384,17.4027,17.2187,17.3896,666300.0
2004-03-31,17.2647,17.4487,17.2647,17.3567,444600.0
2004-04-01,17.4356,17.5079,17.3698,17.4553,906500.0
2004-04-02,17.6787,17.7445,17.567,17.6524,1383100.0
2004-04-05,17.7379,17.8628,17.6525,17.8628,551400.0
2004-04-06,17.9022,17.9022,17.7773,17.8496,344000.0
2004-04-07,17.9088,17.9416,17.7247,17.8102,538800.0
2004-04-08,18.0073,18.0073,17.659,17.7116,234600.0
2004-04-12,17.8299,17.9219,17.797,17.889,213200.0
2004-04-13,18.0205,18.0205,17.5736,17.613,460200.0
2004-04-14,17.5604,17.6853,17.4684,17.5999,725900.0
2004-04-15,17.4816,17.705,17.4816,17.6524,1061600.0
2004-04-16,17.5473,17.8233,17.5473,17.8102,556600.0
2004-04-19,17.6787,17.7773,17.659,17.7116,548900.0
2004-04-20,17.8102,17.8167,17.5079,17.5341,170500.0
2004-04-21,17.4027,17.6459,17.3567,17.6459,1433900.0
2004-04-22,17.613,18.0336,17.613,18.0336,2104600.0
2004-04-23,18.0073,18.0073,17.797,17.9548,754500.0
2004-04-26,17.9482,18.0205,17.8233,17.8628,324000.0
2004-04-27,17.9022,18.0402,17.8693,17.8759,205100.0
2004-04-28,17.9416,17.9416,17.6327,17.6393,1106700.0
2004-04-29,17.475,17.7116,17.4159,17.4816,248400.0
2004-04-30,17.4159,17.5736,17.3501,17.3501,1413500.0
2004-05-03,17.3173,17.5801,17.2844,17.5473,647200.0
2004-05-04,17.4487,17.7182,17.4487,17.6196,874200.0
2004-05-05,17.5144,17.7379,17.5144,17.6327,85900.0
2004-05-06,17.383,17.5933,17.3501,17.5407,507000.0
2004-05-07,17.4684,17.5604,17.2318,17.2318,654400.0
2004-05-10,17.0938,17.1661,16.8638,16.9821,1260700.0
2004-05-11,16.8901,17.1267,16.8901,17.0872,779500.0
2004-05-12,16.9887,17.2318,16.8638,17.2318,242200.0
2004-05-13,17.0872,17.2778,17.0872,17.2318,1492200.0
2004-05-14,17.1201,17.2778,17.061,17.199,106000.0
2004-05-17,16.9887,17.0675,16.9361,17.0084,347200.0
2004-05-18,17.153,17.1924,17.0347,17.1793,219800.0
2004-05-19,17.2778,17.4421,17.1267,17.153,574800.0
2004-05-20,17.061,17.1332,17.0281,17.1135,208500.0
2004-05-21,17.153,17.2713,17.1332,17.2318,212200.0
2004-05-24,17.383,17.4487,17.2647,17.3633,546400.0
2004-05-25,17.3304,17.6459,17.1201,17.613,98800.0
2004-05-26,17.6787,17.6919,17.567,17.6524,444300.0
2004-05-27,17.7773,17.8627,17.6787,17.7773,704600.0
2004-05-28,17.889,17.889,17.6787,17.7773,205000.0
2004-06-01,17.6787,17.7773,17.6459,17.7773,394700.0
2004-06-02,17.8562,17.9548,17.7773,17.9416,339000.0
2004-06-03,17.9088,17.935,17.797,17.8102,198000.0
2004-06-04,17.797,17.9679,17.797,17.9088,252700.0
2004-06-07,18.0336,18.2176,17.9876,18.2176,713500.0
2004-06-08,18.2702,18.2768,18.1388,18.2571,269200.0
2004-06-09,18.3359,18.3359,18.0993,18.0993,1466000.0
2004-06-10,18.2176,18.2242,18.0928,18.2242,429300.0
2004-06-14,18.1716,18.1716,18.0665,18.1256,541800.0
2004-06-15,18.2571,18.3162,18.1979,18.2899,627600.0
2004-06-16,18.3688,18.4016,18.2505,18.3359,652100.0
2004-06-17,18.3951,18.3951,18.2308,18.3491,386700.0
2004-06-18,18.2094,18.5124,18.2094,18.4531,1271300.0
2004-06-21,18.5058,18.5322,18.3807,18.3807,658200.0
2004-06-22,18.3543,18.5717,18.3543,18.5519,466200.0
2004-06-23,18.5783,18.8285,18.5256,18.8153,341500.0
2004-06-24,18.9471,18.9536,18.7034,18.7758,1503800.0
2004-06-25,18.8483,18.8483,18.6836,18.7495,959000.0
2004-06-28,18.8351,18.8351,18.6112,18.6112,251700.0
2004-06-29,18.6112,18.8087,18.6112,18.7561,482300.0
2004-06-30,18.8351,18.8944,18.6639,18.8746,451100.0
2004-07-01,18.9536,18.9536,18.5256,18.5914,975200.0
2004-07-02,18.598,18.598,18.3873,18.4334,2125900.0
2004-07-06,18.4729,18.4729,18.2753,18.3939,337000.0
2004-07-07,18.4202,18.4926,18.3675,18.4268,424600.0
2004-07-08,18.3412,18.44,18.3082,18.3214,833200.0
2004-07-09,18.407,18.4729,18.4004,18.4729,489100.0
2004-07-12,18.4729,18.5519,18.3543,18.4992,480900.0
2004-07-13,18.5717,18.5848,18.5256,18.5387,763600.0
2004-07-14,18.3939,18.6573,18.3082,18.5058,853000.0
2004-07-15,18.4926,18.677,18.4926,18.598,1405300.0
2004-07-16,18.7561,18.7561,18.5124,18.5256,837900.0
2004-07-19,18.4729,18.5322,18.3609,18.4465,530300.0
2004-07-20,18.3082,18.5651,18.2753,18.5585,1143700.0
2004-07-21,18.598,18.6968,18.3148,18.3148,490100.0
2004-07-22,18.2621,18.2753,18.0185,18.2029,2017500.0
2004-07-23,18.1765,18.216,18.0382,18.1173,134800.0
2004-07-26,18.2424,18.3082,17.9526,18.058,1001700.0
2004-07-27,17.979,18.2753,17.979,18.2424,776200.0
2004-07-28,18.1238,18.4004,18.0646,18.3543,327200.0
2004-07-29,18.2424,18.4531,18.2358,18.3741,1051100.0
2004-07-30,18.3543,18.4136,18.2621,18.3478,558300.0
2004-08-02,18.2819,18.4597,18.2029,18.4334,896800.0
2004-08-03,18.407,18.4531,18.2424,18.3346,383900.0
2004-08-04,18.1765,18.3543,18.1765,18.3346,388900.0
2004-08-05,18.4729,18.4729,17.946,17.9592,1283300.0
2004-08-06,17.7155,17.8472,17.5641,17.5904,1920500.0
2004-08-09,17.485,17.7155,17.485,17.6299,1007200.0
2004-08-10,17.7485,17.9263,17.6563,17.9263,914200.0
2004-08-11,17.788,17.9263,17.6892,17.9065,1674400.0
2004-08-12,17.9065,17.9065,17.5838,17.6431,423700.0
2004-08-13,17.5838,17.676,17.5575,17.6102,723200.0
2004-08-16,17.5838,17.9658,17.5838,17.9394,625200.0
2004-08-17,18.0909,18.1107,17.8802,17.9263,672400.0
2004-08-18,17.7814,18.2095,17.7814,18.2095,642900.0
2004-08-19,18.0777,18.1173,17.9065,17.9921,407300.0
2004-08-20,18.1238,18.1897,17.979,18.1699,240800.0
2004-08-23,18.3412,18.3412,18.1107,18.1634,276900.0
2004-08-24,18.2753,18.2819,18.1107,18.1765,311200.0
2004-08-25,18.1436,18.407,18.1107,18.3741,387400.0
2004-08-26,18.4202,18.4202,18.3148,18.3807,68400.0
2004-08-27,18.3082,18.4004,18.3017,18.3741,504300.0
2004-08-30,18.2226,18.3741,18.1765,18.2753,401500.0
2004-08-31,18.1436,18.3609,18.1436,18.3609,583600.0
2004-09-01,18.407,18.4531,18.2819,18.3675,484600.0
2004-09-02,18.4268,18.6309,18.3675,18.6178,307800.0
2004-09-03,18.5058,18.6968,18.5058,18.5651,806800.0
2004-09-07,18.6968,18.7561,18.6178,18.7034,561900.0
2004-09-08,18.6046,18.7495,18.6046,18.6705,79400.0
2004-09-09,18.5387,18.7692,18.5387,18.6244,575100.0
2004-09-10,18.4729,18.7297,18.4729,18.677,925000.0
2004-09-13,18.7692,18.8088,18.6902,18.6968,344500.0
2004-09-14,18.5848,18.7429,18.5848,18.7429,1348300.0
2004-09-15,18.7692,18.7692,18.5585,18.5717,693600.0
2004-09-16,18.6178,18.7429,18.5387,18.6902,481400.0
2004-09-17,18.8548,18.9275,18.7622,18.8944,646600.0
2004-09-20,18.901,18.9142,18.7622,18.7953,296700.0
2004-09-21,18.8019,18.9275,18.8019,18.868,435600.0
2004-09-22,18.868,18.868,18.5574,18.6036,317900.0
2004-09-23,18.5706,18.5706,18.4186,18.4252,155800.0
2004-09-24,18.3789,18.5508,18.3062,18.4913,172900.0
2004-09-27,18.3856,18.4384,18.3459,18.3459,1513500.0
2004-09-28,18.26,18.5574,18.2402,18.5309,2896700.0
2004-09-29,18.5706,18.6235,18.4781,18.597,180900.0
2004-09-30,18.5442,18.7953,18.5442,18.7556,465100.0
2004-10-01,18.6367,19.0266,18.6367,19.02,795700.0
2004-10-04,19.1125,19.1654,19.0002,19.0002,1116200.0
2004-10-05,18.9803,18.9936,18.8944,18.9209,150400.0
2004-10-06,18.9936,19.1191,18.9341,19.1191,517300.0
2004-10-07,19.0332,19.0795,18.901,18.901,395800.0
2004-10-08,18.8019,18.901,18.6631,18.749,555000.0
2004-10-11,18.7821,18.8217,18.749,18.7689,206300.0
2004-10-12,18.6367,18.8085,18.6036,18.7622,279400.0
2004-10-13,18.7689,18.8878,18.4913,18.5442,1047700.0
2004-10-14,18.4781,18.5904,18.1741,18.4649,1669700.0
2004-10-15,18.5111,18.6896,18.5045,18.597,1899700.0
2004-10-18,18.4252,18.6499,18.4186,18.6499,786400.0
2004-10-19,18.7028,18.7622,18.4847,18.4847,1887000.0
2004-10-20,18.564,18.564,18.3062,18.4318,816200.0
2004-10-21,18.3723,18.5772,18.3459,18.5243,846200.0
2004-10-22,18.6036,18.6036,18.3195,18.3591,732600.0
2004-10-25,18.2996,18.4186,18.2269,18.3591,1495000.0
2004-10-26,18.3525,18.6433,18.3327,18.6367,773000.0
2004-10-27,18.5706,18.901,18.5706,18.901,752900.0
2004-10-28,18.9671,18.9671,18.7689,18.8614,602200.0
2004-10-29,18.8812,18.9605,18.8548,18.9473,398100.0
2004-11-01,18.9869,19.0464,18.8944,19.0068,584100.0
2004-11-02,19.0729,19.1852,18.9869,19.0266,1362700.0
2004-11-03,19.2976,19.3306,19.1059,19.2381,398200.0
2004-11-04,19.2909,19.6082,19.2183,19.5553,641600.0
2004-11-05,19.6941,19.7866,19.6148,19.7073,664200.0
2004-11-08,19.7932,19.7932,19.6478,19.7602,271600.0
2004-11-09,19.6941,19.8923,19.6941,19.8329,680700.0
2004-11-10,19.9254,19.965,19.8263,19.8923,231600.0
2004-11-11,19.9584,20.1369,19.932,20.1236,2861200.0
2004-11-12,20.2228,20.2228,20.051,20.1963,559000.0
2004-11-15,20.0972,20.2426,20.0972,20.1831,578600.0
2004-11-16,20.2228,20.2228,20.0311,20.051,1082300.0
2004-11-17,20.1831,20.355,20.1104,20.1963,957800.0
2004-11-18,20.3153,20.3219,20.2162,20.3087,1126700.0
2004-11-19,20.4144,20.4144,20.0179,20.0642,960100.0
2004-11-22,19.9254,20.1567,19.8923,20.1104,187500.0
2004-11-23,20.1567,20.1567,19.9915,20.0774,137600.0
2004-11-24,20.1897,20.2096,20.1038,20.1699,315900.0
2004-11-26,20.0774,20.2558,20.0774,20.1699,127200.0
2004-11-29,20.0245,20.2426,19.9452,20.0906,222800.0
2004-11-30,20.1237,20.1897,20.0311,20.1369,153600.0
2004-12-01,20.2228,20.4739,19.9915,20.4739,509100.0
2004-12-02,20.2889,20.507,20.2889,20.4078,281400.0
2004-12-03,20.3219,20.4937,20.3219,20.4144,433100.0
2004-12-06,20.3021,20.4409,20.2955,20.3021,204400.0
2004-12-07,20.421,20.421,20.117,20.1369,280200.0
2004-12-08,20.0906,20.2558,20.0906,20.1897,262900.0
2004-12-09,20.2558,20.3285,20.051,20.3153,1157700.0
2004-12-10,20.2492,20.421,20.2492,20.388,921200.0
2004-12-13,20.4541,20.6259,20.4343,20.6127,464100.0
2004-12-14,20.6854,20.7118,20.5797,20.6524,707500.0
2004-12-15,20.7184,20.7184,20.5136,20.6788,429000.0
2004-12-16,20.6854,20.6854,20.4805,20.5598,1933200.0
2004-12-17,20.5572,20.6037,20.2583,20.5372,991700.0
2004-12-20,20.6236,20.69,20.524,20.5505,281700.0
2004-12-21,20.4908,20.7033,20.4908,20.6635,210800.0
2004-12-22,20.7232,20.783,20.6635,20.7299,170800.0
2004-12-23,20.7498,20.8229,20.7299,20.7564,764100.0
2004-12-27,20.8893,20.8893,20.6236,20.6369,206700.0
2004-12-28,20.69,20.7697,20.6634,20.7498,154600.0
2004-12-29,20.8229,20.8229,20.6435,20.6967,101100.0
2004-12-30,20.783,20.783,20.6967,20.7099,178800.0
2004-12-31,20.7432,20.7564,20.6369,20.6369,162800.0
2005-01-03,20.7564,20.783,20.4376,20.4575,421800.0
2005-01-04,20.4775,20.5505,20.1188,20.2051,1901800.0
2005-01-05,20.1254,20.2051,20.0524,20.0657,882400.0
2005-01-06,20.059,20.2317,20.059,20.1321,252600.0
2005-01-07,20.1985,20.2251,19.9926,20.0391,245400.0
2005-01-10,20.0922,20.1786,20.0059,20.1122,222400.0
2005-01-11,20.1254,20.1254,19.9262,20.0192,371300.0
2005-01-12,19.9926,20.1254,19.7933,20.0457,826400.0
2005-01-13,20.0922,20.0922,19.7933,19.8531,333600.0
2005-01-14,19.8398,20.0258,19.8398,19.986,427400.0
2005-01-18,19.7269,20.0723,19.6605,20.0657,1082900.0
2005-01-19,19.9926,20.0657,19.8996,19.9062,205900.0
2005-01-20,19.7734,19.9395,19.7269,19.7269,727400.0
2005-01-21,19.7668,19.8597,19.5874,19.6007,504700.0
2005-01-24,19.6273,19.6937,19.521,19.5409,436900.0
2005-01-25,19.6605,19.7933,19.6007,19.7269,380300.0
2005-01-26,19.6273,19.9129,19.6273,19.7668,825500.0
2005-01-27,19.8598,19.8598,19.6605,19.8199,430700.0
2005-01-28,19.6937,19.8598,19.6804,19.8,452700.0
2005-01-31,19.7867,20.059,19.7867,20.059,729500.0
2005-02-01,20.1254,20.152,19.9594,20.1188,517700.0
2005-02-02,20.1586,20.1653,20.0059,20.1188,466400.0
2005-02-03,20.0391,20.0856,19.986,20.059,613600.0
2005-02-04,20.0789,20.2317,20.0789,20.2251,523500.0
2005-02-07,20.1254,20.2716,20.1254,20.2118,276500.0
2005-02-08,20.2317,20.3247,20.1985,20.3247,410300.0
2005-02-09,20.2583,20.3911,20.1055,20.1122,466400.0
2005-02-10,20.1122,20.2383,20.0922,20.2051,197600.0
2005-02-11,20.1254,20.4044,20.1254,20.338,228000.0
2005-02-14,20.4443,20.4443,20.2915,20.3181,178900.0
2005-02-15,20.2051,20.411,20.2051,20.3845,252800.0
2005-02-16,20.4908,20.4908,20.2915,20.4443,219400.0
2005-02-17,20.3048,20.431,20.2583,20.2583,230400.0
2005-02-18,20.2782,20.3114,20.1919,20.2583,844300.0
2005-02-22,20.0856,20.2251,19.9262,19.9328,645700.0
2005-02-23,19.8066,20.2051,19.8,19.9594,408900.0
2005-02-24,20.0989,20.245,19.9461,20.245,417900.0
2005-02-25,20.2583,20.4243,20.1852,20.411,1288700.0
2005-02-28,20.3911,20.4044,20.1852,20.2915,202400.0
2005-03-01,20.3911,20.4044,20.2649,20.3579,192800.0
2005-03-02,20.3579,20.4642,20.1919,20.4177,222800.0
2005-03-03,20.3579,20.524,20.3181,20.4642,400600.0
2005-03-04,20.5439,20.8162,20.5439,20.7498,1337000.0
2005-03-07,20.8561,20.9225,20.7896,20.8494,414900.0
2005-03-08,20.8561,20.9026,20.8162,20.8361,545200.0
2005-03-09,20.7232,20.8162,20.6103,20.6103,374700.0
2005-03-10,20.5904,20.7432,20.5505,20.6568,680800.0
2005-03-11,20.5904,20.7764,20.5439,20.6037,474200.0
2005-03-14,20.5572,20.7232,20.5572,20.7166,1422200.0
2005-03-15,20.8229,20.8229,20.6037,20.6037,843300.0
2005-03-16,20.5638,20.5771,20.3114,20.3645,1068200.0
2005-03-17,20.4243,20.4708,20.3314,20.3579,401600.0
2005-03-18,20.4892,20.4892,20.2893,20.3826,657300.0
2005-03-21,20.4559,20.4959,20.2759,20.4492,407600.0
2005-03-22,20.4959,20.6025,20.3026,20.3359,444100.0
2005-03-23,20.2693,20.3293,20.1959,20.2093,1197000.0
2005-03-24,20.2693,20.4626,20.2559,20.3093,430300.0
2005-03-28,20.3626,20.3959,20.2759,20.2893,588100.0
2005-03-29,20.2626,20.3292,19.9293,19.956,1400000.0
2005-03-30,20.1226,20.3359,20.076,20.3359,845400.0
2005-03-31,20.2093,20.3292,20.2093,20.2826,398600.0
2005-04-01,20.3359,20.4292,20.0226,20.0893,304400.0
2005-04-04,20.0693,20.1226,19.9427,20.0693,501700.0
2005-04-05,20.1626,20.1959,20.0693,20.1693,206900.0
2005-04-06,20.096,20.2959,20.096,20.176,327100.0
2005-04-07,20.1693,20.3559,20.1693,20.3426,474400.0
2005-04-08,20.2826,20.3492,20.136,20.136,672400.0
2005-04-11,20.3226,20.3226,20.1226,20.176,298000.0
2005-04-12,20.0626,20.3759,19.936,20.3359,469900.0
2005-04-13,20.2959,20.3293,19.9627,19.9827,1041300.0
2005-04-14,19.9627,20.0426,19.6161,19.6827,1370300.0
2005-04-15,19.5961,19.7094,19.2961,19.2961,840900.0
2005-04-18,19.2628,19.4628,19.1962,19.3561,826900.0
2005-04-19,19.3295,19.4894,19.3295,19.4428,547700.0
2005-04-20,19.4961,19.5294,19.2028,19.2428,1293900.0
2005-04-21,19.3294,19.756,19.3294,19.756,1572200.0
2005-04-22,19.8627,19.8627,19.3561,19.5227,494200.0
2005-04-25,19.7027,19.796,19.6294,19.756,654400.0
2005-04-26,19.6294,19.796,19.4828,19.5028,554200.0
2005-04-27,19.3428,19.5627,19.2628,19.5294,1380300.0
2005-04-28,19.4494,19.5694,19.2961,19.3161,1274900.0
2005-04-29,19.4028,19.5761,19.2695,19.5427,2476900.0
2005-05-02,19.6561,19.7094,19.5161,19.6494,971900.0
2005-05-03,19.6627,19.6627,19.4228,19.5094,1644100.0
2005-05-04,19.5494,19.7627,19.4961,19.736,334900.0
2005-05-05,19.6427,19.7827,19.5894,19.6361,641000.0
2005-05-06,19.676,19.796,19.676,19.716,194800.0
2005-05-09,19.6027,19.8493,19.6027,19.8493,514100.0
2005-05-10,19.9293,19.9293,19.5694,19.6161,3093200.0
2005-05-11,19.5427,19.8027,19.5361,19.756,675000.0
2005-05-12,19.8893,19.8893,19.5227,19.5427,959100.0
2005-05-13,19.6294,19.6427,19.3028,19.4428,3046100.0
2005-05-16,19.3961,19.716,19.3961,19.716,388100.0
2005-05-17,19.796,19.8493,19.5627,19.8493,1150100.0
2005-05-18,19.796,20.2159,19.7427,20.1493,2704400.0
2005-05-19,20.1893,20.2026,20.0493,20.176,2282200.0
2005-05-20,19.6427,20.1959,19.6427,20.1693,3394700.0
2005-05-23,20.0626,20.3759,20.0626,20.3093,3516900.0
2005-05-24,20.3959,20.5159,20.1693,20.2559,229800.0
2005-05-25,20.2159,20.2626,20.0293,20.0826,1765400.0
2005-05-26,20.1626,20.2693,20.096,20.2293,867600.0
2005-05-27,20.2493,20.2626,20.1959,20.2159,132500.0
2005-05-31,20.1426,20.2359,20.096,20.1626,188100.0
2005-06-01,20.2759,20.2893,20.0826,20.2359,769400.0
2005-06-02,20.1826,20.2893,20.1693,20.2359,103400.0
2005-06-03,20.2026,20.2759,20.1026,20.1426,148300.0
2005-06-06,20.136,20.1826,20.076,20.156,587800.0
2005-06-07,20.2159,20.4159,20.1293,20.2426,305000.0
2005-06-08,20.2293,20.3026,20.1026,20.116,158700.0
2005-06-09,20.0093,20.1493,19.9893,20.1226,496800.0
2005-06-10,20.0293,20.2093,19.996,20.096,1494700.0
2005-06-13,20.1093,20.2426,20.0426,20.1293,433100.0
2005-06-14,20.1026,20.1626,20.076,20.0826,280000.0
2005-06-15,20.1493,20.1493,19.956,20.1026,599100.0
2005-06-16,20.0293,20.2093,20.0293,20.1226,556900.0
2005-06-17,20.0859,20.3665,20.0859,20.2863,1386000.0
2005-06-20,20.1594,20.2863,20.1594,20.2128,553900.0
2005-06-21,20.2396,20.273,20.1727,20.2061,2044500.0
2005-06-22,20.1861,20.2863,20.1059,20.1059,534400.0
2005-06-23,20.0725,20.0725,19.6983,19.6983,1745800.0
2005-06-24,19.7317,19.7451,19.4578,19.5714,810300.0
2005-06-27,19.6048,19.6048,19.4645,19.5446,536400.0
2005-06-28,19.6115,19.8988,19.6115,19.8854,720300.0
2005-06-29,19.9055,19.9121,19.7585,19.7585,812800.0
2005-06-30,19.8119,19.8721,19.6048,19.6315,1053700.0
2005-07-01,19.7785,19.7785,19.6382,19.6983,508900.0
2005-07-05,19.705,19.7919,19.5714,19.7585,877100.0
2005-07-06,19.6449,19.7585,19.538,19.538,868200.0
2005-07-07,19.264,19.6181,19.264,19.5847,808800.0
2005-07-08,19.5914,19.9255,19.5914,19.9255,1711200.0
2005-07-11,19.8453,20.0458,19.8453,19.9589,727600.0
2005-07-12,19.9121,19.9389,19.8453,19.852,496600.0
2005-07-13,19.8119,19.9522,19.8119,19.9121,822300.0
2005-07-14,20.0525,20.1393,20.0324,20.0926,853400.0
2005-07-15,20.0859,20.3264,19.9857,20.0658,657800.0
2005-07-18,19.9589,20.1193,19.9456,20.0257,821100.0
2005-07-19,20.1393,20.2128,20.1126,20.1928,1048900.0
2005-07-20,20.3064,20.4467,20.0458,20.4267,448100.0
2005-07-21,20.44,20.5068,20.3064,20.3197,975500.0
2005-07-22,20.3131,20.4467,20.2997,20.3799,694400.0
2005-07-25,20.3465,20.4734,20.2329,20.2329,721100.0
2005-07-26,20.3264,20.3799,20.2663,20.3331,438900.0
2005-07-27,20.3999,20.42,20.3197,20.4133,1142900.0
2005-07-28,20.5002,20.5536,20.4066,20.5269,1007400.0
2005-07-29,20.5269,20.5469,20.3799,20.3799,666900.0
2005-08-01,20.4333,20.4534,20.3331,20.3665,505800.0
2005-08-02,20.3131,20.3932,20.2796,20.3398,977900.0
2005-08-03,20.3465,20.3465,20.2529,20.2997,1268000.0
2005-08-04,20.3131,20.3131,20.146,20.1661,417500.0
2005-08-05,20.0792,20.1861,20.0458,20.0591,631600.0
2005-08-08,20.0926,20.1727,20.0124,20.0124,697200.0
2005-08-09,20.0658,20.2128,20.0658,20.1594,464700.0
2005-08-10,20.2462,20.3799,20.0792,20.146,401700.0
2005-08-11,20.0926,20.3264,20.0926,20.3131,438400.0
2005-08-12,20.3331,20.3799,20.1594,20.2262,866100.0
2005-08-15,20.1727,20.3131,20.0859,20.2663,585000.0
2005-08-16,20.2062,20.2396,20.0191,20.0324,989300.0
2005-08-17,20.146,20.1861,19.9522,20.0859,845000.0
2005-08-18,19.979,20.1059,19.979,19.999,474000.0
2005-08-19,20.0926,20.1794,20.0725,20.0792,540100.0
2005-08-22,20.0658,20.2596,20.0592,20.1193,545100.0
2005-08-23,20.126,20.146,19.9923,20.0257,452900.0
2005-08-24,19.999,20.126,19.852,19.8654,457400.0
2005-08-25,19.8787,19.9389,19.8453,19.8988,347300.0
2005-08-26,19.9121,19.9121,19.7651,19.7919,1614100.0
2005-08-29,19.7919,19.9121,19.685,19.9121,259200.0
2005-08-30,19.8119,19.832,19.5981,19.7518,1653900.0
2005-08-31,19.7184,19.9121,19.6315,19.8988,1055800.0
2005-09-01,19.6515,19.9522,19.4778,19.8186,1001200.0
2005-09-02,19.7451,19.9589,19.7451,19.8854,659400.0
2005-09-06,19.8119,20.1327,19.8119,20.1193,818400.0
2005-09-07,20.1059,20.1995,20.0525,20.1995,1976700.0
2005-09-08,20.0792,20.1594,20.0324,20.0859,200000.0
2005-09-09,20.0859,20.2195,20.0859,20.1995,270200.0
2005-09-12,20.146,20.3264,20.1126,20.3264,713800.0
2005-09-13,20.273,20.3264,20.1794,20.2396,620600.0
2005-09-14,20.2462,20.2663,20.0458,20.0859,1806300.0
2005-09-15,20.1661,20.1661,20.0057,20.0591,525200.0
2005-09-16,20.1786,20.2322,20.031,20.1987,1144900.0
2005-09-19,20.1383,20.1383,19.8431,19.9303,1704500.0
2005-09-20,20.1651,20.1651,19.7962,19.7962,631400.0
2005-09-21,19.7224,19.8566,19.6553,19.7291,601200.0
2005-09-22,19.7023,19.87,19.662,19.8096,3667500.0
2005-09-23,19.8364,20.0041,19.7694,19.9572,1895400.0
2005-09-26,19.9907,20.1249,19.8431,19.9303,1362300.0
2005-09-27,19.8297,20.0846,19.8297,20.0377,1542800.0
2005-09-28,20.0444,20.0913,19.9102,20.0444,151800.0
2005-09-29,20.0712,20.1517,19.8566,20.1383,1069300.0
2005-09-30,20.1249,20.2322,20.098,20.2322,261400.0
2005-10-03,20.2993,20.2993,20.0779,20.1115,906400.0
2005-10-04,20.1853,20.2255,19.9169,19.9303,1626400.0
2005-10-05,19.8498,19.9169,19.6754,19.6821,2624400.0
2005-10-06,19.7492,19.9303,19.6754,19.8163,6168400.0
2005-10-07,19.9035,19.9907,19.8499,19.9907,2373700.0
2005-10-10,19.9706,19.9706,19.8029,19.8364,390800.0
2005-10-11,19.7559,19.9035,19.7023,19.7291,406000.0
2005-10-12,19.7224,19.87,19.6084,19.7291,1061300.0
2005-10-13,19.7895,19.7895,19.5748,19.7023,4903400.0
2005-10-14,19.7761,19.9102,19.709,19.8767,1830300.0
2005-10-17,20.0444,20.0444,19.7693,19.9169,3865500.0
2005-10-18,19.9303,19.9303,19.7358,19.7761,1170200.0
2005-10-19,19.7559,20.0377,19.6553,20.0377,1481000.0
2005-10-20,19.9236,20.1517,19.7224,19.7828,450500.0
2005-10-21,19.8029,19.8633,19.6151,19.6486,1035300.0
2005-10-24,19.6553,19.9706,19.6553,19.9505,2441700.0
2005-10-25,19.984,20.0511,19.7828,19.9236,526800.0
2005-10-26,19.8364,19.9639,19.7492,19.7492,1256200.0
2005-10-27,19.8566,19.8566,19.5346,19.5748,810300.0
2005-10-28,19.6821,19.8901,19.5882,19.8901,844200.0
2005-10-31,19.9371,20.0176,19.8968,19.9438,1339700.0
2005-11-01,20.0243,20.0243,19.8566,19.8834,694100.0
2005-11-02,19.8633,20.1048,19.7761,20.0846,880200.0
2005-11-03,20.192,20.2658,20.1383,20.1718,726200.0
2005-11-04,20.2255,20.2389,20.0981,20.1853,662900.0
2005-11-07,20.2591,20.2926,20.1383,20.2591,297900.0
2005-11-08,20.1249,20.1987,20.0981,20.1316,269500.0
2005-11-09,20.1584,20.2926,20.1048,20.1786,562000.0
2005-11-10,20.2322,20.4603,20.1651,20.4402,282500.0
2005-11-11,20.3597,20.514,20.3597,20.4804,502200.0
2005-11-14,20.4737,20.5341,20.4536,20.5207,198900.0
2005-11-15,20.6213,20.628,20.4603,20.514,840000.0
2005-11-16,20.5609,20.6347,20.5542,20.5878,885400.0
2005-11-17,20.6616,20.8091,20.5408,20.7823,426600.0
2005-11-18,20.8628,21.0439,20.8628,20.997,786600.0
2005-11-21,21.0037,21.1513,20.9634,21.1177,1097900.0
2005-11-22,21.272,21.272,21.0372,21.1714,1308700.0
2005-11-23,21.1714,21.2586,21.1647,21.1982,559600.0
2005-11-25,21.3324,21.3324,21.1647,21.2049,394300.0
2005-11-28,21.2183,21.272,21.0775,21.0909,1541200.0
2005-11-29,20.9634,21.2921,20.9567,21.1378,564000.0
2005-11-30,21.2988,21.2988,21.0775,21.1043,300700.0
2005-12-01,21.2586,21.3726,21.1311,21.3391,530100.0
2005-12-02,21.1982,21.319,21.1982,21.2586,248500.0
2005-12-05,21.111,21.1982,21.0909,21.1445,2599100.0
2005-12-06,21.3123,21.3928,21.1982,21.2318,829000.0
2005-12-07,21.3995,21.4464,21.0104,21.0775,749800.0
2005-12-08,21.2452,21.2452,20.9098,20.9836,477000.0
2005-12-09,20.8628,21.1915,20.8561,21.0976,2306800.0
2005-12-12,21.2317,21.2653,21.0439,21.1043,1050700.0
2005-12-13,21.2653,21.2653,21.0171,21.1244,2426700.0
2005-12-14,21.1513,21.3726,21.1513,21.3055,711000.0
2005-12-15,21.3995,21.4062,21.2586,21.3391,793100.0
2005-12-16,21.4876,21.4876,21.3391,21.3728,380300.0
2005-12-19,21.3256,21.3323,21.1029,21.1636,521600.0
2005-12-20,21.1636,21.2446,21.1366,21.1771,476300.0
2005-12-21,21.2784,21.3728,21.2244,21.2851,447200.0
2005-12-22,21.3863,21.4741,21.3256,21.4471,794700.0
2005-12-23,21.4606,21.5281,21.4403,21.4876,318600.0
2005-12-27,21.5213,21.6158,21.2716,21.2986,304500.0
2005-12-28,21.2581,21.3728,21.2244,21.3323,534000.0
2005-12-29,21.3593,21.4606,21.3256,21.3256,392500.0
2005-12-30,21.1906,21.2716,21.1839,21.2041,806400.0
2006-01-03,21.0354,21.3863,21.0017,21.3458,1256500.0
2006-01-04,21.4268,21.4538,21.3391,21.3998,3369000.0
2006-01-05,21.4538,21.4538,21.3053,21.3661,386200.0
2006-01-06,21.5213,21.5213,21.3458,21.4471,458700.0
2006-01-09,21.3593,21.6293,21.3391,21.6225,960100.0
2006-01-10,21.4606,21.5753,21.4606,21.5618,760900.0
2006-01-11,21.5348,21.609,21.5011,21.5753,592100.0
2006-01-12,21.5888,21.5888,21.3863,21.4133,1296900.0
2006-01-13,21.1974,21.3998,21.1974,21.3391,903100.0
2006-01-17,21.5078,21.5078,21.1636,21.2311,886200.0
2006-01-18,21.0759,21.2918,21.0759,21.2581,928400.0
2006-01-19,21.3526,21.3931,21.2176,21.3593,1295100.0
2006-01-20,21.2784,21.3256,20.8532,20.8937,2775400.0
2006-01-23,20.9207,20.9949,20.8869,20.9072,1260300.0
2006-01-24,21.0017,21.1231,20.9679,21.0624,1639900.0
2006-01-25,21.1839,21.1839,20.9949,21.0556,883900.0
2006-01-26,21.0624,21.2918,21.0624,21.2918,822500.0
2006-01-27,21.3796,21.3796,21.2109,21.3391,578500.0
2006-01-30,21.2649,21.3863,21.2176,21.3863,1174500.0
2006-01-31,21.3256,21.3931,21.2446,21.2649,749200.0
2006-02-01,21.1974,21.4876,21.1974,21.4471,1824600.0
2006-02-02,21.3391,21.4943,21.2041,21.2649,979100.0
2006-02-03,21.2379,21.3256,21.1636,21.2176,766900.0
2006-02-06,21.1839,21.2986,21.1771,21.2918,543800.0
2006-02-07,21.2851,21.3323,21.1096,21.1366,649500.0
2006-02-08,21.1434,21.2784,21.0894,21.2379,968100.0
2006-02-09,21.2109,21.4538,21.2109,21.3593,501600.0
2006-02-10,21.5281,21.5685,21.3121,21.5011,961900.0
2006-02-13,21.4808,21.5685,21.3121,21.528,387800.0
2006-02-14,21.5483,21.8182,21.4471,21.7845,664500.0
2006-02-15,21.7305,21.852,21.6833,21.8452,772700.0
2006-02-16,21.9465,21.9465,21.7643,21.906,657800.0
2006-02-17,21.8992,21.9937,21.8317,21.96,923400.0
2006-02-21,22.0005,22.0072,21.8115,21.8722,1011100.0
2006-02-22,21.9667,22.1219,21.9667,22.1017,1452400.0
2006-02-23,22.0409,22.1354,22.0005,22.0274,521800.0
2006-02-24,21.987,22.1084,21.9195,22.0409,581400.0
2006-02-27,22.2366,22.2501,21.9735,22.1827,1078600.0
2006-02-28,22.1962,22.1962,21.8857,21.9262,626700.0
2006-03-01,22.0342,22.1017,21.9667,22.1017,526200.0
2006-03-02,22.0409,22.0612,21.7373,22.0409,676600.0
2006-03-03,21.9465,22.2704,21.8925,22.0949,860200.0
2006-03-06,22.2299,22.2974,21.8925,21.9802,703600.0
2006-03-07,21.933,22.0544,21.8857,21.9937,2502700.0
2006-03-08,21.96,21.9937,21.7643,21.9667,1115200.0
2006-03-09,22.0477,22.2434,21.9195,21.9397,1567300.0
2006-03-10,22.0274,22.1827,21.906,22.1692,1152600.0
2006-03-13,22.2367,22.2502,22.1017,22.1557,582900.0
2006-03-14,22.1354,22.4324,22.1354,22.3649,711900.0
2006-03-15,22.4391,22.7158,22.4256,22.7023,1200800.0
2006-03-16,22.844,22.8508,22.7091,22.7158,1058400.0
2006-03-17,22.8486,22.9231,22.8079,22.8892,1050100.0
2006-03-20,23.0247,23.0992,22.835,22.8486,928800.0
2006-03-21,22.9028,22.9976,22.7334,22.7605,1701800.0
2006-03-22,22.7876,22.9773,22.7063,22.9299,613500.0
2006-03-23,22.9095,22.9231,22.7402,22.835,488100.0
2006-03-24,22.8147,22.9163,22.7673,22.8147,1006000.0
2006-03-27,22.835,22.8553,22.747,22.835,483900.0
2006-03-28,22.835,22.9095,22.6589,22.6724,944800.0
2006-03-29,22.7402,22.9366,22.7402,22.9028,1002900.0
2006-03-30,22.8824,23.0111,22.8012,22.9028,1178300.0
2006-03-31,22.8892,22.9908,22.8824,22.896,292500.0
2006-04-03,23.0382,23.1669,22.9231,22.9773,1188900.0
2006-04-04,22.9028,23.1466,22.896,23.1331,334200.0
2006-04-05,23.2347,23.3566,23.0044,23.1466,801800.0
2006-04-06,23.1873,23.2008,23.0315,23.1128,1090200.0
2006-04-07,23.106,23.2618,22.9163,22.9976,1085700.0
2006-04-10,22.9705,23.0112,22.8892,22.9163,401600.0
2006-04-11,23.0044,23.0044,22.7741,22.8757,1090600.0
2006-04-12,22.957,23.045,22.9028,23.0315,632500.0
2006-04-13,22.957,23.0518,22.8621,22.9366,648800.0
2006-04-17,22.9773,23.0112,22.7334,22.8215,841400.0
2006-04-18,22.9502,23.3973,22.8757,23.3702,914900.0
2006-04-19,23.3092,23.5666,23.3092,23.5192,618300.0
2006-04-20,23.5869,23.675,23.4718,23.6073,862000.0
2006-04-21,23.675,23.7902,23.4515,23.6344,1363100.0
2006-04-24,23.6073,23.7156,23.6005,23.7156,431500.0
2006-04-25,23.7427,23.7427,23.3566,23.4379,2203900.0
2006-04-26,23.4176,23.614,23.4108,23.5666,859200.0
2006-04-27,23.3769,23.6276,23.3092,23.4379,1407300.0
2006-04-28,23.3702,23.5395,23.3702,23.3905,2827300.0
2006-05-01,23.3363,23.5802,23.3363,23.4515,708000.0
2006-05-02,23.6208,23.6614,23.465,23.6411,370000.0
2006-05-03,23.6682,23.7089,23.6073,23.6479,478700.0
2006-05-04,23.7021,23.9798,23.7021,23.9324,731800.0
2006-05-05,24.1424,24.2034,24.0543,24.1695,2844500.0
2006-05-08,24.0611,24.3998,24.0611,24.1492,1278700.0
2006-05-09,24.3117,24.3117,24.1085,24.1492,1496600.0
2006-05-10,24.1356,24.2711,24.095,24.1627,700300.0
2006-05-11,24.1492,24.1627,23.9595,24.0408,1764800.0
2006-05-12,23.9121,23.9324,23.6411,23.6614,1244200.0
2006-05-15,23.526,23.6953,23.4515,23.6682,958000.0
2006-05-16,23.7834,23.8918,23.6343,23.6614,582200.0
2006-05-17,23.5531,23.5734,23.0992,23.1737,3193600.0
2006-05-18,23.2686,23.2686,22.9095,22.9841,2104200.0
2006-05-19,23.0111,23.1466,22.8621,23.0586,2165600.0
2006-05-22,22.8892,23.106,22.8012,23.0112,1971200.0
2006-05-23,23.1805,23.194,22.8824,22.9028,1617500.0
2006-05-24,22.9637,22.9637,22.5912,22.8418,1713300.0
2006-05-25,23.0179,23.0179,22.8418,22.9976,1310900.0
2006-05-26,23.1263,23.1466,23.0044,23.1263,1207400.0
2006-05-30,23.1398,23.1398,22.8079,22.8282,3879600.0
2006-05-31,22.8283,23.0315,22.8283,22.9908,1454600.0
2006-06-01,22.9366,23.255,22.9366,23.2279,1210600.0
2006-06-02,23.2618,23.3702,23.1263,23.2618,2147000.0
2006-06-05,23.2618,23.2618,22.7266,22.7605,916000.0
2006-06-06,22.7673,22.9434,22.4896,22.6724,3365600.0
2006-06-07,22.7537,22.8079,22.4218,22.4218,2196200.0
2006-06-08,22.4286,22.476,21.907,22.4354,3012400.0
2006-06-09,22.5505,22.5505,22.2457,22.2457,6334500.0
2006-06-12,22.2931,22.3405,21.9544,21.968,1532300.0
2006-06-13,21.8528,22.1373,21.8528,21.9002,1823700.0
2006-06-14,21.9002,22.0967,21.8867,22.0899,2045000.0
2006-06-15,22.1983,22.6589,22.1712,22.5912,1427900.0
2006-06-16,22.6421,22.6421,22.4587,22.5878,856100.0
2006-06-19,22.5878,22.7168,22.3093,22.4112,1026200.0
2006-06-20,22.4248,22.5199,22.3229,22.384,1223900.0
2006-06-21,22.4655,22.7168,22.4112,22.6489,726900.0
2006-06-22,22.676,22.676,22.4248,22.5131,1854900.0
2006-06-23,22.5402,22.7304,22.3908,22.5742,488600.0
2006-06-26,22.581,22.6421,22.4723,22.6353,1871100.0
2006-06-27,22.581,22.7032,22.3908,22.4248,1026700.0
2006-06-28,22.4791,22.5267,22.289,22.4927,515900.0
2006-06-29,22.6625,22.9885,22.581,22.9681,1282400.0
2006-06-30,23.0971,23.0971,22.9409,22.9613,929000.0
2006-07-03,23.036,23.0903,22.9884,23.0428,661200.0
2006-07-05,22.8866,22.9545,22.7983,22.873,1263900.0
2006-07-06,22.8798,23.0224,22.8662,22.9341,806400.0
2006-07-07,22.8187,22.8187,22.547,22.5946,1305500.0
2006-07-10,22.5946,22.7304,22.5742,22.6557,1221400.0
2006-07-11,22.5538,22.7304,22.4451,22.7168,1683400.0
2006-07-12,22.7779,22.7779,22.418,22.4859,922500.0
2006-07-13,22.3365,22.3501,22.0309,22.0445,2140100.0
2006-07-14,22.0445,22.0445,21.5555,21.7321,4097700.0
2006-07-17,21.7728,21.8068,21.5894,21.6574,1746100.0
2006-07-18,21.7321,21.766,21.4944,21.7592,1558400.0
2006-07-19,21.8136,22.221,21.7796,22.2007,2387200.0
2006-07-20,22.1463,22.3161,21.7321,21.7456,3451700.0
2006-07-21,21.7457,21.7592,21.4333,21.5283,2855000.0
2006-07-24,21.603,21.9154,21.603,21.8815,2052500.0
2006-07-25,21.766,21.8679,21.4944,21.8204,5472000.0
2006-07-26,21.8,21.8203,21.4061,21.5419,2504700.0
2006-07-27,21.6302,21.6981,21.4468,21.5012,5677500.0
2006-07-28,21.6234,21.8,21.5283,21.7456,1563500.0
2006-07-31,21.7592,21.7592,21.6098,21.6574,748400.0
2006-08-01,21.5012,21.6302,21.4265,21.5215,1862300.0
2006-08-02,21.5079,21.7117,21.4944,21.6574,1221000.0
2006-08-03,21.6302,21.9086,21.5012,21.8339,2952200.0
2006-08-04,21.9833,22.126,21.637,21.7728,1513800.0
2006-08-07,21.6642,21.8,21.5759,21.6845,868300.0
2006-08-08,21.6845,21.7321,21.3925,21.4944,2577700.0
2006-08-09,21.5623,21.6302,21.1412,21.1616,1754100.0
2006-08-10,21.1888,21.3653,21.0733,21.3314,1934800.0
2006-08-11,21.2431,21.3857,21.1344,21.2091,1118100.0
2006-08-14,21.3042,21.5691,21.2431,21.2499,2420600.0
2006-08-15,21.4944,21.6642,21.4333,21.637,1506600.0
2006-08-16,21.9018,22.1735,21.7728,22.1192,4211200.0
2006-08-17,22.0377,22.2278,22.0377,22.1463,803100.0
2006-08-18,22.2278,22.2618,22.0241,22.092,1281800.0
2006-08-21,22.0105,22.0173,21.8747,21.8951,1914100.0
2006-08-22,21.8204,22.0241,21.8204,21.963,1178200.0
2006-08-23,21.8883,21.9833,21.7049,21.8,1701400.0
2006-08-24,21.8951,21.8951,21.6098,21.6845,1357300.0
2006-08-25,21.603,21.6913,21.5283,21.6913,918800.0
2006-08-28,21.6913,21.8543,21.6438,21.7796,2617600.0
2006-08-29,21.8475,21.8475,21.6506,21.8339,833200.0
2006-08-30,21.7592,21.8747,21.7592,21.8543,697400.0
2006-08-31,21.7864,21.929,21.7864,21.9018,602800.0
2006-09-01,22.0309,22.0716,21.9018,22.058,791200.0
2006-09-05,21.9901,22.1328,21.9562,22.1056,1600500.0
2006-09-06,22.0648,22.0648,21.8747,21.8747,2513800.0
2006-09-07,21.766,21.8815,21.7321,21.8204,1184100.0
2006-09-08,21.8136,21.8611,21.7864,21.8611,1063700.0
2006-09-11,21.7321,21.8951,21.6709,21.8815,835600.0
2006-09-12,21.929,22.0988,21.8475,22.0852,3449600.0
2006-09-13,22.0852,22.3501,22.0716,22.3093,2139500.0
2006-09-14,22.1803,22.2754,22.1599,22.2075,1588500.0
2006-09-15,22.247,22.4312,22.247,22.322,1908100.0
2006-09-18,22.2879,22.4312,22.2879,22.3766,472500.0
2006-09-19,22.3766,22.3766,22.1515,22.2879,1592700.0
2006-09-20,22.2743,22.4789,22.2743,22.4107,1442900.0
2006-09-21,22.4994,22.4994,22.1106,22.1993,1396300.0
2006-09-22,22.1106,22.1584,22.0151,22.0902,2069200.0
2006-09-25,22.2675,22.3834,22.0765,22.3561,1061700.0
2006-09-26,22.4039,22.6971,22.3698,22.6357,3463500.0
2006-09-27,22.7449,22.8199,22.6767,22.6903,1907100.0
2006-09-28,22.8131,22.8813,22.6835,22.8472,1211500.0
2006-09-29,22.9358,22.9631,22.7312,22.7381,861400.0
2006-10-02,22.9086,22.929,22.7108,22.8063,2924900.0
2006-10-03,22.7585,23.0381,22.7585,22.9495,1645800.0
2006-10-04,22.9017,23.2905,22.8949,23.2905,3151900.0
2006-10-05,23.2564,23.4814,23.2086,23.4064,983600.0
2006-10-06,23.3314,23.4064,23.2564,23.3587,2477300.0
2006-10-09,23.3655,23.4337,23.2291,23.386,373400.0
2006-10-10,23.3382,23.5155,23.3382,23.4201,1492200.0
2006-10-11,23.4201,23.4337,23.2496,23.4269,966300.0
2006-10-12,23.4814,23.6315,23.4405,23.6247,2358600.0
2006-10-13,23.5769,23.6178,23.5019,23.5701,592300.0
2006-10-16,23.5019,23.8088,23.5019,23.727,1319900.0
2006-10-17,23.6519,23.6656,23.461,23.5974,2131300.0
2006-10-18,23.802,23.9043,23.4678,23.536,2943200.0
2006-10-19,23.4678,23.5428,23.4269,23.4814,1457500.0
2006-10-20,23.4542,23.5224,23.2973,23.3791,4171800.0
2006-10-23,23.2496,23.5838,23.2496,23.5019,1401300.0
2006-10-24,23.4337,23.5428,23.4337,23.5155,807000.0
2006-10-25,23.5633,23.5769,23.4133,23.536,1918900.0
2006-10-26,23.536,23.5565,23.3587,23.5292,1976800.0
2006-10-27,23.5224,23.5224,23.3041,23.3587,1352600.0
2006-10-30,23.195,23.4951,22.9836,23.4337,739000.0
2006-10-31,23.4337,23.5155,23.27,23.3791,1387100.0
2006-11-01,23.4678,23.4883,23.1814,23.2632,1483300.0
2006-11-02,23.12,23.2223,23.1063,23.1814,1618600.0
2006-11-03,23.2359,23.2837,23.045,23.1336,1376000.0
2006-11-06,23.195,23.3996,23.1814,23.3382,1522400.0
2006-11-07,23.2564,23.6519,23.2564,23.6042,3315900.0
2006-11-08,23.461,23.6997,23.461,23.6383,899100.0
2006-11-09,23.5906,23.6588,23.4269,23.4951,1534000.0
2006-11-10,23.4201,23.5769,23.4201,23.5292,1413900.0
2006-11-13,23.5292,23.7543,23.5292,23.7133,1261500.0
2006-11-14,23.7815,23.8497,23.5428,23.7883,1344200.0
2006-11-15,23.8293,24.0475,23.7952,24.0202,2041200.0
2006-11-16,24.1225,24.2112,24.0543,24.1294,1200700.0
2006-11-17,24.1225,24.1566,24.0611,24.143,848400.0
2006-11-20,24.1771,24.1771,24.0407,24.0611,595700.0
2006-11-21,24.1498,24.2112,24.0066,24.143,2369300.0
2006-11-22,24.2658,24.2658,24.1703,24.2385,1154900.0
2006-11-24,24.068,24.2248,24.0407,24.1907,108600.0
2006-11-27,24.1157,24.1225,23.7747,23.802,1635300.0
2006-11-28,23.6792,23.7747,23.6315,23.7747,1699400.0
2006-11-29,23.7747,23.9657,23.7611,23.9657,1002100.0
2006-11-30,23.8975,24.0543,23.802,23.952,693400.0
2006-12-01,23.877,24.0134,23.6519,23.8156,742100.0
2006-12-04,23.8702,24.1362,23.8429,24.1225,1575200.0
2006-12-05,24.1089,24.1975,24.0407,24.1771,896000.0
2006-12-06,24.1566,24.1839,24.0953,24.0953,2713600.0
2006-12-07,24.0611,24.2453,24.0543,24.0543,483800.0
2006-12-08,24.0407,24.1021,23.9793,24.0816,991700.0
2006-12-11,23.993,24.1021,23.9725,23.9725,286000.0
2006-12-12,23.9725,24.0407,23.8224,24.0134,2599200.0
2006-12-13,24.0339,24.1089,23.8429,23.9316,1596000.0
2006-12-14,23.9861,24.1225,23.8429,24.068,1107700.0
2006-12-15,24.1594,24.2419,24.1182,24.2007,2519200.0
2006-12-18,24.2763,24.3244,24.1732,24.2282,978700.0
2006-12-19,24.1457,24.2969,24.0838,24.235,579000.0
2006-12-20,24.1457,24.3588,24.1457,24.2694,428800.0
2006-12-21,24.3038,24.3932,24.1663,24.2213,879900.0
2006-12-22,24.2488,24.2488,24.015,24.07,357500.0
2006-12-26,24.0838,24.1869,24.0769,24.1869,696600.0
2006-12-27,24.3107,24.3313,24.1732,24.3107,1033200.0
2006-12-28,24.3588,24.3794,24.2075,24.2282,231300.0
2006-12-29,24.2557,24.2625,24.07,24.07,252000.0
2007-01-03,24.1525,24.4482,24.0769,24.2213,3095700.0
2007-01-04,24.1182,24.1938,23.9463,24.1182,1706700.0
2007-01-05,24.1182,24.1182,23.905,24.0357,3413800.0
2007-01-08,23.9738,24.1663,23.8913,24.125,1669600.0
2007-01-09,24.2007,24.2282,24.015,24.1113,1043200.0
2007-01-10,23.9944,24.1938,23.9738,24.1938,2762800.0
2007-01-11,24.1319,24.4207,24.1319,24.3932,2450300.0
2007-01-12,24.4069,24.4894,24.345,24.4619,1241300.0
2007-01-16,24.3725,24.6407,24.3725,24.5926,1560600.0
2007-01-17,24.6475,24.7232,24.565,24.6132,1659600.0
2007-01-18,24.5582,24.6819,24.4963,24.5032,1329300.0
2007-01-19,24.51,24.62,24.4688,24.4894,1531000.0
2007-01-22,24.4619,24.4894,24.1525,24.2213,1188600.0
2007-01-23,24.1663,24.5513,24.1663,24.5032,1829300.0
2007-01-24,24.5651,24.5651,24.4069,24.4344,2334300.0
2007-01-25,24.5307,24.5307,24.2282,24.3038,2087600.0
2007-01-26,24.3794,24.3794,24.0288,24.2075,1771100.0
2007-01-29,24.2007,24.2969,24.1182,24.2625,2823500.0
2007-01-30,24.3382,24.3382,24.1388,24.2488,1692500.0
2007-01-31,24.2007,24.5994,24.2007,24.5719,1263600.0
2007-02-01,24.7163,24.8813,24.4138,24.785,2036800.0
2007-02-02,24.7507,24.9638,24.7507,24.8813,2448900.0
2007-02-05,24.9432,24.9776,24.6819,24.9294,1521100.0
2007-02-06,24.9088,24.9432,24.8469,24.9363,2814600.0
2007-02-07,24.9913,24.9913,24.8813,24.9157,1130400.0
2007-02-08,24.9432,24.9432,24.73,24.7438,2209000.0
2007-02-09,24.7644,24.7988,24.5719,24.6475,3604600.0
2007-02-12,24.6613,24.7026,24.5788,24.6888,2738100.0
2007-02-13,24.6269,24.8882,24.6269,24.8882,4795200.0
2007-02-14,24.9844,25.2869,24.9294,25.2526,2329000.0
2007-02-15,25.3282,25.3282,24.9226,25.3076,1417900.0
2007-02-16,25.3007,25.3007,25.1357,25.2044,971800.0
2007-02-20,25.1769,25.2938,25.0944,25.2457,1537800.0
2007-02-21,25.0944,25.3213,25.0944,25.3144,2347400.0
2007-02-22,25.3626,25.4038,25.1013,25.2319,1525100.0
2007-02-23,25.1701,25.1701,25.0051,25.1632,1953000.0
2007-02-26,25.1288,25.1632,24.9225,25.0188,1548900.0
2007-02-27,24.8882,24.8882,24.0632,24.2694,4292800.0
2007-02-28,24.2969,24.4963,24.125,24.2969,3121100.0
2007-03-01,23.9738,24.3863,23.4375,24.2557,4232900.0
2007-03-02,24.3038,24.3038,23.9532,23.9532,3170500.0
2007-03-05,23.8019,24.0907,23.6163,23.8913,4517300.0
2007-03-06,24.0563,24.1663,23.905,24.1663,5726800.0
2007-03-07,24.1182,24.235,24.07,24.07,2483100.0
2007-03-08,24.1938,24.7438,24.1938,24.2488,2759100.0
2007-03-09,24.4757,24.4757,24.2419,24.3725,1306900.0
2007-03-12,24.51,24.5513,24.235,24.4894,1513400.0
2007-03-13,24.4894,24.4894,23.9807,24.0769,2573800.0
2007-03-14,24.1663,24.2007,23.7538,24.1732,3341700.0
2007-03-15,24.0357,24.29,24.0357,24.2007,2479500.0
2007-03-16,24.315,24.3771,24.1083,24.2875,1633400.0
2007-03-19,24.3702,24.5011,24.3426,24.4597,3446800.0
2007-03-20,24.5148,24.5562,24.4322,24.5217,1330600.0
2007-03-21,24.5424,24.9351,24.508,24.8594,3295000.0
2007-03-22,24.9351,24.9351,24.756,24.9076,2537800.0
2007-03-23,24.8318,25.0523,24.7284,25.0523,3497400.0
2007-03-26,24.7767,25.1281,24.694,24.8456,2302400.0
2007-03-27,24.7422,24.8249,24.632,24.7284,2552300.0
2007-03-28,24.7905,24.7905,24.3977,24.5286,4467300.0
2007-03-29,24.5493,24.6526,24.3702,24.5217,4731400.0
2007-03-30,24.6802,24.7284,24.3288,24.4942,5669400.0
2007-04-02,24.5562,24.5562,24.3977,24.5355,4166400.0
2007-04-03,24.6526,24.7629,24.6251,24.7078,3728000.0
2007-04-04,24.5286,24.7353,24.5286,24.6113,2915700.0
2007-04-05,24.5975,24.694,24.5493,24.6871,2503000.0
2007-04-09,24.8042,24.8456,24.6595,24.6595,2472000.0
2007-04-10,24.7147,24.7767,24.5906,24.6526,3088600.0
2007-04-11,24.7491,24.7767,24.5217,24.5562,4280500.0
2007-04-12,24.4597,24.8525,24.4597,24.8525,3867800.0
2007-04-13,24.8731,24.9076,24.7284,24.8456,3796500.0
2007-04-16,25.004,25.0592,24.9765,25.0454,1429000.0
2007-04-17,25.0385,25.0592,24.9283,25.0454,1527900.0
2007-04-18,24.8731,25.2521,24.8731,25.1143,1542700.0
2007-04-19,25.0936,25.2934,25.0247,25.197,3395400.0
2007-04-20,25.5621,25.631,25.3692,25.3692,1695200.0
2007-04-23,25.445,25.5759,25.4243,25.4657,2643200.0
2007-04-24,25.569,25.631,25.3761,25.3899,4669400.0
2007-04-25,25.5828,26.0858,25.383,25.6517,2316400.0
2007-04-26,25.6793,25.7413,25.6035,25.6379,724100.0
2007-04-27,25.631,26.0513,25.6173,25.9342,3192900.0
2007-04-30,26.134,26.1822,25.631,25.631,1713900.0
2007-05-01,25.7964,25.8377,25.6724,25.7895,3308800.0
2007-05-02,25.7206,26.1133,25.7206,25.9549,2236900.0
2007-05-03,26.1133,26.1685,26.0651,26.1409,2078500.0
2007-05-04,26.2856,26.4578,26.1065,26.1685,3364100.0
2007-05-07,26.2511,26.2856,26.1685,26.2374,1978800.0
2007-05-08,26.1133,26.2305,26.072,26.2236,1202500.0
2007-05-09,26.2029,26.3821,26.1271,26.2925,2064100.0
2007-05-10,26.196,26.32,26.01,26.1133,3222600.0
2007-05-11,26.1133,26.3132,25.9755,26.3132,1681400.0
2007-05-14,26.3752,26.3752,26.1133,26.196,3746800.0
2007-05-15,26.2442,26.4992,26.2098,26.2649,2981300.0
2007-05-16,26.3683,26.4234,26.196,26.3958,2150400.0
2007-05-17,26.4578,26.4992,26.32,26.4441,2809300.0
2007-05-18,26.4096,26.5267,26.3545,26.3545,2837700.0
2007-05-21,26.5268,26.5543,26.389,26.5061,4293200.0
2007-05-22,26.6783,26.6783,26.3958,26.4509,1107900.0
2007-05-23,26.4165,26.637,26.4165,26.5819,4071100.0
2007-05-24,26.6646,26.6921,26.32,26.3683,3748200.0
2007-05-25,26.4992,26.5888,26.4234,26.5268,2288500.0
2007-05-29,26.3545,26.699,26.3545,26.699,5165600.0
2007-05-30,26.575,26.8299,26.4303,26.8161,3556000.0
2007-05-31,26.9126,27.009,26.8781,26.9608,4611600.0
2007-06-01,27.1331,27.1675,26.9333,27.0642,5356800.0
2007-06-04,26.8919,27.1193,26.8919,27.0711,5474900.0
2007-06-05,27.0435,27.1468,26.8781,26.9884,4470400.0
2007-06-06,26.8437,26.8781,26.6163,26.699,6151500.0
2007-06-07,26.513,26.7266,26.2236,26.2649,5776000.0
2007-06-08,26.389,26.6852,26.2305,26.6301,3031400.0
2007-06-11,26.5612,26.8024,26.5612,26.6646,2960600.0
2007-06-12,26.6439,26.699,26.32,26.32,3105200.0
2007-06-13,26.5612,26.947,26.4854,26.947,3294500.0
2007-06-14,26.947,27.202,26.947,27.0848,2121200.0
2007-06-15,27.3549,27.3687,27.2306,27.2306,1733200.0
2007-06-18,27.2859,27.3826,27.1339,27.2168,1543100.0
2007-06-19,27.1684,27.424,27.0579,27.2997,3627800.0
2007-06-20,27.5,27.5414,27.1477,27.1477,2117900.0
2007-06-21,27.1408,27.2928,26.9681,27.203,2777700.0
2007-06-22,27.1961,27.2582,26.9336,27.0441,3238300.0
2007-06-25,27.0993,27.2237,26.8161,26.975,2682100.0
2007-06-26,26.9681,27.051,26.7401,26.7471,7165100.0
2007-06-27,26.602,27.0095,26.5398,27.0095,2196800.0
2007-06-28,26.8368,27.0579,26.8368,26.8714,2308900.0
2007-06-29,27.051,27.1822,26.8023,26.9681,4411100.0
2007-07-02,26.9888,27.2582,26.8645,27.1615,3608300.0
2007-07-03,27.3342,27.3964,27.2859,27.3549,1674400.0
2007-07-05,27.3549,27.9697,27.2237,27.3273,1979200.0
2007-07-06,27.3757,27.5138,27.2858,27.4931,1566500.0
2007-07-09,27.5414,27.7141,27.5,27.7003,2363400.0
2007-07-10,27.5484,27.7556,27.1753,27.2375,2392000.0
2007-07-11,27.2168,27.5276,27.2099,27.5276,3833200.0
2007-07-12,27.7763,28.2944,27.5829,27.9352,3015000.0
2007-07-13,27.9766,28.246,27.9766,28.1286,3053200.0
2007-07-16,28.1148,28.398,28.1148,28.3082,2413700.0
2007-07-17,28.3773,28.626,28.3151,28.474,4281800.0
2007-07-18,28.3911,28.6122,28.246,28.4118,4158300.0
2007-07-19,28.5845,28.7296,28.5707,28.6674,4174700.0
2007-07-20,28.4395,28.6536,28.1355,28.253,4509400.0
2007-07-23,28.4533,28.5776,28.3359,28.4395,1963600.0
2007-07-24,28.3704,28.4602,28.0181,28.0457,7209600.0
2007-07-25,28.2184,28.3496,27.8316,28.1148,8328900.0
2007-07-26,27.7211,28.0388,27.1961,27.5276,8378000.0
2007-07-27,27.4516,27.6382,26.975,27.0165,7651900.0
2007-07-30,27.2375,27.6382,27.1477,27.5967,6668400.0
2007-07-31,27.7072,28.0388,27.1546,27.2237,9482400.0
2007-08-01,27.0786,27.8316,27.0234,27.424,9594300.0
2007-08-02,27.5553,27.7349,27.4033,27.6105,7948200.0
2007-08-03,27.6589,27.7141,27.0095,27.0441,5419400.0
2007-08-06,27.0648,27.4516,26.9405,27.4516,6596400.0
2007-08-07,27.2859,27.6382,27.1132,27.4516,5377800.0
2007-08-08,27.5276,27.6658,27.2168,27.6658,7208400.0
2007-08-09,27.0924,27.3066,26.7056,26.9267,9365300.0
2007-08-10,26.374,26.8161,26.0286,26.6158,15654300.0
2007-08-13,26.9543,27.127,26.7816,26.975,6220100.0
2007-08-14,27.1132,27.1132,26.2842,26.2842,4621200.0
2007-08-15,26.2428,26.5605,25.8076,25.9734,7857900.0
2007-08-16,25.5796,25.9872,24.8958,25.9872,14361500.0
2007-08-17,26.6572,26.8092,25.9388,26.2497,11701500.0
2007-08-20,26.3671,26.7056,26.229,26.6296,11070500.0
2007-08-21,26.5813,26.7471,26.4431,26.526,4968200.0
2007-08-22,26.6987,27.0786,26.6918,27.0026,4456300.0
2007-08-23,27.1408,27.2168,26.6711,26.8576,3297300.0
2007-08-24,26.7678,27.1961,26.7678,27.0786,4095000.0
2007-08-27,27.1477,27.2099,27.0165,27.0165,3444800.0
2007-08-28,26.975,26.9888,26.3326,26.3671,4981900.0
2007-08-29,26.526,26.9957,26.4915,26.9888,3397500.0
2007-08-30,26.7471,27.0303,26.6434,26.823,2472300.0
2007-08-31,27.1063,27.3204,26.9681,27.2306,4389100.0
2007-09-04,27.1892,27.4724,27.0372,27.3549,5069600.0
2007-09-05,27.0924,27.1822,26.9059,27.0786,2298500.0
2007-09-06,27.0993,27.2997,26.8645,27.2997,3230200.0
2007-09-07,26.9612,26.9957,26.6434,26.7402,6721600.0
2007-09-10,26.8507,26.9128,26.3948,26.7609,5932500.0
2007-09-11,26.6918,27.0717,26.6918,27.0026,4543200.0
2007-09-12,26.9267,27.2099,26.8438,26.9819,3671400.0
2007-09-13,27.2168,27.3895,27.0648,27.2651,3566100.0
2007-09-14,27.2168,27.3619,27.051,27.3135,2426700.0
2007-09-17,27.2789,27.3135,27.0786,27.0786,2308200.0
2007-09-18,27.2237,28.0595,27.2237,27.9559,5280900.0
2007-09-19,28.2737,28.3497,28.0872,28.253,3263700.0
2007-09-20,28.1563,28.1908,27.9836,28.0181,7924500.0
2007-09-21,28.3263,28.3263,28.1181,28.2083,2176200.0
2007-09-24,28.25,28.2777,27.9167,27.9375,4150100.0
2007-09-25,27.9445,28.1875,27.8056,28.0486,10901000.0
2007-09-26,28.2222,28.3749,28.1597,28.243,7758200.0
2007-09-27,28.4235,28.4583,28.2639,28.368,3595800.0
2007-09-28,28.486,28.5207,28.2847,28.5207,3124700.0
2007-10-01,28.5069,28.9095,28.4097,28.8887,8254500.0
2007-10-02,28.9373,28.9998,28.5971,28.6527,1351600.0
2007-10-03,28.5971,28.6527,28.3819,28.4583,3975500.0
2007-10-04,28.5693,28.5693,28.4166,28.5554,3475100.0
2007-10-05,28.8262,28.9859,28.6735,28.8679,2919900.0
2007-10-08,28.8262,28.9304,28.7013,28.8193,849600.0
2007-10-09,28.9512,29.0901,28.7776,29.0901,1840900.0
2007-10-10,29.1525,29.1525,28.6388,28.7707,1855000.0
2007-10-11,28.9859,29.0137,28.4374,28.5624,5550500.0
2007-10-12,28.5693,28.6874,28.3749,28.6874,4771000.0
2007-10-15,27.9861,28.9789,27.9861,28.4652,5630200.0
2007-10-16,28.4652,28.4652,28.2083,28.3402,4872900.0
2007-10-17,28.4305,28.5832,28.0695,28.4166,7526300.0
2007-10-18,28.3125,28.4999,28.1944,28.493,3888600.0
2007-10-19,28.2153,28.2916,27.5557,27.7015,5618700.0
2007-10-22,27.4099,27.8056,27.3058,27.8056,9143100.0
2007-10-23,27.9792,28.0278,27.7501,27.9931,5009200.0
2007-10-24,27.9723,28.1042,27.0836,27.9098,7285900.0
2007-10-25,28.0278,28.1111,27.639,27.9584,7023600.0
2007-10-26,27.4446,28.2916,27.4446,27.9792,4185100.0
2007-10-29,28.0278,28.1597,27.9653,28.1597,2597100.0
2007-10-30,28.0486,28.1111,27.9028,27.9098,2207300.0
2007-10-31,27.8403,28.3402,27.8403,28.1528,5443400.0
2007-11-01,27.7709,28.0625,27.6598,27.6737,6016400.0
2007-11-02,28.0139,28.0139,27.5488,27.9237,6475400.0
2007-11-05,27.7501,28.0764,27.5557,27.8056,7972100.0
2007-11-06,28.1458,28.2569,27.8542,28.243,4168900.0
2007-11-07,28.1458,28.1458,27.5418,27.5627,10259700.0
2007-11-08,27.6945,27.7154,27.2363,27.5696,8635800.0
2007-11-09,27.2502,27.3543,27.0211,27.0211,5710900.0
2007-11-12,26.9031,27.2502,26.7295,26.7295,5374200.0
2007-11-13,26.9378,27.4307,26.9378,27.4099,4289600.0
2007-11-14,27.5765,27.6668,27.2225,27.3197,5033000.0
2007-11-15,27.514,27.514,26.8267,26.9378,3506800.0
2007-11-16,26.9517,27.0558,26.6184,26.9447,7695300.0
2007-11-19,26.674,26.7712,26.4379,26.5559,7974300.0
2007-11-20,26.4101,26.91,26.2435,26.5976,7125500.0
2007-11-21,26.2574,26.4518,26.1186,26.1533,4936700.0
2007-11-23,26.1324,26.5837,26.1324,26.5004,1069100.0
2007-11-26,26.7712,26.8128,26.0838,26.0838,3644400.0
2007-11-27,26.0422,26.6948,26.0422,26.6046,6404300.0
2007-11-28,26.556,27.4169,26.556,27.2502,5381200.0
2007-11-29,26.9309,27.3821,26.9309,27.2502,3274500.0
2007-11-30,27.7432,27.7432,27.16,27.3544,6791800.0
2007-12-03,27.5279,27.5279,27.0766,27.0766,3348700.0
2007-12-04,27.0003,27.1322,26.9378,27.0142,3114000.0
2007-12-05,27.4516,27.4654,27.2433,27.4585,2815800.0
2007-12-06,27.5626,27.9237,27.3682,27.7709,2220100.0
2007-12-07,27.8959,28.0278,27.882,27.9792,3432400.0
2007-12-10,28.0348,28.1806,27.9237,28.1111,2496100.0
2007-12-11,28.3402,28.3402,27.2155,27.2155,8748500.0
2007-12-12,27.7709,28.0209,27.2155,27.5627,4597700.0
2007-12-13,27.2016,27.764,27.2016,27.7015,3178300.0
2007-12-14,27.2641,27.7084,27.2641,27.396,5105000.0
2007-12-17,27.2294,27.271,26.8128,26.9031,5244200.0
2007-12-18,26.8892,27.0836,26.6393,26.9795,5743700.0
2007-12-19,27.2224,27.2224,26.6879,26.8892,3489600.0
2007-12-20,26.9239,27.1114,26.7712,27.1114,3717500.0
2007-12-21,27.6806,27.6806,27.276,27.5899,2760800.0
2007-12-24,27.9248,27.9248,27.6108,27.8969,891200.0
2007-12-26,27.862,27.862,27.6178,27.7922,2219400.0
2007-12-27,27.6178,27.8759,27.4155,27.4713,2491000.0
2007-12-28,27.5899,27.6667,27.3737,27.4434,1541400.0
2007-12-31,27.5829,27.5829,27.2411,27.3179,2378300.0
2008-01-02,27.2411,27.3527,26.6621,26.8644,7781500.0
2008-01-03,27.0388,27.0737,26.8505,26.8853,5334700.0
2008-01-04,26.6063,26.7249,26.1947,26.3342,12500300.0
2008-01-07,26.3203,26.4389,25.8389,26.0064,8542800.0
2008-01-08,26.125,26.1877,25.2948,25.4274,10547800.0
2008-01-09,25.3576,25.6715,25.0507,25.5041,11917100.0
2008-01-10,25.4204,26.118,25.3297,25.8599,14380500.0
2008-01-11,25.7204,25.8948,25.2809,25.4204,8847000.0
2008-01-14,25.518,25.7692,25.4622,25.7343,4419800.0
2008-01-15,25.4553,25.5739,25.0576,25.1972,13396100.0
2008-01-16,24.9879,25.3855,24.8763,24.9042,8588100.0
2008-01-17,25.1902,25.2251,24.0601,24.2415,12869100.0
2008-01-18,24.3322,24.8065,24.1578,24.1926,8143000.0
2008-01-22,22.8253,24.5344,22.6021,24.2763,10142800.0
2008-01-23,23.5439,25.0088,23.5439,24.9391,11973300.0
2008-01-24,25.1832,25.232,24.8623,25.0855,7188500.0
2008-01-25,25.4692,25.4692,24.9391,24.9739,16852000.0
2008-01-28,25.1274,25.4204,24.9181,25.3437,11629800.0
2008-01-29,25.6366,25.6366,25.3995,25.5669,5274000.0
2008-01-30,25.6436,26.1598,25.4343,25.6715,6795200.0
2008-01-31,25.3227,26.1529,25.2111,25.811,9121000.0
2008-02-01,26.0552,26.404,25.9785,26.404,8863300.0
2008-02-04,26.5017,26.5017,26.118,26.118,7162900.0
2008-02-05,25.5111,25.8599,25.4134,25.4553,8321600.0
2008-02-06,25.6087,25.7552,25.2878,25.4134,5560400.0
2008-02-07,25.2739,25.532,25.1553,25.4204,7200500.0
2008-02-08,25.3227,25.4832,25.0786,25.232,7242700.0
2008-02-11,25.1414,25.546,25.0716,25.4832,5167400.0
2008-02-12,25.6855,25.9157,25.4971,25.7413,10940000.0
2008-02-13,25.7483,26.2017,25.546,26.2017,5794700.0
2008-02-14,26.2924,26.2994,25.6855,25.811,6746200.0
2008-02-15,25.546,25.7622,25.4902,25.6506,6852500.0
2008-02-19,25.825,25.9994,25.5669,25.7762,5918700.0
2008-02-20,25.6925,25.9087,25.3925,25.8599,4769600.0
2008-02-21,26.111,26.125,25.4692,25.6576,6813000.0
2008-02-22,25.6576,25.9157,25.246,25.9157,6112500.0
2008-02-25,26.0064,26.1529,25.5948,26.118,5766900.0
2008-02-26,25.9854,26.3552,25.9157,26.1389,6428700.0
2008-02-27,25.8459,26.3831,25.8459,26.1877,2573900.0
2008-02-28,26.0971,26.125,25.832,25.9994,3924300.0
2008-02-29,25.7971,25.8041,25.2879,25.2879,6461700.0
2008-03-03,25.1135,25.6576,25.1065,25.6576,3710200.0
2008-03-04,25.2809,25.5041,25.0925,25.3576,4853500.0
2008-03-05,25.3785,25.832,25.3785,25.6925,4740900.0
2008-03-06,25.7204,25.7204,25.2041,25.2041,5262400.0
2008-03-07,25.1204,25.3088,24.6879,24.8414,7012900.0
2008-03-10,24.8135,24.9111,24.3391,24.4438,5628000.0
2008-03-11,24.8414,25.2739,24.6182,25.2739,9575100.0
2008-03-12,25.1972,25.5878,25.1972,25.2251,7534700.0
2008-03-13,24.7088,25.5739,24.7088,25.5739,7434800.0
2008-03-14,25.8111,25.818,24.7577,25.1693,14902900.0
2008-03-17,24.5065,25.2809,24.5065,25.0437,9241100.0
2008-03-18,25.4971,26.3621,25.3716,26.3621,9586500.0
2008-03-19,25.9296,26.2087,25.3367,25.3995,5599300.0
2008-03-20,25.4352,25.8206,25.239,25.6664,3951700.0
2008-03-24,25.9537,26.248,25.7926,26.248,6765200.0
2008-03-25,26.199,26.4652,25.9887,26.4092,6335700.0
2008-03-26,26.1849,26.269,26.0308,26.199,3638200.0
2008-03-27,26.3601,26.3601,25.8696,25.9117,7984500.0
2008-03-28,26.1219,26.1499,25.7926,25.8136,3255600.0
2008-03-31,25.9257,26.206,25.7645,26.206,4198900.0
2008-04-01,26.4022,26.8997,26.241,26.8016,14301000.0
2008-04-02,26.7875,26.9977,26.6824,26.9207,5795300.0
2008-04-03,26.5843,26.8296,26.5843,26.8016,4375800.0
2008-04-04,26.8086,27.0748,26.6404,26.9067,5045000.0
2008-04-07,27.0959,27.1379,26.7245,26.7385,6896600.0
2008-04-08,26.6124,26.7245,26.5003,26.7175,4186700.0
2008-04-09,26.5143,26.7105,26.269,26.4582,5800600.0
2008-04-10,26.4442,26.6544,26.241,26.5703,2775100.0
2008-04-11,25.8276,25.9187,25.4562,25.5263,6944500.0
2008-04-14,25.6384,25.6594,25.4912,25.5403,3620600.0
2008-04-15,25.7015,25.7155,25.3791,25.6594,4748200.0
2008-04-16,25.8276,26.3741,25.8276,26.3741,7933100.0
2008-04-17,26.199,26.248,25.9888,26.0658,5176600.0
2008-04-18,26.5773,26.8926,26.5143,26.8506,7603500.0
2008-04-21,26.6614,26.7595,26.5423,26.7595,7976300.0
2008-04-22,26.5914,26.6054,26.234,26.3321,3361800.0
2008-04-23,26.4582,26.6264,26.262,26.3461,4164200.0
2008-04-24,26.5143,26.8296,26.241,26.5143,4105400.0
2008-04-25,26.8506,26.9627,26.5213,26.8856,2686500.0
2008-04-28,26.9697,27.0398,26.8086,27.0398,11001600.0
2008-04-29,26.9347,26.9697,26.7315,26.7875,5396000.0
2008-04-30,26.8996,27.1729,26.7175,26.9767,7494100.0
2008-05-01,26.8156,27.243,26.7245,27.1519,10939000.0
2008-05-02,27.3761,27.4952,27.0538,27.257,8936500.0
2008-05-05,27.285,27.3131,26.9978,27.1869,3242900.0
2008-05-06,27.0258,27.3831,26.9207,27.2921,3398400.0
2008-05-07,27.3481,27.3691,26.8156,26.8716,5733600.0
2008-05-08,26.9277,27.1239,26.8366,26.9627,6928200.0
2008-05-09,26.7385,26.8786,26.7035,26.7945,4176400.0
2008-05-12,26.9347,27.222,26.7315,27.222,3550200.0
2008-05-13,26.9837,27.4462,26.9837,27.4042,3191600.0
2008-05-14,27.3971,27.6774,27.3971,27.4322,2979500.0
2008-05-15,27.4322,27.6003,27.3341,27.5933,3619100.0
2008-05-16,27.6494,27.6494,27.3481,27.5233,2605700.0
2008-05-19,27.5723,28.0068,27.4602,27.8316,6566900.0
2008-05-20,27.5793,27.5793,27.25,27.3901,4368400.0
2008-05-21,27.3551,27.5022,26.8366,26.9277,8489100.0
2008-05-22,26.9277,27.0118,26.7665,26.8646,6620600.0
2008-05-23,26.7735,26.7735,26.3811,26.4792,4037400.0
2008-05-27,26.4722,26.7595,26.3882,26.7595,3903600.0
2008-05-28,26.9067,26.9697,26.6894,26.9417,5651000.0
2008-05-29,27.0048,27.271,26.7175,27.0468,7581300.0
2008-05-30,27.1659,27.3411,27.0258,27.215,4003200.0
2008-06-02,27.0958,27.285,26.8016,26.9837,5004300.0
2008-06-03,27.0048,27.1028,26.5563,26.8926,5398300.0
2008-06-04,26.6474,26.8997,26.5843,26.7875,4411600.0
2008-06-05,26.8016,27.0468,26.6544,26.9837,6498400.0
2008-06-06,26.7315,26.8296,25.9327,25.9327,11162200.0
2008-06-09,26.1289,26.269,25.9888,26.199,7946800.0
2008-06-10,25.9397,26.3391,25.9397,26.0448,4217900.0
2008-06-11,26.0308,26.0308,25.5053,25.5543,6568200.0
2008-06-12,25.6735,26.1569,25.5263,25.6454,7316900.0
2008-06-13,25.7575,26.0378,25.7225,25.9397,8574500.0
2008-06-16,25.9958,26.1079,25.7155,25.7996,5626000.0
2008-06-17,26.0168,26.0308,25.6104,25.7435,3678400.0
2008-06-18,25.4492,25.6244,25.3441,25.3721,6784300.0
2008-06-19,25.3862,25.8066,25.3441,25.7015,6266300.0
2008-06-20,25.4487,25.6247,25.2094,25.2727,5842300.0
2008-06-23,25.4628,25.4839,25.2516,25.322,3460300.0
2008-06-24,25.1179,25.2587,24.9067,25.0193,6387500.0
2008-06-25,25.0545,25.0545,24.6392,24.8363,8762400.0
2008-06-26,24.604,24.604,23.7944,24.428,10217700.0
2008-06-27,23.9915,23.9915,23.5902,23.724,9277200.0
2008-06-30,23.6888,24.0901,23.6466,23.9422,5948100.0
2008-07-01,23.5832,24.0478,23.4917,23.9282,12149100.0
2008-07-02,24.0267,24.0549,23.1608,23.196,12311600.0
2008-07-03,23.4776,23.6043,23.196,23.5198,5800600.0
2008-07-07,23.5762,23.8085,23.2312,23.4917,7051500.0
2008-07-08,23.4072,24.0337,23.4072,24.0337,12327600.0
2008-07-09,24.0267,24.1323,23.3438,23.365,9153300.0
2008-07-10,23.5832,23.7873,23.3579,23.724,9592300.0
2008-07-11,23.5269,23.7874,23.196,23.2946,9542500.0
2008-07-14,23.548,23.8577,23.1538,23.4002,7401600.0
2008-07-15,23.2946,23.3298,22.5272,22.9355,9592400.0
2008-07-16,23.0552,23.6466,22.7666,23.4635,9211200.0
2008-07-17,23.8155,24.1112,23.555,24.1112,10626300.0
2008-07-18,24.0408,24.1464,23.7944,24.1464,7400600.0
2008-07-21,24.1041,24.1675,23.8155,24.1675,7538200.0
2008-07-22,23.9915,24.4913,23.9915,24.4632,6980700.0
2008-07-23,24.6392,24.787,24.3717,24.6532,8744400.0
2008-07-24,24.8503,24.8855,24.0267,24.0408,9031900.0
2008-07-25,24.3857,24.3857,24.1112,24.2661,8323800.0
2008-07-28,24.3576,24.3576,23.6325,23.7099,7177100.0
2008-07-29,23.8507,24.604,23.8437,24.604,6799400.0
2008-07-30,24.604,24.9771,24.5265,24.8926,9428100.0
2008-07-31,24.7236,24.8152,24.1253,24.1323,17874300.0
2008-08-01,24.3576,24.428,23.9704,24.1112,8000000.0
2008-08-04,24.0619,24.1605,23.8437,24.0056,7557100.0
2008-08-05,24.2309,24.7025,24.2309,24.6744,9724900.0
2008-08-06,24.6744,25.146,24.4209,25.146,6915000.0
2008-08-07,24.5124,24.7096,24.3013,24.3013,10655800.0
2008-08-08,24.3998,25.2657,24.3083,25.139,11684800.0
2008-08-11,25.2164,25.4206,24.9912,25.2023,12795800.0
2008-08-12,25.1953,25.2023,24.8433,24.956,7227600.0
2008-08-13,24.8363,24.9137,24.442,24.8644,11052000.0
2008-08-14,24.6884,25.1531,24.5617,24.956,9603900.0
2008-08-15,25.0545,25.2446,24.9419,25.0967,6119200.0
2008-08-18,25.1812,25.2023,24.6392,24.8152,6234800.0
2008-08-19,24.787,24.787,24.2942,24.5054,6894300.0
2008-08-20,24.4069,24.5336,24.083,24.3083,9990500.0
2008-08-21,24.1534,24.4772,24.076,24.3646,8100500.0
2008-08-22,24.5406,24.8433,24.4491,24.8433,6478600.0
2008-08-25,24.7096,24.7096,24.2238,24.4561,5858300.0
2008-08-26,24.3153,24.4561,24.1393,24.4491,7859300.0
2008-08-27,24.2379,24.6321,24.2379,24.5195,5629600.0
2008-08-28,24.5758,25.1812,24.5758,25.0686,8421000.0
2008-08-29,25.0404,25.1671,24.7729,24.794,3775700.0
2008-09-02,25.1742,25.4558,24.6392,24.8011,10442600.0
2008-09-03,24.794,24.8574,24.428,24.618,9961700.0
2008-09-04,24.3928,24.3998,23.5973,23.7733,11476900.0
2008-09-05,23.5269,23.7873,23.3298,23.7662,12674700.0
2008-09-08,24.2238,24.5124,23.8929,24.1464,15606400.0
2008-09-09,23.9985,24.3365,23.4142,23.4354,11434900.0
2008-09-10,23.548,23.8366,23.372,23.5339,9732300.0
2008-09-11,23.3298,24.076,23.2594,24.076,8516300.0
2008-09-12,23.8366,24.0549,23.6325,24.0126,10793300.0
2008-09-15,22.9778,23.7029,22.9778,23.0482,16085600.0
2008-09-16,22.5202,23.372,22.4709,23.1186,18499300.0
2008-09-17,22.7807,22.7877,22.126,22.3372,15598500.0
2008-09-18,22.2808,23.1256,21.5135,22.7948,30949600.0
2008-09-19,24.7738,24.7738,23.429,23.436,15910100.0
2008-09-22,23.3582,23.6271,22.7919,22.8132,5309400.0
2008-09-23,22.9618,23.068,22.2964,22.3106,12016100.0
2008-09-24,22.5442,22.5654,21.9213,22.261,8931100.0
2008-09-25,22.2044,22.6008,21.9425,22.438,11687900.0
2008-09-26,21.9638,22.3743,21.6877,22.346,14531000.0
2008-09-29,21.9708,22.1832,20.7322,21.5886,16947400.0
2008-09-30,21.2347,21.801,21.0648,21.801,10050300.0
2008-10-01,21.4541,21.4541,20.7958,21.2842,21014600.0
2008-10-02,20.9728,20.9728,19.6846,20.0102,14679300.0
2008-10-03,20.173,20.4773,19.5218,19.6916,18081900.0
2008-10-06,19.0192,19.2599,18.099,19.1749,20767300.0
2008-10-07,19.5147,19.6633,18.276,18.5379,15985000.0
2008-10-08,17.7168,18.9343,17.7168,18.2548,19232000.0
2008-10-09,18.7007,18.7007,16.9878,17.2143,15437500.0
2008-10-10,16.2162,17.639,15.7137,16.6622,23376100.0
2008-10-13,17.8301,18.729,17.4125,18.4459,7824200.0
2008-10-14,19.6775,19.6775,17.7381,18.4388,17373800.0
2008-10-15,18.007,18.007,16.5701,16.7046,15899300.0
2008-10-16,16.5914,17.3983,15.8977,17.0444,20528200.0
2008-10-17,16.4498,17.823,16.4498,16.6763,12076100.0
2008-10-20,17.2709,17.639,16.9665,17.5045,13286900.0
2008-10-21,17.5045,17.7664,17.1152,17.3488,11165500.0
2008-10-22,16.7117,16.8816,15.8057,16.5489,20321500.0
2008-10-23,16.4498,16.7046,15.5155,16.5914,19569400.0
2008-10-24,15.3244,16.0817,15.2607,15.6358,17650200.0
2008-10-27,15.4306,16.1101,15.0342,15.0342,11494200.0
2008-10-28,15.6854,16.7966,15.1403,16.5772,12324100.0
2008-10-29,16.8745,17.639,16.6126,16.648,15938400.0
2008-10-30,17.1293,17.5753,16.8816,17.2497,14639300.0
2008-10-31,17.3629,17.9079,17.0515,17.823,12745900.0
2008-11-03,17.7593,17.8301,17.4266,17.5186,8841400.0
2008-11-04,18.0637,18.6582,17.8725,18.2831,15205500.0
2008-11-05,18.5025,18.5308,17.4762,17.5186,15585600.0
2008-11-06,17.3417,17.646,16.3861,16.6976,13678700.0
2008-11-07,16.9453,17.0302,16.4781,16.8674,11548100.0
2008-11-10,17.3771,17.4195,16.648,16.8745,9504100.0
2008-11-11,16.5914,16.8108,16.1596,16.4994,15414600.0
2008-11-12,16.2233,16.2233,15.5438,15.7137,11420800.0
2008-11-13,15.8765,16.6126,14.7935,16.556,24198500.0
2008-11-14,16.4074,16.6763,15.7066,15.8553,17514300.0
2008-11-17,15.5013,16.011,15.3173,15.5367,17211600.0
2008-11-18,15.4518,15.7562,15.0554,15.5509,14682100.0
2008-11-19,15.7208,15.7208,14.5175,14.5458,23026400.0
2008-11-20,14.3971,14.9138,13.6185,14.1565,20907100.0
2008-11-21,14.1989,14.6944,13.5831,14.5741,27855900.0
2008-11-24,14.7794,15.6854,14.7298,15.3031,20405600.0
2008-11-25,15.7491,15.8411,15.1262,15.5226,14812300.0
2008-11-26,15.2607,16.1101,15.1545,16.011,11156400.0
2008-11-28,15.9685,16.4569,15.9331,16.3578,4169300.0
2008-12-01,16.1242,16.1242,14.9634,15.0129,11050100.0
2008-12-02,15.3315,15.742,15.1333,15.7066,13488200.0
2008-12-03,15.4801,16.1171,15.2394,15.9756,18149000.0
2008-12-04,15.7561,16.1879,15.381,15.6571,16593900.0
2008-12-05,15.3669,16.0888,15.0342,16.0393,19686300.0
2008-12-08,16.6692,16.9524,16.2092,16.4569,17034400.0
2008-12-09,16.4427,16.6055,15.9968,16.1667,15503800.0
2008-12-10,16.379,16.6126,16.1525,16.4286,10248800.0
2008-12-11,16.1171,16.3366,15.6146,15.7208,12010700.0
2008-12-12,15.3739,15.834,15.2182,15.7632,10671300.0
2008-12-15,15.9756,15.9756,15.4801,15.7561,10048800.0
2008-12-16,16.5348,16.6409,15.7491,16.5348,14467100.0
2008-12-17,16.4357,16.7259,16.2304,16.5418,10329300.0
2008-12-18,16.6055,16.6763,15.919,15.9614,12514900.0
2008-12-19,16.1808,16.4596,16.0522,16.138,13077000.0
2008-12-22,16.2594,16.2594,15.6662,15.8878,10035200.0
2008-12-23,15.9807,16.1379,15.7377,15.8378,6315900.0
2008-12-24,15.8521,16.0021,15.8163,15.9378,2207000.0
2008-12-26,16.0593,16.1237,15.8807,16.0593,1231300.0
2008-12-29,15.9879,16.0665,15.6234,15.7592,3072500.0
2008-12-30,15.995,16.4167,15.9307,16.3452,4754000.0
2008-12-31,16.4524,16.8241,16.3381,16.7383,6279000.0
2009-01-02,16.8098,17.453,16.6311,17.3529,6659500.0
2009-01-05,17.2815,17.4816,17.067,17.2171,11182100.0
2009-01-06,17.453,17.6817,17.3172,17.5959,13437000.0
2009-01-07,17.3386,17.3386,16.8026,16.8098,10726200.0
2009-01-08,16.8026,16.9884,16.6883,16.9742,11184400.0
2009-01-09,17.0456,17.0742,16.5811,16.6025,6161400.0
2009-01-12,16.5954,16.6311,16.1594,16.238,8466900.0
2009-01-13,16.2309,16.3023,15.7306,15.9593,19223500.0
2009-01-14,15.7163,15.7306,15.2875,15.3661,15643100.0
2009-01-15,15.4018,15.6234,14.8658,15.509,14149200.0
2009-01-16,15.6662,15.7663,15.166,15.5948,9030200.0
2009-01-20,15.4947,15.6091,14.8658,14.8729,13048000.0
2009-01-21,15.1874,15.3232,14.7014,15.2517,16046100.0
2009-01-22,15.0373,15.3518,14.7729,15.2017,17930200.0
2009-01-23,14.7872,15.0659,14.68,14.7443,19148400.0
2009-01-26,14.7514,15.2088,14.6514,14.9158,19811700.0
2009-01-27,15.0445,15.2875,14.9873,15.1874,14817400.0
2009-01-28,15.5948,15.7949,15.4733,15.6234,17246000.0
2009-01-29,15.5305,15.5305,15.0016,15.0516,11543100.0
2009-01-30,15.0945,15.1731,14.5799,14.73,7888000.0
2009-02-02,14.5084,14.5299,14.1868,14.3941,9383500.0
2009-02-03,14.4227,14.73,14.3726,14.6585,9087600.0
2009-02-04,14.8158,14.9944,14.5799,14.5799,10417600.0
2009-02-05,14.4727,14.9373,14.3226,14.7514,11882400.0
2009-02-06,14.9015,15.2303,14.8015,15.1088,12767200.0
2009-02-09,15.1445,15.5233,15.0445,15.3947,8462300.0
2009-02-10,15.316,15.4018,14.5227,14.587,8791200.0
2009-02-11,14.6728,14.8515,14.5442,14.7014,6449700.0
2009-02-12,14.5013,14.5799,14.0796,14.537,12775200.0
2009-02-13,14.6228,14.8372,14.5084,14.537,8666900.0
2009-02-17,14.0367,14.1654,13.7794,13.8009,15837300.0
2009-02-18,14.0296,14.051,13.6722,13.8223,11520600.0
2009-02-19,14.0081,14.051,13.515,13.515,12493300.0
2009-02-20,13.3864,13.5293,13.0576,13.3077,16660800.0
2009-02-23,13.465,13.5364,12.7002,12.7931,11756700.0
2009-02-24,12.7646,13.2577,12.6073,13.0719,10561700.0
2009-02-25,13.1005,13.1005,12.6288,12.7574,14156700.0
2009-02-26,13.0147,13.029,12.5359,12.5359,8399100.0
2009-02-27,12.3286,12.6073,12.1999,12.2214,12092200.0
2009-03-02,12.0713,12.0784,11.4209,11.4209,9658600.0
2009-03-03,11.7497,11.7854,11.278,11.3352,10174000.0
2009-03-04,11.6496,11.864,11.328,11.6496,10929900.0
2009-03-05,11.471,11.4995,10.9921,11.1994,13470200.0
2009-03-06,11.3352,11.4567,10.8206,11.0779,13881200.0
2009-03-09,11.0636,11.3209,10.8349,10.9778,9734800.0
2009-03-10,11.1708,11.8712,11.1708,11.8069,10318500.0
2009-03-11,11.9998,12.1714,11.7926,11.9212,9343000.0
2009-03-12,12.057,12.4501,11.7425,12.3071,8489700.0
2009-03-13,12.5073,12.6145,12.1285,12.3286,8099600.0
2009-03-16,12.5001,12.8932,12.4429,12.4644,11528100.0
2009-03-17,12.5644,12.8289,12.35,12.8289,8405900.0
2009-03-18,12.736,13.2363,12.4572,13.0719,12541000.0
2009-03-19,13.222,13.2791,12.9218,12.9432,8776900.0
2009-03-20,13.0248,13.0536,12.4619,12.5485,12500500.0
2009-03-23,12.866,13.5155,12.765,13.4577,8470900.0
2009-03-24,13.2773,13.7031,13.2557,13.3495,14721600.0
2009-03-25,13.4649,13.869,13.0969,13.4577,10733600.0
2009-03-26,13.6598,14.1793,13.6381,14.1793,16530500.0
2009-03-27,14.0061,14.0639,13.7825,13.9123,10115000.0
2009-03-30,13.4577,13.4866,13.0536,13.2196,8718200.0
2009-03-31,13.4144,13.6165,13.1763,13.299,10759600.0
2009-04-01,13.1763,13.602,13.0825,13.5948,8653300.0
2009-04-02,13.8835,14.5185,13.8546,14.3236,13177000.0
2009-04-03,14.3309,14.4102,14.1505,14.3381,11174400.0
2009-04-06,14.1865,14.4968,14.0278,14.3742,7783300.0
2009-04-07,14.1505,14.2731,13.9556,13.9629,9263800.0
2009-04-08,14.1072,14.1793,13.8835,14.0855,11783600.0
2009-04-09,14.3814,14.8937,14.3814,14.7783,18412800.0
2009-04-13,14.5834,14.9514,14.4824,14.8215,13678000.0
2009-04-14,14.6484,14.937,14.5473,14.6051,13458100.0
2009-04-15,14.5546,14.9009,14.4968,14.7422,10098200.0
2009-04-16,14.9659,15.3411,14.7638,15.2401,15534200.0
2009-04-17,15.3483,15.3988,15.1318,15.2329,9920500.0
2009-04-20,14.9875,15.0092,14.5113,14.5618,11248100.0
2009-04-21,14.4535,14.9514,14.4174,14.9153,3242900.0
2009-04-22,14.7277,15.4998,14.7277,15.1463,13736400.0
2009-04-23,15.2761,15.3627,14.9298,15.3122,8470900.0
2009-04-24,15.5071,15.7308,15.3555,15.6297,9277200.0
2009-04-27,15.5071,15.6514,15.2834,15.3194,7980500.0
2009-04-28,15.1751,15.3916,15.0092,15.139,9556200.0
2009-04-29,15.2834,15.839,15.2834,15.6442,14356600.0
2009-04-30,15.9761,16.106,15.6225,15.7019,11382600.0
2009-05-01,15.7163,16.0483,15.6297,15.8751,9052100.0
2009-05-04,16.0843,16.4812,15.9184,16.3946,9579800.0
2009-05-05,16.3369,16.5173,16.2503,16.4451,9942600.0
2009-05-06,16.6039,16.7626,16.3802,16.7049,18727800.0
2009-05-07,16.8637,16.8781,16.2431,16.3658,17176100.0
2009-05-08,16.5029,16.9647,16.5029,16.9647,9326800.0
2009-05-11,16.6183,16.7554,16.4379,16.4596,10456900.0
2009-05-12,16.6472,16.6472,15.9905,16.2792,12735500.0
2009-05-13,15.8823,16.0555,15.5504,15.6081,12479500.0
2009-05-14,15.572,15.9256,15.572,15.7235,10311200.0
2009-05-15,15.7813,16.0122,15.6081,15.7308,17495800.0
2009-05-18,15.8101,16.308,15.8101,16.308,10524600.0
2009-05-19,16.2719,16.3874,16.1132,16.1854,19701800.0
2009-05-20,16.4451,16.6616,16.1998,16.1998,13316600.0
2009-05-21,15.9544,16.0555,15.5503,15.7091,20545700.0
2009-05-22,15.6947,15.8679,15.5648,15.6514,8858200.0
2009-05-26,15.7596,16.2431,15.5215,16.2214,16082300.0
2009-05-27,16.2214,16.2936,15.6947,15.6947,10835700.0
2009-05-28,15.839,15.94,15.4926,15.8462,10851400.0
2009-05-29,15.9905,16.2503,15.8246,16.2287,10999600.0
2009-06-01,16.575,17.0152,16.4307,16.9791,19477000.0
2009-06-02,16.8853,17.1379,16.8637,17.008,10763500.0
2009-06-03,16.7843,16.9286,16.5245,16.676,15375500.0
2009-06-04,16.7843,17.0152,16.64,16.9791,7971400.0
2009-06-05,17.3543,17.376,17.0296,17.1234,12146000.0
2009-06-08,17.1162,17.2605,16.8276,17.1667,8434700.0
2009-06-09,17.2028,17.2245,16.9503,17.1306,10302600.0
2009-06-10,17.3832,17.4121,16.7193,17.0224,12810100.0
2009-06-11,16.9863,17.2172,16.9575,16.9935,10526900.0
2009-06-12,16.9791,17.0296,16.7626,17.0224,8454700.0
2009-06-15,16.943,16.943,16.3513,16.5029,8953300.0
2009-06-16,16.575,16.64,16.1998,16.1998,9303600.0
2009-06-17,16.1204,16.2647,15.9905,16.0771,17690700.0
2009-06-18,16.1998,16.207,15.8967,16.0915,12271900.0
2009-06-19,16.3371,16.446,16.0247,16.1264,8822300.0
2009-06-22,15.9957,16.0175,15.5235,15.5889,11339600.0
2009-06-23,15.538,15.5961,15.3128,15.4436,14739300.0
2009-06-24,15.6034,15.9085,15.4654,15.5453,13853900.0
2009-06-25,15.4872,16.061,15.4872,16.0247,18079300.0
2009-06-26,16.032,16.1264,15.9158,15.9593,11819300.0
2009-06-29,16.0901,16.2354,15.9448,16.1192,6238800.0
2009-06-30,16.1192,16.1918,15.8141,15.9521,8985100.0
2009-07-01,15.8068,16.2499,15.7995,16.0175,14009300.0
2009-07-02,15.9884,15.9884,15.4872,15.5162,13736200.0
2009-07-06,15.3201,15.5235,15.2547,15.5235,13749300.0
2009-07-07,15.4291,15.4726,14.9569,14.9932,13589900.0
2009-07-08,14.9642,15.0876,14.739,14.9351,18108100.0
2009-07-09,15.0295,15.1385,14.9496,15.0731,10261300.0
2009-07-10,14.9351,15.1167,14.6809,15.0513,13920900.0
2009-07-13,15.1458,15.4654,14.9424,15.4363,9447400.0
2009-07-14,15.6107,15.6615,15.4291,15.6615,7456600.0
2009-07-15,15.9158,16.1845,15.8141,16.1482,12194400.0
2009-07-16,16.141,16.526,16.0538,16.446,9079900.0
2009-07-17,16.4097,16.4097,16.1337,16.2572,8516800.0
2009-07-20,16.4606,16.6349,16.3661,16.5841,11225700.0
2009-07-21,16.7875,16.9255,16.4025,16.5913,11590000.0
2009-07-22,16.5187,16.7511,16.4824,16.6422,8604600.0
2009-07-23,16.5695,17.078,16.5477,16.9909,12070000.0
2009-07-24,16.8892,17.0272,16.7366,17.0054,7254100.0
2009-07-27,17.0126,17.1289,16.8674,17.0998,8301500.0
2009-07-28,17.0272,17.2088,16.8819,17.0853,6436600.0
2009-07-29,16.9545,17.0126,16.7729,17.0054,11747600.0
2009-07-30,17.3105,17.5284,17.2742,17.2814,13001100.0
2009-07-31,17.325,17.5066,17.2814,17.3468,10541300.0
2009-08-03,17.572,17.8117,17.4267,17.7245,14748700.0
2009-08-04,17.6955,17.8626,17.5793,17.8553,8211800.0
2009-08-05,17.9134,17.9134,17.572,17.71,10111800.0
2009-08-06,17.848,17.9061,17.6592,17.8044,20333600.0
2009-08-07,18.0732,18.4001,17.957,18.2476,13530300.0
2009-08-10,18.1967,18.2185,17.9352,18.0732,13115200.0
2009-08-11,17.9279,18.0514,17.71,17.8335,12985000.0
2009-08-12,17.7681,18.3275,17.7681,18.1459,9455200.0
2009-08-13,18.2839,18.2911,18.0296,18.2258,8606100.0
2009-08-14,18.2548,18.2548,17.7609,17.9642,14117600.0
2009-08-17,17.5429,17.5865,17.3177,17.434,15285100.0
2009-08-18,17.5066,17.7027,17.4485,17.6446,10463000.0
2009-08-19,17.463,17.7899,17.4122,17.6955,8428000.0
2009-08-20,17.7245,17.9497,17.6446,17.9134,8648100.0
2009-08-21,18.1459,18.3928,17.848,18.3783,8875000.0
2009-08-24,18.3783,18.5672,18.3057,18.4146,7054500.0
2009-08-25,18.5526,18.6616,18.4001,18.5163,8624800.0
2009-08-26,18.5091,18.5091,18.2475,18.3274,6914900.0
2009-08-27,18.3202,18.5672,18.1749,18.4945,8669600.0
2009-08-28,18.6907,18.6907,18.2766,18.3928,7591200.0
2009-08-31,18.2621,18.2693,18.0369,18.1749,8582000.0
2009-09-01,18.1313,18.4364,17.8262,17.8698,14918300.0
2009-09-02,17.8408,17.8916,17.6955,17.7972,10319500.0
2009-09-03,17.9279,18.0659,17.7173,18.0296,14405100.0
2009-09-04,18.0442,18.4146,17.986,18.3856,8476400.0
2009-09-08,18.6543,18.7052,18.4873,18.5454,17735000.0
2009-09-09,18.6398,18.9594,18.6108,18.8577,12228700.0
2009-09-10,18.9013,19.0757,18.7052,19.0176,10479300.0
2009-09-11,19.1701,19.2791,19.0611,19.141,10885000.0
2009-09-14,19.0176,19.359,18.9231,19.3226,10257300.0
2009-09-15,19.3953,19.635,19.2791,19.5551,12286200.0
2009-09-16,19.7076,19.8239,19.497,19.8021,13884200.0
2009-09-17,19.8311,20.0127,19.6277,19.8384,12503700.0
2009-09-18,19.9728,19.9728,19.688,19.7245,9784500.0
2009-09-21,19.6442,19.7975,19.4981,19.6076,8399100.0
2009-09-22,19.834,19.9217,19.7172,19.8413,9695500.0
2009-09-23,19.929,19.9947,19.6149,19.6734,8334000.0
2009-09-24,19.6807,19.7318,19.2425,19.352,11069300.0
2009-09-25,19.2717,19.3374,19.038,19.0818,8350800.0
2009-09-28,19.1987,19.5565,19.1987,19.4762,5896700.0
2009-09-29,19.5492,19.6515,19.4105,19.4324,12950800.0
2009-09-30,19.5127,19.5127,19.0526,19.2352,16520100.0
2009-10-01,19.0818,19.2498,18.7094,18.7532,23754600.0
2009-10-02,18.483,18.6656,18.4465,18.5122,17744200.0
2009-10-05,18.5999,18.9066,18.5341,18.892,11587400.0
2009-10-06,18.9723,19.2571,18.9431,19.0746,13054800.0
2009-10-07,19.0818,19.0818,18.9066,19.0015,8720100.0
2009-10-08,19.2133,19.3666,19.1184,19.3374,13050700.0
2009-10-09,19.2133,19.3886,19.1549,19.3886,9427600.0
2009-10-12,19.4835,19.5346,19.2571,19.352,5634600.0
2009-10-13,19.3447,19.3666,19.1622,19.3666,8033400.0
2009-10-14,19.7099,19.929,19.5273,19.929,16827100.0
2009-10-15,19.8048,19.9143,19.7172,19.8997,7673500.0
2009-10-16,19.7683,19.8559,19.5565,19.761,8309500.0
2009-10-19,19.8486,20.0604,19.7829,19.9728,7929700.0
2009-10-20,20.0239,20.0239,19.7026,19.834,11172300.0
2009-10-21,19.8267,20.0823,19.6441,19.6953,11200900.0
2009-10-22,19.6588,19.907,19.4981,19.834,11423000.0
2009-10-23,19.9363,19.9363,19.4324,19.4835,12069300.0
2009-10-26,19.5857,19.8048,19.2498,19.3301,10952500.0
2009-10-27,19.3009,19.447,19.0672,19.0672,13816500.0
2009-10-28,19.0526,19.1695,18.6729,18.6729,17674100.0
2009-10-29,18.7167,19.1184,18.7167,19.1184,12108400.0
2009-10-30,19.0526,19.1111,18.4538,18.4684,19261100.0
2009-11-02,18.5561,18.8336,18.4027,18.6802,19853300.0
2009-11-03,18.6802,19.0015,18.6583,19.0015,17826500.0
2009-11-04,19.1622,19.279,18.9285,18.965,12721200.0
2009-11-05,19.1476,19.4543,19.0234,19.4543,14457600.0
2009-11-06,19.4032,19.6661,19.3813,19.6295,9245300.0
2009-11-09,19.8559,20.1261,19.7537,20.1261,9692400.0
2009-11-10,19.9947,20.1553,19.8924,20.0093,10369500.0
2009-11-11,20.1918,20.3014,20.0531,20.1626,8986300.0
2009-11-12,20.1042,20.2211,19.8778,19.929,11062300.0
2009-11-13,19.9509,20.1626,19.834,20.0823,7949700.0
2009-11-16,20.1188,20.5716,20.1188,20.5424,9420500.0
2009-11-17,20.557,20.557,20.316,20.5059,7449100.0
2009-11-18,20.5205,20.5278,20.3014,20.3963,5710800.0
2009-11-19,20.3014,20.3014,19.9363,20.0896,10683300.0
2009-11-20,19.9436,20.0969,19.8997,20.0531,10487600.0
2009-11-23,20.3087,20.4986,20.2284,20.4182,12004600.0
2009-11-24,20.3525,20.3598,20.1188,20.2503,8763900.0
2009-11-25,20.316,20.4694,20.2357,20.4182,6123400.0
2009-11-27,19.7683,20.2211,19.7464,20.0239,10091300.0
2009-11-30,20.0458,20.1919,19.9363,20.0896,12897200.0
2009-12-01,20.3525,20.4913,20.2357,20.4182,8460800.0
2009-12-02,20.4182,20.5497,20.2868,20.3598,6255100.0
2009-12-03,20.4255,20.5497,20.2211,20.2649,6783000.0
2009-12-04,20.63,20.7176,20.2868,20.5716,11692100.0
2009-12-07,20.5351,20.6519,20.484,20.4986,6715500.0
2009-12-08,20.3525,20.4328,20.0531,20.1846,12208700.0
2009-12-09,20.2868,20.2941,20.075,20.2795,9893200.0
2009-12-10,20.4109,20.5278,20.316,20.3671,6255800.0
2009-12-11,20.484,20.6154,20.3744,20.5716,6521800.0
2009-12-14,20.6738,20.8491,20.6738,20.8491,5908000.0
2009-12-15,20.7688,20.8564,20.6811,20.7907,5982400.0
2009-12-16,20.7542,20.8491,20.6519,20.703,6433900.0
2009-12-17,20.6154,20.6227,20.4547,20.4767,8512500.0
2009-12-18,20.6023,20.6317,20.3451,20.47,9836400.0
2009-12-21,20.617,20.6832,20.5582,20.6244,8727800.0
2009-12-22,20.6317,20.7567,20.595,20.6464,5726100.0
2009-12-23,20.6538,20.7126,20.5656,20.6832,2992900.0
2009-12-24,20.764,20.8081,20.7052,20.764,1277600.0
2009-12-28,20.8008,20.8008,20.6464,20.7273,6078400.0
2009-12-29,20.8228,20.8228,20.7567,20.7861,2883100.0
2009-12-30,20.6685,20.764,20.6538,20.6832,5471000.0
2009-12-31,20.7567,20.7567,20.4112,20.4259,3117000.0
2010-01-04,20.6464,20.8155,20.5509,20.8155,7471500.0
2010-01-05,20.7861,20.9111,20.7126,20.889,8256700.0
2010-01-06,20.8375,20.9551,20.8302,20.9331,5356700.0
2010-01-07,20.8963,21.1904,20.8228,21.161,12118200.0
2010-01-08,21.1683,21.5064,21.1536,21.4991,8065000.0
2010-01-11,21.6461,21.7637,21.5358,21.7343,11895500.0
2010-01-12,21.5505,21.6167,21.4035,21.5579,12020700.0
2010-01-13,21.5211,21.6902,21.4403,21.6461,10978200.0
2010-01-14,21.6167,21.6608,21.5579,21.6461,4762700.0
2010-01-15,21.5726,21.6387,21.308,21.3668,7251000.0
2010-01-19,21.4403,21.6314,21.3447,21.602,11941300.0
2010-01-20,21.3667,21.4108,21.0727,21.2712,9810400.0
2010-01-21,21.2565,21.3521,20.764,20.7787,17492900.0
2010-01-22,20.8008,20.9184,20.4553,20.4627,16216200.0
2010-01-25,20.7052,20.7346,20.4774,20.595,12695500.0
2010-01-26,20.4774,20.7126,20.3965,20.5068,12708200.0
2010-01-27,20.4333,20.6097,20.2275,20.5656,22437800.0
2010-01-28,20.595,20.6905,20.1393,20.3304,21371000.0
2010-01-29,20.3671,20.5656,20.0731,20.1246,17136200.0
2010-02-01,20.3524,20.4333,20.2128,20.4259,16144100.0
2010-02-02,20.5435,20.8522,20.4994,20.8155,20403200.0
2010-02-03,20.7567,20.8816,20.6391,20.6905,13675400.0
2010-02-04,20.5509,20.5876,20.0805,20.0805,20628100.0
2010-02-05,20.1246,20.2348,19.5954,19.9923,30821300.0
2010-02-08,20.0437,20.0805,19.7718,19.7718,17888900.0
2010-02-09,19.9923,20.3377,19.9261,20.154,22723500.0
2010-02-10,20.1687,20.2201,19.9408,20.1246,12709800.0
2010-02-11,20.1025,20.448,19.9923,20.4259,11507900.0
2010-02-12,20.154,20.3377,20.0511,20.2642,16638900.0
2010-02-16,20.4774,20.764,20.4259,20.742,10497000.0
2010-02-17,20.8963,20.9404,20.764,20.9184,14974300.0
2010-02-18,20.7934,21.1463,20.7934,21.1095,7602300.0
2010-02-19,21.0801,21.3153,21.0139,21.2124,12076500.0
2010-02-22,21.3153,21.33,21.1756,21.2271,7382700.0
2010-02-23,21.1757,21.308,20.8963,20.9552,16110200.0
2010-02-24,21.0286,21.2124,20.9551,21.1683,9011200.0
2010-02-25,20.7861,21.1609,20.6905,21.1168,12357000.0
2010-02-26,21.0874,21.2638,21.0066,21.1977,9004200.0
2010-03-01,21.2859,21.5064,21.205,21.477,11493900.0
2010-03-02,21.5726,21.6167,21.477,21.5138,7327500.0
2010-03-03,21.5873,21.7563,21.4917,21.5432,5641200.0
2010-03-04,21.6093,21.6755,21.4991,21.6461,7479600.0
2010-03-05,21.7931,21.9842,21.7563,21.9768,9905300.0
2010-03-08,22.0136,22.0356,21.8445,21.8739,6773200.0
2010-03-09,21.8225,22.1165,21.771,22.0503,7609900.0
2010-03-10,22.0503,22.1826,21.9695,22.0944,7923000.0
2010-03-11,22.0283,22.1826,21.896,22.1753,7902700.0
2010-03-12,22.2708,22.3223,22.0797,22.3223,9897200.0
2010-03-15,22.2488,22.3737,22.1385,22.3223,13020600.0
2010-03-16,22.337,22.6236,22.337,22.6236,14118500.0
2010-03-17,22.6898,22.7633,22.5869,22.6604,10825000.0
2010-03-18,22.6898,22.8221,22.6016,22.8147,10298400.0
2010-03-19,22.7233,22.9519,22.6348,22.7233,8777800.0
2010-03-22,22.5536,22.8265,22.5389,22.7896,6434400.0
2010-03-23,22.8486,23.0478,22.797,23.0478,8871300.0
2010-03-24,22.9667,23.0625,22.8413,22.8855,8390200.0
2010-03-25,23.0994,23.1732,22.8265,22.8708,10004200.0
2010-03-26,22.9445,23.0699,22.8044,22.9298,13362400.0
2010-03-29,23.0699,23.1658,23.0035,23.1363,17198200.0
2010-03-30,23.1953,23.2985,23.0773,23.1732,10610500.0
2010-03-31,23.1363,23.1805,22.974,23.0404,11457200.0
2010-04-01,23.2395,23.2985,23.0183,23.1879,12537700.0
2010-04-05,23.2838,23.4166,23.1953,23.3575,11007700.0
2010-04-06,23.3133,23.4018,23.2395,23.3649,9108500.0
2010-04-07,23.3059,23.3575,23.1142,23.2322,10235200.0
2010-04-08,23.1437,23.3502,23.0625,23.3059,9100600.0
2010-04-09,23.3723,23.446,23.2985,23.4387,6284600.0
2010-04-12,23.4461,23.5788,23.4461,23.4903,6771300.0
2010-04-13,23.4313,23.5862,23.3428,23.5272,8688200.0
2010-04-14,23.6599,23.8517,23.5862,23.8296,13028000.0
2010-04-15,23.8148,24.1098,23.7927,24.0582,6788800.0
2010-04-16,23.9697,24.0287,23.4682,23.6673,26511600.0
2010-04-19,23.6452,23.7116,23.4018,23.6231,16021200.0
2010-04-20,23.8443,23.9697,23.7706,23.8959,13103000.0
2010-04-21,23.9402,24.1098,23.8664,24.0582,19373000.0
2010-04-22,23.9402,24.2942,23.7411,24.2795,11770200.0
2010-04-23,24.3237,24.4491,24.1541,24.427,15681200.0
2010-04-26,24.5892,24.6335,24.4417,24.4786,13312200.0
2010-04-27,24.3532,24.5376,23.8001,23.8886,31528700.0
2010-04-28,23.9771,24.1393,23.8517,24.0582,17520400.0
2010-04-29,24.2573,24.604,24.191,24.604,14211400.0
2010-04-30,24.5818,24.6777,24.0139,24.0213,18401800.0
2010-05-03,24.0361,24.5745,24.0361,24.5007,16977700.0
2010-05-04,24.2278,24.3385,23.5419,23.7263,24814700.0
2010-05-05,23.2985,23.6968,23.2617,23.4239,28450700.0
2010-05-06,23.269,23.5493,20.9753,22.6495,52085700.0
2010-05-07,22.7306,22.7528,21.8308,22.148,48211400.0
2010-05-10,23.4239,23.505,23.0625,23.4165,28537400.0
2010-05-11,23.3059,23.6894,23.1215,23.3502,21220600.0
2010-05-12,23.3944,23.9033,23.3944,23.8664,23705400.0
2010-05-13,23.7632,23.8959,23.4903,23.4977,15827900.0
2010-05-14,23.3502,23.4165,22.8191,23.0035,24135200.0
2010-05-17,23.0773,23.1805,22.4725,22.9445,30408700.0
2010-05-18,23.1437,23.3133,22.5758,22.6569,33891300.0
2010-05-19,22.4209,22.6938,22.0152,22.3693,42144400.0
2010-05-20,21.9784,22.0226,21.3146,21.3957,44338900.0
2010-05-21,21.0196,21.7866,20.9384,21.6981,39374700.0
2010-05-24,21.6244,21.7276,21.3441,21.3736,24343600.0
2010-05-25,20.7246,21.3662,20.5844,21.3588,30028300.0
2010-05-26,21.6612,21.8825,21.3367,21.4031,29128700.0
2010-05-27,21.9415,22.1332,21.7055,22.1259,21078000.0
2010-05-28,22.1259,22.1406,21.617,21.8309,25026100.0
2010-06-01,21.617,21.9562,21.3146,21.3441,27979600.0
2010-06-02,21.3957,21.8972,21.322,21.8972,20844100.0
2010-06-03,22.1111,22.1185,21.794,22.0005,21686700.0
2010-06-04,21.4178,21.5801,20.8721,20.9679,26172400.0
2010-06-07,20.9458,21.0491,20.4148,20.4296,30321200.0
2010-06-08,20.5181,20.7024,20.2083,20.6434,34376900.0
2010-06-09,20.7836,21.145,20.5549,20.6434,30023200.0
2010-06-10,20.9458,21.44,20.9311,21.44,23492500.0
2010-06-11,21.2187,21.5358,21.1081,21.5137,14729700.0
2010-06-14,21.7571,21.8899,21.4547,21.4916,18225100.0
2010-06-15,21.6686,22.1775,21.617,22.1406,17459700.0
2010-06-16,22.0595,22.2513,21.9784,22.0816,15416900.0
2010-06-17,22.2217,22.2217,21.8308,22.148,22397500.0
2010-06-18,22.2051,22.2718,22.0865,22.2347,16529300.0
2010-06-21,22.5534,22.6794,22.1606,22.2718,17337100.0
2010-06-22,22.2495,22.3829,21.6937,21.7307,17664300.0
2010-06-23,21.7011,21.8641,21.4491,21.6492,19311200.0
2010-06-24,21.5973,21.664,21.2193,21.2712,17170800.0
2010-06-25,21.3157,21.4787,21.1156,21.4343,18163500.0
2010-06-28,21.4194,21.5677,21.2267,21.286,11263100.0
2010-06-29,20.9896,20.997,20.2855,20.4633,31116800.0
2010-06-30,20.4263,20.7079,20.2855,20.3299,25416200.0
2010-07-01,20.3077,20.4115,19.9001,20.2706,26089500.0
2010-07-02,20.1372,20.367,19.9223,20.0187,15578900.0
2010-07-06,20.3818,20.4633,19.8556,20.0557,16259000.0
2010-07-07,20.0705,20.782,20.0631,20.7524,17141500.0
2010-07-08,20.9155,21.1082,20.7524,21.0192,17010400.0
2010-07-09,21.0563,21.2267,21.0044,21.2267,12659400.0
2010-07-12,21.1007,21.2342,20.9377,21.1156,14684600.0
2010-07-13,21.3527,21.6047,21.3527,21.4861,15580100.0
2010-07-14,21.4565,21.664,21.3527,21.5306,15997600.0
2010-07-15,21.5603,21.5825,21.1971,21.5232,23101600.0
2010-07-16,21.412,21.412,20.745,20.8043,21563500.0
2010-07-19,20.8562,20.997,20.6783,20.9229,17957000.0
2010-07-20,20.6561,21.3009,20.5597,21.249,17312400.0
2010-07-21,21.4194,21.5084,21.0266,21.1971,31327200.0
2010-07-22,21.4417,21.9679,21.4417,21.8493,24158500.0
2010-07-23,21.8716,22.3533,21.8123,22.2866,25468500.0
2010-07-26,22.4052,22.6794,22.3236,22.6498,17556400.0
2010-07-27,22.8276,22.835,22.4422,22.4941,14145200.0
2010-07-28,22.42,22.5238,22.3459,22.4348,15190500.0
2010-07-29,22.5534,22.6646,22.1754,22.3607,17623300.0
2010-07-30,22.1606,22.5312,22.0642,22.4496,17135700.0
2010-08-02,22.7609,22.924,22.6572,22.8943,15965800.0
2010-08-03,22.8276,22.9018,22.6646,22.7758,11147100.0
2010-08-04,22.8276,22.9981,22.7832,22.9759,9579300.0
2010-08-05,22.7758,23.0203,22.7535,22.9907,20032500.0
2010-08-06,22.7091,22.9462,22.5163,22.8647,13396300.0
2010-08-09,23.087,23.087,22.8573,22.9833,8554800.0
2010-08-10,22.7535,22.9388,22.5831,22.8276,15325000.0
2010-08-11,22.4126,22.4496,21.8419,21.9753,33035000.0
2010-08-12,21.6121,21.8938,21.6047,21.8197,16303800.0
2010-08-13,21.7011,21.9012,21.6788,21.79,8189100.0
2010-08-16,21.6196,21.8345,21.4491,21.7456,10913000.0
2010-08-17,21.9605,22.3681,21.916,22.1235,17148200.0
2010-08-18,22.1458,22.3162,21.9679,22.2051,9109800.0
2010-08-19,22.0568,22.1532,21.5973,21.7307,19386600.0
2010-08-20,21.6492,21.664,21.375,21.6196,13057800.0
2010-08-23,21.753,21.8493,21.3527,21.3824,15057000.0
2010-08-24,21.0785,21.1156,20.745,20.9451,26300800.0
2010-08-25,20.7598,21.0118,20.5078,20.908,31736800.0
2010-08-26,21.0563,21.2119,20.7969,20.8784,19824100.0
2010-08-27,20.9822,21.3527,20.7376,21.3008,19744200.0
2010-08-30,21.1971,21.3231,20.9599,20.9747,15607300.0
2010-08-31,20.8562,21.0711,20.745,20.8932,20418200.0
2010-09-01,21.2045,21.79,21.1897,21.7233,31329300.0
2010-09-02,21.8123,22.0346,21.7455,21.9975,13831600.0
2010-09-03,22.3162,22.4941,22.1754,22.3311,15635200.0
2010-09-07,22.1902,22.2421,22.0642,22.1235,15112700.0
2010-09-08,22.1606,22.4793,22.1235,22.3533,12996100.0
2010-09-09,22.5682,22.6646,22.1976,22.3311,10075600.0
2010-09-10,22.3904,22.5756,22.3459,22.5312,10923700.0
2010-09-13,22.7758,22.8499,22.6349,22.7535,12911800.0
2010-09-14,22.6794,22.8202,22.6053,22.6868,14376800.0
2010-09-15,22.5979,22.7387,22.4867,22.6868,14647100.0
2010-09-16,22.6349,22.6942,22.5312,22.6572,17618900.0
2010-09-17,22.7801,22.9067,22.5864,22.8695,16835100.0
2010-09-20,22.9961,23.2494,22.8471,23.2122,16996000.0
2010-09-21,23.2047,23.4356,23.1526,23.2568,23612800.0
2010-09-22,23.1972,23.3686,23.0408,23.1377,20258000.0
2010-09-23,22.9216,23.1004,22.7279,22.795,17938700.0
2010-09-24,23.2345,23.4505,23.0781,23.4207,17403000.0
2010-09-27,23.4356,23.4505,23.2345,23.2717,10058400.0
2010-09-28,23.3015,23.4505,22.9738,23.3984,19118100.0
2010-09-29,23.3239,23.4729,23.2494,23.3909,12394700.0
2010-09-30,23.5399,23.7708,23.2047,23.3015,23180400.0
2010-10-01,23.4952,23.5474,23.2419,23.3239,13619600.0
2010-10-04,23.2121,23.4282,22.9365,23.0781,14881500.0
2010-10-05,23.3537,23.7932,23.3015,23.6964,15091600.0
2010-10-06,23.6889,23.8975,23.5846,23.8379,13307400.0
2010-10-07,23.9571,23.9571,23.6442,23.7857,9573800.0
2010-10-08,23.8304,24.0763,23.7336,23.9869,12642400.0
2010-10-11,24.0092,24.0539,23.8602,23.9198,7427400.0
2010-10-12,23.8453,23.9869,23.5697,23.9049,12817500.0
2010-10-13,24.0539,24.4189,24.0539,24.2997,27458300.0
2010-10-14,24.2774,24.2997,23.9943,24.1582,11352700.0
2010-10-15,24.2476,24.27,23.8751,24.0092,17888500.0
2010-10-18,23.9943,24.1061,23.9347,23.9943,8869900.0
2010-10-19,23.8304,23.8826,23.525,23.674,21185500.0
2010-10-20,23.7783,24.1135,23.7336,24.0092,17689100.0
2010-10-21,24.121,24.337,23.9869,24.2029,17234400.0
2010-10-22,24.3146,24.3146,24.0614,24.1955,11714700.0
2010-10-25,24.2849,24.5456,24.2476,24.2774,12218800.0
2010-10-26,24.1061,24.2625,23.9943,24.1657,14680400.0
2010-10-27,24.0018,24.039,23.7411,23.9869,15778300.0
2010-10-28,24.0986,24.1806,23.7411,23.9347,13483400.0
2010-10-29,23.8975,24.0092,23.823,23.972,9145200.0
2010-11-01,24.0688,24.2998,23.8453,23.972,9119800.0
2010-11-02,24.1582,24.2551,24.0986,24.2029,8589600.0
2010-11-03,24.1955,24.2774,23.9273,24.2402,16252000.0
2010-11-04,24.5307,24.7989,24.486,24.7542,17072300.0
2010-11-05,24.784,24.9776,24.7318,24.9031,12831400.0
2010-11-08,24.7616,24.8585,24.6871,24.7989,10578000.0
2010-11-09,24.9106,24.9106,24.4785,24.5754,10906400.0
2010-11-10,24.5903,24.6275,24.3445,24.5679,11871200.0
2010-11-11,24.3891,24.4711,24.27,24.4264,9974800.0
2010-11-12,24.27,24.3742,24.0241,24.1433,14176900.0
2010-11-15,24.1806,24.4189,24.1731,24.2178,17186800.0
2010-11-16,24.0539,24.1359,23.7038,23.8304,25695300.0
2010-11-17,23.8304,23.9124,23.7187,23.8453,15984900.0
2010-11-18,24.121,24.3891,24.121,24.3295,18907900.0
2010-11-19,24.2551,24.4115,24.1508,24.404,11092400.0
2010-11-22,24.2997,24.3966,24.0241,24.3519,8655600.0
2010-11-23,24.0986,24.121,23.89,24.0167,14588600.0
2010-11-24,24.1731,24.5903,24.1731,24.5605,11936700.0
2010-11-26,24.337,24.4934,24.2923,24.3593,5191000.0
2010-11-29,24.2178,24.4189,24.0167,24.3519,8081700.0
2010-11-30,24.121,24.4264,24.0688,24.2923,14234300.0
2010-12-01,24.6648,24.9702,24.6648,24.9181,16577100.0
2010-12-02,24.9553,25.3576,24.9255,25.3054,12706300.0
2010-12-03,25.1788,25.3948,25.0745,25.3576,10594000.0
2010-12-06,25.2831,25.4246,25.1937,25.3427,16351000.0
2010-12-07,25.5959,25.6481,25.4022,25.4097,19222200.0
2010-12-08,25.4395,25.514,25.2458,25.3203,18080400.0
2010-12-09,25.4767,25.5214,25.3054,25.3948,10672900.0
2010-12-10,25.4916,25.6704,25.3948,25.6257,9182700.0
2010-12-13,25.812,25.8194,25.6257,25.6406,9198600.0
2010-12-14,25.7077,25.8567,25.6704,25.7598,9619400.0
2010-12-15,25.7375,25.879,25.6108,25.6555,11470800.0
2010-12-16,25.6481,25.9386,25.6108,25.9386,9357600.0
2010-12-17,25.9963,25.9963,25.7492,25.8615,8233700.0
2010-12-20,25.9214,25.9663,25.7267,25.854,7327400.0
2010-12-21,25.9513,26.0861,25.8765,26.0637,7127700.0
2010-12-22,26.1011,26.1385,26.0412,26.1235,5748600.0
2010-12-23,26.1086,26.1235,25.9888,26.0711,4177700.0
2010-12-27,26.0037,26.131,25.9064,26.1161,3151000.0
2010-12-28,26.1385,26.1685,25.9888,26.1011,3581300.0
2010-12-29,26.1834,26.2059,26.1086,26.1235,3893400.0
2010-12-30,26.0936,26.176,26.0487,26.0786,4316100.0
2010-12-31,26.0636,26.146,25.9888,26.1086,4004300.0
2011-01-03,26.2433,26.4455,26.2433,26.2957,6400800.0
2011-01-04,26.3706,26.3706,26.0038,26.2583,10059600.0
2011-01-05,26.1535,26.468,26.1235,26.3931,9908900.0
2011-01-06,26.4305,26.4979,26.2658,26.3482,9881700.0
2011-01-07,26.438,26.5803,26.2284,26.4006,11827900.0
2011-01-10,26.3182,26.4979,26.2284,26.438,9419200.0
2011-01-11,26.6177,26.6626,26.3931,26.5353,7217300.0
2011-01-12,26.73,26.8348,26.6776,26.7525,7173200.0
2011-01-13,26.7749,26.8648,26.7076,26.7824,9859400.0
2011-01-14,26.76,26.9097,26.7076,26.8873,9937400.0
2011-01-18,26.9621,27.0894,26.9322,27.0819,9008500.0
2011-01-19,27.0595,27.0595,26.7001,26.7974,11443600.0
2011-01-20,26.6851,26.7899,26.4904,26.6626,19478600.0
2011-01-21,27.022,27.0894,26.7974,26.8798,13339300.0
2011-01-24,26.9022,27.1718,26.8498,27.1343,9585400.0
2011-01-25,27.0744,27.1269,26.8573,27.1044,12919300.0
2011-01-26,27.0969,27.344,27.0894,27.2616,15748300.0
2011-01-27,27.2916,27.4413,27.2392,27.359,9505800.0
2011-01-28,27.4338,27.5686,26.7899,26.8274,18193600.0
2011-01-31,26.8947,27.1643,26.8573,27.1343,11530400.0
2011-02-01,27.3066,27.5536,27.2392,27.5162,13750600.0
2011-02-02,27.4488,27.5686,27.4039,27.4264,13112900.0
2011-02-03,27.4713,27.4713,27.2541,27.4413,10043600.0
2011-02-04,27.5162,27.5611,27.3365,27.5387,8689400.0
2011-02-07,27.6135,27.8681,27.6135,27.8007,9793100.0
2011-02-08,27.9056,27.9954,27.7708,27.9879,10042000.0
2011-02-09,27.9205,28.0104,27.8382,27.9804,12441700.0
2011-02-10,27.8531,28.1676,27.8007,28.1302,13896800.0
2011-02-11,28.0179,28.3997,27.9879,28.3398,11181900.0
2011-02-14,28.3773,28.3773,28.22,28.3099,6367100.0
2011-02-15,28.25,28.2575,28.0628,28.205,8727900.0
2011-02-16,28.3548,28.4521,28.1526,28.3398,11612500.0
2011-02-17,28.3024,28.4371,28.22,28.4072,10252100.0
2011-02-18,28.4222,28.5195,28.3772,28.4821,10110800.0
2011-02-22,28.1751,28.22,27.5686,27.6585,13824200.0
2011-02-23,27.636,27.636,26.8872,27.1718,52702100.0
2011-02-24,27.1194,27.5012,27.0295,27.329,19511100.0
2011-02-25,27.5312,27.6135,27.4039,27.5761,12152100.0
2011-02-28,27.7258,27.8531,27.5686,27.7109,10364700.0
2011-03-01,27.8531,27.8681,27.0595,27.1194,19055200.0
2011-03-02,27.067,27.4413,27.052,27.2541,22821600.0
2011-03-03,27.606,27.9879,27.5536,27.913,21478900.0
2011-03-04,27.8606,27.9055,27.359,27.5836,19858700.0
2011-03-07,27.7184,27.8082,27.0295,27.329,22908200.0
2011-03-08,27.3814,27.8756,27.2766,27.7558,15960000.0
2011-03-09,27.6809,27.8007,27.4413,27.6959,19656900.0
2011-03-10,27.344,27.4638,27.052,27.1343,31661700.0
2011-03-11,27.0295,27.5761,27.022,27.4563,17054000.0
2011-03-14,27.2766,27.359,26.9247,27.2242,26080600.0
2011-03-15,26.4979,27.1568,26.3407,26.9696,30467800.0
2011-03-16,26.8798,26.9996,26.2658,26.468,31432000.0
2011-03-17,26.9022,27.1643,26.715,26.8798,29099100.0
2011-03-18,27.3062,27.3588,26.9753,27.0505,18417600.0
2011-03-21,27.5844,27.78,27.4641,27.6446,11446200.0
2011-03-22,27.6596,27.6596,27.3739,27.4265,11715200.0
2011-03-23,27.3362,27.5919,27.2084,27.5167,13553600.0
2011-03-24,27.6446,27.8251,27.5092,27.8025,17907900.0
2011-03-25,27.8702,28.0356,27.7724,27.9003,13925100.0
2011-03-28,27.983,28.0732,27.8702,27.8777,9109400.0
2011-03-29,27.8702,28.1033,27.7123,28.1033,10837300.0
2011-03-30,28.2688,28.3139,28.1409,28.2161,14796000.0
2011-03-31,28.1785,28.4041,28.1785,28.3289,12774900.0
2011-04-01,28.4643,28.735,28.4643,28.5621,19057800.0
2011-04-04,28.6749,28.6749,28.4793,28.5997,10353200.0
2011-04-05,28.5545,28.6899,28.4342,28.4944,14542800.0
2011-04-06,28.6824,28.6899,28.3741,28.5245,13959500.0
2011-04-07,28.4718,28.5921,28.2612,28.3891,13420600.0
2011-04-08,28.5545,28.5621,27.983,28.1409,16274600.0
2011-04-11,28.2086,28.3139,28.0131,28.1184,12334800.0
2011-04-12,27.9379,28.0582,27.7574,27.9078,15018800.0
2011-04-13,28.0432,28.0507,27.6671,27.8251,14807200.0
2011-04-14,27.6822,27.8702,27.4265,27.8251,14015700.0
2011-04-15,27.8928,28.0206,27.81,27.9228,17703200.0
2011-04-18,27.6371,27.6371,27.2535,27.5243,18507800.0
2011-04-19,27.5919,27.81,27.5919,27.7649,15654800.0
2011-04-20,28.1785,28.3515,28.1184,28.2161,18107300.0
2011-04-21,28.4192,28.4192,28.1635,28.2989,9687800.0
2011-04-25,28.2838,28.3289,28.1334,28.2161,9685500.0
2011-04-26,28.4568,28.8403,28.3966,28.7576,13200000.0
2011-04-27,28.8328,28.9456,28.5696,28.8854,15930800.0
2011-04-28,28.8854,29.0509,28.8328,28.9832,17612900.0
2011-04-29,29.0659,29.2314,29.0584,29.1035,17245700.0
2011-05-02,29.2991,29.3141,29.0058,29.0584,15333800.0
2011-05-03,29.0133,29.0659,28.7952,28.9381,16555100.0
2011-05-04,28.9306,28.9682,28.4417,28.5169,28869800.0
2011-05-05,28.359,28.7425,28.2236,28.3816,34700000.0
2011-05-06,28.8929,28.9681,28.5245,28.6297,26364600.0
2011-05-09,28.6222,28.8704,28.5545,28.7501,10785700.0
2011-05-10,28.8478,29.0208,28.8478,29.0133,15172600.0
2011-05-11,28.9531,28.9907,28.5245,28.6222,21193700.0
2011-05-12,28.5169,28.7651,28.3515,28.6824,18091100.0
2011-05-13,28.7125,28.7877,28.2612,28.3365,20598400.0
2011-05-16,28.2011,28.4869,28.1635,28.2312,17250800.0
2011-05-17,28.0733,28.1259,27.7348,27.8476,33836400.0
2011-05-18,27.9379,28.2612,27.7574,28.2236,21985800.0
2011-05-19,28.3515,28.5621,28.2688,28.4041,18019800.0
2011-05-20,28.3665,28.3665,28.0131,28.1033,17170400.0
2011-05-23,27.7273,27.8627,27.5619,27.7047,25500000.0
2011-05-24,27.8476,27.8627,27.5092,27.5619,20280700.0
2011-05-25,27.4491,27.9303,27.3889,27.795,20894300.0
2011-05-26,27.6822,27.9604,27.607,27.9078,17458000.0
2011-05-27,28.0056,28.1184,27.9454,28.0432,14888700.0
2011-05-31,28.2688,28.3816,28.0432,28.2989,21659500.0
2011-06-01,28.1785,28.2462,27.2836,27.3739,35595200.0
2011-06-02,27.4491,27.6972,27.2986,27.5167,32240700.0
2011-06-03,27.1257,27.3663,27.058,27.1482,21335300.0
2011-06-06,27.0354,27.2009,26.9001,26.9527,22799800.0
2011-06-07,27.0806,27.1633,26.9226,26.9377,16404900.0
2011-06-08,26.87,26.9151,26.6594,26.7046,29280100.0
2011-06-09,26.8098,27.0204,26.7346,26.9076,20611200.0
2011-06-10,26.7647,26.8174,26.4413,26.4789,23679800.0
2011-06-13,26.6068,26.667,26.3586,26.4865,22249700.0
2011-06-14,26.7798,27.1031,26.7572,26.9903,20142100.0
2011-06-15,26.7497,26.9076,26.5165,26.5842,28389000.0
2011-06-16,26.5767,26.855,26.4564,26.6745,25782000.0
2011-06-17,26.9503,27.0108,26.7009,26.7916,28587900.0
2011-06-20,26.6707,27.0712,26.6707,27.0259,15241400.0
2011-06-21,27.2073,27.5096,27.1695,27.4491,20737900.0
2011-06-22,27.366,27.6078,27.2753,27.298,14254500.0
2011-06-23,26.8974,27.2602,26.7009,27.2375,22866400.0
2011-06-24,27.2375,27.2829,26.8823,26.9276,12507900.0
2011-06-27,26.905,27.2526,26.8294,27.1393,11199400.0
2011-06-28,27.2526,27.57,27.1695,27.5625,13263900.0
2011-06-29,27.759,27.7968,27.4869,27.7061,19847200.0
2011-06-30,27.7665,28.22,27.7287,28.1444,18578500.0
2011-07-01,28.1293,28.7112,28.1142,28.6508,23998200.0
2011-07-05,28.6281,28.6357,28.4014,28.4921,19248800.0
2011-07-06,28.4392,28.7188,28.4165,28.6432,19802800.0
2011-07-07,28.9531,29.0438,28.8019,28.9455,30538300.0
2011-07-08,28.5601,28.5979,28.3938,28.5828,21673800.0
2011-07-11,28.2502,28.3107,27.9479,28.0537,20456200.0
2011-07-12,27.9479,28.0537,27.7514,27.7817,31263100.0
2011-07-13,27.9782,28.22,27.8194,27.895,15477200.0
2011-07-14,27.895,28.0688,27.5096,27.5927,20189500.0
2011-07-15,27.7061,27.7136,27.3509,27.6154,17199600.0
2011-07-18,27.4642,27.5474,27.1393,27.3055,17277300.0
2011-07-19,27.4718,27.7287,27.4113,27.6607,15177900.0
2011-07-20,27.7892,27.8194,27.6154,27.7136,9926400.0
2011-07-21,27.8875,28.2276,27.8421,28.1293,18054300.0
2011-07-22,28.0084,28.0311,27.7363,27.8346,20127000.0
2011-07-25,27.5851,27.9857,27.5474,27.8194,13278600.0
2011-07-26,27.7212,27.7439,27.2375,27.3055,24912000.0
2011-07-27,27.177,27.1922,26.4893,26.5649,42181100.0
2011-07-28,26.5951,26.837,26.2777,26.3382,32606300.0
2011-07-29,26.0812,26.4666,25.8393,26.2097,27382200.0
2011-08-01,26.5724,26.6178,25.7411,26.0434,36471600.0
2011-08-02,25.7865,26.0207,25.1365,25.1365,43640200.0
2011-08-03,25.1592,25.3783,24.6906,25.3632,49331300.0
2011-08-04,24.94,24.9929,23.9575,24.0029,49619600.0
2011-08-05,24.343,24.4941,23.4058,24.0029,67180800.0
2011-08-08,23.1413,23.5645,22.2949,22.31,64519200.0
2011-08-09,22.6123,23.4134,21.9396,23.4134,55589000.0
2011-08-10,22.9599,23.0884,22.2042,22.2193,45042000.0
2011-08-11,22.4158,23.625,22.2571,23.2773,40559500.0
2011-08-12,23.5796,23.8593,23.3227,23.7308,29823800.0
2011-08-15,23.8744,24.1389,23.829,24.086,36619200.0
2011-08-16,23.8139,24.018,23.5418,23.7459,29966700.0
2011-08-17,23.95,24.086,23.4889,23.6703,28800600.0
2011-08-18,22.9826,23.0053,22.1437,22.3629,36126900.0
2011-08-19,22.0152,22.7181,21.985,22.0152,36632900.0
2011-08-22,22.5972,22.5972,22.0228,22.0984,26082800.0
2011-08-23,22.1815,22.8768,22.0454,22.8768,30759300.0
2011-08-24,22.8088,23.3831,22.7407,23.3378,19658800.0
2011-08-25,23.4965,23.6174,22.8163,22.8995,23237000.0
2011-08-26,22.7559,23.4663,22.3629,23.3756,24837300.0
2011-08-29,23.6401,24.1389,23.6401,24.1162,22386300.0
2011-08-30,24.0407,24.4941,23.8517,24.3203,25620800.0
2011-08-31,24.5395,24.8569,24.2749,24.4866,32650500.0
2011-09-01,24.5243,24.7737,24.0633,24.086,39363900.0
2011-09-02,23.557,23.6552,23.2244,23.3151,30905300.0
2011-09-06,22.6652,23.1262,22.4838,23.0733,25692100.0
2011-09-07,23.4889,23.8139,23.3907,23.7912,26052400.0
2011-09-08,23.5192,23.8517,23.3378,23.436,24264700.0
2011-09-09,23.1564,23.2698,22.6652,22.8088,34468600.0
2011-09-12,22.4762,22.8768,22.2873,22.8541,30422400.0
2011-09-13,22.9372,23.436,22.8012,23.2773,41508700.0
2011-09-14,23.4134,24.0255,22.9297,23.6855,35106900.0
2011-09-15,23.9424,24.1842,23.8215,24.1691,32996200.0
2011-09-16,24.2664,24.4716,24.046,24.2968,30668200.0
2011-09-19,23.932,24.1752,23.6812,24.0688,25728600.0
2011-09-20,24.1828,24.35,23.8712,23.894,24276800.0
2011-09-21,23.8332,23.8636,22.8832,22.906,39438900.0
2011-09-22,22.2828,22.3892,21.7737,22.0472,49906200.0
2011-09-23,21.9332,22.488,21.9332,22.2752,40959900.0
2011-09-26,22.5108,22.8832,22.1536,22.8376,28701200.0
2011-09-27,23.4,23.6508,23.0884,23.2404,31931700.0
2011-09-28,23.2784,23.4912,22.6172,22.6476,22879400.0
2011-09-29,23.1264,23.2708,22.488,22.9744,25937500.0
2011-09-30,22.5792,22.716,22.1992,22.2068,35514500.0
2011-10-03,22.0397,22.4272,21.5533,21.5837,31693400.0
2011-10-04,21.2797,22.184,21.0289,22.184,37532700.0
2011-10-05,22.1688,22.716,22.0473,22.6552,26507900.0
2011-10-06,22.6476,23.1416,22.412,23.1112,18317500.0
2011-10-07,23.3392,23.362,22.83,23.058,26463200.0
2011-10-10,23.4836,23.8712,23.3772,23.8636,19918900.0
2011-10-11,23.6508,24.0232,23.6432,23.932,17798900.0
2011-10-12,24.1296,24.5096,24.046,24.236,26361000.0
2011-10-13,24.0916,24.1144,23.7268,24.0308,14207000.0
2011-10-14,24.3272,24.4944,24.16,24.464,12087800.0
2011-10-17,24.3956,24.3956,23.7268,23.7648,15218300.0
2011-10-18,23.7876,24.7072,23.6736,24.4488,22586500.0
2011-10-19,24.4564,24.5932,24.0688,24.1524,14325500.0
2011-10-20,24.2208,24.4564,23.97,24.3576,17668000.0
2011-10-21,24.5856,24.8592,24.502,24.8288,17444000.0
2011-10-24,25.0036,25.3836,24.9276,25.2924,20781300.0
2011-10-25,24.9732,25.072,24.578,24.7756,21930900.0
2011-10-26,25.11,25.1556,24.616,24.9504,19522200.0
2011-10-27,25.7408,26.2804,25.604,26.0372,27019600.0
2011-10-28,26.0068,26.1056,25.8776,26.0372,11953200.0
2011-10-31,25.7712,25.8092,25.376,25.3988,14055300.0
2011-11-01,24.6236,25.0112,24.4412,24.6312,33656400.0
2011-11-02,25.2088,25.2696,24.8744,25.1176,15434600.0
2011-11-03,25.452,25.7712,25.148,25.7332,18669300.0
2011-11-04,25.49,25.5812,25.1252,25.5356,12744600.0
2011-11-07,25.5356,25.68,25.1404,25.5964,14388400.0
2011-11-08,25.7028,25.908,25.3912,25.8852,16127700.0
2011-11-09,25.3532,25.3532,24.7832,24.882,23690600.0
2011-11-10,25.262,25.3608,25.0112,25.186,23184700.0
2011-11-11,25.4596,25.8776,25.4596,25.7864,13918200.0
2011-11-14,25.718,25.8168,25.4824,25.6268,11332300.0
2011-11-15,25.5052,25.8928,25.4368,25.7788,12431600.0
2011-11-16,25.4748,25.8472,25.3532,25.3988,14013800.0
2011-11-17,25.3456,25.3988,24.7452,24.958,23763800.0
2011-11-18,25.0872,25.1632,24.882,25.0188,13851100.0
2011-11-21,24.6388,24.6388,24.1676,24.4412,18028600.0
2011-11-22,24.4336,24.464,24.1068,24.2816,19366600.0
2011-11-23,24.084,24.0916,23.704,23.7192,18880000.0
2011-11-25,23.6204,24.0004,23.6204,23.6812,7025200.0
2011-11-28,24.4032,24.6312,24.2968,24.4792,15618000.0
2011-11-29,24.5628,24.7984,24.4336,24.502,18321400.0
2011-11-30,25.3152,25.756,25.1632,25.756,23767800.0
2011-12-01,25.6116,25.8168,25.566,25.6724,17912100.0
2011-12-02,25.8396,26.022,25.5888,25.6192,18373000.0
2011-12-05,26.0372,26.098,25.7104,25.8928,17993100.0
2011-12-06,25.946,26.0828,25.7864,25.8852,12618300.0
2011-12-07,25.9004,25.9688,25.5356,25.8776,25265900.0
2011-12-08,25.7104,25.7636,25.1784,25.2392,17456600.0
2011-12-09,25.4216,25.8776,25.376,25.8168,22390300.0
2011-12-12,25.604,25.604,25.1404,25.3456,15878100.0
2011-12-13,25.566,25.6724,24.8972,25.0112,25786600.0
2011-12-14,24.806,25.0036,24.6616,24.7148,19622000.0
2011-12-15,25.0568,25.0948,24.7908,24.8896,14535100.0
2011-12-16,25.1023,25.3471,24.8957,24.9952,35073700.0
2011-12-19,25.0487,25.2477,24.6509,24.7351,16276600.0
2011-12-20,25.1023,25.6302,25.1023,25.5843,24973900.0
2011-12-21,25.5537,25.6608,25.2324,25.5919,18990000.0
2011-12-22,25.6225,25.8827,25.6225,25.8368,12781100.0
2011-12-23,25.9439,26.0816,25.8291,26.0816,5526300.0
2011-12-27,25.9821,26.1275,25.9286,26.074,5313800.0
2011-12-28,26.1045,26.1045,25.5996,25.6608,10798600.0
2011-12-29,25.6761,26.0051,25.6684,25.9821,6053600.0
2011-12-30,25.9286,26.028,25.8215,25.8215,4281700.0
2012-01-03,26.3264,26.6324,26.3264,26.3876,19704600.0
2012-01-04,26.3035,26.5406,26.2423,26.51,10290300.0
2012-01-05,26.3417,26.533,26.1275,26.5177,8828900.0
2012-01-06,26.5789,26.5789,26.38,26.4641,8702400.0
2012-01-09,26.5406,26.7013,26.4259,26.6631,15523400.0
2012-01-10,27.0303,27.0992,26.9691,27.0456,17201200.0
2012-01-11,26.9461,27.1833,26.9308,27.1297,9828900.0
2012-01-12,27.2139,27.4205,27.0762,27.3669,9283500.0
2012-01-13,27.1527,27.191,26.9002,27.1527,10858400.0
2012-01-17,27.5199,27.5658,27.2522,27.2904,10633500.0
2012-01-18,27.1986,27.5505,27.168,27.5352,15984200.0
2012-01-19,27.6806,27.8336,27.6118,27.826,9950600.0
2012-01-20,27.6653,27.7342,27.5582,27.6653,11160200.0
2012-01-23,27.6194,27.8872,27.5429,27.6347,13137700.0
2012-01-24,27.4205,27.673,27.3669,27.6653,5679000.0
2012-01-25,27.5582,28.0555,27.4358,27.9713,13684300.0
2012-01-26,28.1473,28.2468,27.8336,27.9178,11594900.0
2012-01-27,27.7877,27.9943,27.7648,27.8949,6931100.0
2012-01-30,27.6424,27.8183,27.5429,27.7954,9735600.0
2012-01-31,27.9178,28.0172,27.5735,27.7112,18226900.0
2012-02-01,27.9254,28.1703,27.9254,28.0096,11770900.0
2012-02-02,28.0708,28.1167,27.9407,28.0249,9223800.0
2012-02-03,28.3386,28.5528,28.2927,28.5069,11529700.0
2012-02-06,28.308,28.5069,28.2927,28.438,8686800.0
2012-02-07,28.3768,28.4686,28.1397,28.4074,9038900.0
2012-02-08,28.4686,28.5222,28.3309,28.4686,10111800.0
2012-02-09,28.5758,28.5987,28.3845,28.5452,9383900.0
2012-02-10,28.2927,28.3003,28.1014,28.285,14726700.0
2012-02-13,28.5299,28.6523,28.3309,28.6293,16480700.0
2012-02-14,28.5452,28.5528,28.3233,28.5299,13354100.0
2012-02-15,28.6293,28.6293,28.0861,28.155,18457100.0
2012-02-16,28.155,28.4304,28.0861,28.4151,12220200.0
2012-02-17,28.4993,28.6064,28.4227,28.5222,9207600.0
2012-02-21,28.6676,28.7441,28.5146,28.6217,13518700.0
2012-02-22,28.5911,28.6676,28.484,28.5911,9040900.0
2012-02-23,28.5605,28.7135,28.438,28.6829,9914900.0
2012-02-24,28.7517,28.8129,28.6293,28.6752,8444500.0
2012-02-27,28.4839,28.8129,28.3921,28.6982,13756800.0
2012-02-28,28.6752,28.7288,28.5375,28.6599,12782300.0
2012-02-29,28.7364,28.7823,28.4304,28.4839,14362100.0
2012-03-01,28.5299,28.6982,28.461,28.5834,15367900.0
2012-03-02,28.6064,28.6523,28.3233,28.4151,11497300.0
2012-03-05,28.3462,28.3768,28.1167,28.2162,15998800.0
2012-03-06,27.8107,27.9101,27.5123,27.5811,27730300.0
2012-03-07,27.6806,27.9101,27.6577,27.8642,14552900.0
2012-03-08,28.1167,28.3233,27.9943,28.2621,16027500.0
2012-03-09,28.3233,28.438,28.1626,28.3233,17457500.0
2012-03-12,28.3615,28.4074,28.2315,28.3156,10597700.0
2012-03-13,28.5069,28.92,28.3615,28.9047,25778700.0
2012-03-14,28.8512,28.9813,28.7517,28.8359,12873000.0
2012-03-15,28.92,29.2031,28.7747,29.1802,15961100.0
2012-03-16,29.2778,29.2855,29.0933,29.1932,10822600.0
2012-03-19,29.1779,29.2932,29.0779,29.1932,13637700.0
2012-03-20,28.955,29.0241,28.7397,28.855,16481000.0
2012-03-21,28.9165,28.955,28.7705,28.8397,9452100.0
2012-03-22,28.6244,28.6321,28.2862,28.5168,20800100.0
2012-03-23,28.4861,28.6091,28.3247,28.5629,11167800.0
2012-03-26,28.7858,28.9857,28.7858,28.9857,22876500.0
2012-03-27,29.0011,29.0472,28.8858,28.8935,11364300.0
2012-03-28,28.855,28.9242,28.3708,28.6167,26574800.0
2012-03-29,28.3554,28.6706,28.2478,28.6321,18527600.0
2012-03-30,28.8012,28.8397,28.6168,28.7628,12711400.0
2012-04-02,28.7013,29.0472,28.5629,28.9473,24390700.0
2012-04-03,28.8704,28.9473,28.6091,28.7397,10447200.0
2012-04-04,28.463,28.586,28.4015,28.5322,13437700.0
2012-04-05,28.4477,28.5706,28.3785,28.4169,10535800.0
2012-04-09,27.9557,28.0787,27.8789,27.9557,13811000.0
2012-04-10,27.925,27.925,27.3331,27.3869,21444600.0
2012-04-11,27.7482,27.8174,27.5945,27.6944,19239100.0
2012-04-12,27.7482,28.3016,27.6944,28.2862,24078200.0
2012-04-13,28.1094,28.1556,27.9173,27.925,17836200.0
2012-04-16,28.0941,28.217,27.8942,28.0018,20864200.0
2012-04-17,28.2017,28.5322,28.0787,28.463,16312000.0
2012-04-18,28.3247,28.4553,28.2632,28.34,13415200.0
2012-04-19,28.3554,28.4169,27.8635,28.0249,25315800.0
2012-04-20,28.2709,28.3938,28.1479,28.2632,18231800.0
2012-04-23,27.9096,27.9788,27.7328,27.948,25099300.0
2012-04-24,28.0787,28.34,28.0556,28.317,15002500.0
2012-04-25,28.5399,28.5706,28.2862,28.3708,18132200.0
2012-04-26,28.3093,28.5706,28.2555,28.5399,14809200.0
2012-04-27,28.6936,28.7859,28.5168,28.7167,14101000.0
2012-04-30,28.6091,28.6552,28.34,28.4476,16463800.0
2012-05-01,28.3862,28.7474,28.1632,28.5322,17561900.0
2012-05-02,28.3324,28.563,28.2709,28.5399,10896500.0
2012-05-03,28.5476,28.5937,28.2324,28.3093,12904900.0
2012-05-04,28.1709,28.2017,27.825,27.9019,20063400.0
2012-05-07,27.7482,27.9634,27.7405,27.825,15554200.0
2012-05-08,27.6559,27.8097,27.3792,27.7559,18180500.0
2012-05-09,27.4177,27.6944,27.2563,27.433,31133700.0
2012-05-10,27.6636,27.7712,27.4177,27.4715,13300000.0
2012-05-11,27.3024,27.7097,27.2947,27.4177,14050700.0
2012-05-14,27.1717,27.3331,26.9872,27.1025,23499400.0
2012-05-15,27.0564,27.2639,26.8873,26.9642,14061700.0
2012-05-16,27.1717,27.3101,26.9027,26.9334,14807700.0
2012-05-17,26.9104,26.9565,26.3416,26.3569,23972500.0
2012-05-18,26.4415,26.6106,26.1494,26.2263,21477400.0
2012-05-21,26.3877,26.8335,26.3723,26.8104,16473500.0
2012-05-22,26.9104,27.0795,26.7259,26.9104,14386000.0
2012-05-23,26.6874,27.1102,26.4261,27.0564,25824400.0
2012-05-24,27.1256,27.1563,26.7259,27.0257,13768100.0
2012-05-25,27.0333,27.0871,26.7797,26.8412,8026500.0
2012-05-29,27.0641,27.287,27.041,27.2024,14105300.0
2012-05-30,26.9565,26.9565,26.6951,26.7489,15655500.0
2012-05-31,26.6721,26.8412,26.3416,26.649,17828700.0
2012-06-01,26.1187,26.2493,25.8804,25.9111,24430500.0
2012-06-04,25.9265,25.9572,25.4269,25.6421,23893000.0
2012-06-05,25.5729,25.7574,25.473,25.719,17784400.0
2012-06-06,25.9495,26.4107,25.9034,26.403,20089700.0
2012-06-07,26.7259,26.9488,26.5107,26.5491,21550300.0
2012-06-08,26.5414,26.772,26.38,26.7489,12401500.0
2012-06-11,27.0256,27.041,26.3723,26.403,15671400.0
2012-06-12,26.526,26.8566,26.3877,26.8258,20210900.0
2012-06-13,26.7105,26.8258,26.4338,26.5568,22045200.0
2012-06-14,26.626,26.8719,26.4645,26.7643,22125000.0
2012-06-15,26.891,27.0068,26.8446,26.9991,12906000.0
2012-06-18,26.8832,27.1613,26.7983,27.0609,13380900.0
2012-06-19,27.1844,27.5706,27.1767,27.4238,12630300.0
2012-06-20,27.3389,27.4238,27.084,27.2771,20907000.0
2012-06-21,27.3698,27.447,26.7133,26.7442,16671700.0
2012-06-22,26.8215,26.8987,26.6361,26.8369,11993100.0
2012-06-25,26.5203,26.5666,26.2345,26.3426,20371600.0
2012-06-26,26.389,26.4662,26.1341,26.389,13684600.0
2012-06-27,26.4894,26.7056,26.443,26.6438,14267600.0
2012-06-28,26.4585,26.6516,26.304,26.6207,18115400.0
2012-06-29,27.2076,27.5474,27.084,27.5474,18557700.0
2012-07-02,27.6169,27.6632,27.1226,27.308,14682400.0
2012-07-03,27.2848,27.6015,27.2617,27.5938,10841200.0
2012-07-05,27.4393,27.6787,27.393,27.5629,8771000.0
2012-07-06,27.308,27.308,27.0223,27.1922,9875000.0
2012-07-09,26.9759,27.2385,26.945,27.1767,7220700.0
2012-07-10,27.3389,27.4084,26.5743,26.7365,32477900.0
2012-07-11,26.7211,26.7674,26.389,26.5203,22717500.0
2012-07-12,26.3658,26.5512,26.1573,26.4199,31597700.0
2012-07-13,26.4739,26.945,26.4353,26.9296,23745400.0
2012-07-16,26.806,26.8292,26.5512,26.7442,15931600.0
2012-07-17,26.6902,26.9682,26.5048,26.8601,17282200.0
2012-07-18,26.7751,27.4316,26.7751,27.3621,30367800.0
2012-07-19,27.4316,27.586,27.2926,27.4933,14611600.0
2012-07-20,27.308,27.4161,27.1227,27.1535,16714900.0
2012-07-23,26.7365,27.1149,26.6438,27.0145,15299000.0
2012-07-24,27.0377,27.0763,26.5048,26.7133,22018500.0
2012-07-25,26.9064,27.0454,26.6284,26.806,23365000.0
2012-07-26,27.1149,27.3312,27.0068,27.2153,16735900.0
2012-07-27,27.2539,27.949,27.2539,27.81,18798400.0
2012-07-30,27.7714,27.9335,27.6478,27.7328,12948400.0
2012-07-31,27.725,27.8718,27.6401,27.6555,13125300.0
2012-08-01,27.7946,27.8409,27.4547,27.4702,17120500.0
2012-08-02,27.3698,27.4856,27.03,27.3312,16934400.0
2012-08-03,27.6787,28.0494,27.671,27.9258,16954500.0
2012-08-06,28.0494,28.1652,27.9258,27.9258,14753100.0
2012-08-07,28.0417,28.3429,28.0417,28.2116,16614200.0
2012-08-08,28.1035,28.2116,28.0262,28.173,10220100.0
2012-08-09,28.1575,28.2579,28.088,28.1961,12669800.0
2012-08-10,28.088,28.3429,28.0185,28.3274,10449000.0
2012-08-13,28.2733,28.2965,28.0725,28.2656,13026200.0
2012-08-14,28.4047,28.4047,28.1575,28.227,9495500.0
2012-08-15,28.0803,28.3351,28.0726,28.2888,9977000.0
2012-08-16,28.2811,28.6286,28.2347,28.5745,12786000.0
2012-08-17,28.5745,28.7367,28.5745,28.7136,8877500.0
2012-08-20,28.6363,28.7058,28.5205,28.6518,6612400.0
2012-08-21,28.7522,28.8757,28.5128,28.59,10171300.0
2012-08-22,28.4819,28.5745,28.3351,28.451,10960400.0
2012-08-23,28.4124,28.4124,28.1575,28.2193,11985000.0
2012-08-24,28.1189,28.4278,28.1112,28.3506,8736200.0
2012-08-27,28.4046,28.4432,28.2425,28.2656,5977000.0
2012-08-28,28.2348,28.3043,28.1498,28.1575,8513600.0
2012-08-29,28.1575,28.2579,28.0494,28.1498,8432100.0
2012-08-30,28.0494,28.0648,27.8409,27.9104,8604100.0
2012-08-31,28.0957,28.2116,27.9027,28.0803,9433100.0
2012-09-04,27.9876,28.0494,27.6633,27.7868,17603100.0
2012-09-05,27.7945,27.8486,27.6092,27.7096,11777300.0
2012-09-06,27.864,28.3429,27.864,28.3351,12695200.0
2012-09-07,28.4201,28.6054,28.4124,28.5745,10639100.0
2012-09-10,28.4896,28.5591,28.3815,28.3892,8961600.0
2012-09-11,28.3815,28.6209,28.366,28.5436,10463700.0
2012-09-12,28.6286,28.7136,28.5282,28.6595,8450400.0
2012-09-13,28.59,29.1074,28.4587,28.9839,16405700.0
2012-09-14,28.868,29.4009,28.868,29.1615,12253000.0
2012-09-17,29.0534,29.1229,28.953,29.0225,7801500.0
2012-09-18,28.9221,29.0379,28.8989,29.0302,8073100.0
2012-09-19,28.9761,29.146,28.8912,29.0997,9284300.0
2012-09-20,28.8448,28.8526,28.6904,28.8217,12558200.0
2012-09-21,28.9538,28.9771,28.6351,28.7362,15043900.0
2012-09-24,28.5574,28.8061,28.5263,28.7362,11603200.0
2012-09-25,28.7284,28.775,28.3475,28.3553,14575300.0
2012-09-26,28.3709,28.3786,28.1454,28.2465,12515200.0
2012-09-27,28.3553,28.5496,28.2154,28.5108,13296800.0
2012-09-28,28.3475,28.5108,28.1843,28.3942,13149000.0
2012-10-01,28.5419,28.775,28.433,28.5263,14698000.0
2012-10-02,28.6274,28.6584,28.3708,28.4797,10302000.0
2012-10-03,28.604,28.6818,28.402,28.6274,7830300.0
2012-10-04,28.7828,28.8528,28.6818,28.7906,8888800.0
2012-10-05,28.9849,29.0859,28.7595,28.8839,10555200.0
2012-10-08,28.7129,28.8606,28.674,28.8139,4917400.0
2012-10-09,28.8139,28.845,28.4641,28.4797,10963500.0
2012-10-10,28.3709,28.4641,28.1843,28.2154,14504500.0
2012-10-11,28.4175,28.5341,28.3009,28.3009,8828800.0
2012-10-12,28.4175,28.5574,28.2232,28.332,9760800.0
2012-10-15,28.332,28.5419,28.2853,28.5263,9734700.0
2012-10-16,28.5963,28.8528,28.5963,28.8295,9357800.0
2012-10-17,28.8839,29.0393,28.8295,29.0005,7774700.0
2012-10-18,28.8761,29.1792,28.8605,29.086,15649400.0
2012-10-19,28.8372,28.9305,28.4875,28.5963,15722900.0
2012-10-22,28.5108,28.7206,28.2698,28.5185,14300700.0
2012-10-23,28.1765,28.3242,28.0677,28.2309,13211400.0
2012-10-24,28.3709,28.3786,28.0133,28.0522,12980200.0
2012-10-25,28.3087,28.3709,27.9744,28.2076,14927000.0
2012-10-26,28.161,28.3631,28.0677,28.2309,10533400.0
2012-10-31,28.3631,28.5885,28.262,28.3631,10557300.0
2012-11-01,28.4408,28.9227,28.332,28.8683,15309200.0
2012-11-02,29.0316,29.1015,28.6118,28.6274,13364000.0
2012-11-05,28.5185,28.8295,28.503,28.7828,8533000.0
2012-11-06,28.9227,29.2336,28.8683,29.0937,10045200.0
2012-11-07,28.8528,28.8528,28.2543,28.4097,17347500.0
2012-11-08,28.4097,28.4952,28.1066,28.1144,13404000.0
2012-11-09,27.99,28.4331,27.9822,28.1921,13425000.0
2012-11-12,28.2698,28.4097,28.1688,28.2698,7727700.0
2012-11-13,28.0289,28.4797,28.0289,28.1921,9957900.0
2012-11-14,28.2854,28.2854,27.4537,27.5314,22260800.0
2012-11-15,27.4148,27.6791,27.3993,27.5314,15774000.0
2012-11-16,27.4614,27.6791,27.3526,27.6091,13761100.0
2012-11-19,27.9511,28.1377,27.8734,28.1299,10984600.0
2012-11-20,28.1454,28.1843,27.9278,28.1532,8771800.0
2012-11-21,28.1377,28.2543,28.0833,28.1921,4986700.0
2012-11-23,28.2543,28.5574,28.2543,28.5574,3286600.0
2012-11-26,28.4486,28.5963,28.3864,28.5807,7471900.0
2012-11-27,28.6118,28.7673,28.4875,28.5185,9702800.0
2012-11-28,28.3709,28.7828,28.2543,28.7595,11098800.0
2012-11-29,28.915,29.0238,28.7362,28.9227,10531000.0
2012-11-30,28.8916,28.9771,28.7984,28.8605,7943400.0
2012-12-03,29.0082,29.0626,28.5496,28.5496,10585100.0
2012-12-04,28.6196,28.7828,28.5341,28.6585,7176000.0
2012-12-05,28.7206,29.0704,28.5341,28.9616,13665100.0
2012-12-06,28.946,28.9849,28.7673,28.9538,5501600.0
2012-12-07,29.117,29.1637,28.9538,29.1404,6771000.0
2012-12-10,29.1326,29.3191,29.0626,29.288,7387800.0
2012-12-11,29.4435,29.5135,29.288,29.3502,9455300.0
2012-12-12,29.4979,29.6301,29.3658,29.3969,6911500.0
2012-12-13,29.3425,29.5212,29.2103,29.3036,9328400.0
2012-12-14,29.2336,29.4046,29.2259,29.2414,6747900.0
2012-12-17,29.3813,29.5212,29.3191,29.5135,9667100.0
2012-12-18,29.5445,29.9254,29.4668,29.8943,11656700.0
2012-12-19,29.941,29.9487,29.7156,29.7311,15895400.0
2012-12-20,29.77,29.8866,29.7,29.8866,7665800.0
2012-12-21,29.4559,29.7456,29.362,29.6986,10871700.0
2012-12-24,29.6282,29.6986,29.5577,29.6125,1647100.0
2012-12-26,29.6987,29.7221,29.4716,29.5107,6267300.0
2012-12-27,29.5499,29.5734,29.1505,29.4637,6387000.0
2012-12-28,29.2367,29.4559,29.1114,29.1427,6626000.0
2012-12-31,29.0644,29.6986,29.0018,29.6752,13414400.0
2013-01-02,30.3172,30.466,30.1841,30.3877,14885700.0
2013-01-03,30.3564,30.6069,30.325,30.4033,9592100.0
2013-01-04,30.5208,30.6539,30.4503,30.6304,6466400.0
2013-01-07,30.5364,30.5599,30.3877,30.4973,5513800.0
2013-01-08,30.4033,30.4738,30.1606,30.2624,7543400.0
2013-01-09,30.3798,30.6304,30.3564,30.5678,6851700.0
2013-01-10,30.7243,30.74,30.4973,30.7165,11710300.0
2013-01-11,30.6304,30.6852,30.5443,30.6069,6999900.0
2013-01-14,30.6617,30.7322,30.5912,30.7243,6250500.0
2013-01-15,30.5599,30.8418,30.5443,30.8105,5115200.0
2013-01-16,30.646,30.7009,30.6069,30.6852,7569900.0
2013-01-17,30.834,31.0689,30.7557,31.0141,11890000.0
2013-01-18,31.1393,31.2881,30.9984,31.2646,10912700.0
2013-01-22,31.1941,31.3899,31.1393,31.3899,7550200.0
2013-01-23,31.3194,31.4447,31.2411,31.3977,6430700.0
2013-01-24,31.4056,32.0319,31.3742,31.5856,6893000.0
2013-01-25,31.6874,31.7266,31.5465,31.6874,6908900.0
2013-01-28,31.8127,31.8284,31.57,31.7109,5583500.0
2013-01-29,31.6404,31.7892,31.5935,31.7814,5456100.0
2013-01-30,31.7501,31.8205,31.476,31.4917,6991200.0
2013-01-31,31.3821,31.5387,31.3116,31.3821,9929300.0
2013-02-01,31.5778,31.7266,31.5073,31.6874,8661400.0
2013-02-04,31.5308,31.5935,31.3742,31.4134,8989600.0
2013-02-05,31.5856,31.7735,31.5386,31.7031,8590700.0
2013-02-06,31.5935,31.7344,31.523,31.7109,11049500.0
2013-02-07,31.7579,31.7971,31.4369,31.6718,8007000.0
2013-02-08,31.7188,31.8205,31.6639,31.7971,7164200.0
2013-02-11,31.7344,31.8205,31.7031,31.7736,7718700.0
2013-02-12,31.8362,31.9693,31.8284,31.9145,5780100.0
2013-02-13,32.0789,32.1964,31.9928,32.0868,6412200.0
2013-02-14,31.9458,32.1494,31.891,32.1337,9256100.0
2013-02-15,32.1807,32.2355,32.0476,32.1494,8009200.0
2013-02-19,32.2747,32.4078,32.1807,32.3843,8524900.0
2013-02-20,32.4234,32.4313,31.938,31.9615,10619200.0
2013-02-21,31.8362,31.891,31.5856,31.7266,15582800.0
2013-02-22,31.844,32.0163,31.844,31.9771,9693400.0
2013-02-25,32.1494,32.1885,31.3038,31.3194,10921300.0
2013-02-26,31.4055,31.5778,31.2959,31.5073,14203900.0
2013-02-27,31.5152,32.1964,31.4682,32.1024,10214100.0
2013-02-28,32.1572,32.3295,32.0476,32.0789,11140000.0
2013-03-01,31.8753,32.1416,31.6874,32.0241,11544800.0
2013-03-04,31.9615,31.9693,31.6483,31.9615,17799700.0
2013-03-05,32.1651,32.5879,32.1651,32.4156,12343100.0
2013-03-06,32.6192,32.627,32.3608,32.4156,11365300.0
2013-03-07,32.5017,32.5644,32.3921,32.4391,6392600.0
2013-03-08,32.6661,32.7758,32.5252,32.7444,7986200.0
2013-03-11,32.7131,32.8697,32.6427,32.8541,6118800.0
2013-03-12,32.7445,32.8306,32.5252,32.6662,11166800.0
2013-03-13,32.6662,32.8462,32.5957,32.8227,7192600.0
2013-03-14,32.8854,33.0107,32.8541,32.9794,5869900.0
2013-03-15,32.9495,33.036,32.8708,33.0045,9136300.0
2013-03-18,32.7686,33.0674,32.6271,32.8001,6696600.0
2013-03-19,32.8394,32.9416,32.5484,32.7686,12386200.0
2013-03-20,32.9337,32.9731,32.6978,32.8079,16633100.0
2013-03-21,32.6742,32.9888,32.4147,32.4776,6847500.0
2013-03-22,32.7293,32.7371,32.4855,32.7293,6952300.0
2013-03-25,32.8237,32.8394,32.2968,32.4383,18316700.0
2013-03-26,32.5956,32.6271,32.4855,32.6035,8772200.0
2013-03-27,32.4541,32.6271,32.2811,32.6035,6666500.0
2013-03-28,32.5563,32.8472,32.5563,32.8394,7850900.0
2013-04-01,32.7922,32.8001,32.3754,32.4383,15500700.0
2013-04-02,32.5484,32.5877,32.2732,32.3361,11715400.0
2013-04-03,32.399,32.4462,32.0923,32.1395,20235400.0
2013-04-04,32.171,32.3282,32.1395,32.2811,12607200.0
2013-04-05,31.8564,32.2417,31.8013,32.2181,12848400.0
2013-04-08,32.1945,32.4069,32.0923,32.4069,8246300.0
2013-04-09,32.5012,32.627,32.2889,32.5091,10682100.0
2013-04-10,32.6585,32.9731,32.5327,32.9416,11590300.0
2013-04-11,32.9809,33.1303,32.8551,33.0281,9855000.0
2013-04-12,32.9102,32.9652,32.7214,32.8394,7438400.0
2013-04-15,32.6192,32.6585,31.8171,31.8407,29888200.0
2013-04-16,32.1316,32.2968,32.0294,32.2732,10143300.0
2013-04-17,32.0137,32.0687,31.5576,31.7384,15939300.0
2013-04-18,31.8485,31.8485,31.4711,31.5969,16722700.0
2013-04-19,31.6283,31.7856,31.4789,31.7542,15449100.0
2013-04-22,31.7778,31.8879,31.4789,31.7935,13880400.0
2013-04-23,31.9272,32.0766,31.7148,32.0215,11194400.0
2013-04-24,32.171,32.4069,32.1474,32.3518,9976300.0
2013-04-25,32.4619,32.6664,32.3675,32.517,9845400.0
2013-04-26,32.4776,32.5956,32.3518,32.4226,7837600.0
2013-04-29,32.5563,32.6664,32.3675,32.5877,7934300.0
2013-04-30,32.6349,32.6349,32.344,32.5956,8112900.0
2013-05-01,32.399,32.5091,32.1631,32.1709,12152700.0
2013-05-02,32.281,32.6113,32.281,32.572,7422000.0
2013-05-03,32.9259,33.3191,32.8944,33.1303,14713900.0
2013-05-06,33.1382,33.3741,33.091,33.3427,13657900.0
2013-05-07,33.4292,33.6572,33.382,33.6493,14716800.0
2013-05-08,33.5943,33.8695,33.5314,33.8617,9877400.0
2013-05-09,33.8774,34.0425,33.7673,33.8617,8065700.0
2013-05-10,33.9167,33.9796,33.7201,33.9639,9576300.0
2013-05-13,33.9246,33.9403,33.728,33.8302,5737800.0
2013-05-14,33.9403,34.247,33.846,34.247,9893500.0
2013-05-15,34.0897,34.3964,34.0425,34.3885,12427900.0
2013-05-16,34.247,34.4436,34.1605,34.2155,12043500.0
2013-05-17,34.365,34.7424,34.3492,34.7346,14377300.0
2013-05-20,34.6323,34.9469,34.6323,34.8368,14154300.0
2013-05-21,34.8447,35.0334,34.7896,34.884,11247100.0
2013-05-22,34.939,35.1513,34.4593,34.5773,16560400.0
2013-05-23,34.1526,34.5615,34.1526,34.4829,10855000.0
2013-05-24,34.2706,34.4279,34.1133,34.3728,8787600.0
2013-05-28,34.7975,34.8761,34.4908,34.5537,13685500.0
2013-05-29,34.3885,34.5144,34.247,34.3571,9298000.0
2013-05-30,34.4593,34.7188,34.3728,34.5616,7269400.0
2013-05-31,34.4751,34.8211,34.1998,34.2313,11180400.0
2013-06-03,34.3728,34.4515,33.9954,34.3964,25628800.0
2013-06-04,34.3964,34.5773,33.9718,34.2077,12262700.0
2013-06-05,34.074,34.1133,33.5471,33.5864,12775200.0
2013-06-06,33.6415,33.8302,33.4606,33.7988,13916500.0
2013-06-07,34.0819,34.4515,33.9482,34.4357,14067500.0
2013-06-10,34.5537,34.5537,34.2234,34.3335,9390300.0
2013-06-11,33.9954,34.3099,33.901,34.019,9883800.0
2013-06-12,34.2785,34.302,33.728,33.783,11072600.0
2013-06-13,33.7516,34.3414,33.6808,34.2785,12985500.0
2013-06-14,34.247,34.4121,34.0111,34.0504,8207200.0
2013-06-17,34.2706,34.4357,34.1133,34.3178,8527400.0
2013-06-18,34.3335,34.8053,34.3256,34.7188,8798300.0
2013-06-19,34.6481,34.7346,34.192,34.192,13613100.0
2013-06-20,33.8617,33.9246,33.3741,33.4134,19493200.0
2013-06-21,33.6948,33.7264,33.1969,33.434,14635300.0
2013-06-24,33.1257,33.1732,32.6989,32.8728,17405800.0
2013-06-25,33.1652,33.347,33.0309,33.2443,8717400.0
2013-06-26,33.5604,33.7106,33.3787,33.5684,14745100.0
2013-06-27,33.845,33.9952,33.7422,33.9003,9177300.0
2013-06-28,33.8292,33.9557,33.6474,33.7027,13129300.0
2013-07-01,33.9794,34.256,33.845,34.0426,15781300.0
2013-07-02,33.924,34.0821,33.5684,33.679,12916900.0
2013-07-03,33.5446,33.8055,33.4735,33.6948,6081900.0
2013-07-05,33.9557,34.2244,33.8134,34.2244,5687500.0
2013-07-08,34.2876,34.5326,34.2639,34.3192,10901800.0
2013-07-09,34.5722,34.9674,34.5643,34.8014,13045100.0
2013-07-10,34.8093,34.9674,34.6749,34.7935,9349600.0
2013-07-11,35.323,35.3705,35.1492,35.3468,14058700.0
2013-07-12,35.2203,35.2994,34.9516,35.1334,11366200.0
2013-07-15,35.2361,35.3231,35.1808,35.2598,11794300.0
2013-07-16,35.3151,35.3625,35.0227,35.0701,6269200.0
2013-07-17,35.244,35.323,35.1096,35.1729,9605200.0
2013-07-18,35.2519,35.6313,35.2045,35.5286,10896300.0
2013-07-19,35.655,35.9079,35.6076,35.8921,13266600.0
2013-07-22,35.9554,36.0186,35.8526,35.9158,5960900.0
2013-07-23,36.0344,36.0739,35.7815,35.8921,6252900.0
2013-07-24,36.0107,36.0739,35.5602,35.6155,10965000.0
2013-07-25,35.5207,35.6313,35.3151,35.6313,7031800.0
2013-07-26,35.4574,35.5365,35.3073,35.5128,5800300.0
2013-07-29,35.3626,35.5523,35.3547,35.4179,8372300.0
2013-07-30,35.5681,35.7578,35.4732,35.5681,7145100.0
2013-07-31,35.6234,35.9633,35.6234,35.6945,12300000.0
2013-08-01,35.9,36.3506,35.9,36.3032,12594500.0
2013-08-02,36.1767,36.3743,36.0818,36.3743,5985800.0
2013-08-05,36.2241,36.3348,36.1767,36.232,4468100.0
2013-08-06,36.1688,36.1688,35.9,35.9633,8233700.0
2013-08-07,35.8052,35.9238,35.7182,35.9079,8927600.0
2013-08-08,36.1055,36.1846,35.9238,36.0739,4971300.0
2013-08-09,36.0977,36.0977,35.8131,35.9554,5525800.0
2013-08-12,35.7341,36.0423,35.7182,36.0028,6165300.0
2013-08-13,36.0186,36.2557,35.8842,36.1609,7791700.0
2013-08-14,36.1293,36.2004,35.9,35.9079,10253000.0
2013-08-15,35.5602,35.6155,35.3863,35.5048,7586200.0
2013-08-16,35.4811,35.655,35.4021,35.5523,8138800.0
2013-08-19,35.4495,35.6076,35.3626,35.3626,5182300.0
2013-08-20,35.4021,35.576,35.2677,35.4258,6768600.0
2013-08-21,35.3705,35.4574,35.1413,35.1808,7865000.0
2013-08-22,35.2598,35.7182,35.2598,35.6629,9124600.0
2013-08-23,35.7499,35.7499,35.4969,35.6708,5267700.0
2013-08-26,35.742,35.8842,35.5523,35.5918,6568200.0
2013-08-27,35.1808,35.3072,34.833,34.8725,14017100.0
2013-08-28,34.7856,35.0464,34.754,34.9041,7962900.0
2013-08-29,34.8172,35.1887,34.8014,35.0069,4614400.0
2013-08-30,35.0859,35.1492,34.7223,34.8093,8162900.0
2013-09-03,35.1412,35.3705,34.8804,35.0306,9736700.0
2013-09-04,34.9911,35.4495,34.9674,35.3863,7486900.0
2013-09-05,35.4337,35.5839,35.3072,35.4732,4880200.0
2013-09-06,35.6392,35.7499,35.1334,35.4574,11587200.0
2013-09-09,35.5839,35.987,35.576,35.9,8454200.0
2013-09-10,36.1925,36.4849,36.1372,36.4217,14050400.0
2013-09-11,36.4138,36.5877,36.3111,36.5719,11984400.0
2013-09-12,36.5403,36.6351,36.3901,36.4217,8270400.0
2013-09-13,36.4928,36.5324,36.3031,36.5245,6506600.0
2013-09-16,36.9908,37.1094,36.8643,36.9987,15482500.0
2013-09-17,36.9592,37.2042,36.9434,37.1568,7651000.0
2013-09-18,37.1884,37.7022,37.0619,37.6231,12259900.0
2013-09-19,37.7575,37.9472,37.718,37.7496,12368500.0
2013-09-20,37.8441,37.86,37.2644,37.2882,11923900.0
2013-09-23,37.2247,37.3279,36.9944,37.1691,7456100.0
2013-09-24,37.1453,37.5185,37.1294,37.3041,6755000.0
2013-09-25,37.3438,37.4232,37.1374,37.1374,8193200.0
2013-09-26,37.2009,37.3835,37.1215,37.3041,5383000.0
2013-09-27,37.058,37.1136,36.915,37.0659,5966100.0
2013-09-30,36.6848,36.9945,36.6213,36.8515,7457800.0
2013-10-01,36.8356,37.1691,36.8277,37.0818,11204000.0
2013-10-02,36.8753,36.9627,36.6848,36.9071,9274700.0
2013-10-03,36.8992,36.8992,36.2639,36.5021,15708500.0
2013-10-04,36.5339,36.7642,36.4227,36.7404,9868400.0
2013-10-07,36.2719,36.7324,36.2719,36.4863,8956500.0
2013-10-08,36.518,36.6133,36.0575,36.0734,17558800.0
2013-10-09,36.2242,36.2242,35.8034,36.0575,14004300.0
2013-10-10,36.4863,37.0024,36.4148,36.9865,14282100.0
2013-10-11,36.923,37.2247,36.8992,37.1612,8039000.0
2013-10-14,36.9865,37.3279,36.8833,37.3041,9823100.0
2013-10-15,37.2247,37.32,36.8912,36.9309,13450200.0
2013-10-16,37.1056,37.2565,36.8992,37.1771,11994900.0
2013-10-17,37.0342,37.4709,37.0262,37.4629,10314700.0
2013-10-18,37.6932,37.9473,37.6138,37.8679,12946800.0
2013-10-21,37.9235,38.0029,37.8917,37.9632,6115400.0
2013-10-22,38.0902,38.4396,38.0902,38.2173,8021700.0
2013-10-23,38.1617,38.257,37.9791,38.2332,8815400.0
2013-10-24,38.3046,38.5587,38.2729,38.519,8296900.0
2013-10-25,38.6063,38.7334,38.384,38.7175,10031400.0
2013-10-28,38.5905,38.7652,38.5746,38.6619,6626200.0
2013-10-29,38.7175,38.7731,38.519,38.7731,7591100.0
2013-10-30,38.8604,38.9002,38.4872,38.5984,8914100.0
2013-10-31,38.5349,38.8684,38.4475,38.6063,9897500.0
2013-11-01,38.6937,38.9716,38.5666,38.8843,9922600.0
2013-11-04,39.0431,39.0431,38.9001,39.0272,5477400.0
2013-11-05,38.8763,39.0748,38.6619,38.9875,6572100.0
2013-11-06,39.1543,39.2019,38.9002,39.0987,5889600.0
2013-11-07,39.2098,39.321,38.6222,38.6858,10880700.0
2013-11-08,38.654,39.2098,38.6302,39.2098,8964900.0
2013-11-11,39.2019,39.2257,39.0907,39.1781,5319400.0
2013-11-12,39.0431,39.2654,39.0034,39.1939,10837900.0
2013-11-13,38.9875,39.4242,38.9557,39.4242,9779500.0
2013-11-14,39.3686,39.6624,39.3686,39.5751,11060700.0
2013-11-15,39.6863,39.7498,39.5354,39.7101,7836800.0
2013-11-18,39.9006,40.0197,39.6783,39.7736,6686900.0
2013-11-19,39.7498,39.8371,39.4401,39.4877,9411800.0
2013-11-20,39.6307,39.6307,39.2257,39.3131,9381700.0
2013-11-21,39.4798,39.6704,39.3528,39.6307,6829300.0
2013-11-22,39.7498,39.98,39.6148,39.98,5430400.0
2013-11-25,40.0594,40.1071,39.7974,39.8927,7895000.0
2013-11-26,39.9006,40.0674,39.853,39.9721,8142500.0
2013-11-27,40.0674,40.1944,40.0277,40.1309,3774500.0
2013-11-29,40.2818,40.3215,39.9721,40.0198,6964900.0
2013-12-02,40.0039,40.0833,39.7577,39.853,6976700.0
2013-12-03,39.7895,39.7895,39.3686,39.5116,8976000.0
2013-12-04,39.321,39.6386,39.0113,39.3528,6776400.0
2013-12-05,39.3528,39.5513,39.2734,39.3686,6939600.0
2013-12-06,39.853,39.988,39.7418,39.9721,8399500.0
2013-12-09,40.0039,40.1309,39.988,40.0753,5566600.0
2013-12-10,40.0039,40.2183,39.8609,39.988,10114300.0
2013-12-11,40.0039,40.0039,39.321,39.3607,11225000.0
2013-12-12,39.2654,39.5195,39.2495,39.4004,9293200.0
2013-12-13,39.4639,39.6068,39.3369,39.5195,6254100.0
2013-12-16,39.6465,40.0277,39.6465,39.8927,9108300.0
2013-12-17,40.0277,40.0753,39.8133,39.8768,11324000.0
2013-12-18,39.988,40.5676,39.6307,40.5438,21338300.0
2013-12-19,40.4882,40.6073,40.3135,40.5835,13576700.0
2013-12-20,40.6546,41.0376,40.5668,40.9099,13806000.0
2013-12-23,41.1254,41.1653,40.9818,41.0696,6969500.0
2013-12-24,41.0616,41.2691,41.0616,41.2611,2765300.0
2013-12-26,41.3968,41.5883,41.2611,41.5484,6725200.0
2013-12-27,41.732,41.732,41.4447,41.5005,4157300.0
2013-12-30,41.5165,41.5484,41.4127,41.4606,4944000.0
2013-12-31,41.5963,41.7399,41.5245,41.708,6575600.0
2014-01-02,41.4846,41.5564,41.0695,41.1254,9337000.0
2014-01-03,41.2371,41.4207,41.1653,41.2371,6104000.0
2014-01-06,41.4367,41.5564,40.9977,40.9977,7486900.0
2014-01-07,41.2132,41.3489,41.1094,41.2531,7068800.0
2014-01-08,41.2611,41.2771,41.0217,41.1813,8091500.0
2014-01-09,41.4207,41.5404,41.1174,41.3808,10795300.0
2014-01-10,41.4526,41.4766,41.1733,41.4446,12522200.0
2014-01-13,41.3409,41.5803,40.894,40.9419,12241300.0
2014-01-14,41.1494,41.4048,40.9898,41.3728,9435800.0
2014-01-15,41.4766,41.7559,41.4367,41.6681,6790200.0
2014-01-16,41.5165,41.6202,41.4287,41.5644,8180600.0
2014-01-17,41.4127,41.4686,41.2611,41.3569,8662300.0
2014-01-21,41.5564,41.7479,41.1653,41.3968,11033500.0
2014-01-22,41.5484,41.5803,41.3808,41.5245,6348800.0
2014-01-23,41.2771,41.3968,40.894,41.0297,8550600.0
2014-01-24,40.7503,40.7503,39.7447,39.7527,25688100.0
2014-01-27,39.9363,40.0959,39.5213,39.7926,17553000.0
2014-01-28,39.9123,40.2795,39.9123,40.1677,9909400.0
2014-01-29,39.7527,40.0719,39.633,39.7367,15007700.0
2014-01-30,40.0959,40.2236,39.8565,40.1278,9984800.0
2014-01-31,39.4574,40.2076,39.4574,39.9283,15208000.0
2014-02-03,39.8325,40.0879,38.803,38.819,23578000.0
2014-02-04,38.9626,39.202,38.6114,39.0663,14235900.0
2014-02-05,38.9067,39.202,38.6194,39.0504,15364900.0
2014-02-06,39.218,39.649,39.1382,39.5931,13598300.0
2014-02-07,39.7926,40.3114,39.7926,40.2794,15046600.0
2014-02-10,40.3193,40.3353,39.9363,40.0241,14047400.0
2014-02-11,40.1677,40.6306,40.0959,40.471,10364000.0
2014-02-12,40.5348,40.7423,40.5189,40.7024,10282600.0
2014-02-13,40.4311,40.7902,40.2954,40.7344,11396800.0
2014-02-14,40.6865,41.1095,40.6226,40.9977,9132200.0
2014-02-18,41.1174,41.1972,40.8221,40.9658,7282200.0
2014-02-19,40.9179,41.1574,40.5588,40.5827,10443000.0
2014-02-20,40.7264,41.1015,40.5268,40.9658,15387500.0
2014-02-21,41.1254,41.2052,40.9578,41.0137,6108500.0
2014-02-24,41.1653,41.6841,41.1015,41.3249,9311600.0
2014-02-25,41.2691,41.4207,41.0775,41.1893,7522100.0
2014-02-26,41.2771,41.3968,41.0695,41.2292,10607400.0
2014-02-27,41.1733,41.4686,41.1095,41.4686,5723700.0
2014-02-28,41.4846,41.7719,41.3409,41.5484,12876700.0
2014-03-03,41.1015,41.4048,40.9658,41.2691,17327500.0
2014-03-04,41.6522,42.0751,41.5963,41.8676,12361000.0
2014-03-05,41.9554,42.0672,41.8676,41.9235,11014900.0
2014-03-06,42.131,42.2587,42.0352,42.1629,9427300.0
2014-03-07,42.4423,42.4981,42.1949,42.2986,12752100.0
2014-03-10,42.1789,42.2348,41.8517,42.115,8201100.0
2014-03-11,42.2826,42.2826,41.708,41.8118,9575600.0
2014-03-12,41.5644,41.7399,41.4207,41.732,12433300.0
2014-03-13,41.8996,41.9953,40.9658,41.1414,17725500.0
2014-03-14,41.0775,41.293,40.9179,40.9818,17127600.0
2014-03-17,41.1494,41.6282,41.1494,41.4846,11471900.0
2014-03-18,41.5564,41.8038,41.5484,41.708,7434300.0
2014-03-19,41.708,41.7799,41.0456,41.2771,13222700.0
2014-03-20,41.2771,41.4367,41.0855,41.3968,11205800.0
2014-03-21,41.6493,41.7775,41.3687,41.4008,13683400.0
2014-03-24,41.5931,41.6252,41.0321,41.2645,14063100.0
2014-03-25,41.4809,41.7535,41.4248,41.6413,11722300.0
2014-03-26,41.9058,41.9058,41.2164,41.2164,9906800.0
2014-03-27,41.2164,41.2805,40.8958,41.1603,9369500.0
2014-03-28,41.2485,41.6332,41.2405,41.4649,8982600.0
2014-03-31,41.6813,42.018,41.6813,41.9458,7563100.0
2014-04-01,42.1222,42.3787,41.9699,42.2424,13773800.0
2014-04-02,42.2745,42.5711,42.2585,42.539,12812900.0
2014-04-03,42.6031,42.6272,42.4027,42.6031,9268300.0
2014-04-04,42.8035,42.8757,42.01,42.1142,14930600.0
2014-04-07,42.002,42.1382,41.4248,41.513,12402800.0
2014-04-08,41.4489,41.6573,41.2485,41.513,9462400.0
2014-04-09,41.7374,42.0741,41.5611,42.042,11329100.0
2014-04-10,41.9779,42.1382,41.2084,41.2084,11634000.0
2014-04-11,41.0882,41.2645,40.7916,40.7996,11243000.0
2014-04-14,41.0721,41.2565,40.7034,41.032,6844900.0
2014-04-15,41.1042,41.3767,40.6713,41.3206,14535100.0
2014-04-16,41.4489,41.9619,41.4489,41.9539,9096000.0
2014-04-17,42.042,42.4027,41.9699,42.2825,12903800.0
2014-04-21,42.3546,42.4428,42.1382,42.4027,9673300.0
2014-04-22,42.531,42.6753,42.4107,42.4268,11155800.0
2014-04-23,42.4428,42.6753,42.4107,42.5871,8965000.0
2014-04-24,42.7955,42.7955,42.3146,42.5069,11864200.0
2014-04-25,42.3146,42.4428,41.9859,42.0901,6997500.0
2014-04-28,42.2585,42.3947,41.6893,42.1142,12105400.0
2014-04-29,42.2424,42.2745,41.9298,42.2264,9382800.0
2014-04-30,42.2344,42.5631,42.1462,42.5069,13299600.0
2014-05-01,42.4669,42.6111,42.2504,42.4027,10600400.0
2014-05-02,42.4027,42.6191,42.3306,42.3386,8701100.0
2014-05-05,42.2184,42.4829,42.0019,42.4268,5358600.0
2014-05-06,42.3627,42.3707,42.0661,42.1062,6032300.0
2014-05-07,42.1623,42.4829,41.9859,42.4669,7959000.0
2014-05-08,42.4107,42.7314,42.3306,42.4588,8034200.0
2014-05-09,42.3867,42.515,42.2023,42.4909,5133400.0
2014-05-12,42.6352,43.1402,42.6192,43.1241,11275000.0
2014-05-13,43.1883,43.3406,43.1241,43.1963,8650500.0
2014-05-14,43.2203,43.2363,42.7955,42.8756,6946900.0
2014-05-15,42.6913,42.7715,42.2184,42.4989,13016200.0
2014-05-16,42.4909,42.555,42.3065,42.555,7490300.0
2014-05-19,42.4588,42.7554,42.3627,42.7234,4645800.0
2014-05-20,42.7234,42.7234,42.01,42.1542,9782300.0
2014-05-21,42.2745,42.5871,42.2745,42.5711,7658900.0
2014-05-22,42.6512,42.7795,42.4749,42.6512,4482100.0
2014-05-23,42.7153,42.9478,42.6512,42.9238,3732400.0
2014-05-27,43.052,43.2123,43.0279,43.1482,6702700.0
2014-05-28,43.2364,43.3566,43.1642,43.1803,10303800.0
2014-05-29,43.2844,43.3566,43.0921,43.3566,4218400.0
2014-05-30,43.3245,43.3806,43.1883,43.3245,6156200.0
2014-06-02,43.3486,43.573,43.1803,43.5089,7070700.0
2014-06-03,43.3967,43.541,43.2925,43.4608,4007000.0
2014-06-04,43.3646,43.4928,43.3325,43.4528,3792100.0
2014-06-05,43.5409,43.9578,43.4768,43.8936,5805600.0
2014-06-06,43.9658,44.3345,43.9498,44.3345,8384300.0
2014-06-09,44.3185,44.7433,44.2624,44.5589,11160300.0
2014-06-10,44.4547,44.5429,44.2704,44.4547,3846600.0
2014-06-11,44.3105,44.3105,44.0459,44.1261,5541500.0
2014-06-12,44.07,44.07,43.4528,43.5329,10181700.0
2014-06-13,43.565,43.7975,43.5009,43.6852,6885600.0
2014-06-16,43.6772,43.7413,43.4848,43.6371,6861400.0
2014-06-17,43.6131,43.8375,43.4848,43.7574,9600600.0
2014-06-18,43.9016,44.0539,43.581,44.0059,12209900.0
2014-06-19,44.0459,44.1341,43.8856,44.1181,7149000.0
2014-06-20,44.2067,44.3274,44.1583,44.3033,4304700.0
2014-06-23,44.416,44.416,43.9651,44.0456,5192400.0
2014-06-24,43.9732,44.1422,43.5544,43.6027,7429900.0
2014-06-25,43.4739,43.7316,43.4578,43.643,6506400.0
2014-06-26,43.6913,43.7316,43.3129,43.6108,6845400.0
2014-06-27,43.4659,43.8685,43.3048,43.7155,8214600.0
2014-06-30,43.6994,43.7235,43.49,43.5303,7963600.0
2014-07-01,43.5786,43.957,43.5786,43.796,8026200.0
2014-07-02,43.6752,43.8523,43.643,43.7235,10068000.0
2014-07-03,43.9087,44.1342,43.9007,44.0859,8550300.0
2014-07-07,44.0778,44.0778,43.7155,43.7718,9334300.0
2014-07-08,43.7074,43.7155,43.3531,43.4739,8154200.0
2014-07-09,43.6672,43.6913,43.4256,43.5464,8600600.0
2014-07-10,43.0552,43.4659,43.0069,43.2887,10553800.0
2014-07-11,43.3451,43.5544,43.1921,43.5383,10186800.0
2014-07-14,43.7879,43.9329,43.6994,43.7879,9399900.0
2014-07-15,43.8524,44.0134,43.635,43.8121,6921300.0
2014-07-16,43.9409,44.0617,43.8121,43.9973,5963700.0
2014-07-17,43.8362,43.8846,43.2967,43.3129,14896000.0
2014-07-18,43.4658,43.7155,43.4175,43.6752,6424400.0
2014-07-21,43.6188,43.7074,43.3531,43.651,9365700.0
2014-07-22,43.8524,43.9168,43.7396,43.8121,5319300.0
2014-07-23,43.8201,43.9007,43.6269,43.6349,7924400.0
2014-07-24,43.6752,43.6833,43.3692,43.4256,10014600.0
2014-07-25,43.3209,43.4981,43.2484,43.3129,7514800.0
2014-07-28,43.3048,43.3209,42.87,43.0954,13004100.0
2014-07-29,43.0713,43.1357,42.556,42.556,13456500.0
2014-07-30,42.6767,42.7734,42.3305,42.5962,14834700.0
2014-07-31,42.2661,42.5721,41.7105,41.7346,17185600.0
2014-08-01,41.63,41.944,41.3964,41.6944,15724600.0
2014-08-04,41.7829,41.8957,41.477,41.8393,9212400.0
2014-08-05,41.6219,42.0326,41.4689,41.5897,13501500.0
2014-08-06,41.4206,41.5655,41.2273,41.3803,31000700.0
2014-08-07,41.6058,41.7588,41.3401,41.4206,14560100.0
2014-08-08,41.5253,42.0406,41.3803,42.0084,11882700.0
2014-08-11,42.1936,42.4191,42.0326,42.1775,7057100.0
2014-08-12,42.1372,42.3466,42.0084,42.0809,11550900.0
2014-08-13,42.2419,42.5157,42.2419,42.4915,7600500.0
2014-08-14,42.4996,42.6928,42.4915,42.6767,7470600.0
2014-08-15,42.8539,42.9022,42.2822,42.5881,11193000.0
2014-08-18,42.87,43.2323,42.8539,43.2323,7944300.0
2014-08-19,43.3209,43.4014,43.2645,43.337,6246500.0
2014-08-20,43.3773,43.8685,43.329,43.796,26415100.0
2014-08-21,43.8443,43.8846,43.6349,43.7557,9971800.0
2014-08-22,43.7074,43.7879,43.4981,43.6027,5621900.0
2014-08-25,43.804,43.8685,43.6994,43.7718,3997800.0
2014-08-26,43.8363,43.8524,43.6108,43.6269,2874100.0
2014-08-27,43.7235,43.7396,43.5142,43.6027,3757600.0
2014-08-28,43.5222,43.5464,43.3209,43.5383,4227200.0
2014-08-29,43.5625,43.6108,43.329,43.4981,5453300.0
2014-09-02,43.5947,43.7718,43.4498,43.643,7153200.0
2014-09-03,43.7396,43.796,43.5061,43.5866,5289400.0
2014-09-04,43.6672,43.9248,43.5222,43.6027,6924900.0
2014-09-05,43.5625,43.7557,43.3773,43.7477,9279800.0
2014-09-08,43.6752,43.8604,43.6672,43.7074,5321100.0
2014-09-09,43.7638,43.7799,43.4981,43.5705,5796600.0
2014-09-10,43.5464,43.6591,43.3692,43.6027,5445100.0
2014-09-11,43.4095,43.6672,43.4095,43.6188,5783900.0
2014-09-12,43.5303,43.6028,43.3531,43.4739,9045800.0
2014-09-15,43.4175,43.5222,43.2484,43.4578,7027300.0
2014-09-16,43.4095,43.7557,43.2484,43.6994,7319400.0
2014-09-17,43.7718,44.0859,43.6672,43.8685,9715900.0
2014-09-18,43.9731,44.1422,43.949,44.0778,8057200.0
2014-09-19,44.3343,44.3586,43.9702,44.0349,9271200.0
2014-09-22,43.954,43.9783,43.4929,43.5414,10709000.0
2014-09-23,43.3796,43.4767,43.1693,43.1855,8630000.0
2014-09-24,43.2097,43.4605,43.0318,43.412,8569800.0
2014-09-25,43.2583,43.2906,42.7243,42.7324,10761400.0
2014-09-26,42.8538,43.234,42.7405,43.1288,5839000.0
2014-09-29,42.7324,43.1369,42.6758,43.0641,7661600.0
2014-09-30,43.1207,43.3149,42.9266,42.9994,12380000.0
2014-10-01,42.8619,42.8619,42.0933,42.1904,20308400.0
2014-10-02,42.1742,42.3279,41.7616,42.1418,13007000.0
2014-10-03,42.4574,42.7891,42.3926,42.7163,14246700.0
2014-10-06,42.9589,43.0318,42.4654,42.5868,12069800.0
2014-10-07,42.2632,42.3522,41.5513,41.5513,19321900.0
2014-10-08,41.5674,42.336,41.2681,42.2956,23937700.0
2014-10-09,42.2066,42.2794,41.2438,41.3166,23240000.0
2014-10-10,41.3166,41.3975,40.7018,40.7099,20032100.0
2014-10-13,40.8231,41.2034,40.0465,40.0788,24625300.0
2014-10-14,40.3944,41.1387,40.3054,40.6371,22094900.0
2014-10-15,40.006,40.7341,39.5044,40.54,28271700.0
2014-10-16,39.8685,41.1872,39.7633,40.8393,43949200.0
2014-10-17,41.6321,41.9072,41.438,41.6483,24733100.0
2014-10-20,41.5593,41.7778,41.4299,41.7697,17450100.0
2014-10-21,42.0528,42.7486,42.0367,42.7001,12829700.0
2014-10-22,42.8699,42.8699,42.1014,42.1418,16417700.0
2014-10-23,42.7324,43.3635,42.6758,43.0722,23317200.0
2014-10-24,43.323,43.4767,42.9509,43.4525,8938000.0
2014-10-27,43.3473,43.4767,43.0641,43.4363,9692900.0
2014-10-28,43.6951,44.2453,43.6951,44.2048,10066800.0
2014-10-29,44.3586,44.3586,43.7194,44.0511,12580600.0
2014-10-30,43.865,44.3909,43.679,44.2291,10528600.0
2014-10-31,44.9249,44.9249,44.5365,44.666,10174400.0
2014-11-03,44.7307,44.7712,44.4152,44.6093,11111400.0
2014-11-04,44.5527,44.7873,44.4314,44.5851,6232600.0
2014-11-05,44.9734,44.9734,44.6093,44.8601,8110600.0
2014-11-06,44.941,45.386,44.8763,45.3294,5731600.0
2014-11-07,45.3455,45.4265,45.1837,45.3941,8241600.0
2014-11-10,45.4346,45.6449,45.3779,45.6206,6131300.0
2014-11-11,45.6853,45.742,45.4426,45.564,9905400.0
2014-11-12,45.3698,45.7015,45.3698,45.6287,7108400.0
2014-11-13,45.6287,45.8067,45.3617,45.4993,6437000.0
2014-11-14,45.4669,45.6611,45.4103,45.5559,5554500.0
2014-11-17,45.4265,45.6044,45.3536,45.4912,4271100.0
2014-11-18,45.4669,45.9442,45.4669,45.831,8658600.0
2014-11-19,45.8067,45.8229,45.5235,45.6934,5200400.0
2014-11-20,45.5559,45.8714,45.4022,45.8148,7383100.0
2014-11-21,46.3487,46.3892,46.1546,46.2598,7509600.0
2014-11-24,46.3892,46.5429,46.2759,46.3811,6706900.0
2014-11-25,46.4944,46.6157,46.3487,46.5186,8276900.0
2014-11-26,46.5429,46.551,46.3406,46.4296,5373800.0
2014-11-28,46.551,46.5591,45.9766,46.0413,5866000.0
2014-12-01,45.8957,45.8957,45.3375,45.4507,16636300.0
2014-12-02,45.6287,45.8876,45.4426,45.8391,6621000.0
2014-12-03,45.8714,46.5186,45.8714,46.4539,11434700.0
2014-12-04,46.4054,46.4216,46.017,46.2193,6474500.0
2014-12-05,46.2921,46.5025,46.1869,46.3245,7454600.0
2014-12-08,46.2516,46.3245,45.6692,45.8148,8838300.0
2014-12-09,45.3051,45.8795,45.1757,45.8229,10282200.0
2014-12-10,45.6934,45.7824,44.9006,44.9491,12942200.0
2014-12-11,44.8763,45.5478,44.8116,45.1676,11749900.0
2014-12-12,44.7954,44.9896,44.3262,44.3505,13168800.0
2014-12-15,44.7226,44.7469,43.9702,44.2048,16225600.0
2014-12-16,44.132,45.119,44.0997,44.2453,15504600.0
2014-12-17,44.1158,44.7712,43.8003,44.6579,21899700.0
2014-12-18,45.5074,45.8148,45.119,45.7824,14040400.0
2014-12-19,45.9256,46.2185,45.8117,46.0395,12359000.0
2014-12-22,46.2104,46.4951,46.1453,46.4788,6987900.0
2014-12-23,46.7148,46.8368,46.5683,46.6497,5552900.0
2014-12-24,46.7554,46.8287,46.6578,46.6985,1958200.0
2014-12-26,46.8612,46.8612,46.6985,46.6985,5733900.0
2014-12-29,46.6415,46.8124,46.2998,46.7717,3566200.0
2014-12-30,46.967,46.967,46.43,46.4951,3602800.0
2014-12-31,46.6822,46.6822,46.007,46.0314,5572900.0
2015-01-02,46.2592,46.3243,45.5758,45.9744,10982800.0
2015-01-05,45.592,45.771,44.8029,44.9005,15144700.0
2015-01-06,44.9493,44.9981,44.0625,44.3473,19209800.0
2015-01-07,44.7622,44.8761,44.4612,44.6809,11770300.0
2015-01-08,45.0795,45.6002,44.9819,45.5758,11419800.0
2015-01-09,45.6327,45.6815,45.0144,45.0876,10168200.0
2015-01-12,45.1202,45.1609,44.5751,44.7785,11229500.0
2015-01-13,45.1527,45.5026,44.2659,44.689,17530900.0
2015-01-14,44.1439,44.51,43.9161,44.4449,19597500.0
2015-01-15,44.6239,44.7866,44.2009,44.2334,15614500.0
2015-01-16,44.0626,44.5588,43.8429,44.5263,16371500.0
2015-01-20,44.8273,44.9412,44.3636,44.8436,11072100.0
2015-01-21,44.7134,45.3073,44.6809,45.2097,8943500.0
2015-01-22,45.4293,46.0314,45.2259,45.9337,10950900.0
2015-01-23,45.6083,45.8768,45.5107,45.5514,10148500.0
2015-01-26,45.4619,45.6897,45.2341,45.6083,6037000.0
2015-01-27,44.7541,45.2666,44.6402,45.0063,12118500.0
2015-01-28,45.3561,45.4049,44.5588,44.6158,14674000.0
2015-01-29,44.6646,45.2097,44.3636,45.1283,14215100.0
2015-01-30,44.632,44.9412,44.3554,44.3961,14650000.0
2015-02-02,44.51,45.1039,44.1032,45.0551,19465900.0
2015-02-03,45.3561,45.8199,45.2829,45.7873,18896200.0
2015-02-04,45.649,45.7303,45.2992,45.4375,10600100.0
2015-02-05,45.5839,45.8849,45.4619,45.828,9193900.0
2015-02-06,45.8687,46.1127,45.6165,45.7222,6192200.0
2015-02-09,45.47,45.8117,45.4619,45.6002,7112100.0
2015-02-10,45.8443,45.9337,45.47,45.8524,9000400.0
2015-02-11,45.7629,46.0395,45.6734,45.8687,7058100.0
2015-02-12,46.0232,46.3405,45.9744,46.2998,6249100.0
2015-02-13,46.3731,46.6009,46.2592,46.5114,5922400.0
2015-02-17,46.4056,46.6659,46.3568,46.5765,4174400.0
2015-02-18,46.6171,46.8693,46.5358,46.8368,5806400.0
2015-02-19,46.6904,47.032,46.6904,46.9181,5458000.0
2015-02-20,46.8287,47.3656,46.5521,47.3168,8557400.0
2015-02-23,47.268,47.2761,47.032,47.1134,6238300.0
2015-02-24,47.1053,47.3493,46.9995,47.3005,4989300.0
2015-02-25,47.2599,47.3738,47.1378,47.2029,4574100.0
2015-02-26,47.1622,47.2436,46.8856,46.9914,6443100.0
2015-02-27,46.9507,47.0565,46.7717,46.7717,7201500.0
2015-03-02,46.8775,47.211,46.7717,47.2029,8560200.0
2015-03-03,47.0971,47.0971,46.7148,46.9019,7716000.0
2015-03-04,46.6904,46.7473,46.3243,46.5358,6262400.0
2015-03-05,46.5683,46.6171,46.3975,46.5683,4991000.0
2015-03-06,46.0639,46.43,45.8768,45.9337,8247200.0
2015-03-09,45.9337,46.4463,45.9337,46.3649,6107000.0
2015-03-10,46.0395,46.0395,45.5107,45.5107,10087800.0
2015-03-11,45.6083,45.6897,45.4293,45.4619,9394700.0
2015-03-12,45.5514,46.0883,45.5432,46.0476,8721200.0
2015-03-13,45.9663,46.007,45.3561,45.6246,11110500.0
2015-03-16,45.8117,46.4056,45.8117,46.3812,11142300.0
2015-03-17,46.1371,46.3243,46.0314,46.1941,8362100.0
2015-03-18,45.9907,46.8856,45.7629,46.7392,20049500.0
2015-03-19,46.6415,46.6578,46.251,46.4219,10568600.0
2015-03-20,46.6352,46.8395,46.5453,46.6842,10878000.0
2015-03-23,46.766,46.766,46.2919,46.2919,7219200.0
2015-03-24,46.1939,46.39,46.0549,46.1366,12607400.0
2015-03-25,46.2592,46.2592,45.352,45.352,9037300.0
2015-03-26,45.1314,45.3929,44.9107,45.2295,10124000.0
2015-03-27,45.1559,45.4665,45.115,45.4011,4969400.0
2015-03-30,45.6054,46.1693,45.5318,46.0386,5838000.0
2015-03-31,45.6871,46.5044,45.5564,45.5809,6532200.0
2015-04-01,45.4746,45.4746,45.0088,45.2785,8788900.0
2015-04-02,45.1641,45.5727,45.1559,45.303,6565700.0
2015-04-06,44.9761,45.8179,44.9679,45.6463,8204900.0
2015-04-07,45.6708,45.8833,45.54,45.54,5257200.0
2015-04-08,45.5237,45.7525,45.4338,45.6953,6526800.0
2015-04-09,45.5237,45.9977,45.4746,45.916,8191200.0
2015-04-10,46.2838,46.6352,46.202,46.5616,9486400.0
2015-04-13,46.4309,46.578,46.0958,46.1203,6388700.0
2015-04-14,45.9405,46.2102,45.6871,46.1775,5845700.0
2015-04-15,46.1939,46.4472,46.1939,46.2592,7345400.0
2015-04-16,45.9895,46.3165,45.9895,46.1612,7164600.0
2015-04-17,45.9405,45.9405,45.4419,45.6054,11304100.0
2015-04-20,45.7689,46.2429,45.7689,46.1366,6734900.0
2015-04-21,46.2102,46.3573,45.8833,46.0794,8007700.0
2015-04-22,46.1121,46.3246,45.7852,46.2756,13779300.0
2015-04-23,46.0386,46.4227,46.0222,46.2266,7345200.0
2015-04-24,46.1939,46.2429,45.9078,46.0304,5148300.0
2015-04-27,46.0958,46.2102,45.9568,46.014,8308600.0
2015-04-28,45.8915,46.1121,45.5972,46.0958,8348800.0
2015-04-29,46.2838,46.2838,45.5972,45.8669,9978700.0
2015-04-30,45.6544,45.8588,45.3112,45.4665,12970700.0
2015-05-01,45.679,46.0631,45.6136,46.0386,11017900.0
2015-05-04,46.0549,46.3737,46.0549,46.1121,6096300.0
2015-05-05,45.9568,46.1938,45.4419,45.491,10026900.0
2015-05-06,45.7035,45.7525,45.2131,45.4665,8247700.0
2015-05-07,45.3275,45.8097,45.3275,45.7035,10668300.0
2015-05-08,46.1939,46.3737,46.0631,46.2429,7025100.0
2015-05-11,46.2265,46.3982,46.1612,46.202,5169800.0
2015-05-12,46.0631,46.3083,45.8506,46.153,7542400.0
2015-05-13,46.3246,46.5616,46.1857,46.2511,7704300.0
2015-05-14,46.4554,46.766,46.4145,46.7169,8698400.0
2015-05-15,46.7006,46.8068,46.5371,46.676,6266300.0
2015-05-18,46.7986,46.8232,46.5698,46.766,6643800.0
2015-05-19,46.5943,46.8232,46.5698,46.6352,6186900.0
2015-05-20,46.6679,46.6924,46.39,46.4636,7064400.0
2015-05-21,46.4064,46.815,46.4064,46.7169,6276700.0
2015-05-22,46.6924,46.7414,46.4881,46.5044,5835300.0
2015-05-26,46.4309,46.4309,45.8833,45.9977,7889900.0
2015-05-27,46.153,46.3491,46.0059,46.2919,5498900.0
2015-05-28,46.1775,46.2102,45.8996,46.0713,5775300.0
2015-05-29,46.0304,46.0467,45.5237,45.6136,11799000.0
2015-06-01,45.7607,45.9732,45.4992,45.8179,8712900.0
2015-06-02,45.6626,46.1039,45.5482,45.9078,6126800.0
2015-06-03,46.0222,46.2919,45.8751,46.1366,7917000.0
2015-06-04,45.8996,46.0386,45.5482,45.6217,10183400.0
2015-06-05,45.5318,45.7116,45.3602,45.6544,9071800.0
2015-06-08,45.5809,45.6544,45.3112,45.3193,6920500.0
2015-06-09,45.2703,45.5073,45.1967,45.3112,5631700.0
2015-06-10,45.4746,45.8833,45.4256,45.7607,7293500.0
2015-06-11,45.8833,46.0468,45.8097,46.0222,5256700.0
2015-06-12,45.777,45.9078,45.6299,45.7525,7799300.0
2015-06-15,45.4092,45.5482,45.1559,45.3684,8872400.0
2015-06-16,45.3112,45.4828,45.2213,45.4092,7514400.0
2015-06-17,45.4338,45.6299,45.1641,45.5318,10321000.0
2015-06-18,45.4256,46.153,45.4256,45.9895,9470300.0
2015-06-19,45.8975,46.07,45.7661,45.7661,8899800.0
2015-06-22,46.0207,46.1604,45.9468,46.0454,4913300.0
2015-06-23,46.1111,46.1357,45.8647,45.9304,3837400.0
2015-06-24,45.8318,45.9058,45.4951,45.5033,5976600.0
2015-06-25,45.4622,45.6429,45.1501,45.1501,8323300.0
2015-06-26,45.2815,45.3719,45.1337,45.2322,6424800.0
2015-06-29,44.8708,45.0433,44.3534,44.378,13132800.0
2015-06-30,44.8216,44.8216,44.3287,44.4027,12494900.0
2015-07-01,44.8462,44.9283,44.4027,44.6244,10981600.0
2015-07-02,44.7476,44.7805,44.4601,44.5423,10477800.0
2015-07-06,44.2384,44.6655,44.1645,44.3698,10782500.0
2015-07-07,44.3041,44.7559,43.9016,44.7312,16636000.0
2015-07-08,44.2877,44.4191,43.8195,43.9263,12608900.0
2015-07-09,44.3616,44.5669,44.0331,44.0331,8918200.0
2015-07-10,44.4684,44.6573,44.3205,44.493,8348000.0
2015-07-13,44.7887,45.0105,44.7887,44.9858,6754600.0
2015-07-14,44.9365,45.183,44.8544,45.109,9130400.0
2015-07-15,45.1172,45.1255,44.8298,44.9201,7249200.0
2015-07-16,45.1747,45.2651,45.0433,45.1255,8273000.0
2015-07-17,45.1994,45.2979,44.994,45.109,5506000.0
2015-07-20,45.109,45.2158,45.0433,45.1173,5163100.0
2015-07-21,44.7805,44.9366,44.5834,44.6327,7287400.0
2015-07-22,44.5587,44.7805,44.3205,44.4355,7549200.0
2015-07-23,44.2795,44.5177,43.9181,44.0248,11548000.0
2015-07-24,44.0084,44.0413,43.376,43.4499,10889100.0
2015-07-27,43.1542,43.3678,43.0885,43.2363,11680700.0
2015-07-28,43.4006,44.1398,43.4006,44.0741,15470300.0
2015-07-29,43.992,44.6491,43.9674,44.6162,13128800.0
2015-07-30,44.378,44.6162,44.3287,44.5752,5884500.0
2015-07-31,44.7558,44.7641,44.4848,44.5341,7504200.0
2015-08-03,44.452,44.5423,44.0988,44.3205,14268400.0
2015-08-04,44.2959,44.5669,44.1891,44.2959,8623700.0
2015-08-05,44.5259,44.8298,44.4766,44.5423,8099700.0
2015-08-06,44.5505,44.6162,44.222,44.3123,5672500.0
2015-08-07,44.222,44.3123,43.9673,44.0988,8335200.0
2015-08-10,44.4684,44.9858,44.4273,44.9612,9164600.0
2015-08-11,44.4191,44.6162,44.2384,44.4109,10203200.0
2015-08-12,44.0331,44.5012,43.7291,44.4191,8130500.0
2015-08-13,44.4437,44.5341,44.2055,44.3862,4747200.0
2015-08-14,44.337,44.6901,44.3205,44.6655,6666200.0
2015-08-17,44.4519,44.8873,44.2466,44.8873,5611000.0
2015-08-18,44.6409,44.8791,44.6409,44.8051,3845000.0
2015-08-19,44.6655,44.7805,44.2302,44.3862,9147300.0
2015-08-20,44.0084,44.1152,43.4581,43.4663,18301100.0
2015-08-21,42.9817,43.1788,42.2671,42.2671,27372900.0
2015-08-24,39.3513,41.9386,39.0967,40.764,66306700.0
2015-08-25,41.5772,42.2918,40.2055,40.2302,25681300.0
2015-08-26,41.0269,41.5361,40.3698,41.4868,26147400.0
2015-08-27,41.8729,42.5218,41.454,42.4889,21356600.0
2015-08-28,42.3328,42.5628,42.1029,42.5053,7899900.0
2015-08-31,42.2096,42.4889,41.9797,42.1275,13446800.0
2015-09-01,41.2404,41.7086,40.8051,41.0105,14607000.0
2015-09-02,41.6347,41.9304,41.2404,41.9222,18173200.0
2015-09-03,42.0207,42.3657,41.8318,41.9468,10907300.0
2015-09-04,41.61,41.61,41.2158,41.3636,10212500.0
2015-09-08,41.9879,42.53,41.9057,42.5053,8437800.0
2015-09-09,42.8667,43.5731,41.9879,42.0536,8866200.0
2015-09-10,41.9304,42.3739,41.8811,42.0782,9707000.0
2015-09-11,42.0372,42.3082,41.8811,42.3082,6120100.0
2015-09-14,42.3903,42.3903,42.0043,42.0947,8436900.0
2015-09-15,42.2671,42.9078,42.1768,42.8256,7747100.0
2015-09-16,42.8503,43.2199,42.76,43.1378,19320900.0
2015-09-17,43.0803,43.6306,42.8421,42.9489,18977400.0
2015-09-18,42.289,42.5038,41.9257,42.0,20172500.0
2015-09-21,42.2312,42.4872,42.0083,42.2065,10205200.0
2015-09-22,41.6119,41.744,41.3229,41.5954,12687100.0
2015-09-23,41.6036,41.6945,41.1577,41.3064,7970900.0
2015-09-24,40.8191,41.1495,40.4971,41.0504,13891600.0
2015-09-25,41.4715,41.4715,40.9595,41.1329,10210300.0
2015-09-28,40.9017,40.9513,40.3237,40.3237,14443700.0
2015-09-29,40.5384,40.7366,40.3071,40.5879,15337800.0
2015-09-30,40.9182,41.2486,40.687,41.199,17662400.0
2015-10-01,41.1412,41.3972,40.72,41.1082,10529700.0
2015-10-02,40.5631,41.6284,40.4558,41.6284,12274600.0
2015-10-05,42.2395,42.9084,41.8761,42.8093,10410500.0
2015-10-06,42.735,43.0323,42.7102,42.768,11798600.0
2015-10-07,42.991,43.5277,42.9084,43.3295,15540400.0
2015-10-08,43.1066,44.0645,43.0901,43.9324,21823100.0
2015-10-09,44.3948,44.3948,43.9406,44.081,33291000.0
2015-10-12,44.048,44.1306,43.8663,44.0893,9030800.0
2015-10-13,43.7672,44.0232,43.6021,43.6186,10302500.0
2015-10-14,43.4782,43.7012,43.0818,43.1479,11827900.0
2015-10-15,43.4617,43.6433,43.1066,43.6186,13924800.0
2015-10-16,43.7672,43.7672,43.2057,43.3956,13954700.0
2015-10-19,43.2305,43.503,43.1644,43.4534,8112300.0
2015-10-20,43.3048,43.8828,43.2222,43.7425,11314700.0
2015-10-21,43.792,44.2462,43.6929,43.7507,16097800.0
2015-10-22,43.9241,45.1463,43.8581,44.9729,20908800.0
2015-10-23,45.2371,45.3032,44.849,45.138,13400900.0
2015-10-26,45.0389,45.2702,44.9398,45.0389,11294900.0
2015-10-27,44.6673,44.7582,44.4526,44.5435,14483600.0
2015-10-28,44.7086,44.9233,44.3535,44.8986,13933200.0
2015-10-29,44.6343,44.9399,44.6178,44.8738,13466100.0
2015-10-30,44.8903,45.0555,44.7995,44.816,14763600.0
2015-11-02,44.8243,45.4271,44.8243,45.3363,15329000.0
2015-11-03,45.295,45.4931,45.1959,45.3693,7486400.0
2015-11-04,45.3445,45.5014,45.1546,45.2454,9670900.0
2015-11-05,45.2289,45.4188,44.9811,45.3032,11531100.0
2015-11-06,45.0389,45.3115,44.8325,45.3032,15269300.0
2015-11-09,45.0802,45.1628,44.527,44.9564,13570600.0
2015-11-10,44.7747,45.0968,44.5765,44.9481,18957300.0
2015-11-11,45.0555,45.2454,44.9151,45.0059,12916000.0
2015-11-12,44.6921,44.9894,44.3866,44.3948,19057100.0
2015-11-13,44.2214,44.56,44.1223,44.1966,13959100.0
2015-11-16,43.9654,44.7995,43.9654,44.7664,13303900.0
2015-11-17,44.8242,44.9894,44.5435,44.6756,15564400.0
2015-11-18,44.7169,45.3115,44.7169,45.2949,10434800.0
2015-11-19,45.1876,45.5344,45.1876,45.4931,12257400.0
2015-11-20,45.6748,45.8813,45.551,45.7244,9014100.0
2015-11-23,45.7657,45.8235,45.3775,45.4931,9956000.0
2015-11-24,45.1959,45.5262,45.039,45.4188,15131400.0
2015-11-25,45.5427,45.551,45.3363,45.4188,6406800.0
2015-11-27,45.3858,45.5592,45.3032,45.5014,4454500.0
2015-11-30,45.5014,45.5344,45.1794,45.2041,11017800.0
2015-12-01,45.2206,45.5675,45.1628,45.4188,11475900.0
2015-12-02,45.3445,45.4684,44.8655,44.9564,13131600.0
2015-12-03,45.072,45.0968,44.2297,44.3948,16001400.0
2015-12-04,44.4609,45.0637,44.3618,45.0555,13891900.0
2015-12-07,44.9151,45.0637,44.6756,44.8325,9665500.0
2015-12-08,44.2462,44.4609,44.0315,44.1141,15508600.0
2015-12-09,43.9489,44.5104,43.6929,43.9819,16784000.0
2015-12-10,43.9406,44.4774,43.9406,44.1884,13231600.0
2015-12-11,43.825,43.9406,43.3791,43.4452,24625500.0
2015-12-14,43.4617,43.6681,43.0488,43.6021,27426200.0
2015-12-15,43.6846,43.8911,43.503,43.6103,17052100.0
2015-12-16,43.8581,44.4857,43.7342,44.3866,19045700.0
2015-12-17,44.5435,44.6013,43.6516,43.6516,15902700.0
2015-12-18,43.5594,43.5594,42.9529,42.9862,19378200.0
2015-12-21,43.3683,43.5012,43.0609,43.3184,9394700.0
2015-12-22,43.4929,44.0163,43.3932,43.9166,11833500.0
2015-12-23,44.116,44.465,43.9997,44.4317,9604800.0
2015-12-24,44.2739,44.5314,44.2739,44.4151,2040500.0
2015-12-28,44.2407,44.4068,44.0246,44.3154,4687600.0
2015-12-29,44.5231,44.8222,44.4733,44.7391,5054700.0
2015-12-30,44.6561,44.7391,44.3071,44.3653,10957700.0
2015-12-31,44.1576,44.4068,43.9665,44.0413,6785400.0
2016-01-04,43.2935,43.468,42.9612,43.4514,16404600.0
2016-01-05,43.5594,43.6425,43.1772,43.5677,8726300.0
2016-01-06,42.9695,43.252,42.6289,42.8947,9980000.0
2016-01-07,42.2052,42.4544,41.6153,41.7316,17225600.0
2016-01-08,42.1304,42.1304,41.2497,41.3079,17198600.0
2016-01-11,41.5821,41.6153,40.9423,41.3328,18962400.0
2016-01-12,41.6153,41.7399,41.1334,41.6651,19297300.0
2016-01-13,41.8562,41.9393,40.5435,40.6599,18966900.0
2016-01-14,40.7928,41.4325,40.3774,41.1417,19261200.0
2016-01-15,39.9952,40.5768,39.8955,40.4189,20434600.0
2016-01-19,40.8593,40.934,40.0368,40.4106,14845000.0
2016-01-20,39.8374,40.2361,38.8985,39.8872,26092600.0
2016-01-21,39.8872,40.4439,39.5964,40.0617,18593800.0
2016-01-22,40.5768,40.7014,40.0617,40.4106,12781600.0
2016-01-25,40.3441,40.4189,39.8457,39.9121,14534000.0
2016-01-26,40.0035,40.6848,39.9952,40.6682,12038300.0
2016-01-27,40.4522,40.9423,39.9952,40.2112,16437200.0
2016-01-28,40.4106,40.5519,40.0284,40.4438,12553000.0
2016-01-29,40.7097,41.5488,40.61,41.5322,14570300.0
2016-02-01,41.1999,41.6402,40.934,41.4325,15940600.0
2016-02-02,41.0254,41.0587,40.4688,40.6017,15284800.0
2016-02-03,40.9257,41.3245,40.1697,41.258,25732900.0
2016-02-04,41.1999,42.2966,41.1667,41.9725,18452300.0
2016-02-05,41.7482,41.9892,41.3744,41.5738,15512300.0
2016-02-08,41.1168,41.3411,40.6848,41.2248,20001200.0
2016-02-09,40.743,41.7565,40.743,41.4741,15370000.0
2016-02-10,41.5738,41.9642,41.2414,41.258,15079400.0
2016-02-11,40.5602,41.0088,39.9703,40.4522,19179900.0
2016-02-12,40.6931,41.2747,40.61,41.2664,19249100.0
2016-02-16,41.7898,42.147,41.4325,42.0972,15037900.0
2016-02-17,42.3713,42.9031,42.2467,42.7452,15619900.0
2016-02-18,42.7701,42.8781,42.5624,42.7203,9587800.0
2016-02-19,42.3547,42.687,42.2799,42.6372,12613600.0
2016-02-22,43.036,43.5677,43.036,43.36,12143800.0
2016-02-23,43.1772,43.3351,42.8366,42.928,9727900.0
2016-02-24,42.4212,43.0609,42.1553,42.9529,17347300.0
2016-02-25,43.0775,43.5345,42.9446,43.5179,9312700.0
2016-02-26,43.6259,43.9083,43.5677,43.576,8312300.0
2016-02-29,43.576,43.8003,43.2852,43.3018,13823000.0
2016-03-01,43.4763,44.2157,43.4763,44.1493,13424800.0
2016-03-02,44.033,44.2324,43.9582,44.1825,8877600.0
2016-03-03,44.1576,44.5398,44.0828,44.4982,9809000.0
2016-03-04,44.4733,44.9468,44.3736,44.681,10006900.0
2016-03-07,44.4484,44.8305,44.3819,44.8139,11754000.0
2016-03-08,44.4484,44.4816,44.116,44.1825,12241100.0
2016-03-09,44.2988,44.4484,44.1742,44.3237,11060100.0
2016-03-10,44.4234,44.6228,43.8834,44.2573,12693300.0
2016-03-11,44.6644,45.005,44.6311,44.897,11059900.0
2016-03-14,44.7308,45.0549,44.7308,44.9385,6946700.0
2016-03-15,44.6145,44.9136,44.4733,44.9136,6948700.0
2016-03-16,44.8139,45.3373,44.7059,45.0715,11447900.0
2016-03-17,45.3539,46.2097,45.0798,46.0601,17009400.0
2016-03-18,46.1795,46.5553,46.1294,46.4551,17059800.0
2016-03-21,46.3967,46.7307,46.3382,46.7307,7150400.0
2016-03-22,46.2714,46.6054,46.2631,46.4635,7570500.0
2016-03-23,46.3633,46.4217,46.1211,46.1628,10833200.0
2016-03-24,45.8956,46.0292,45.7119,46.0292,10403600.0
2016-03-28,46.0376,46.1628,45.8372,46.0459,6591700.0
2016-03-29,45.9541,46.3549,45.6952,46.3466,9271800.0
2016-03-30,46.7558,46.7892,46.4301,46.4301,8197600.0
2016-03-31,46.5219,46.5887,46.2631,46.3215,12949100.0
2016-04-01,46.0543,46.5386,45.7202,46.5386,16184500.0
2016-04-04,46.38,46.4384,45.929,46.0125,12014900.0
2016-04-05,45.7036,45.9374,45.5616,45.7286,11244900.0
2016-04-06,45.7119,45.9541,45.3027,45.9541,10962400.0
2016-04-07,45.5699,45.8121,45.3695,45.5115,13364500.0
2016-04-08,45.7954,46.1963,45.6535,45.6869,9188900.0
2016-04-11,45.9123,46.213,45.6869,45.7036,7710100.0
2016-04-12,45.7203,46.2046,45.6451,45.9708,10724300.0
2016-04-13,46.3967,46.7808,46.3382,46.6555,13215500.0
2016-04-14,46.881,46.9311,46.6722,46.739,13195200.0
2016-04-15,46.8225,46.8476,46.6806,46.8058,10781600.0
2016-04-18,46.5971,47.0063,46.5219,46.8476,8619000.0
2016-04-19,47.0981,47.3654,46.9979,47.1816,9318800.0
2016-04-20,47.1983,47.357,46.9812,47.1065,13632600.0
2016-04-21,47.1733,47.2651,46.9395,46.9896,11941800.0
2016-04-22,47.023,47.1816,46.881,47.1065,14749400.0
2016-04-25,47.0647,47.0814,46.6555,46.881,10224100.0
2016-04-26,46.9896,47.2985,46.9645,47.2985,10139900.0
2016-04-27,47.357,47.7495,47.1649,47.6326,9258100.0
2016-04-28,47.3069,47.7161,47.0647,47.1733,19554900.0
2016-04-29,46.9061,47.0981,46.6138,46.8977,16369900.0
2016-05-02,46.9896,47.1733,46.7808,47.1399,10145100.0
2016-05-03,46.8309,46.8309,46.4301,46.7558,11171400.0
2016-05-04,46.5052,46.5386,45.9791,46.1795,22102700.0
2016-05-05,46.3048,46.4217,46.0543,46.1545,12841100.0
2016-05-06,45.9624,46.4969,45.8789,46.4635,9934400.0
2016-05-09,46.3633,46.4551,46.1545,46.2547,7765100.0
2016-05-10,46.3883,47.0564,46.3883,47.048,14983100.0
2016-05-11,47.0146,47.1649,46.6555,46.6555,12802000.0
2016-05-12,46.6639,46.8727,46.2714,46.5553,13992400.0
2016-05-13,46.4802,46.6639,45.8455,45.9708,13018000.0
2016-05-16,45.9708,46.6806,45.9708,46.5386,9210800.0
2016-05-17,46.3883,46.7975,46.1545,46.3132,11830000.0
2016-05-18,46.1879,46.5637,45.8956,46.1545,13605200.0
2016-05-19,45.7871,45.9541,45.4196,45.7203,15143100.0
2016-05-20,45.904,46.1962,45.8956,45.9541,9397900.0
2016-05-23,45.8956,46.0543,45.7119,45.8706,7617200.0
2016-05-24,46.0626,46.4802,46.0459,46.3466,7274500.0
2016-05-25,46.4301,46.7891,46.4301,46.6639,11092500.0
2016-05-26,46.6889,46.856,46.5303,46.5303,6108400.0
2016-05-27,46.6305,46.7224,46.5804,46.7057,6250000.0
2016-05-31,46.7641,46.8977,46.5219,46.6973,11290300.0
2016-06-01,46.4551,46.7641,46.2714,46.739,11013000.0
2016-06-02,46.6388,46.8226,46.5303,46.7975,6113500.0
2016-06-03,46.6973,46.8727,46.3883,46.7558,11948800.0
2016-06-06,46.8643,47.2401,46.8309,47.1983,8888100.0
2016-06-07,47.2902,47.5658,47.2067,47.4238,8372700.0
2016-06-08,47.5741,47.7829,47.4823,47.7244,9201800.0
2016-06-09,47.4656,47.7411,47.4155,47.7161,9984700.0
2016-06-10,47.3319,47.4405,47.0313,47.1566,13734300.0
2016-06-13,47.1399,47.1983,46.6472,46.6472,18783300.0
2016-06-14,46.5887,46.7975,46.38,46.6555,12839000.0
2016-06-15,46.7891,47.0397,46.6305,46.6722,10429600.0
2016-06-16,46.4551,46.8727,46.1044,46.7558,15040400.0
2016-06-17,46.6609,46.9547,46.5685,46.7952,15947800.0
2016-06-20,47.1479,47.6601,47.1479,47.2234,11778700.0
2016-06-21,47.257,47.3494,47.1059,47.1899,8451400.0
2016-06-22,47.1731,47.3662,47.0219,47.0555,10509100.0
2016-06-23,47.5257,47.6349,47.341,47.6013,8840600.0
2016-06-24,45.9471,46.5853,45.5357,45.6616,34954000.0
2016-06-27,45.2082,45.4433,44.3182,44.5869,39536900.0
2016-06-28,45.1494,45.3426,44.8304,45.3426,18523900.0
2016-06-29,45.8212,46.2158,45.6952,46.1487,14316300.0
2016-06-30,46.0731,47.0471,46.0647,47.0303,19397800.0
2016-07-01,47.0471,47.4082,47.0135,47.1815,23322700.0
2016-07-05,46.9212,47.2486,46.5349,46.7532,14808600.0
2016-07-06,46.6189,47.0219,46.2578,46.9883,12776400.0
2016-07-07,47.0639,47.341,46.9128,47.1143,8697900.0
2016-07-08,47.5257,48.1387,47.1395,48.0547,16226400.0
2016-07-11,48.1555,48.4662,48.0883,48.357,15259700.0
2016-07-12,48.6089,48.8776,48.5165,48.802,13635100.0
2016-07-13,48.928,48.9616,48.6173,48.9196,13119800.0
2016-07-14,49.2387,49.4318,49.0875,49.2891,11795400.0
2016-07-15,49.4486,49.4738,49.1631,49.2807,6238000.0
2016-07-18,49.2135,49.331,49.0791,49.2387,5983600.0
2016-07-19,49.0791,49.331,48.9952,49.2639,7393900.0
2016-07-20,49.2471,49.5326,49.2051,49.3562,5491600.0
2016-07-21,49.1631,49.2807,48.7601,48.8524,7583300.0
2016-07-22,48.6341,48.9532,48.4494,48.9448,8747800.0
2016-07-25,48.8272,48.8356,48.5333,48.6845,11063200.0
2016-07-26,48.7517,49.1631,48.6845,49.0875,9376000.0
2016-07-27,49.0875,49.2387,48.7097,48.8944,10760700.0
2016-07-28,48.7013,48.9868,48.5501,48.8776,6505600.0
2016-07-29,48.7265,48.9028,48.5585,48.7349,10712400.0
2016-08-01,48.6425,48.8524,48.4914,48.6761,7949600.0
2016-08-02,48.5669,48.6677,48.0883,48.2227,13473800.0
2016-08-03,48.2227,48.4746,48.1975,48.4578,6087900.0
2016-08-04,48.4914,48.6677,48.399,48.4746,8028700.0
2016-08-05,48.7517,49.0119,48.6845,48.9616,7380100.0
2016-08-08,49.0539,49.2303,48.928,49.0288,6052600.0
2016-08-09,48.9952,49.1547,48.928,49.012,4579800.0
2016-08-10,49.0287,49.1463,48.8524,48.9868,5293300.0
2016-08-11,49.1211,49.3898,49.1043,49.3059,8172100.0
2016-08-12,49.2219,49.2723,49.0875,49.1715,4357400.0
2016-08-15,49.3142,49.5578,49.2807,49.499,8643500.0
2016-08-16,49.4318,49.457,49.2387,49.2807,4725200.0
2016-08-17,49.1799,49.4738,49.1631,49.4234,8260500.0
2016-08-18,49.3478,49.5746,49.3142,49.5746,9830200.0
2016-08-19,49.2891,49.6249,49.2639,49.5578,8334300.0
2016-08-22,49.5074,49.6249,49.3478,49.5158,6624700.0
2016-08-23,49.6669,49.8265,49.5578,49.5578,8326900.0
2016-08-24,49.4906,49.5494,49.3226,49.4066,8569700.0
2016-08-25,49.3982,49.5242,49.2471,49.3982,8623200.0
2016-08-26,49.4906,49.7509,49.1043,49.2555,15676900.0
2016-08-29,49.2639,49.6165,49.2639,49.6081,7628200.0
2016-08-30,49.5745,49.6081,49.3478,49.4738,5953800.0
2016-08-31,49.3478,49.3898,49.012,49.1967,9592200.0
2016-09-01,49.2807,49.3814,48.8608,49.2387,9397600.0
2016-09-02,49.4654,49.6501,49.3226,49.4822,11405400.0
2016-09-06,49.4066,49.5326,49.1043,49.3394,11028400.0
2016-09-07,49.1715,49.4654,49.1715,49.3982,6686800.0
2016-09-08,49.3142,49.3814,49.2051,49.3562,8202800.0
2016-09-09,48.9112,49.012,47.9624,47.9624,19609100.0
2016-09-12,47.7021,48.7265,47.6181,48.5753,18644900.0
2016-09-13,48.2059,48.3738,47.7608,47.8616,21760600.0
2016-09-14,47.8532,48.1723,47.6769,47.8196,13591700.0
2016-09-15,47.7273,48.2898,47.6517,48.1975,14893500.0
2016-09-16,47.9797,48.1654,47.7011,47.7939,15706400.0
2016-09-19,48.0134,48.3258,47.9037,48.005,8810900.0
2016-09-20,48.2583,48.4018,48.0388,48.0472,8007500.0
2016-09-21,48.2414,48.7395,48.1063,48.672,14979800.0
2016-09-22,48.9928,49.187,48.9252,49.0181,9377200.0
2016-09-23,48.959,48.959,48.6888,48.7311,11269400.0
2016-09-26,48.5453,48.7057,48.4102,48.52,9560400.0
2016-09-27,48.444,48.9252,48.368,48.8577,6882700.0
2016-09-28,48.8999,49.2629,48.807,49.2376,7366600.0
2016-09-29,49.1279,49.4065,48.7564,48.8493,11584200.0
2016-09-30,49.0688,49.474,49.0181,49.2883,11206800.0
2016-10-03,49.1363,49.3896,49.035,49.3305,12590000.0
2016-10-04,49.4655,49.4909,48.8323,48.9168,11208500.0
2016-10-05,49.0519,49.3305,48.9421,49.2292,8430900.0
2016-10-06,49.1869,49.2883,48.9928,49.2292,7474300.0
2016-10-07,48.8999,48.9168,48.3849,48.596,12646100.0
2016-10-10,48.8324,48.9674,48.5875,48.6466,8706400.0
2016-10-11,48.5453,48.5875,47.929,48.1401,13409100.0
2016-10-12,48.1907,48.368,48.005,48.2329,8374300.0
2016-10-13,47.8192,48.3342,47.7095,48.216,12266000.0
2016-10-14,48.5369,48.6804,48.3005,48.3174,7633400.0
2016-10-17,48.3174,48.444,48.1654,48.1907,5911200.0
2016-10-18,48.5031,48.6297,48.2414,48.292,6044200.0
2016-10-19,48.4187,48.5875,48.2667,48.444,7374100.0
2016-10-20,48.2498,48.3933,48.0894,48.1823,8215300.0
2016-10-21,47.7939,48.1485,47.6166,48.1147,9850700.0
2016-10-24,48.3596,48.5622,48.1992,48.2076,9737600.0
2016-10-25,48.0134,48.2329,47.9628,48.081,8777500.0
2016-10-26,47.8952,48.5031,47.7855,48.2498,10043800.0
2016-10-27,48.3765,48.4356,47.7939,47.9206,8155400.0
2016-10-28,47.9965,48.52,47.9628,48.2076,11514100.0
2016-10-31,48.3933,48.4862,48.2667,48.3005,9590900.0
2016-11-01,48.3427,48.4018,47.5997,47.8868,19622500.0
2016-11-02,47.853,48.0641,47.5913,47.7095,14355900.0
2016-11-03,47.9121,47.929,47.5069,47.6335,13887400.0
2016-11-04,47.6251,48.081,47.5322,47.6757,8438100.0
2016-11-07,48.4187,48.8661,48.3849,48.8493,13794100.0
2016-11-08,48.8746,49.2967,48.7648,49.1447,12073900.0
2016-11-09,49.0519,50.6222,49.035,50.3774,36607500.0
2016-11-10,50.9092,51.534,50.7657,51.4496,41589600.0
2016-11-11,51.3145,51.5678,51.1034,51.5424,24055100.0
2016-11-14,51.9224,51.9561,51.6691,51.762,17077000.0
2016-11-15,51.8802,51.9562,51.4749,51.9562,12828400.0
2016-11-16,51.838,51.9055,51.4834,51.6607,14472900.0
2016-11-17,51.6184,51.7957,51.6184,51.7704,10382800.0
2016-11-18,51.8211,51.8211,51.5931,51.7535,9246400.0
2016-11-21,51.9139,52.0575,51.8126,52.0321,11767700.0
2016-11-22,52.1757,52.3107,52.0997,52.2685,8901300.0
2016-11-23,52.3867,52.716,52.3361,52.6569,15506800.0
2016-11-25,52.8089,52.9439,52.7244,52.9439,4172500.0
2016-11-28,52.8426,52.8595,52.5218,52.5809,15898500.0
2016-11-29,52.5471,52.792,52.3952,52.6231,12692400.0
2016-11-30,52.9186,53.0621,52.6738,52.6907,14903800.0
2016-12-01,52.792,53.1972,52.6907,53.0368,24438500.0
2016-12-02,53.1212,53.2141,52.9102,53.0284,11902500.0
2016-12-05,53.2563,53.3492,52.8764,52.9862,9448800.0
2016-12-06,52.9524,53.1466,52.7751,53.0875,10543600.0
2016-12-07,53.1043,54.0921,53.0706,54.0753,10416800.0
2016-12-08,54.0753,54.0753,53.6616,53.7713,10688200.0
2016-12-09,53.7713,54.0668,53.746,54.0162,7939600.0
2016-12-12,53.822,53.9233,53.4589,53.822,9519600.0
2016-12-13,53.9739,54.0415,53.5687,53.746,8280900.0
2016-12-14,53.6109,53.8726,53.1466,53.2057,19782900.0
2016-12-15,53.1466,53.6447,53.1212,53.2648,12262100.0
2016-12-16,53.1577,53.54,53.0643,53.1577,9523700.0
2016-12-19,53.2851,53.489,53.1832,53.455,5982900.0
2016-12-20,53.5485,53.7863,53.5485,53.7608,5011400.0
2016-12-21,53.7268,53.7523,53.54,53.557,4649000.0
2016-12-22,53.523,53.5824,53.3276,53.455,4642700.0
2016-12-23,53.4465,53.5655,53.4041,53.506,5100800.0
2016-12-27,53.5995,53.7099,53.506,53.6164,3499400.0
2016-12-28,53.6844,53.7183,53.0473,53.0558,8982400.0
2016-12-29,53.0898,53.3021,52.9454,53.0388,7757200.0
2016-12-30,53.1747,53.3021,52.682,52.8519,6932300.0
2017-01-03,53.2427,53.5655,52.9624,53.1662,21592200.0
2017-01-04,53.3106,53.5825,53.2427,53.4805,8889300.0
2017-01-05,53.438,53.7438,53.0388,53.3276,9850900.0
2017-01-06,53.3361,53.7778,53.1577,53.6334,12124500.0
2017-01-09,53.5739,53.5739,53.1917,53.2172,5970500.0
2017-01-10,53.3106,53.6419,53.2002,53.4381,8237800.0
2017-01-11,53.472,53.7693,53.4126,53.7184,11113700.0
2017-01-12,53.6674,53.7184,52.9794,53.4975,11844600.0
2017-01-13,53.5315,53.7523,53.5145,53.7014,7130200.0
2017-01-17,53.4126,53.506,53.1322,53.2851,10689400.0
2017-01-18,53.2087,53.5909,53.0983,53.489,8098600.0
2017-01-19,54.0581,54.1516,53.5655,53.8797,8833200.0
2017-01-20,53.8628,53.9477,53.5824,53.8882,11620300.0
2017-01-23,53.8288,53.9392,53.2937,53.591,14303700.0
2017-01-24,53.5994,54.2535,53.5315,54.1261,9199500.0
2017-01-25,54.4914,54.7632,54.3894,54.6952,12955600.0
2017-01-26,54.7547,55.0859,54.5933,54.8226,10141800.0
2017-01-27,54.8906,55.018,54.6867,54.7802,8697700.0
2017-01-30,54.5083,54.5678,53.8883,54.313,13354500.0
2017-01-31,54.1261,54.1261,53.5655,53.8373,19335200.0
2017-02-01,53.9222,54.1176,53.472,53.7438,15358800.0
2017-02-02,53.6589,53.8033,53.4211,53.6419,9568400.0
2017-02-03,53.7693,54.1091,53.7184,54.0411,9874200.0
2017-02-06,54.0072,54.2535,53.9307,54.1176,7109300.0
2017-02-07,54.3045,54.4998,54.1261,54.211,13347400.0
2017-02-08,54.211,54.211,53.9562,54.1346,7808400.0
2017-02-09,54.1346,54.6867,54.1346,54.5508,8176700.0
2017-02-10,54.8056,55.035,54.6782,54.984,7445800.0
2017-02-13,55.2049,55.6381,55.1879,55.5362,17349600.0
2017-02-14,55.4597,55.5616,55.2558,55.5616,8578600.0
2017-02-15,55.5786,55.9184,55.4597,55.8589,7845400.0
2017-02-16,55.8589,55.8844,55.5022,55.8759,10062400.0
2017-02-17,55.7315,55.9694,55.5616,55.9694,5194700.0
2017-02-21,56.0543,56.3006,55.9779,56.2497,9573900.0
2017-02-22,56.0883,56.1817,55.9354,56.0968,10614700.0
2017-02-23,56.1902,56.2497,55.5447,55.7315,16800100.0
2017-02-24,55.4342,55.9779,55.3578,55.9694,12663000.0
2017-02-27,56.0203,56.2157,55.8334,56.1732,10705400.0
2017-02-28,56.1987,56.2837,55.8419,55.9439,9629900.0
2017-03-01,56.4281,57.0736,56.4196,56.8868,16452600.0
2017-03-02,56.8018,56.9547,56.2582,56.2752,8453900.0
2017-03-03,56.2837,56.4281,56.0713,56.3346,5862800.0
2017-03-06,56.0628,56.2667,55.9694,56.1987,7164700.0
2017-03-07,56.1817,56.2667,55.9609,56.0373,8790800.0
2017-03-08,56.1138,56.1478,55.7485,55.842,10729000.0
2017-03-09,55.808,55.9439,55.3493,55.5871,9976100.0
2017-03-10,55.8844,55.9269,55.4852,55.9269,9780500.0
2017-03-13,55.8674,56.0033,55.7315,55.8929,11620300.0
2017-03-14,55.7061,55.774,55.2559,55.3663,10810700.0
2017-03-15,55.4937,56.1817,55.4257,55.9949,14737200.0
2017-03-16,56.0883,56.1902,55.6975,55.74,14152400.0
2017-03-17,55.9081,56.1897,55.7972,56.0446,10880100.0
2017-03-20,56.0958,56.1641,55.8825,55.9422,5752600.0
2017-03-21,56.0958,56.1385,55.0122,55.089,12661000.0
2017-03-22,55.106,55.3961,54.8927,55.2852,12266300.0
2017-03-23,55.3449,55.5753,55.0975,55.2084,10682500.0
2017-03-24,55.1913,55.4217,54.8244,55.0634,9924600.0
2017-03-27,54.5343,54.9695,54.2271,54.8671,11711900.0
2017-03-28,54.6964,55.6265,54.6964,55.4473,8973000.0
2017-03-29,55.3876,55.49,55.2425,55.4388,8301000.0
2017-03-30,55.4132,55.8143,55.3791,55.746,12838000.0
2017-03-31,55.6009,55.7887,55.5156,55.5156,7736100.0
2017-04-03,55.5412,55.7204,55.0463,55.3961,10474800.0
2017-04-04,55.3876,55.5412,55.2681,55.5412,9239700.0
2017-04-05,55.7375,56.2153,55.2852,55.362,11422600.0
2017-04-06,55.3961,55.7716,55.2937,55.5156,7633700.0
2017-04-07,55.5412,55.8057,55.4644,55.5753,7522700.0
2017-04-10,55.6095,56.0361,55.5924,55.7119,6330900.0
2017-04-11,55.618,55.8057,55.2681,55.7887,10172900.0
2017-04-12,55.7375,55.8399,54.9866,55.0207,11281500.0
2017-04-13,54.978,55.1572,54.6282,54.6282,10118300.0
2017-04-17,54.7988,55.2511,54.7306,55.2255,8852400.0
2017-04-18,54.9524,55.2681,54.8159,55.0463,7502800.0
2017-04-19,55.2425,55.4388,54.9951,55.0975,9455300.0
2017-04-20,55.3876,55.9508,55.362,55.7631,9492500.0
2017-04-21,55.7801,55.9849,55.6521,55.8143,10211400.0
2017-04-24,56.5822,56.6846,56.403,56.6078,10498300.0
2017-04-25,56.8467,57.0345,56.6932,56.8809,12385000.0
2017-04-26,56.9747,57.2051,56.8382,56.8894,12033100.0
2017-04-27,56.8467,57.0601,56.6505,56.8723,8111400.0
2017-04-28,56.9577,57.0771,56.5396,56.6078,10386300.0
2017-05-01,56.7273,56.7273,56.3092,56.4372,11234100.0
2017-05-02,56.5908,56.7443,56.4713,56.7102,9450900.0
2017-05-03,56.5481,56.8382,56.4372,56.7529,8729200.0
2017-05-04,56.9065,56.9662,56.4884,56.8126,8143600.0
2017-05-05,56.8894,57.1198,56.77,57.1027,7110800.0
2017-05-08,57.0857,57.1454,56.8638,56.9491,6078200.0
2017-05-09,56.9918,57.171,56.9577,57.0259,5969000.0
2017-05-10,57.0601,57.0601,56.6676,56.9065,7471400.0
2017-05-11,56.7273,56.9662,56.386,56.8894,8400000.0
2017-05-12,56.7444,56.7444,56.4372,56.5737,7186400.0
2017-05-15,56.5737,56.8809,56.5737,56.8382,8413500.0
2017-05-16,56.9065,56.9577,56.5566,56.7785,5848800.0
2017-05-17,56.2409,56.3262,55.6265,55.6436,15221000.0
2017-05-18,55.4729,56.0532,55.1657,55.7204,15260100.0
2017-05-19,55.8996,56.7102,55.8996,56.4542,10322300.0
2017-05-22,56.8809,56.9662,56.7188,56.8894,6506200.0
2017-05-23,56.9833,57.0601,56.7444,57.0089,7856000.0
2017-05-24,57.0772,57.2819,56.8894,57.0772,7877300.0
2017-05-25,57.2051,57.5294,57.1625,57.4526,6840800.0
2017-05-26,57.3758,57.5976,57.3587,57.5209,5991000.0
2017-05-30,57.3587,57.5806,57.2819,57.5038,6092500.0
2017-05-31,57.572,57.6318,57.2222,57.6147,10518800.0
2017-06-01,57.7683,58.1267,57.5806,57.9731,16118000.0
2017-06-02,58.0755,58.5192,58.067,58.2035,17769600.0
2017-06-05,58.1352,58.2973,57.9731,57.9987,16550700.0
2017-06-06,57.7854,57.8963,57.6062,57.6062,15201400.0
2017-06-07,57.7256,57.7256,57.2819,57.5379,8342400.0
2017-06-08,57.5038,57.8537,57.4611,57.7257,7040100.0
2017-06-09,57.7854,58.0328,57.6488,57.9475,10433700.0
2017-06-12,58.084,58.2376,57.7768,58.1608,13889200.0
2017-06-13,58.2462,58.4253,58.1608,58.3997,6723500.0
2017-06-14,58.5363,58.5363,58.1438,58.34,8892800.0
2017-06-15,57.9987,58.6899,57.9816,58.6899,20188100.0
2017-06-16,58.8047,58.9162,58.6676,58.8819,12871600.0
2017-06-19,59.1734,59.3191,59.0019,59.242,6867000.0
2017-06-20,59.1134,59.1648,58.599,58.6076,7242800.0
2017-06-21,58.6933,58.7019,58.1446,58.2132,7530200.0
2017-06-22,58.2046,58.2903,58.0932,58.0932,6921700.0
2017-06-23,58.1446,58.4361,58.016,58.3075,6979300.0
2017-06-26,58.479,58.7447,58.2818,58.3246,7161700.0
2017-06-27,58.2561,58.3161,57.8703,57.8874,7417200.0
2017-06-28,58.1617,58.5475,58.1446,58.4104,7314300.0
2017-06-29,58.4704,58.5218,57.5873,57.9131,9543600.0
2017-06-30,58.136,58.6761,58.136,58.3932,6748500.0
2017-07-03,58.659,58.9591,58.5733,58.7533,5553100.0
2017-07-05,58.9076,59.0019,58.659,58.9248,7236000.0
2017-07-06,58.779,58.8562,58.3418,58.4104,5599900.0
2017-07-07,58.5561,59.0448,58.5047,58.8648,4166700.0
2017-07-10,58.8219,59.3106,58.7533,59.0362,7919500.0
2017-07-11,59.0362,59.0791,58.5733,58.9848,7683500.0
2017-07-12,59.3192,59.5849,59.242,59.3106,5821800.0
2017-07-13,59.3706,59.4992,59.1306,59.2677,3938800.0
2017-07-14,59.362,59.6535,59.2506,59.5249,5519200.0
2017-07-17,59.4821,59.5849,59.3192,59.4906,5113400.0
2017-07-18,59.3963,59.4735,59.182,59.3535,6891100.0
2017-07-19,59.2506,59.4135,59.1563,59.4135,8864600.0
2017-07-20,59.4649,59.4992,59.0019,59.0791,7428000.0
2017-07-21,58.7876,58.9934,58.5904,58.9677,7600500.0
2017-07-24,58.9076,58.9934,58.7533,58.839,7551700.0
2017-07-25,59.1391,59.1391,58.5904,58.7619,9077100.0
2017-07-26,58.9334,58.9334,58.7019,58.839,6804000.0
2017-07-27,58.779,58.779,58.2218,58.5047,9900900.0
2017-07-28,58.4447,58.6847,58.3161,58.6419,11435700.0
2017-07-31,58.9162,58.9419,58.5476,58.5647,6787300.0
2017-08-01,58.6161,58.719,58.2218,58.3932,16893700.0
2017-08-02,58.3932,58.6676,58.2989,58.6504,17642900.0
2017-08-03,58.539,58.9419,58.539,58.9419,13298800.0
2017-08-04,58.9162,59.0791,58.8133,59.0534,12746000.0
2017-08-07,59.0105,59.1306,58.9162,59.0534,7753100.0
2017-08-08,58.9676,59.2163,58.7876,58.8733,9136500.0
2017-08-09,58.7533,58.9677,58.7276,58.8905,8088200.0
2017-08-10,58.6247,58.779,58.1103,58.1446,10779700.0
2017-08-11,58.1703,58.4532,58.1103,58.1789,10501200.0
2017-08-14,58.5647,58.8562,58.5047,58.7876,6680900.0
2017-08-15,58.7533,58.8305,58.5647,58.659,5055000.0
2017-08-16,58.659,58.9591,58.659,58.8219,7725800.0
2017-08-17,58.5047,58.6676,57.7674,57.8017,10766200.0
2017-08-18,57.5102,57.9646,57.4416,57.5702,14111100.0
2017-08-21,57.6302,57.7074,57.3987,57.6645,7447300.0
2017-08-22,57.8188,58.3761,57.8188,58.3246,6559200.0
2017-08-23,58.0846,58.0846,57.7759,57.7759,7027100.0
2017-08-24,57.9217,57.9388,57.5702,57.5959,7917400.0
2017-08-25,57.8617,58.0932,57.7931,57.8703,7846300.0
2017-08-28,57.9989,58.0589,57.7502,57.836,5999200.0
2017-08-29,57.6473,58.3075,57.5102,58.2561,8150200.0
2017-08-30,58.2989,58.5218,58.1789,58.4961,5463300.0
2017-08-31,58.6076,58.8133,58.5047,58.6933,8635000.0
2017-09-01,58.8219,58.9848,58.7447,58.7447,14501900.0
2017-09-05,58.5904,58.659,58.0246,58.1532,16031100.0
2017-09-06,58.2732,58.4018,58.1532,58.2132,19701400.0
2017-09-07,58.2561,58.3332,57.9903,58.3332,13887000.0
2017-09-08,58.0503,58.6161,57.9646,58.5304,8067000.0
2017-09-11,58.7533,59.0534,58.7533,59.0362,8005600.0
2017-09-12,59.1734,59.3363,59.0705,59.3192,7606200.0
2017-09-13,59.2763,59.3192,59.1048,59.2334,5528400.0
2017-09-14,59.1477,59.5335,59.0705,59.5163,6864900.0
2017-09-15,59.556,59.7885,59.4268,59.7627,9989800.0
2017-09-18,59.8919,60.1589,59.8402,60.0986,6143700.0
2017-09-19,60.1502,60.2364,60.0899,60.1588,7160000.0
2017-09-20,60.1933,60.6153,60.1933,60.5981,6676200.0
2017-09-21,60.5636,60.8392,60.4603,60.7789,4377700.0
2017-09-22,60.822,60.9943,60.7617,60.934,3533900.0
2017-09-25,61.0029,61.0201,60.512,60.934,6917100.0
2017-09-26,60.9512,61.0459,60.8909,60.934,3997800.0
2017-09-27,61.089,61.2441,60.8479,61.0029,6943700.0
2017-09-28,60.9167,61.0201,60.7187,60.9684,6124600.0
2017-09-29,60.934,61.1579,60.822,61.1493,6527200.0
2017-10-02,61.1235,61.5713,61.0287,61.5713,16764700.0
2017-10-03,61.6058,61.8383,61.5196,61.8383,11793400.0
2017-10-04,61.8211,61.9244,61.7091,61.8211,14772500.0
2017-10-05,61.7866,62.0278,61.6747,61.9675,15061300.0
2017-10-06,61.8727,62.0278,61.7177,61.9589,4445400.0
2017-10-09,61.9847,62.1053,61.6919,61.7866,7814000.0
2017-10-10,62.1569,62.1742,61.7694,61.8813,6264300.0
2017-10-11,61.8039,61.8814,61.7091,61.8469,7294400.0
2017-10-12,61.7522,62.2431,61.7436,62.1742,12112100.0
2017-10-13,62.4326,62.5445,62.0106,62.0622,5759000.0
2017-10-16,62.1139,62.1742,61.9416,62.1311,7215700.0
2017-10-17,61.9589,62.0536,61.8383,61.9675,5236000.0
2017-10-18,62.0106,62.1742,61.9158,61.9933,7887700.0
2017-10-19,61.7436,62.1656,61.623,62.1656,6962500.0
2017-10-20,62.1828,62.8374,62.0192,62.8374,9043400.0
2017-10-23,62.8287,62.8373,62.4239,62.4412,6800600.0
2017-10-24,62.7512,63.044,62.7168,62.7943,7921900.0
2017-10-25,62.7512,62.7512,61.8641,62.1742,11078800.0
2017-10-26,62.3809,62.5531,62.1225,62.2603,8323300.0
2017-10-27,62.1742,62.4584,62.1397,62.2861,7534200.0
2017-10-30,62.1742,62.1914,61.8125,61.8555,9082100.0
2017-10-31,61.9158,62.0795,61.5799,61.6058,8793300.0
2017-11-01,61.7952,61.9416,61.5369,61.5713,9104800.0
2017-11-02,61.5368,61.9589,61.3904,61.9244,6924300.0
2017-11-03,61.9158,61.9847,61.7091,61.8641,6975000.0
2017-11-06,61.9072,62.0105,61.8124,61.8986,7134600.0
2017-11-07,61.8986,62.0881,61.8728,61.9933,5181100.0
2017-11-08,61.9072,61.9589,61.7694,61.89,5622700.0
2017-11-09,61.5541,61.6144,60.8651,61.1148,10442000.0
2017-11-10,60.9857,61.2785,60.8823,61.201,5344800.0
2017-11-13,61.0115,61.1493,60.8306,60.9943,5256800.0
2017-11-14,60.8306,60.9168,60.6412,60.8306,7062100.0
2017-11-15,60.5464,60.6928,60.3225,60.4861,10669200.0
2017-11-16,60.7617,61.1321,60.6584,61.0545,6038900.0
2017-11-17,60.8392,60.9339,60.6756,60.7186,7745100.0
2017-11-20,60.779,61.0718,60.7273,60.9943,6485700.0
2017-11-21,61.1924,61.4421,61.0459,61.4335,7387900.0
2017-11-22,61.4766,61.6919,61.4077,61.5024,7037400.0
2017-11-24,61.6575,61.6661,61.468,61.5024,3387500.0
2017-11-27,61.6574,61.6833,61.4938,61.6058,4739300.0
2017-11-28,61.7436,62.5445,61.6747,62.5445,10065300.0
2017-11-29,62.5618,63.1302,62.4326,63.0957,12393500.0
2017-11-30,63.3111,64.3015,63.1302,64.1723,19672700.0
2017-12-01,64.0603,64.1551,62.6651,63.3799,29693700.0
2017-12-04,64.0431,64.6804,63.9139,63.9139,19276400.0
2017-12-05,64.0259,64.2068,63.3197,63.3713,16548300.0
2017-12-06,63.2508,63.6986,63.1819,63.4661,15569300.0
2017-12-07,63.3886,64.1895,63.3713,64.0517,10918400.0
2017-12-08,64.379,64.379,64.0603,64.3273,6804500.0
2017-12-11,64.379,64.4479,64.0862,64.1981,5911600.0
2017-12-12,64.3101,64.4479,64.2068,64.267,9259700.0
2017-12-13,64.4307,64.8613,64.1637,64.5168,8626600.0
2017-12-14,64.7924,64.7924,64.069,64.0776,9214300.0
2017-12-15,64.4603,64.6941,64.1053,64.5296,8935000.0
2017-12-18,64.8673,65.0665,64.8153,64.9885,6017300.0
2017-12-19,65.1877,65.3089,64.8327,65.0059,6211600.0
2017-12-20,65.3695,65.4475,65.1271,65.2223,5778900.0
2017-12-21,65.4648,65.5254,65.1098,65.2743,9456400.0
2017-12-22,65.4128,65.4128,65.1184,65.2916,3730500.0
2017-12-26,65.3695,65.5774,65.2223,65.3609,4983900.0
2017-12-27,65.4128,65.5427,65.3262,65.5167,4730300.0
2017-12-28,65.6986,65.7073,65.4042,65.6466,4629600.0
2017-12-29,65.7852,65.8112,65.4648,65.5254,4825900.0
2018-01-02,65.7419,65.9237,65.4388,65.9151,14903900.0
2018-01-03,66.019,66.3134,65.8631,66.2701,18155000.0
2018-01-04,66.5559,66.807,66.4347,66.755,16483000.0
2018-01-05,67.0754,67.2486,66.7031,67.214,16996200.0
2018-01-08,67.2832,67.5344,67.1967,67.4911,5727500.0
2018-01-09,67.5777,68.0972,67.5517,67.924,8967700.0
2018-01-10,67.7942,68.1405,67.595,67.9154,11669500.0
2018-01-11,68.2185,68.8073,68.0453,68.7813,9448300.0
2018-01-12,69.0931,69.4914,68.9718,69.4221,7436200.0
2018-01-16,69.6819,69.7945,68.4869,68.7986,13343700.0
2018-01-17,68.9199,69.2489,68.7034,69.1797,7814300.0
2018-01-18,69.1797,69.3702,68.7467,68.8073,7790400.0
2018-01-19,69.0844,69.0931,68.6947,69.0065,8657700.0
2018-01-22,68.816,69.0238,68.4956,69.0065,12175300.0
2018-01-23,68.9978,69.1104,68.7121,69.0411,8953800.0
2018-01-24,69.0238,69.3442,68.5562,68.9805,9660000.0
2018-01-25,69.1537,69.2576,68.4696,69.0498,12499200.0
2018-01-26,69.2576,69.8464,69.0238,69.8464,8008300.0
2018-01-29,69.7252,70.1062,69.3528,69.3788,12870300.0
2018-01-30,68.9199,69.1537,68.5129,68.8333,16742400.0
2018-01-31,69.4654,69.7252,68.816,69.0411,15988100.0
2018-02-01,68.5995,69.5087,68.5042,68.9199,14169300.0
2018-02-02,68.5042,68.6168,67.5171,67.5344,17929500.0
2018-02-05,66.8243,67.6989,64.036,64.4689,30309100.0
2018-02-06,63.2567,65.8371,62.9016,65.6466,31980600.0
2018-02-07,65.5947,66.807,65.3695,65.7679,22666800.0
2018-02-08,65.8458,65.9497,63.2047,63.2307,27282100.0
2018-02-09,63.9667,64.4516,61.9058,63.9148,40362500.0
2018-02-12,64.4343,65.4128,64.0014,64.9452,20776900.0
2018-02-13,64.5816,65.2743,64.5036,65.0925,12974600.0
2018-02-14,64.7721,65.993,64.7028,65.9151,13482800.0
2018-02-15,66.4346,66.9109,65.8718,66.9109,10800400.0
2018-02-16,66.755,67.6037,66.7031,66.9282,11161700.0
2018-02-20,66.6165,66.9196,66.019,66.2528,11838900.0
2018-02-21,66.322,67.4824,66.2528,66.2701,8650500.0
2018-02-22,66.5645,67.3179,66.5039,66.7118,10545200.0
2018-02-23,67.0235,67.3006,66.6511,67.2659,6603300.0
2018-02-26,67.5863,68.3051,67.3439,68.1925,8623300.0
2018-02-27,68.2185,68.6514,67.3266,67.3352,11019300.0
2018-02-28,67.6816,67.7769,66.374,66.374,16203900.0
2018-03-01,66.4,66.8849,64.7287,65.0751,35549400.0
2018-03-02,64.5123,65.2483,64.062,65.0578,27076400.0
2018-03-05,64.6508,66.0017,64.4084,65.8372,23038400.0
2018-03-06,66.1835,66.3048,65.6293,66.1316,18536300.0
2018-03-07,65.3176,66.2701,65.1531,66.1229,13625400.0
2018-03-08,66.4,66.5299,65.8285,66.4693,10849100.0
2018-03-09,66.9109,67.9327,66.7031,67.9327,13092600.0
2018-03-12,68.0453,68.0453,66.9022,67.0928,11093600.0
2018-03-13,67.2833,67.6296,66.6338,66.7637,11518800.0
2018-03-14,67.1447,67.1447,65.8458,66.0363,11626200.0
2018-03-15,66.2441,66.6078,65.8025,66.2268,8362700.0
2018-03-16,66.1547,66.8154,66.1547,66.5807,10840000.0
2018-03-19,66.3894,66.4155,65.5287,66.0677,10845700.0
2018-03-20,66.1981,66.685,66.1546,66.2938,7111800.0
2018-03-21,66.3025,67.0589,66.0938,66.372,13818700.0
2018-03-22,65.7113,65.9373,64.0941,64.1811,18793900.0
2018-03-23,64.2767,64.7723,63.1899,63.2421,15457100.0
2018-03-26,64.2941,64.8592,63.5811,64.7723,12197000.0
2018-03-27,65.0765,65.4243,63.5029,63.8767,14726000.0
2018-03-28,64.0941,64.1724,63.1551,63.6594,21892300.0
2018-03-29,63.9985,65.0766,63.9028,64.5897,14051800.0
2018-04-02,64.3984,64.5114,62.4074,63.2595,27498800.0
2018-04-03,63.5811,64.1811,63.1464,64.1376,20149100.0
2018-04-04,62.7639,64.4854,62.6074,64.4158,19987600.0
2018-04-05,64.7723,65.2244,64.581,65.0679,16496100.0
2018-04-06,64.4245,64.8158,62.6943,63.2682,18353400.0
2018-04-09,63.6246,64.0941,62.9725,63.0769,10279200.0
2018-04-10,64.0246,64.4158,63.5899,64.042,18459100.0
2018-04-11,63.4681,64.0767,63.4594,63.5725,10633900.0
2018-04-12,63.9985,64.7462,63.955,64.4854,8921500.0
2018-04-13,64.9201,64.9548,64.0158,64.3288,9904100.0
2018-04-16,64.7984,65.1722,64.694,64.9723,8232700.0
2018-04-17,65.4765,65.7895,65.2939,65.52,8676800.0
2018-04-18,65.946,66.4329,65.8504,66.1981,10138200.0
2018-04-19,66.1112,66.2851,65.5721,66.0155,12515200.0
2018-04-20,66.2938,66.3807,65.4939,65.7286,11612800.0
2018-04-23,65.9808,65.9982,65.3374,65.6504,14427800.0
2018-04-24,65.9808,66.1112,63.016,63.8159,21104800.0
2018-04-25,63.8855,64.1984,63.016,63.9985,14949200.0
2018-04-26,63.9289,64.0941,63.1899,63.7637,19955400.0
2018-04-27,63.4681,63.755,63.2247,63.6333,11555800.0
2018-04-30,63.8072,63.9289,62.7813,62.79,15867500.0
2018-05-01,62.6943,62.7204,61.5467,62.5031,21829500.0
2018-05-02,62.2596,63.4594,61.8858,61.9553,14789300.0
2018-05-03,61.651,62.4248,60.8859,62.1031,25826600.0
2018-05-04,61.6423,63.0334,61.5728,62.8248,11695500.0
2018-05-07,63.0334,63.4246,62.9552,63.2421,11812600.0
2018-05-08,63.2073,63.7811,63.0769,63.6942,10341600.0
2018-05-09,63.8941,64.5897,63.8246,64.381,14973400.0
2018-05-10,64.6245,64.9548,64.5114,64.8157,7213700.0
2018-05-11,64.9027,65.2331,64.781,64.9549,8060000.0
2018-05-14,65.1113,65.3287,64.694,64.8418,5856600.0
2018-05-15,64.494,64.6766,64.3462,64.6245,10180500.0
2018-05-16,64.6158,65.0766,64.5462,64.8592,6281300.0
2018-05-17,64.8331,65.3896,64.7896,65.1113,7519500.0
2018-05-18,65.1113,65.6156,65.0852,65.4939,7482900.0
2018-05-21,66.1634,66.7807,66.0764,66.4851,13744100.0
2018-05-22,66.598,66.6676,65.6417,65.6678,8754900.0
2018-05-23,65.2678,65.6069,65.007,65.6069,12909000.0
2018-05-24,65.4417,66.0243,65.3635,65.9286,9371800.0
2018-05-25,65.7982,66.0242,65.6156,65.8069,8111800.0
2018-05-29,65.2591,65.4243,64.4506,64.7549,18470400.0
2018-05-30,65.1809,65.7373,64.9635,65.6678,11431700.0
2018-05-31,65.5374,65.5809,64.5202,64.7201,14117000.0
2018-06-01,65.094,65.5461,65.0505,65.433,9717100.0
2018-06-04,65.6504,65.946,65.2417,65.3374,8788700.0
2018-06-05,65.3374,65.5461,65.1374,65.4157,7906100.0
2018-06-06,65.5634,66.0329,65.3548,65.9634,6751900.0
2018-06-07,66.1199,66.3285,65.8243,66.2416,9952400.0
2018-06-08,66.146,66.5459,66.0069,66.459,6557900.0
2018-06-11,66.4677,66.7894,66.3807,66.5894,5225300.0
2018-06-12,66.6937,66.7545,66.3546,66.5198,5802800.0
2018-06-13,66.5459,66.5894,65.946,65.9895,8553700.0
2018-06-14,66.1981,66.3807,65.5635,65.7373,10501500.0
2018-06-15,65.3026,65.6954,64.8487,65.5732,14757400.0
2018-06-18,65.0757,65.4161,64.8923,65.3026,8330300.0
2018-06-19,64.5519,64.5956,63.679,63.9234,17955400.0
2018-06-20,64.1416,64.1765,63.7401,63.967,11975900.0
2018-06-21,63.7314,63.8449,62.9458,63.164,15497800.0
2018-06-22,63.6092,63.7925,63.3124,63.3822,13643900.0
2018-06-25,62.8847,63.0418,62.1689,62.5791,23091500.0
2018-06-26,62.8585,63.1291,62.6751,62.8148,11342100.0
2018-06-27,63.068,63.7314,62.2823,62.3085,19853200.0
2018-06-28,62.1863,62.6752,61.8197,62.3958,15329800.0
2018-06-29,62.6577,63.2251,62.5006,62.5268,14908000.0
2018-07-02,62.0379,62.6751,61.8808,62.6664,14098700.0
2018-07-03,62.9109,63.1989,62.2998,62.4657,7083300.0
2018-07-05,62.6839,62.8148,62.1689,62.7712,8465700.0
2018-07-06,62.7188,63.1814,62.3522,62.9894,9757500.0
2018-07-09,63.2687,64.1766,63.2076,64.1591,13034000.0
2018-07-10,64.1853,64.5082,64.0194,64.3599,9880400.0
2018-07-11,63.8012,63.8099,63.164,63.3036,14208000.0
2018-07-12,63.775,64.1155,63.3822,64.0456,12705600.0
2018-07-13,64.0194,64.4908,63.9845,64.3773,18494200.0
2018-07-16,64.4995,64.6479,63.9496,64.1154,9576100.0
2018-07-17,64.0631,64.4472,63.8885,64.3686,7326000.0
2018-07-18,64.5956,65.259,64.517,65.0757,13821300.0
2018-07-19,64.8312,65.1891,64.5694,65.0495,8790000.0
2018-07-20,64.9622,65.2241,64.7003,64.9796,7922400.0
2018-07-23,64.8225,64.8487,64.4559,64.5781,7822000.0
2018-07-24,64.9098,65.2241,64.5607,64.8487,12140400.0
2018-07-25,64.6567,65.8351,64.5519,65.8351,17949600.0
2018-07-26,65.6954,66.4723,65.6867,66.3414,15115200.0
2018-07-27,66.4723,66.6382,66.0359,66.3501,11281500.0
2018-07-30,66.4374,66.7778,65.6256,65.6954,13423600.0
2018-07-31,66.193,67.2056,66.0708,67.1445,17709500.0
2018-08-01,66.8913,66.935,66.0708,66.2366,14214600.0
2018-08-02,65.7653,66.2366,65.5645,66.1493,10812400.0
2018-08-03,66.097,66.2541,65.8002,66.2104,11021500.0
2018-08-06,66.1755,66.3327,65.9049,66.3065,5460300.0
2018-08-07,66.5334,66.8739,66.3501,66.7778,8381900.0
2018-08-08,66.7342,66.7866,66.3938,66.4811,4745200.0
2018-08-09,66.4636,66.6382,66.0708,66.1144,13085900.0
2018-08-10,65.7303,65.8438,65.3463,65.5296,10684800.0
2018-08-13,65.8002,65.8264,65.0408,65.2154,13471800.0
2018-08-14,65.4685,65.9311,65.4161,65.6692,8500500.0
2018-08-15,65.1281,65.4598,64.5868,65.355,20329400.0
2018-08-16,65.87,66.3414,65.6867,66.1843,10447200.0
2018-08-17,66.0271,66.7255,66.001,66.5858,13993100.0
2018-08-20,66.7255,67.1619,66.6906,67.031,8239300.0
2018-08-21,67.1095,67.6158,67.1095,67.5285,10034000.0
2018-08-22,67.354,67.4325,66.8739,66.8739,7149700.0
2018-08-23,66.9088,66.9088,66.5247,66.6818,8336500.0
2018-08-24,66.8389,67.0135,66.6556,66.9699,6411600.0
2018-08-27,67.3016,67.8341,67.223,67.8166,9767500.0
2018-08-28,67.9475,68.0174,67.6246,67.6769,8440600.0
2018-08-29,67.7293,67.8515,67.5286,67.7293,6339000.0
2018-08-30,67.5809,67.7468,67.0921,67.258,10145600.0
2018-08-31,67.0921,67.4238,67.031,67.3016,7192400.0
2018-09-04,67.0485,67.3016,66.9088,67.2492,8597700.0
2018-09-05,67.1357,67.7468,66.9612,67.7293,10761300.0
2018-09-06,67.773,68.1396,67.6508,67.9388,8083000.0
2018-09-07,67.7555,68.0436,67.3714,67.7293,11039700.0
2018-09-10,67.9912,68.3491,67.9912,68.0785,9550200.0
2018-09-11,67.7817,68.2618,67.6246,68.061,6945600.0
2018-09-12,68.0261,68.5498,67.8864,68.2705,10906200.0
2018-09-13,68.6022,68.9252,68.4276,68.6808,8849000.0
2018-09-14,68.6982,69.0736,68.4713,69.0212,8478500.0
2018-09-17,68.9863,69.3442,68.9252,69.0474,8368500.0
2018-09-18,69.2045,69.833,68.899,69.6759,8691000.0
2018-09-19,69.6061,70.0513,69.5275,69.6148,7938300.0
2018-09-20,69.9378,70.1909,69.4315,69.7196,11466900.0
2018-09-21,69.9511,70.1704,69.8459,70.1704,15133900.0
2018-09-24,69.7318,69.8196,68.8986,68.9687,11999600.0
2018-09-25,69.0565,69.1442,68.6881,68.7582,12369600.0
2018-09-26,68.9073,69.1529,68.5828,68.7144,11426200.0
2018-09-27,68.8898,69.1354,68.5828,68.8109,8504200.0
2018-09-28,68.653,68.9249,68.5302,68.767,7545400.0
2018-10-01,69.609,69.7757,69.1266,69.3722,16832100.0
2018-10-02,69.3371,69.6529,69.1178,69.5301,8523700.0
2018-10-03,69.8196,70.188,69.6705,69.8196,10534900.0
2018-10-04,69.6704,69.9511,69.0652,69.5915,12520900.0
2018-10-05,69.6353,69.9511,68.8722,69.2319,14165500.0
2018-10-08,69.2056,69.4687,68.6881,69.4073,9359700.0
2018-10-09,69.2056,69.3108,68.3284,68.3372,11606800.0
2018-10-10,68.2144,68.2144,65.9514,66.1356,34050400.0
2018-10-11,65.7058,66.2847,64.2059,64.3901,54550500.0
2018-10-12,65.5216,65.6181,64.0743,64.8199,29409800.0
2018-10-15,64.776,65.4602,64.7234,64.9427,15201200.0
2018-10-16,65.1883,66.1005,64.9076,66.0391,12547300.0
2018-10-17,66.0567,66.2672,65.2058,65.5567,15610600.0
2018-10-18,65.1532,65.4164,64.0305,64.4252,19139300.0
2018-10-19,64.3901,64.8112,63.9603,64.1884,17152400.0
2018-10-22,64.2849,64.4428,63.6709,63.9691,13675500.0
2018-10-23,62.4867,63.3726,61.9868,62.9165,25139900.0
2018-10-24,63.1095,63.2849,60.6711,60.7851,22170900.0
2018-10-25,61.0482,61.671,60.7413,61.2149,23871500.0
2018-10-26,60.5921,61.2763,59.7501,60.6097,34330800.0
2018-10-29,61.4517,61.5921,58.7589,59.601,23645600.0
2018-10-30,59.5396,60.8991,59.3028,60.829,23445800.0
2018-10-31,61.4079,62.0482,61.2588,61.2939,14205500.0
2018-11-01,61.5482,62.5832,61.4166,62.3727,22653800.0
2018-11-02,62.9341,63.092,61.8815,62.2675,23216400.0
2018-11-05,62.3289,62.8376,62.1534,62.592,17524400.0
2018-11-06,62.5306,63.2937,62.4429,63.2498,15588600.0
2018-11-07,63.8463,64.3287,63.1534,64.2761,14217700.0
2018-11-08,64.1358,64.5041,63.9077,64.1708,11967400.0
2018-11-09,63.7235,63.9428,63.0744,63.5217,23409100.0
2018-11-12,63.4779,63.5218,62.171,62.2675,10822300.0
2018-11-13,62.3288,63.3463,62.1534,62.5481,16032200.0
2018-11-14,62.9692,63.3902,61.9254,62.3376,18374100.0
2018-11-15,61.864,63.4955,61.6359,63.1622,24411600.0
2018-11-16,62.9779,63.4516,62.592,63.1446,15156000.0
2018-11-19,63.0394,63.1095,61.8991,62.1447,14365300.0
2018-11-20,61.1184,61.4517,60.5921,60.8553,18024900.0
2018-11-21,61.3202,61.7675,61.171,61.2851,10846000.0
2018-11-23,60.829,61.5833,60.8202,61.1623,6205500.0
2018-11-26,61.6359,61.978,61.1623,61.6096,12896300.0
2018-11-27,61.3202,61.5745,60.8992,61.5044,14430900.0
2018-11-28,61.8377,62.978,61.3816,62.978,14139400.0
2018-11-29,62.8376,63.3113,62.3903,63.013,12997900.0
2018-11-30,62.9429,63.7235,62.8025,63.627,16428000.0
2018-12-03,64.8287,65.3111,64.0919,64.3638,19554600.0
2018-12-04,64.1533,64.1533,61.5395,61.6272,20580300.0
2018-12-06,60.4869,61.2938,59.4694,61.2851,28325800.0
2018-12-07,61.136,61.8377,59.4694,59.6712,19238300.0
2018-12-10,59.6098,60.0308,58.5046,59.8203,25360000.0
2018-12-11,60.7851,60.9079,59.1098,59.4694,18475700.0
2018-12-12,60.2588,60.6974,59.7589,59.8027,14776400.0
2018-12-13,60.2588,60.3553,59.3993,59.6361,15917800.0
2018-12-14,58.9958,59.5922,58.6186,58.8116,14806200.0
2018-12-17,58.6625,59.0309,57.4871,57.8467,19796800.0
2018-12-18,58.4432,58.8905,57.8029,58.1362,15665200.0
2018-12-19,58.066,59.294,56.6538,57.0398,23552900.0
2018-12-20,56.6626,57.1713,55.3732,55.996,25709900.0
2018-12-21,56.139,56.6773,54.8151,54.9387,28744200.0
2018-12-24,54.4268,54.6739,53.2089,53.253,15800200.0
2018-12-26,53.4648,55.7948,52.8823,55.733,17549000.0
2018-12-27,54.9122,56.4567,54.3033,56.4302,13980700.0
2018-12-28,56.6332,57.1009,56.086,56.2802,15917200.0
2018-12-31,56.6155,56.9597,56.2449,56.845,10068900.0
2019-01-02,56.0066,57.1804,55.68,57.1362,14687500.0
2019-01-03,56.7391,56.7391,55.1505,55.3976,25976200.0
2019-01-04,56.2096,57.604,56.2096,57.4981,19883600.0
2019-01-07,57.7364,58.3453,57.1892,57.9658,15193100.0
2019-01-08,58.7601,59.122,58.2041,58.7601,23069500.0
2019-01-09,58.9896,59.4309,58.7778,59.1573,10036600.0
2019-01-10,58.9455,60.031,58.6807,59.9604,8900400.0
2019-01-11,59.5544,59.9339,59.3426,59.8986,10691300.0
2019-01-14,59.4573,60.1634,59.272,59.8898,10105500.0
2019-01-15,59.8369,60.0928,59.3691,59.7045,12517400.0
2019-01-16,59.7839,60.0663,59.678,59.7662,12029900.0
2019-01-17,59.5191,61.1254,59.4397,60.79,22922500.0
2019-01-18,61.3195,62.1668,61.1342,61.9461,20020200.0
2019-01-22,61.4166,61.4343,60.2605,60.6664,15935300.0
2019-01-23,61.0636,61.3813,60.0751,60.7547,13243800.0
2019-01-24,60.9753,61.3372,60.7194,61.0636,10361800.0
2019-01-25,61.6461,62.0962,61.4784,61.8402,13065900.0
2019-01-28,60.9577,61.2842,60.7017,61.2489,13144000.0
2019-01-29,61.5137,62.2109,61.496,62.0962,12384000.0
2019-01-30,62.7404,63.367,62.0344,63.067,16892500.0
2019-01-31,63.1817,63.6406,62.9258,63.3406,13867100.0
2019-02-01,63.5259,63.9054,63.2699,63.4376,11845000.0
2019-02-04,63.5259,64.2937,63.3582,64.2584,7688400.0
2019-02-05,64.3643,64.8497,64.1613,64.8144,9079100.0
2019-02-06,64.7085,65.141,64.6114,64.8321,15557600.0
2019-02-07,64.4173,64.7615,63.8966,64.3908,15611400.0
2019-02-08,63.9848,64.4879,63.6759,64.4879,15977000.0
2019-02-11,64.6732,64.9909,64.6379,64.8321,7909800.0
2019-02-12,65.3263,65.9794,65.1939,65.8382,8909700.0
2019-02-13,66.0765,66.4295,65.9,66.2265,8134200.0
2019-02-14,65.847,66.1912,65.6705,65.9176,11703600.0
2019-02-15,66.3236,66.809,66.1824,66.8002,9593200.0
2019-02-19,66.5971,66.9855,66.3853,66.7737,7994800.0
2019-02-20,66.7472,67.1267,66.6678,67.0914,8911400.0
2019-02-21,66.9325,67.1002,66.5972,66.8178,6782700.0
2019-02-22,67.0561,67.2944,66.7913,67.2591,9816900.0
2019-02-25,67.9563,68.071,67.4974,67.5238,10108500.0
2019-02-26,67.3473,72.9515,67.3208,67.3385,11730800.0
2019-02-27,67.2238,67.665,66.9766,67.6033,8033300.0
2019-02-28,67.6121,67.6474,67.3297,67.3738,8531300.0
2019-03-01,67.8769,68.0446,67.0826,67.4356,12786600.0
2019-03-04,67.7533,68.0446,66.6148,67.1355,19150400.0
2019-03-05,67.1708,67.3209,66.6854,66.7031,13820500.0
2019-03-06,66.606,66.7296,66.0588,66.0765,18468400.0
2019-03-07,65.9088,66.0147,65.1057,65.6793,19104700.0
2019-03-08,65.0527,65.5734,64.9645,65.5469,14341300.0
2019-03-11,64.6114,66.1294,64.4614,66.1029,15298200.0
2019-03-12,66.0147,66.0941,65.4322,65.5558,17995800.0
2019-03-13,65.7941,66.3501,65.7146,66.1294,13387900.0
2019-03-14,66.1206,66.2883,65.7411,65.9088,9636500.0
2019-03-15,65.9869,66.1466,65.5519,65.6762,24900000.0
2019-03-18,65.5786,66.3686,65.5076,66.3153,10313900.0
2019-03-19,66.5372,66.768,65.8271,66.0757,10778100.0
2019-03-20,65.907,66.1556,65.259,65.623,11259400.0
2019-03-21,65.4277,66.3952,65.3744,66.2532,10638600.0
2019-03-22,65.8804,65.9248,64.7087,64.7531,18004400.0
2019-03-25,64.7708,65.2502,64.6111,64.904,12372800.0
2019-03-26,65.3655,65.6052,64.9395,65.3389,10524000.0
2019-03-27,65.3567,65.7117,64.9217,65.41,10556100.0
2019-03-28,65.5963,65.978,65.4099,65.8892,10030100.0
2019-03-29,66.3242,66.6526,66.271,66.5994,10138800.0
2019-04-01,67.2118,68.0817,67.1674,67.9752,15531000.0
2019-04-02,68.0107,68.1882,67.7799,67.9486,10397600.0
2019-04-03,68.2237,68.3125,67.5669,67.7444,12726000.0
2019-04-04,67.7089,68.4012,67.7,68.1616,9236600.0
2019-04-05,68.419,68.5699,68.2504,68.3569,7531000.0
2019-04-08,67.8421,68.0817,67.5491,68.064,8819100.0
2019-04-09,67.5935,67.6201,67.0254,67.1408,9814500.0
2019-04-10,67.1941,67.2651,66.7147,67.1231,13974700.0
2019-04-11,67.1408,67.771,67.0964,67.7,9532200.0
2019-04-12,68.3569,68.5965,68.1172,68.5965,11175100.0
2019-04-15,68.4989,68.6409,68.1172,68.2149,7368100.0
2019-04-16,68.4456,68.7208,68.2859,68.632,7101600.0
2019-04-17,69.0403,69.2267,68.703,68.7208,10363900.0
2019-04-18,69.0049,69.6085,69.0049,69.5108,13192700.0
2019-04-22,69.2445,69.4576,68.9605,69.2978,6477700.0
2019-04-23,69.5019,70.0434,69.2889,69.9014,13760500.0
2019-04-24,69.9014,70.0789,69.6706,69.6972,7718000.0
2019-04-25,68.9161,68.9338,67.9841,68.2947,12555900.0
2019-04-26,68.3303,68.8096,68.206,68.8096,12262600.0
2019-04-29,68.8096,69.1913,68.7297,68.9693,8759000.0
2019-04-30,69.2534,69.4309,68.6587,69.2445,9546700.0
2019-05-01,69.4575,69.6794,68.7918,68.7918,16918700.0
2019-05-02,68.6232,68.9072,68.1793,68.7563,16360900.0
2019-05-03,68.996,69.6528,68.996,69.5907,12904100.0
2019-05-06,68.135,69.0492,68.0817,68.925,11928800.0
2019-05-07,68.0817,68.2148,67.0077,67.5314,18355800.0
2019-05-08,67.4071,68.0018,67.3095,67.5314,16464800.0
2019-05-09,66.8213,67.5491,66.4218,67.4337,14923700.0
2019-05-10,66.9899,67.8687,66.2088,67.7,17419800.0
2019-05-13,66.1289,66.3863,65.33,65.7739,20011000.0
2019-05-14,66.0135,66.9633,65.9248,66.4574,11317900.0
2019-05-15,65.8626,66.8213,65.7117,66.5461,12290000.0
2019-05-16,66.8479,67.3805,66.7147,67.1586,7450000.0
2019-05-17,66.4307,67.1408,66.3331,66.413,16305500.0
2019-05-20,65.9958,66.4928,65.9336,66.2443,11638300.0
2019-05-21,66.8124,67.1053,66.6349,67.0254,10612300.0
2019-05-22,66.7946,66.8745,66.4751,66.4751,9114700.0
2019-05-23,65.7472,65.8449,65.0549,65.4632,16205600.0
2019-05-24,65.8981,66.0135,65.3123,65.4898,11127400.0
2019-05-28,65.5697,65.8182,64.8773,64.8862,11263100.0
2019-05-29,64.6022,64.8862,63.9809,64.5933,14257100.0
2019-05-30,64.8773,65.1614,64.6199,64.8419,10103500.0
2019-05-31,64.1495,64.398,63.9009,63.9542,13718400.0
2019-06-03,63.8477,64.7442,63.8299,64.3891,17515000.0
2019-06-04,65.0105,65.9514,64.8951,65.9248,16424700.0
2019-06-05,66.2709,66.6437,66.0402,66.5639,12865600.0
2019-06-06,66.6349,66.8568,66.0757,66.6792,11387300.0
2019-06-07,66.9278,67.487,66.8834,67.2118,9234300.0
2019-06-10,67.8509,68.0373,67.2828,67.3006,9513900.0
2019-06-11,67.7,67.8598,66.4574,66.7236,11936300.0
2019-06-12,66.6704,66.9012,66.5106,66.8657,5612300.0
2019-06-13,66.9811,67.2473,66.8035,67.203,6987000.0
2019-06-14,67.1231,67.203,66.6526,66.9367,5966600.0
2019-06-17,66.9722,67.0787,66.6526,66.7059,7708800.0
2019-06-18,67.0521,68.0906,67.0521,68.0018,12506300.0
2019-06-19,68.1172,68.135,67.629,67.9486,11171700.0
2019-06-20,68.7474,69.1735,68.3125,69.0847,14503200.0
2019-06-21,69.0821,69.3673,68.6898,68.7166,11526800.0
2019-06-24,68.7433,68.9929,68.5561,68.5828,8388300.0
2019-06-25,68.5829,68.6096,68.0123,68.0658,9267600.0
2019-06-26,68.253,68.4313,68.0658,68.2351,7262700.0
2019-06-27,68.2886,68.5293,68.0123,68.2975,7573800.0
2019-06-28,68.3956,69.0642,68.3956,69.0196,11152300.0
2019-07-01,69.5813,69.929,68.7879,69.0821,10300100.0
2019-07-02,69.1534,69.2515,68.8325,68.9929,9237200.0
2019-07-03,69.2158,69.403,68.9661,69.3762,8091400.0
2019-07-05,69.0553,69.0999,68.1549,69.0999,6389000.0
2019-07-08,68.6809,68.8859,68.351,68.5293,6039900.0
2019-07-09,68.1103,68.458,68.0034,68.3778,10137500.0
2019-07-10,68.5739,68.877,68.1549,68.2173,10124800.0
2019-07-11,68.1995,68.6898,68.0925,68.6809,7393900.0
2019-07-12,68.9127,69.9023,68.9127,69.8844,12152800.0
2019-07-15,69.8844,69.8844,69.5011,69.5991,4452300.0
2019-07-16,69.5902,70.2321,69.5902,70.0449,8115300.0
2019-07-17,69.6437,69.7061,68.5204,68.5472,11235100.0
2019-07-18,68.5918,68.7701,68.253,68.672,6647900.0
2019-07-19,69.1177,69.4654,69.0018,69.0464,7601700.0
2019-07-22,69.1712,69.4565,68.877,69.0999,8448200.0
2019-07-23,69.6081,70.0003,69.3228,69.9736,10284200.0
2019-07-24,69.403,70.446,69.3852,70.2767,8692500.0
2019-07-25,70.2767,70.4906,69.822,70.134,8759000.0
2019-07-26,70.0003,70.1697,69.7507,69.9825,6147900.0
2019-07-29,69.9022,70.0271,69.7418,69.8577,5387500.0
2019-07-30,69.4208,70.1608,69.1801,70.1608,7071100.0
2019-07-31,70.1964,70.3391,68.8413,69.3762,12485300.0
2019-08-01,69.2515,69.7864,67.9053,68.0301,18665700.0
2019-08-02,67.7983,67.941,67.1297,67.5933,12992400.0
2019-08-05,66.5235,66.5324,65.1506,65.7211,14505200.0
2019-08-06,66.1758,66.7642,65.8638,66.7107,11758600.0
2019-08-07,65.8459,66.7998,65.3645,66.675,15604300.0
2019-08-08,66.9692,67.8518,66.889,67.8072,9353100.0
2019-08-09,67.5576,67.6289,66.8444,67.2367,8213600.0
2019-08-12,66.7642,66.996,66.0956,66.3095,15560600.0
2019-08-13,66.2293,67.7805,66.1045,67.1029,14379300.0
2019-08-14,66.0777,66.2114,64.9812,65.0525,13653800.0
2019-08-15,65.1595,65.1684,64.3571,64.9812,11974400.0
2019-08-16,65.5161,66.3719,65.4448,66.2382,9575500.0
2019-08-19,67.0227,67.1475,66.7464,66.8622,4260500.0
2019-08-20,66.7374,66.889,66.4165,66.47,4695400.0
2019-08-21,66.9781,67.1743,66.7731,66.8801,5399200.0
2019-08-22,67.0673,67.3437,66.4789,66.9781,7692400.0
2019-08-23,66.5591,67.0584,64.8742,65.1862,26474900.0
2019-08-26,65.944,66.051,65.0971,65.6677,14041900.0
2019-08-27,66.0153,66.0421,65.1773,65.3289,9943300.0
2019-08-28,65.1506,66.1312,64.8742,66.1312,11921300.0
2019-08-29,66.8622,67.415,66.5948,67.2634,10651000.0
2019-08-30,67.7092,67.9855,67.4061,67.5398,7500200.0
2019-09-03,66.8979,67.5755,66.2025,66.6216,12787100.0
2019-09-04,67.1564,67.5398,66.6215,67.4684,9265600.0
2019-09-05,68.2797,69.1801,68.2352,68.6809,14266800.0
2019-09-06,68.9394,69.0553,68.6185,68.8235,6940300.0
2019-09-09,68.984,69.3406,68.8681,69.0286,8081000.0
2019-09-10,68.8503,69.6794,68.6096,69.6616,9487400.0
2019-09-11,69.8042,70.3569,69.4298,70.3123,14262600.0
2019-09-12,70.5085,70.6957,70.0449,70.3569,18667600.0
2019-09-13,70.6778,71.1325,70.6511,70.7402,9357700.0
2019-09-16,70.5352,70.7937,70.3747,70.6778,8011700.0
2019-09-17,70.5085,70.7046,70.134,70.6422,6249300.0
2019-09-18,70.2321,70.5709,69.7507,70.5352,8089600.0
2019-09-19,70.5085,70.7402,70.1429,70.1786,5076800.0
2019-09-20,70.2548,70.4968,69.5378,69.735,10478700.0
2019-09-23,69.4572,69.8515,69.2062,69.6006,14475100.0
2019-09-24,69.9052,70.0755,68.8567,69.2062,11798600.0
2019-09-25,69.3137,69.7887,69.0718,69.6543,10000200.0
2019-09-26,69.7708,69.977,69.3855,69.7529,9083000.0
2019-09-27,69.9859,70.0666,69.1524,69.4751,10226900.0
2019-09-30,69.5558,69.8067,69.5558,69.5737,6225100.0
2019-10-01,69.8246,70.1204,67.835,67.9067,15968900.0
2019-10-02,67.3241,67.3331,66.1322,66.6251,12341200.0
2019-10-03,66.4727,67.0822,65.5855,67.0642,16621700.0
2019-10-04,67.1091,67.844,67.0374,67.7633,9175800.0
2019-10-07,67.5571,67.9963,67.2793,67.4227,6505400.0
2019-10-08,66.7416,67.1001,66.3383,66.3831,11579500.0
2019-10-09,66.9298,67.2166,66.5713,66.9477,6271500.0
2019-10-10,66.8133,67.7991,66.8133,67.5572,9321000.0
2019-10-11,68.4534,69.4392,68.2741,68.8298,16243500.0
2019-10-14,68.6954,68.8926,68.4803,68.6954,4829300.0
2019-10-15,68.8208,69.5199,68.6774,69.251,8973800.0
2019-10-16,69.1255,69.5647,69.0897,69.2152,8786300.0
2019-10-17,69.6095,70.0755,69.493,69.5557,7976200.0
2019-10-18,69.4034,69.5468,68.8836,68.9553,9694500.0
2019-10-21,69.2152,69.5199,69.1076,69.3675,8419400.0
2019-10-22,69.4482,70.1203,69.1883,69.9142,11351500.0
2019-10-23,69.8873,69.9501,69.6095,69.9053,7370300.0
2019-10-24,70.0218,70.1024,69.502,70.0038,8355700.0
2019-10-25,69.9859,70.6043,69.9501,70.443,7718500.0
2019-10-28,70.5953,71.0076,70.5864,70.6401,8138200.0
2019-10-29,70.3534,71.0614,70.2637,70.8732,10429100.0
2019-10-30,71.0076,71.1869,70.6222,71.1241,9208200.0
2019-10-31,70.909,70.909,70.0039,70.3624,10693200.0
2019-11-01,70.8553,71.8949,70.8104,71.8949,19657900.0
2019-11-04,72.2892,72.7552,72.2892,72.7283,15286500.0
2019-11-05,72.8628,73.2034,72.6656,72.8807,14923700.0
2019-11-06,72.818,72.9345,72.5043,72.9255,12253200.0
2019-11-07,73.3109,73.6515,73.06,73.1765,10297000.0
2019-11-08,73.0241,73.275,72.8,73.275,6323400.0
2019-11-11,72.8269,73.4274,72.7104,73.3109,5801500.0
2019-11-12,73.4274,73.6425,73.1496,73.3019,8293500.0
2019-11-13,73.0062,73.2661,72.7732,72.9972,9885400.0
2019-11-14,72.8538,73.3826,72.8449,73.2302,7355000.0
2019-11-15,73.6425,73.9203,73.5798,73.768,6150700.0
2019-11-18,73.6335,73.6335,73.3378,73.4902,5119400.0
2019-11-19,73.7232,73.7859,73.2661,73.4274,9192800.0
2019-11-20,73.1944,73.3647,72.5581,72.8448,14726700.0
2019-11-21,72.8538,73.051,72.5939,72.818,6094800.0
2019-11-22,72.9972,73.2123,72.7642,73.1944,5205100.0
2019-11-25,73.4633,73.8666,73.2751,73.7232,9190000.0
2019-11-26,73.7949,74.0727,73.6515,73.9383,6069400.0
2019-11-27,73.8845,73.8934,73.5797,73.8665,9186200.0
2019-11-29,73.7769,73.7769,73.4005,73.526,5645400.0
2019-12-02,73.517,73.6246,72.2802,72.3161,18275700.0
2019-12-03,71.5543,71.5901,71.0345,71.5274,20384400.0
2019-12-04,71.9038,72.5043,71.7335,71.8052,16090300.0
2019-12-05,71.9397,71.9935,71.5095,71.8232,18539400.0
2019-12-06,72.4953,72.8269,72.4684,72.6925,8966700.0
2019-12-09,72.4864,72.6836,72.3789,72.4147,6951300.0
2019-12-10,72.4057,72.6208,72.1996,72.3251,9046900.0
2019-12-11,72.3968,72.8449,72.2175,72.7821,9070300.0
2019-12-12,72.818,73.6604,72.6298,73.4274,15561500.0
2019-12-13,73.3916,73.9741,72.9883,73.2302,11754800.0
2019-12-16,73.4812,73.5977,73.1854,73.1944,8046500.0
2019-12-17,73.2034,73.3647,73.0779,73.1227,5949600.0
2019-12-18,73.1317,73.1496,72.6835,72.818,6679300.0
2019-12-19,72.8269,73.0958,72.7463,73.0151,5744000.0
2019-12-20,73.261,73.5222,73.0989,73.3511,8913300.0
2019-12-23,73.7924,74.0356,73.6663,73.9545,5675700.0
2019-12-24,73.9365,74.0356,73.5763,73.6573,4451600.0
2019-12-26,73.8194,73.8375,73.4772,73.8285,3914200.0
2019-12-27,74.0626,74.0626,73.6663,73.7654,5300700.0
2019-12-30,73.8465,73.8465,73.279,73.4231,7716400.0
2019-12-31,73.243,73.5763,73.1169,73.3781,6458200.0
2020-01-02,73.9005,74.7651,73.7023,74.7651,16121300.0
2020-01-03,73.9095,74.7111,73.8465,74.621,17571300.0
2020-01-06,74.2698,74.6571,74.0986,74.6481,16153100.0
2020-01-07,74.3688,74.7741,74.1167,74.4949,16675400.0
2020-01-08,74.549,75.0804,74.4229,74.7471,10677700.0
2020-01-09,75.0624,75.1435,74.8282,75.0624,7407200.0
2020-01-10,75.2155,75.2155,74.4049,74.531,8856800.0
2020-01-13,74.7652,75.2245,74.6211,75.1435,7893800.0
2020-01-14,75.1885,75.6388,75.0534,75.1525,9649400.0
2020-01-15,75.1615,75.5848,75.0984,75.2695,12014500.0
2020-01-16,75.6568,76.0531,75.5938,76.0171,9493300.0
2020-01-17,76.0711,76.3864,75.927,76.0261,7013400.0
2020-01-21,75.6839,75.9,74.8552,75.1885,13005000.0
2020-01-22,75.3956,75.5667,74.7381,74.7922,7490500.0
2020-01-23,74.6931,75.7019,74.4229,75.6028,10758500.0
2020-01-24,75.7469,75.8099,74.6931,75.2515,13402200.0
2020-01-27,73.9095,74.3238,73.8285,73.8285,15013800.0
2020-01-28,74.0717,74.6751,73.7294,74.3058,14918000.0
2020-01-29,75.0534,75.2696,74.6211,74.7021,10355100.0
2020-01-30,73.9816,74.8642,73.8285,74.7832,13158200.0
2020-01-31,74.3779,74.4859,72.7747,73.0539,19083600.0
2020-02-03,73.4502,74.0626,72.9458,73.0269,15676600.0
2020-02-04,74.1437,74.585,74.0716,74.4049,13597200.0
2020-02-05,75.2425,75.6568,74.8552,75.6478,12835800.0
2020-02-06,75.954,76.0171,75.4046,75.891,8627600.0
2020-02-07,75.6028,75.7919,75.2786,75.3416,12394500.0
2020-02-10,75.2245,75.7829,75.1344,75.7649,8074200.0
2020-02-11,76.1522,76.4134,75.864,76.0531,6291400.0
2020-02-12,76.4674,76.8547,76.2873,76.7646,7808900.0
2020-02-13,76.3684,76.6566,76.0711,76.3323,8231500.0
2020-02-14,76.3143,76.4584,75.927,76.2333,5319300.0
2020-02-18,75.918,76.1342,75.4497,75.8009,10399700.0
2020-02-19,75.9541,76.1702,75.7379,75.7739,4638700.0
2020-02-20,75.6388,76.1882,75.1164,75.6658,9518700.0
2020-02-21,75.2605,75.5127,74.9453,75.2875,13184800.0
2020-02-24,73.1439,73.6033,72.6936,73.1439,18010100.0
2020-02-25,73.2971,73.5132,69.9736,70.1627,33000700.0
2020-02-26,70.604,71.5047,69.4782,69.6313,32619800.0
2020-02-27,68.2623,69.7123,67.0013,67.0463,42597300.0
2020-02-28,65.0018,66.3528,64.2182,65.8214,79118200.0
2020-03-02,66.605,68.2983,65.3801,68.1362,44798900.0
2020-03-03,68.3163,69.8294,66.0646,66.4699,53823900.0
2020-03-04,67.5147,69.307,66.8842,69.217,32387800.0
2020-03-05,67.2535,67.7489,65.5422,65.8304,28762200.0
2020-03-06,63.6418,65.5152,63.4527,65.254,40681300.0
2020-03-09,60.0751,61.5613,58.616,59.2375,24792500.0
2020-03-10,61.282,62.3538,58.8592,62.3088,18385600.0
2020-03-11,60.3814,60.9308,58.0036,58.6521,28414900.0
2020-03-12,53.6713,56.7426,48.7266,52.5815,23659800.0
2020-03-13,55.6888,56.7336,52.7706,56.6886,18660300.0
2020-03-16,50.636,53.9415,50.0506,50.2577,18656400.0
2020-03-17,51.0504,52.8427,49.186,52.5725,24962200.0
2020-03-18,48.9067,49.5282,45.3581,48.6996,26018900.0
2020-03-19,48.0961,49.5012,46.1957,48.7356,16868000.0
2020-03-20,49.0959,49.6813,46.0966,46.2948,22341700.0
2020-03-23,46.1368,46.1368,43.3049,44.267,34346400.0
2020-03-24,46.9628,50.0307,46.8448,49.8674,29349700.0
2020-03-25,50.8204,54.5055,49.5951,52.4905,27753000.0
2020-03-26,53.489,56.1212,53.017,55.8035,22110200.0
2020-03-27,53.6705,55.8852,52.6176,53.4527,22486700.0
2020-03-30,53.4799,54.4965,52.6267,54.2333,15759000.0
2020-03-31,53.7794,54.6871,53.3347,53.5616,12883900.0
2020-04-01,51.1744,51.7916,50.412,51.1472,16057100.0
2020-04-02,50.6933,52.5268,50.4937,51.8279,23895100.0
2020-04-03,51.6827,52.2182,50.5753,51.1381,15912400.0
2020-04-06,53.4436,54.9957,53.38,54.678,19306700.0
2020-04-07,56.7293,57.3556,54.5146,54.5509,18391000.0
2020-04-08,55.3043,56.8383,54.8505,56.5296,11986700.0
2020-04-09,57.6098,58.3904,56.8655,57.3829,21132300.0
2020-04-13,57.0198,57.0561,55.1863,55.7037,11086600.0
2020-04-14,56.929,57.3466,56.2029,56.7656,15293600.0
2020-04-15,55.5221,55.6311,54.2696,55.1954,12758400.0
2020-04-16,55.1137,55.1318,53.8883,54.7052,16117600.0
2020-04-17,56.575,57.4646,56.3754,57.2739,18372500.0
2020-04-20,56.1847,56.8564,55.5675,55.7491,10475100.0
2020-04-21,54.5419,55.1591,54.2151,54.4329,9553300.0
2020-04-22,55.4949,55.6401,54.6689,55.0048,9185000.0
2020-04-23,55.4314,56.5932,55.4223,55.4404,14256500.0
2020-04-24,55.9215,56.0758,54.9866,55.8852,7139000.0
2020-04-27,56.2755,57.6279,56.1666,57.2739,9323200.0
2020-04-28,58.3995,59.0076,57.7369,58.345,9938600.0
2020-04-29,59.5159,60.1059,58.9259,59.4614,12757000.0
2020-04-30,58.6354,58.7444,57.8549,58.2815,14309800.0
2020-05-01,57.2558,57.4101,56.1484,56.5206,9019200.0
2020-05-04,55.7218,55.8126,55.0048,55.8035,8551700.0
2020-05-05,56.3209,56.7838,55.9578,56.0214,8691200.0
2020-05-06,56.33,56.3753,55.1772,55.2498,7048100.0
2020-05-07,55.9941,56.6113,55.6764,55.8943,8144500.0
2020-05-08,56.575,57.401,56.5569,57.283,8661500.0
2020-05-11,56.7112,57.0016,56.1757,56.566,8407700.0
2020-05-12,56.7021,56.92,54.9685,54.9775,12329000.0
2020-05-13,54.6508,54.7143,53.0987,53.5979,15434500.0
2020-05-14,52.8082,54.1606,51.7099,54.1606,14221100.0
2020-05-15,53.5253,54.3059,53.2802,53.97,17398000.0
2020-05-18,56.1121,57.8912,55.9578,57.5281,22117500.0
2020-05-19,57.4192,57.9728,56.7838,56.7929,12447700.0
2020-05-20,57.6915,58.4085,57.6098,57.8549,8644000.0
2020-05-21,57.8639,58.4539,57.5553,57.991,7682300.0
2020-05-22,58.0999,58.1453,57.4282,57.9456,7113000.0
2020-05-26,59.77,60.8411,59.7428,60.3782,14908000.0
2020-05-27,61.6852,62.4386,61.0771,62.3932,21918500.0
2020-05-28,63.0195,63.2192,61.6943,61.8032,17490200.0
2020-05-29,61.2314,61.8395,60.5869,61.422,18881500.0
2020-06-01,61.3584,62.021,61.1224,61.5581,12919200.0
2020-06-02,62.0211,62.5203,61.7578,62.3569,10852400.0
2020-06-03,63.2646,64.9619,63.2373,64.7895,16253300.0
2020-06-04,64.6442,65.5065,64.4809,65.4793,17880500.0
2020-06-05,68.2204,69.1735,67.6123,67.8846,19564100.0
2020-06-08,68.756,69.4639,68.7287,69.2461,18906200.0
2020-06-09,67.9844,68.0752,67.222,67.5215,15074600.0
2020-06-10,67.2038,67.2946,65.6971,65.9059,16694200.0
2020-06-11,63.1012,63.6186,61.186,61.2768,26054800.0
2020-06-12,63.4914,63.6639,60.9409,62.4658,29161900.0
2020-06-15,60.478,63.4733,60.2329,63.083,18116200.0
2020-06-16,65.7244,65.797,63.1647,64.3175,20563200.0
2020-06-17,64.4627,64.5898,63.7003,63.8546,9448200.0
2020-06-18,63.2555,64.1904,63.1284,63.6185,8632800.0
2020-06-19,64.5625,64.6351,62.4113,62.8379,15601300.0
2020-06-22,62.4605,63.1443,61.9408,62.9437,7932000.0
2020-06-23,63.5819,63.664,62.7978,62.9528,8849600.0
2020-06-24,62.0958,62.3055,60.6098,60.7648,16922800.0
2020-06-25,60.3636,61.4941,59.8348,61.4394,11623700.0
2020-06-26,61.1932,61.4212,60.0354,60.2998,21429900.0
2020-06-29,61.1933,62.2782,60.8012,62.2782,10864700.0
2020-06-30,61.8041,62.9893,61.6217,62.6337,8868500.0
2020-07-01,63.2537,63.7642,62.2964,62.3511,9789000.0
2020-07-02,63.354,63.8189,62.734,62.889,8279800.0
2020-07-06,63.8645,64.1289,63.3266,63.7916,10815400.0
2020-07-07,63.1716,63.4452,62.497,62.5699,6111800.0
2020-07-08,62.5426,62.962,62.0411,62.5699,8576500.0
2020-07-09,62.4605,62.5335,61.0109,61.2115,16782900.0
2020-07-10,61.1568,62.0594,61.1568,62.0047,9255300.0
2020-07-13,62.5426,63.3266,61.9317,62.26,14570100.0
2020-07-14,62.0411,63.6822,61.7859,63.6093,12689500.0
2020-07-15,64.7853,65.5238,64.4207,65.2321,15472400.0
2020-07-16,64.9312,65.5694,64.6303,65.2503,13017100.0
2020-07-17,65.5421,65.7791,65.2047,65.6424,8605200.0
2020-07-20,65.2686,65.4235,64.6486,64.8401,9404600.0
2020-07-21,65.4235,66.1711,65.305,65.697,9344300.0
2020-07-22,65.4418,66.317,65.4235,66.2258,7620200.0
2020-07-23,66.1438,66.6361,65.77,66.0253,7538000.0
2020-07-24,65.925,66.2897,65.305,65.4965,10061400.0
2020-07-27,65.4782,65.8611,65.0953,65.77,6198400.0
2020-07-28,65.46,65.8612,65.2594,65.3141,5964500.0
2020-07-29,65.6515,66.4537,65.6059,66.3079,6935400.0
2020-07-30,65.8429,66.0162,65.1592,65.6424,9118700.0
2020-07-31,65.3779,65.5329,64.3021,65.3962,9836300.0
2020-08-03,65.4782,65.8976,65.068,65.6697,12737000.0
2020-08-04,65.4326,65.8703,65.4144,65.8338,6560900.0
2020-08-05,66.2805,67.174,66.1985,67.0919,8520900.0
2020-08-06,67.0099,67.3563,66.9187,67.3472,5880600.0
2020-08-07,67.3017,68.5233,67.2014,68.496,12952100.0
2020-08-10,68.7421,70.2464,68.7057,70.1826,15626800.0
2020-08-11,71.1672,71.7234,70.4105,70.5564,17263700.0
2020-08-12,71.2219,71.304,70.5108,70.7843,12587200.0
2020-08-13,70.4014,70.8846,70.137,70.4105,13298800.0
2020-08-14,70.055,71.0396,69.9456,70.684,5909700.0
2020-08-17,70.8208,70.9667,70.2282,70.3558,5898700.0
2020-08-18,70.3102,70.5291,69.8726,69.9729,5145500.0
2020-08-19,70.055,70.4197,69.6356,69.7906,6297900.0
2020-08-20,69.2435,69.5809,69.0247,69.4168,10529300.0
2020-08-21,69.353,69.8909,69.3074,69.6994,7113600.0
2020-08-24,70.1644,70.9576,69.8453,70.9576,10171400.0
2020-08-25,71.4408,71.4408,70.4926,70.8664,12076100.0
2020-08-26,70.7296,71.149,70.3832,70.9029,6538500.0
2020-08-27,71.304,71.7599,70.9211,71.1581,10260100.0
2020-08-28,71.4043,71.8693,71.067,71.8328,10323900.0
2020-08-31,71.6322,71.8966,70.9393,70.9393,9908100.0
2020-09-01,70.7114,71.7234,70.4561,71.6596,14431600.0
2020-09-02,71.9148,73.0453,71.7143,72.8448,15333500.0
2020-09-03,72.8995,73.173,70.3467,70.8026,19995100.0
2020-09-04,71.4316,71.9148,70.0276,70.9667,21632400.0
2020-09-08,70.4835,70.5655,69.4441,69.6356,14913700.0
2020-09-09,70.2738,71.2949,70.0914,70.7114,16222000.0
2020-09-10,70.9484,71.1672,69.59,69.8088,16547200.0
2020-09-11,70.0732,71.0943,70.0185,70.757,16124400.0
2020-09-14,71.4225,71.9422,71.0852,71.7143,9641800.0
2020-09-15,72.006,72.1883,71.6413,71.7598,13583700.0
2020-09-16,72.3251,73.2186,71.924,72.4892,10296200.0
2020-09-17,71.4499,73.0818,71.1217,72.6351,19265500.0
2020-09-18,72.863,73.1365,71.769,71.8237,13358700.0
2020-09-21,70.5286,70.6842,68.7439,69.4395,23188100.0
2020-09-22,69.412,70.2632,69.3479,70.1259,7512500.0
2020-09-23,70.2723,71.0137,68.7988,68.872,16388700.0
2020-09-24,68.7622,69.7506,68.0483,68.9727,12111100.0
2020-09-25,68.5517,70.2449,68.5517,70.0069,7346900.0
2020-09-28,70.8855,71.8374,70.8855,71.2699,7409600.0
2020-09-29,71.1418,71.4347,70.4371,70.6384,9633000.0
2020-09-30,70.913,71.7459,69.9337,70.4554,12184900.0
2020-10-01,70.9496,71.2699,69.7506,70.2449,14045400.0
2020-10-02,69.1008,71.4438,69.0734,71.032,17895400.0
2020-10-05,71.636,72.3316,71.636,72.176,8880800.0
2020-10-06,72.4781,72.9632,71.2242,71.2974,12587300.0
2020-10-07,72.1394,73.0913,72.112,72.8716,10049900.0
2020-10-08,73.3567,73.6038,72.7069,73.5947,16341600.0
2020-10-09,74.0523,74.3726,73.6404,73.8692,12603500.0
2020-10-12,74.1987,74.5557,73.9791,74.2902,8662000.0
2020-10-13,73.7686,74.217,73.2469,73.4665,11004600.0
2020-10-14,73.5855,74.4367,73.5764,73.8784,10052300.0
2020-10-15,73.0821,74.1804,72.9632,74.1438,12063800.0
2020-10-16,74.6014,75.1414,74.4916,74.6838,9422400.0
2020-10-19,74.7387,75.1689,73.4848,73.7594,8531000.0
2020-10-20,74.1438,75.0865,73.9699,74.1438,9806800.0
2020-10-21,73.8692,74.4824,73.3933,73.3933,8009000.0
2020-10-22,73.558,74.1255,73.3292,73.9974,6878200.0
2020-10-23,74.3818,74.6106,73.7228,74.2902,8038300.0
2020-10-26,73.3109,73.3933,71.6452,72.4323,10692400.0
2020-10-27,72.2218,72.3042,70.8306,70.8489,8736000.0
2020-10-28,69.4028,70.1808,68.4418,68.5242,17321800.0
2020-10-29,68.4785,70.1167,68.3137,69.5218,14272900.0
2020-10-30,69.1557,69.7232,68.3869,69.4395,15374700.0
2020-11-02,70.4737,71.453,69.9611,71.3157,14166800.0
2020-11-03,72.2859,73.8326,72.1211,73.4208,16357500.0
2020-11-04,72.8167,74.3085,72.1852,72.6611,23229800.0
2020-11-05,73.6496,74.8577,73.6038,74.3726,12159300.0
2020-11-06,74.2353,74.7753,73.915,74.4458,10091600.0
2020-11-09,79.5071,80.4315,76.9261,76.9811,25393800.0
2020-11-10,77.2373,78.6468,76.9994,78.3356,18983800.0
2020-11-11,78.8299,78.839,77.2831,77.6767,11081400.0
2020-11-12,76.8895,77.6217,76.2672,76.7888,10776400.0
2020-11-13,77.4387,78.5827,77.3838,78.4912,9280200.0
2020-11-16,80.2302,80.5322,79.1044,80.4041,14364100.0
2020-11-17,79.8,80.459,79.0037,80.1935,11029700.0
2020-11-18,80.8251,81.1637,79.7817,79.8366,11882700.0
2020-11-19,79.6353,80.1112,79.1136,80.038,8451900.0
2020-11-20,79.8458,80.1661,79.1319,79.3149,7288200.0
2020-11-23,79.9922,80.7976,79.9922,80.642,11396000.0
2020-11-24,81.8776,82.5183,81.4749,82.0515,13977000.0
2020-11-25,81.9874,82.0057,81.0264,81.4291,9382800.0
2020-11-27,81.6488,81.9142,81.0539,81.2918,5023100.0
2020-11-30,81.1088,81.2003,80.1112,80.5688,10379800.0
2020-12-01,81.4658,81.8502,80.3309,80.3675,14520400.0
2020-12-02,80.0654,80.6786,79.9739,80.4773,13219800.0
2020-12-03,80.5871,81.42,80.5322,80.6878,11677400.0
2020-12-04,80.9532,81.8044,80.9257,81.6488,11754100.0
2020-12-07,81.603,81.6946,81.0173,81.2552,7599000.0
2020-12-08,80.999,81.7952,80.9715,81.6488,5038200.0
2020-12-09,81.9325,82.1247,81.2461,81.8318,12047100.0
2020-12-10,81.2644,81.658,80.6969,81.0539,11628000.0
2020-12-11,80.5505,81.42,80.5414,81.2461,6577500.0
2020-12-14,82.0332,82.0972,80.1752,80.1935,6841800.0
2020-12-15,80.7793,81.6305,80.2943,81.3102,7351300.0
2020-12-16,81.3834,81.4291,80.6329,80.8068,6805000.0
2020-12-17,81.2827,81.4017,80.8342,81.301,9088500.0
2020-12-18,81.42,81.5115,80.6695,81.3102,8640000.0
2020-12-21,79.689,81.1962,79.3949,80.8194,9071100.0
2020-12-22,80.7826,80.8653,79.8452,80.4426,11451100.0
2020-12-23,80.8562,81.2973,80.7551,80.8654,8939400.0
2020-12-24,80.9848,81.0032,80.415,80.8745,2367400.0
2020-12-28,81.4076,81.6741,80.8837,80.9756,4849900.0
2020-12-29,81.3892,81.4995,79.9463,80.4885,6729500.0
2020-12-30,80.6264,81.2237,80.5804,81.0032,5019300.0
2020-12-31,80.9756,81.5362,80.5621,81.38,6761600.0
2021-01-04,81.4811,81.5546,78.9629,79.4133,16200700.0
2021-01-05,79.2662,80.4977,79.2571,80.1945,16004600.0
2021-01-06,80.7091,82.7769,80.461,82.106,19500600.0
2021-01-07,82.5656,82.878,81.8855,82.5564,10114900.0
2021-01-08,82.7402,82.9699,81.527,82.3542,11043300.0
2021-01-11,81.4903,82.5656,81.426,82.3266,11911100.0
2021-01-12,82.3082,83.3467,81.8395,83.1445,10408000.0
2021-01-13,83.0067,83.1262,82.299,82.4277,9230300.0
2021-01-14,82.8504,83.31,82.5655,82.7126,10669800.0
2021-01-15,82.1612,82.3542,80.9481,81.6373,12924800.0
2021-01-19,82.3358,82.6115,81.8763,81.9038,8933700.0
2021-01-20,82.3358,82.6023,81.8763,82.4093,8374300.0
2021-01-21,82.2255,82.4185,81.6465,81.766,9601500.0
2021-01-22,81.233,81.6833,80.6632,81.3433,9728800.0
2021-01-25,80.9665,81.1962,79.9923,80.7918,18249000.0
2021-01-26,81.4903,81.6189,80.0015,80.0474,10480800.0
2021-01-27,78.9722,79.1743,77.8601,78.4575,23140100.0
2021-01-28,79.2203,80.5712,79.1376,79.6246,17928300.0
2021-01-29,79.11,79.5052,77.6671,77.9061,20895000.0
2021-02-01,78.6781,78.9354,78.0623,78.7148,11318700.0
2021-02-02,79.643,80.7459,79.5603,80.3875,10443800.0
2021-02-03,80.2956,80.5896,79.7625,80.4426,9662900.0
2021-02-04,80.7183,81.4443,80.608,81.3065,7113900.0
2021-02-05,81.9406,82.1796,81.573,81.7844,7481900.0
2021-02-08,82.1152,82.5196,81.9314,82.4828,8848000.0
2021-02-09,82.4093,82.9699,81.8487,82.6942,8298500.0
2021-02-10,83.0618,83.0894,82.1887,82.5655,10982400.0
2021-02-11,82.7769,82.8964,81.5546,82.3909,8868500.0
2021-02-12,82.2071,83.0526,82.1152,82.9883,7983500.0
2021-02-16,83.1813,83.5213,82.7218,82.9056,8227600.0
2021-02-17,82.5472,82.7402,82.0325,82.6758,7266000.0
2021-02-18,82.2531,82.4553,81.6465,82.2623,6409500.0
2021-02-19,82.8505,83.8614,82.7861,83.6133,8737200.0
2021-02-22,83.1905,84.4955,83.117,83.8797,10552200.0
2021-02-23,84.036,84.3485,82.8872,84.1371,16573400.0
2021-02-24,84.3393,86.0762,83.9625,85.727,16795900.0
2021-02-25,85.7178,85.8189,83.797,84.1463,19945300.0
2021-02-26,84.3485,84.5966,83.0434,83.2732,18163400.0
2021-03-01,84.4863,86.0395,84.3668,85.4053,11494000.0
2021-03-02,85.4513,85.5891,84.7896,85.1572,11530700.0
2021-03-03,85.2307,86.2508,85.0377,85.2491,17497800.0
2021-03-04,85.3686,85.6811,82.5747,83.8889,27730400.0
2021-03-05,84.6885,86.1589,82.9607,85.874,22816300.0
2021-03-08,86.453,88.1257,86.2141,86.7747,16782400.0
2021-03-09,87.2158,87.6662,86.4071,86.4163,12484800.0
2021-03-10,86.6552,88.1441,86.5358,87.6937,17276200.0
2021-03-11,87.9511,88.5117,87.2342,87.7581,12211100.0
2021-03-12,88.0797,89.0079,87.997,88.9344,10112800.0
2021-03-15,89.2928,89.7064,88.4014,89.6788,11390900.0
2021-03-16,89.4858,89.541,88.3003,88.4014,12538800.0
2021-03-17,88.576,89.6053,88.3462,89.4215,14844000.0
2021-03-18,89.3296,90.5427,89.1642,89.3388,16893400.0
2021-03-19,89.3939,89.4307,88.1624,88.6587,18430600.0
2021-03-22,88.8302,88.9869,87.9913,88.6089,12319900.0
2021-03-23,88.0097,88.8117,86.7376,87.0602,16949000.0
2021-03-24,87.5119,89.0699,87.475,87.6963,14581900.0
2021-03-25,87.4658,89.2358,86.6085,89.0975,18519500.0
2021-03-26,89.5953,90.6923,89.245,90.637,14396000.0
2021-03-29,90.5356,91.1901,90.1945,90.6554,12712800.0
2021-03-30,90.6555,91.2731,90.4803,91.0519,10180500.0
2021-03-31,91.2639,91.5036,90.4527,90.7569,12291300.0
2021-04-01,90.9136,91.1348,90.4711,91.0611,11189300.0
2021-04-05,91.9461,92.4992,91.7801,92.1857,10789200.0
2021-04-06,92.1028,92.7112,91.8723,91.9645,8203000.0
2021-04-07,91.9829,92.2134,91.2547,91.5404,8865800.0
2021-04-08,91.4114,91.7986,90.9044,91.7617,9151600.0
2021-04-09,91.9276,92.702,91.7986,92.6559,9655900.0
2021-04-12,92.5268,93.0523,92.4715,92.997,7704800.0
2021-04-13,92.5637,92.831,91.8907,92.5453,10612000.0
2021-04-14,92.6098,93.292,92.5545,92.6651,9331900.0
2021-04-15,92.9785,93.1629,92.3609,93.0339,12631200.0
2021-04-16,93.587,93.8451,92.831,93.2366,10221900.0
2021-04-19,93.0892,93.1076,92.3886,92.8495,8140900.0
2021-04-20,92.6467,92.8126,91.2639,91.8262,13622200.0
2021-04-21,91.7064,93.1168,91.522,93.0799,11352800.0
2021-04-22,93.1629,93.7529,92.5176,92.6098,11778700.0
2021-04-23,92.7204,93.8635,92.5545,93.6238,8126800.0
2021-04-26,93.9465,94.4166,93.292,93.3473,7824800.0
2021-04-27,93.716,94.2691,93.3934,94.1216,13774800.0
2021-04-28,94.0848,94.4074,93.8082,93.9281,7877900.0
2021-04-29,94.4904,94.7116,93.9004,94.5918,11035300.0
2021-04-30,94.0387,94.3337,93.6331,93.9649,9861200.0
2021-05-03,94.6748,95.191,94.3245,94.9329,9445300.0
2021-05-04,94.6287,95.3662,94.1954,95.3477,11677400.0
2021-05-05,95.5874,95.8916,95.3385,95.4399,9989000.0
2021-05-06,95.6888,96.1313,95.2647,96.1036,18276400.0
2021-05-07,95.8732,97.3481,95.5229,97.1177,19343000.0
2021-05-10,97.6431,98.4636,97.1638,97.2098,16335500.0
2021-05-11,96.2419,96.4908,94.8038,95.7718,25425800.0
2021-05-12,95.486,95.8363,93.4118,93.4763,18125700.0
2021-05-13,93.5316,95.6796,93.4763,95.2279,16457900.0
2021-05-14,95.9654,96.795,95.6335,96.5461,11217700.0
2021-05-17,96.2511,96.5922,95.5505,96.2511,11547700.0
2021-05-18,96.2327,96.3894,94.813,94.8499,11195500.0
2021-05-19,93.799,94.3245,92.8034,94.3152,16656400.0
2021-05-20,94.472,94.8591,93.9557,94.5273,11635300.0
2021-05-21,95.0619,95.7625,94.6563,94.9882,13420200.0
2021-05-24,95.569,95.781,95.0619,95.5782,7097900.0
2021-05-25,95.8363,96.288,95.1633,95.2924,8574700.0
2021-05-26,95.4307,95.7257,95.0619,95.5966,7615800.0
2021-05-27,96.4631,97.0716,96.371,96.9056,11467400.0
2021-05-28,97.2006,97.2098,96.5738,96.9056,7606300.0
2021-06-01,97.8459,98.0027,97.09,97.2836,9456900.0
2021-06-02,97.3666,97.468,96.8595,97.007,7547800.0
2021-06-03,96.5,97.3389,96.1036,96.795,10342300.0
2021-06-04,97.1545,97.3205,96.6106,97.1084,7118200.0
2021-06-07,97.2928,97.3113,96.1774,96.4355,8298700.0
2021-06-08,96.4908,96.8964,96.0207,96.6844,8847800.0
2021-06-09,96.6199,96.6199,95.6611,95.698,10967100.0
2021-06-10,96.3157,96.5,95.1818,95.2279,10645200.0
2021-06-11,95.5966,95.8916,94.9237,95.4215,10113500.0
2021-06-14,95.3293,95.4583,94.4627,94.9882,11312100.0
2021-06-15,95.1265,95.5966,94.7393,95.3938,8948600.0
2021-06-16,95.3016,95.4122,94.1954,94.4904,13977900.0
2021-06-17,94.4351,94.6748,92.1581,93.0339,20842900.0
2021-06-18,91.9368,92.6098,91.7156,91.8262,21546100.0
2021-06-21,92.5697,93.9661,92.4865,93.8459,15499900.0
2021-06-22,93.8829,94.2991,93.3096,93.9476,10646400.0
2021-06-23,94.1326,94.3915,93.7072,93.7349,9136300.0
2021-06-24,94.2898,94.6135,93.7904,94.4655,11687400.0
2021-06-25,94.5395,94.9926,94.3915,94.6505,13039300.0
2021-06-28,94.6135,94.6874,93.7257,94.1511,11997600.0
2021-06-29,94.4563,94.8539,93.8736,93.9661,11134200.0
2021-06-30,93.8921,94.8724,93.8737,94.6967,13677200.0
2021-07-01,95.2516,95.4273,94.8724,95.3718,13858600.0
2021-07-02,95.3903,95.6862,94.9741,95.5197,9911600.0
2021-07-06,95.2978,95.4273,93.5685,94.6042,11564100.0
2021-07-07,94.3915,95.6862,94.2991,95.5475,14971800.0
2021-07-08,94.0401,94.8169,93.4298,94.2158,17419300.0
2021-07-09,95.2238,95.8527,95.1314,95.7047,13341900.0
2021-07-12,95.2238,95.9452,94.8817,95.8342,10846500.0
2021-07-13,95.6307,95.714,94.8632,94.9094,14881700.0
2021-07-14,95.1498,95.5198,94.5672,94.9002,10140000.0
2021-07-15,94.3638,95.4735,94.3176,95.0851,11071600.0
2021-07-16,95.4088,95.4273,94.1234,94.2436,17307200.0
2021-07-19,92.7362,92.9304,91.3398,92.2738,23792700.0
2021-07-20,92.5512,94.9741,92.4218,94.8539,20937100.0
2021-07-21,95.1961,96.0839,95.1591,95.7602,14449600.0
2021-07-22,95.9359,95.9452,95.2608,95.4088,6318700.0
2021-07-23,95.751,96.0006,95.3441,95.8157,8055800.0
2021-07-26,95.5567,96.0931,95.1498,95.7694,7488800.0
2021-07-27,95.1591,95.751,94.6967,95.2423,12402200.0
2021-07-28,95.5475,95.7602,94.521,95.0204,11996500.0
2021-07-29,95.7602,96.0469,95.2331,95.7694,9767700.0
2021-07-30,95.2886,95.7879,95.1221,95.5845,12824400.0
2021-08-02,95.9544,96.759,94.8447,94.9279,15925500.0
2021-08-03,95.1129,96.2133,94.2991,96.1671,14814100.0
2021-08-04,95.5105,96.0006,94.8447,94.8632,16180900.0
2021-08-05,95.2516,95.6307,94.9464,95.3071,12561500.0
2021-08-06,95.6955,96.1578,95.5752,95.7509,8677100.0
2021-08-09,95.3256,95.603,94.9094,95.3718,7469700.0
2021-08-10,95.5475,96.611,95.4365,96.3428,12730900.0
2021-08-11,96.537,97.6005,96.1856,97.5912,12817200.0
2021-08-12,97.5912,97.7762,96.9069,97.4063,9265300.0
2021-08-13,97.4155,97.5635,96.9716,97.1011,8909300.0
2021-08-16,96.8144,97.4433,96.1763,97.434,10231100.0
2021-08-17,96.8514,96.8977,95.4643,96.3798,15569900.0
2021-08-18,96.0006,96.5462,95.2978,95.3255,11955100.0
2021-08-19,94.6135,95.3071,94.1234,94.6597,17529700.0
2021-08-20,94.706,95.1961,94.4563,94.9094,11753000.0
2021-08-23,95.3533,96.1024,95.3071,95.6862,8471000.0
2021-08-24,95.8712,96.5925,95.8527,96.1671,7593200.0
2021-08-25,96.2411,97.1011,95.9452,96.7867,9404200.0
2021-08-26,96.6757,96.7405,96.1671,96.3613,9951100.0
2021-08-27,96.685,97.2953,96.4723,97.0271,10484200.0
2021-08-30,97.1936,97.3601,96.685,96.9162,6528200.0
2021-08-31,96.8514,97.0549,96.4353,96.648,9621200.0
2021-09-01,96.8514,96.8514,95.9174,96.2781,13116800.0
2021-09-02,96.6757,97.3231,96.6572,97.3138,9633500.0
2021-09-03,97.0456,97.2306,96.6572,96.722,9855000.0
2021-09-07,96.389,96.4538,94.9834,95.0481,17842300.0
2021-09-08,94.8539,95.3625,94.4563,95.1776,13561600.0
2021-09-09,95.0204,95.6955,94.484,94.7152,9406200.0
2021-09-10,95.1683,95.3625,94.2528,94.2898,9547800.0
2021-09-13,95.0111,95.2516,93.8274,94.5395,12451000.0
2021-09-14,94.7985,94.8817,93.1893,93.402,11493500.0
2021-09-15,93.4483,94.669,93.2448,94.4285,9175000.0
2021-09-16,94.4193,94.6505,93.624,93.7812,10516200.0
2021-09-17,93.4575,93.6795,92.6437,92.7824,16250700.0
2021-09-20,91.4214,91.9038,90.7163,91.7183,21453500.0
2021-09-21,92.1636,92.2193,90.8184,91.2359,14345200.0
2021-09-22,91.5049,92.5811,91.5049,91.9595,13079900.0
2021-09-23,92.3955,93.88,92.3584,93.3697,11439900.0
2021-09-24,93.1285,93.8243,93.0635,93.5645,8254500.0
2021-09-27,93.6944,94.4923,93.6016,93.6573,9338000.0
2021-09-28,93.3975,93.6387,92.3584,92.5718,17057300.0
2021-09-29,92.98,93.1563,92.5347,92.6739,12148200.0
2021-09-30,92.9708,93.045,90.6699,90.772,24624300.0
2021-10-01,91.3472,92.5069,90.438,92.0152,17051800.0
2021-10-04,91.8575,92.442,90.939,91.5142,20182900.0
2021-10-05,91.6812,93.0079,91.2823,92.5347,12987900.0
2021-10-06,91.542,92.98,91.1152,92.9429,14702500.0
2021-10-07,93.6573,94.3439,93.5831,93.6666,9669700.0
2021-10-08,93.5738,93.8892,93.2584,93.6573,8565100.0
2021-10-11,93.5367,94.1305,92.8965,92.9058,9984000.0
2021-10-12,93.0172,93.3419,92.4141,92.5997,10048700.0
2021-10-13,92.7667,93.1842,91.7832,92.7945,12416600.0
2021-10-14,93.546,94.5758,93.3511,94.548,9752800.0
2021-10-15,95.1974,95.8654,95.0675,95.4572,11775100.0
2021-10-18,94.9098,95.6242,94.5387,95.5221,6780200.0
2021-10-19,95.9953,96.1252,95.4293,96.088,6911200.0
2021-10-20,96.1066,96.7931,95.8839,96.6911,9258500.0
2021-10-21,96.487,96.9323,96.2457,96.8859,7824900.0
2021-10-22,97.0807,97.591,96.9323,97.2292,9826300.0
2021-10-25,97.0807,97.8229,96.7653,97.4518,8093600.0
2021-10-26,97.3498,97.758,96.8395,96.8488,12314000.0
2021-10-27,97.0343,97.0993,95.6984,95.7169,9015100.0
2021-10-28,95.8561,96.9694,95.8561,96.9137,9260400.0
2021-10-29,96.7375,97.2941,96.5519,96.9416,6831600.0
2021-11-01,97.1364,97.4055,96.7375,97.2106,10775200.0
2021-11-02,97.3498,97.6281,97.0715,97.5353,8833600.0
2021-11-03,96.988,97.3869,96.4777,97.322,11567300.0
2021-11-04,97.6003,98.0642,97.4889,97.7116,10201200.0
2021-11-05,98.8435,99.3167,98.3796,98.7043,12906400.0
2021-11-08,99.5764,99.8084,98.7321,99.1125,8928900.0
2021-11-09,99.2981,99.6042,98.8156,99.363,10637300.0
2021-11-10,99.2238,99.5393,98.5373,98.8064,10326000.0
2021-11-11,99.0012,99.0012,98.2961,98.3981,5921200.0
2021-11-12,98.6765,99.3445,98.361,99.1775,7929000.0
2021-11-15,99.5764,99.6877,99.1404,99.363,7672400.0
2021-11-16,99.3723,99.8733,99.2888,99.3816,6625000.0
2021-11-17,99.4001,99.53,98.4446,98.7878,8164300.0
2021-11-18,99.1125,99.1125,98.0735,98.5837,9806200.0
2021-11-19,98.5373,98.6115,97.9528,98.092,8935600.0
2021-11-22,98.4074,99.2795,98.1662,98.361,11911200.0
2021-11-23,98.4724,98.8806,98.0178,98.528,14090400.0
2021-11-24,98.2033,98.6208,98.0734,98.4167,10760400.0
2021-11-26,95.8839,96.2829,95.0768,95.7541,14694100.0
2021-11-29,96.7282,96.7467,95.4108,95.921,11693000.0
2021-11-30,95.1974,95.4943,93.3975,93.4903,21058800.0
2021-12-01,94.9098,95.2902,92.1543,92.1915,19783600.0
2021-12-02,92.8965,95.253,92.5811,94.9283,21919300.0
2021-12-03,95.1139,95.3551,93.8614,94.817,19584900.0
2021-12-06,95.7633,97.0251,95.6056,96.422,14457500.0
2021-12-07,97.155,98.2126,97.1179,97.4055,10563300.0
2021-12-08,97.4518,97.823,97.1642,97.6467,10419600.0
2021-12-09,97.257,97.8415,97.0065,97.3405,7325800.0
2021-12-10,97.7766,97.9436,97.2663,97.7394,8304100.0
2021-12-13,97.5168,97.7023,96.5612,96.7282,12690200.0
2021-12-14,96.2086,97.1457,95.4293,95.8097,13174200.0
2021-12-15,96.0695,96.7746,95.4293,96.6447,16908600.0
2021-12-16,97.2663,97.6931,96.3478,96.6911,11866200.0
2021-12-17,96.6725,96.7839,95.0118,95.0397,19332600.0
2021-12-20,93.8803,93.8989,92.7162,93.5171,17968300.0
2021-12-21,94.2155,95.5751,94.1783,95.3796,10497400.0
2021-12-22,95.333,95.8173,95.1747,95.6497,8297000.0
2021-12-23,95.9942,97.0931,95.9756,96.7765,7047000.0
2021-12-27,96.9255,97.8381,96.7858,97.8008,5196000.0
2021-12-28,97.7077,98.5459,97.6519,98.2944,5368600.0
2021-12-29,98.1454,98.6856,98.0244,98.4714,5922300.0
2021-12-30,98.5738,99.058,98.043,98.1175,6190400.0
2021-12-31,97.9498,98.9277,97.8381,98.5365,7726100.0
2022-01-03,98.7414,98.9556,97.2235,97.7263,10188300.0
2022-01-04,98.3596,99.8775,98.2478,99.6913,14572600.0
2022-01-05,99.952,100.4642,98.7042,98.7414,16196100.0
2022-01-06,99.086,99.5609,98.6948,99.1977,10437800.0
2022-01-07,99.2257,99.831,99.1325,99.1698,11614900.0
2022-01-10,98.9277,99.0115,97.2887,98.0523,15670900.0
2022-01-11,98.1547,98.7507,97.0931,98.639,11966500.0
2022-01-12,99.0581,99.4585,98.639,98.9556,9938000.0
2022-01-13,99.2257,100.0545,98.8252,99.1698,10995400.0
2022-01-14,98.2665,98.6576,97.5774,98.5738,14758600.0
2022-01-18,97.6519,97.8474,96.8789,97.4377,13878100.0
2022-01-19,97.6984,97.8288,96.2736,96.3481,13367000.0
2022-01-20,96.5343,97.5308,94.9978,95.1188,16726100.0
2022-01-21,95.1282,95.8452,93.871,94.2435,33329600.0
2022-01-24,92.6696,94.9233,91.31,94.7836,37356500.0
2022-01-25,93.1352,94.6346,91.608,93.8523,28146300.0
2022-01-26,94.3925,95.4448,92.0829,93.0328,27633700.0
2022-01-27,93.8057,94.5787,91.5986,92.204,23186100.0
2022-01-28,91.8129,92.8559,90.2763,92.8465,22967200.0
2022-01-31,92.2226,93.9175,92.0084,93.8151,12183200.0
2022-02-01,94.4018,95.4168,93.8337,95.1095,17200700.0
2022-02-02,94.9884,95.9663,94.5973,95.7707,14199200.0
2022-02-03,95.1188,95.5658,94.1131,94.2435,14007400.0
2022-02-04,93.7219,94.1503,92.4554,93.2284,16025200.0
2022-02-07,93.4705,94.0293,92.9769,93.3029,10452100.0
2022-02-08,93.545,94.4204,93.1725,94.2341,10376500.0
2022-02-09,95.0257,95.659,94.9978,95.5286,13166200.0
2022-02-10,94.4018,95.6962,93.4798,93.9641,15560000.0
2022-02-11,93.992,94.4297,92.0736,92.5299,18726900.0
2022-02-14,92.6603,92.921,91.4496,92.1853,15297400.0
2022-02-15,93.098,93.9734,93.0421,93.5729,10542100.0
2022-02-16,93.3215,94.3924,93.0887,94.0665,8222600.0
2022-02-17,93.3215,93.5264,92.1854,92.3437,10912200.0
2022-02-18,92.1761,92.8745,91.282,91.58,11969700.0
2022-02-22,91.5149,92.0457,90.2018,90.6954,16809500.0
2022-02-23,91.0865,91.2355,88.8887,89.0284,16296200.0
2022-02-24,87.7153,90.3601,86.9796,90.1645,27356100.0
2022-02-25,90.3787,92.623,90.3321,92.3157,13511700.0
2022-02-28,91.459,93.2097,91.4124,93.0235,18310700.0
2022-03-01,92.6882,93.2749,91.0399,91.6359,21884800.0
2022-03-02,92.0829,94.0386,91.9525,93.5916,16881400.0
2022-03-03,94.2807,94.5321,93.2843,93.694,14831600.0
2022-03-04,92.7441,93.6009,92.1947,93.4891,17167400.0
2022-03-07,93.1911,93.8709,90.9561,90.984,16533900.0
2022-03-08,91.2075,92.8559,90.3415,90.4253,22316800.0
2022-03-09,92.0177,92.7628,91.6452,92.0643,18757400.0
2022-03-10,90.9095,92.1202,90.8257,91.9432,13317200.0
2022-03-11,92.4741,93.0421,91.1517,91.2076,10695200.0
2022-03-14,91.757,92.5113,90.8723,91.5149,12988000.0
2022-03-15,92.353,93.1539,91.7942,92.9676,11204900.0
2022-03-16,93.5543,94.3645,92.3344,94.1969,15840900.0
2022-03-17,93.5916,95.4541,93.5916,95.4075,10897900.0
2022-03-18,95.2399,95.8545,94.5321,95.7707,14921800.0
2022-03-21,95.5474,96.3416,95.3886,95.9866,10821400.0
2022-03-22,96.2856,96.7527,96.0052,96.5098,8292000.0
2022-03-23,96.108,96.3042,95.5661,95.5848,10475400.0
2022-03-24,96.0706,96.3603,95.5754,96.3136,7698900.0
2022-03-25,96.5191,96.9489,96.0893,96.9116,7350200.0
2022-03-28,96.8275,96.9676,96.052,96.9396,7940900.0
2022-03-29,97.575,97.8926,96.8929,97.8366,12157500.0
2022-03-30,97.7338,98.3224,97.2946,97.7244,8731200.0
2022-03-31,97.4722,98.0701,96.2014,96.2201,9441900.0
2022-04-01,96.6312,96.7153,94.7719,95.4726,11182200.0
2022-04-04,95.2858,95.4259,94.1739,95.3512,10436500.0
2022-04-05,94.9774,95.7436,93.8001,93.9964,15332800.0
2022-04-06,93.2115,93.5385,92.6322,93.2676,15573200.0
2022-04-07,92.9312,93.9216,92.0903,93.5852,12381300.0
2022-04-08,93.4357,93.8936,92.8471,93.062,12923200.0
2022-04-11,92.763,93.8095,92.5948,92.763,11246300.0
2022-04-12,93.0433,93.959,92.2117,92.6135,11473900.0
2022-04-13,92.8004,93.5852,92.791,93.4825,7661100.0
2022-04-14,93.7815,94.286,93.361,93.3797,8252400.0
2022-04-18,93.1181,93.9963,92.6602,93.0526,8701000.0
2022-04-19,93.361,94.8747,93.3143,94.7439,10920100.0
2022-04-20,95.5474,95.9118,95.1269,95.2577,8623000.0
2022-04-21,96.2014,96.3509,94.0618,94.286,11117200.0
2022-04-22,93.8095,93.8655,91.8847,91.9688,12030400.0
2022-04-25,91.4362,92.109,89.8758,91.9688,16391100.0
2022-04-26,91.2867,91.6324,89.9319,89.9599,14594100.0
2022-04-27,89.9132,91.1092,89.4927,90.2963,13363100.0
2022-04-28,90.5486,91.6698,89.446,91.3148,13461600.0
2022-04-29,91.1746,91.6418,88.7172,88.8948,15135400.0
2022-05-02,88.8013,89.8759,87.3624,89.0816,19101300.0
2022-05-03,89.2685,90.2589,88.8948,89.6703,13315900.0
2022-05-04,89.6236,92.4827,89.3807,92.2678,18468900.0
2022-05-05,91.3802,91.8286,89.1377,89.8572,24943700.0
2022-05-06,89.4927,89.5301,87.7922,89.2498,24153900.0
2022-05-09,88.2127,88.5584,86.7364,87.0914,21188700.0
2022-05-10,88.0352,88.2968,85.6619,86.5215,22935000.0
2022-05-11,86.4561,87.9604,85.5965,85.7366,21838600.0
2022-05-12,85.2975,86.4374,84.2697,85.8955,18517400.0
2022-05-13,86.6617,87.4839,86.101,86.9887,12837800.0
2022-05-16,86.7364,87.5586,86.1477,86.8672,10865900.0
2022-05-17,88.2687,88.9695,87.5306,88.8387,9490500.0
2022-05-18,88.0445,88.2034,85.2788,85.5311,11173000.0
2022-05-19,84.6341,85.8488,83.7932,84.7649,14482000.0
2022-05-20,85.0265,85.2041,82.2608,83.8492,15695100.0
2022-05-23,84.6621,85.4377,84.2417,85.2227,11989100.0
2022-05-24,84.7836,85.3722,83.3821,85.176,9917000.0
2022-05-25,84.8957,85.9983,84.5967,85.6712,9460100.0
2022-05-26,86.4468,87.839,86.2692,87.4092,8028100.0
2022-05-27,88.1005,89.2218,87.9884,89.2031,8669600.0
2022-05-31,88.2687,89.1003,87.6427,88.4836,14498300.0
2022-06-01,89.0069,89.2218,87.2223,87.9417,8713700.0
2022-06-02,88.549,89.6703,87.7642,89.6236,8432500.0
2022-06-03,88.82,89.5114,88.7172,89.2779,6828800.0
2022-06-06,89.9226,90.2029,89.4647,89.6516,8334500.0
2022-06-07,88.8574,90.9504,88.5584,90.8569,7427700.0
2022-06-08,90.1748,90.3991,89.0069,89.2124,7028700.0
2022-06-09,88.8387,89.1937,87.4558,87.4558,6737800.0
2022-06-10,85.9048,86.1011,84.849,84.877,10416600.0
2022-06-13,83.2045,83.326,81.8123,82.3262,18353300.0
2022-06-14,82.6813,83.298,81.4386,82.1207,10512800.0
2022-06-15,82.7654,83.9053,81.6348,82.9149,13335200.0
2022-06-16,81.2985,81.3452,79.7287,80.1492,13500700.0
2022-06-17,80.0558,80.7378,79.0186,79.9436,14253500.0
2022-06-21,81.2049,81.7117,80.6418,81.402,9161600.0
2022-06-22,80.2571,81.6085,80.0975,80.9515,11136800.0
2022-06-23,80.914,81.233,79.5344,80.5386,9744400.0
2022-06-24,81.3082,83.3634,81.2706,83.354,9634000.0
2022-06-27,83.7951,83.7951,82.7815,83.1569,6361300.0
2022-06-28,83.7106,84.6491,82.1246,82.1903,6476300.0
2022-06-29,82.3498,82.3592,81.0641,81.7117,6818200.0
2022-06-30,80.7169,82.3217,80.3415,81.9651,8708500.0
2022-07-01,81.8149,82.9504,81.1861,82.6783,11717900.0
2022-07-05,81.2894,81.4771,80.0224,81.4395,10994500.0
2022-07-06,81.6272,82.4155,80.8577,81.9088,9781700.0
2022-07-07,82.4812,83.0818,81.9369,82.8754,5865600.0
2022-07-08,82.6595,83.0255,81.8618,82.5,4912800.0
2022-07-11,82.0214,82.5,81.7586,81.9463,7985000.0
2022-07-12,81.5709,82.8003,81.402,81.6929,8018000.0
2022-07-13,80.3885,81.3832,80.182,80.6981,9498600.0
2022-07-14,79.5439,80.3322,79.0934,80.2383,6825200.0
2022-07-15,81.3645,81.6178,80.5105,81.4958,7855600.0
2022-07-18,82.2184,82.5375,80.7544,81.0078,6282000.0
2022-07-19,81.6741,84.0484,81.6554,83.8983,7326900.0
2022-07-20,83.9264,84.7711,83.6261,84.5458,8260600.0
2022-07-21,84.3019,85.1746,83.9734,85.1558,5899300.0
2022-07-22,85.4374,85.7095,84.4895,84.8837,5969800.0
2022-07-25,84.9775,85.5312,84.4614,85.2872,6154900.0
2022-07-26,85.0151,85.6063,84.6303,84.8274,5522200.0
2022-07-27,85.3811,86.5635,84.818,86.1412,8662100.0
2022-07-28,86.5729,88.0369,86.3289,87.943,8668500.0
2022-07-29,87.9712,89.942,87.9712,89.7543,9000600.0
2022-08-01,89.1912,90.139,89.0223,89.8481,8599400.0
2022-08-02,89.5103,90.0077,88.7314,88.9003,10039900.0
2022-08-03,89.2851,90.0171,88.6657,89.7355,5509400.0
2022-08-04,89.7543,90.3267,89.5478,90.064,5339300.0
2022-08-05,89.1443,90.2704,89.1443,90.2048,7857300.0
2022-08-08,90.9086,91.162,89.942,90.1766,5606000.0
2022-08-09,90.1672,90.308,89.6604,89.8481,4398000.0
2022-08-10,91.2746,92.1098,91.0775,91.8189,5967000.0
2022-08-11,92.4195,93.1234,92.1286,92.3069,5711600.0
2022-08-12,92.7292,93.724,92.4007,93.6958,7808200.0
2022-08-15,93.0483,94.0524,92.9075,93.921,6558400.0
2022-08-16,93.4706,94.7563,93.4706,94.3433,5564200.0
2022-08-17,93.236,94.0243,93.0952,93.5926,6578800.0
2022-08-18,93.7615,94.1087,93.4424,93.968,7003400.0
2022-08-19,93.3861,93.4143,92.5134,92.7574,6893400.0
2022-08-22,91.6218,91.7626,90.871,90.993,5804800.0
2022-08-23,91.0306,91.7626,90.8804,91.162,9874700.0
2022-08-24,91.2558,91.7344,91.0775,91.4623,6443800.0
2022-08-25,91.8752,92.8887,91.7907,92.8606,6045900.0
2022-08-26,93.0389,93.0858,89.576,89.6416,8006200.0
2022-08-29,89.0692,89.9514,88.722,89.2381,6386900.0
2022-08-30,89.4352,89.5572,87.5864,87.9524,9546600.0
2022-08-31,88.309,88.4686,87.1172,87.2111,9683700.0
2022-09-01,86.6386,87.3894,86.2632,87.3331,8790000.0
2022-09-02,88.309,88.4217,86.0849,86.4884,9839300.0
2022-09-06,86.526,87.0609,85.8784,86.6292,11438600.0
2022-09-07,86.3195,88.2434,86.3008,88.0181,7934100.0
2022-09-08,87.4832,88.3184,86.9295,88.2809,6979900.0
2022-09-09,88.8534,89.6135,88.8158,89.4258,7440000.0
2022-09-12,89.942,90.4206,89.4915,89.9608,5874000.0
2022-09-13,88.0275,88.722,86.2444,86.5729,11236300.0
2022-09-14,86.526,86.7888,85.3248,86.404,8889400.0
2022-09-15,86.3383,86.9483,85.2309,85.5031,10688800.0
2022-09-16,83.5886,84.0954,82.9974,83.72,19141400.0
2022-09-19,83.1401,84.9788,83.0835,84.8562,8455400.0
2022-09-20,84.2245,84.281,83.1023,83.8001,6652500.0
2022-09-21,84.5451,85.2051,82.678,82.6875,10846700.0
2022-09-22,82.4894,82.612,81.3202,81.4428,8925600.0
2022-09-23,80.6318,80.7167,78.9345,79.9152,13831600.0
2022-09-26,79.67,80.3489,78.7176,79.0759,9241600.0
2022-09-27,79.7926,80.0472,78.1424,78.8119,12179600.0
2022-09-28,79.1514,80.9901,78.8968,80.547,11920100.0
2022-09-29,79.8397,79.9152,78.4159,79.1514,9357400.0
2022-09-30,78.9251,79.6323,78.0293,78.1141,8935700.0
2022-10-03,78.9816,81.1033,78.7365,80.4715,8612500.0
2022-10-04,81.6974,83.291,81.6974,83.2721,9676100.0
2022-10-05,82.3669,83.5267,81.9708,82.8195,7055800.0
2022-10-06,82.3951,83.0081,81.6596,81.8671,8813300.0
2022-10-07,81.0844,81.2164,79.8114,80.3018,7415200.0
2022-10-10,80.9713,81.405,79.9057,80.5847,7564300.0
2022-10-11,80.2641,81.6596,80.0472,80.5658,8661700.0
2022-10-12,80.5187,80.8959,79.8963,79.934,6727400.0
2022-10-13,78.1236,82.1217,78.0387,81.6973,18956100.0
2022-10-14,82.2726,82.414,79.736,79.9057,9432900.0
2022-10-17,81.3202,82.0934,81.2259,81.6502,9541100.0
2022-10-18,83.4135,83.8379,82.4517,83.621,10160500.0
2022-10-19,83.2155,83.7813,82.3668,83.0269,7705500.0
2022-10-20,82.7817,83.2721,81.2542,81.3956,8773200.0
2022-10-21,81.471,83.8001,81.1787,83.6304,13148200.0
2022-10-24,84.2245,85.0637,83.9887,84.7431,9388700.0
2022-10-25,84.6488,85.9501,84.6016,85.884,9807900.0
2022-10-26,86.6667,87.4211,85.8746,86.1858,10250400.0
2022-10-27,87.025,88.2414,87.0156,87.1948,9223900.0
2022-10-28,87.3739,89.2976,87.1476,89.2221,9161700.0
2022-10-31,88.7884,89.5333,88.5337,88.9675,9144900.0
2022-11-01,89.6276,89.7407,88.3263,88.8826,9673000.0
2022-11-02,88.4395,90.2594,87.2702,87.3174,13884600.0
2022-11-03,86.431,89.0241,86.3744,88.232,13331000.0
2022-11-04,89.4579,89.901,88.166,89.6464,11497500.0
2022-11-07,90.0519,90.7497,89.4861,90.6083,8286900.0
2022-11-08,90.9006,91.8246,90.3065,91.4003,8951500.0
2022-11-09,90.8534,91.4663,90.0142,90.1273,9217600.0
2022-11-10,92.6922,94.0312,92.2584,93.9086,18633600.0
2022-11-11,94.1349,94.5215,93.4654,93.852,9975400.0
2022-11-14,93.5785,94.5404,93.2485,93.2768,8854100.0
2022-11-15,94.2858,94.4649,93.1071,93.918,10514100.0
2022-11-16,93.8049,93.9935,93.0316,93.2391,9612000.0
2022-11-17,92.0415,93.1165,91.5606,93.0788,8753800.0
2022-11-18,93.918,94.1915,93.1637,93.7672,7661500.0
2022-11-21,93.522,94.3518,93.4937,94.0689,7072600.0
2022-11-22,94.4838,95.0118,94.3895,94.795,7470200.0
2022-11-23,94.9081,95.5116,94.8421,95.1533,5649000.0
2022-11-25,95.3607,95.7096,95.2476,95.521,2665900.0
2022-11-28,95.0967,95.1816,93.4842,93.786,7870200.0
2022-11-29,93.9934,94.5121,93.7105,94.3612,5563400.0
2022-11-30,94.3423,95.9359,93.2957,95.9171,18295400.0
2022-12-01,96.2754,96.5206,95.2098,95.9454,13848600.0
2022-12-02,94.9175,96.8317,94.9175,96.4923,10767900.0
2022-12-05,95.6153,95.7285,94.7101,94.8798,11070700.0
2022-12-06,95.0967,95.1438,93.0505,93.7577,8854500.0
2022-12-07,93.588,94.2952,93.456,93.6351,7173700.0
2022-12-08,93.9746,94.7667,93.852,94.1915,6462400.0
2022-12-09,94.1443,94.5404,93.3899,93.4182,7208000.0
2022-12-12,93.6351,95.0496,93.5597,95.0213,7043300.0
2022-12-13,97.3409,97.4164,94.6818,95.3796,17589500.0
2022-12-14,95.4927,96.4451,94.6535,95.2004,10428900.0
2022-12-15,93.918,94.3424,92.4187,92.8996,11588400.0
2022-12-16,92.0227,92.7016,91.5984,92.5036,17357100.0
2022-12-19,92.2534,93.1062,91.5713,92.0166,8814700.0
2022-12-20,91.8176,92.7272,91.7134,92.1303,9294200.0
2022-12-21,93.2104,94.0252,92.8977,93.8641,8220700.0
2022-12-22,93.2199,93.2957,91.2397,92.6703,11024700.0
2022-12-23,92.6609,93.3525,92.2535,93.2199,6142400.0
2022-12-27,93.362,93.9684,93.002,93.5041,5213800.0
2022-12-28,93.6746,93.8925,92.2629,92.2819,6803900.0
2022-12-29,92.7082,93.7031,92.6324,93.4188,8309000.0
2022-12-30,92.8598,93.2293,92.1777,93.0493,6874400.0
2023-01-03,93.5894,93.741,92.3861,93.2483,11407700.0
2023-01-04,93.5515,94.3757,93.343,94.0726,12236000.0
2023-01-05,93.542,93.7599,92.803,93.0588,9649600.0
2023-01-06,93.9968,95.8727,93.8262,95.6074,16270200.0
2023-01-09,95.8443,96.7065,95.0579,95.1811,12846700.0
2023-01-10,94.8684,95.759,94.8116,95.7022,9166200.0
2023-01-11,96.2612,96.6402,95.7306,96.6212,7395400.0
2023-01-12,96.9718,97.5687,96.157,97.1897,9883200.0
2023-01-13,96.3654,97.1518,96.1191,97.076,14206900.0
2023-01-17,97.0191,97.1518,96.1475,96.2517,9274900.0
2023-01-18,96.5833,96.8012,94.3852,94.4421,15026000.0
2023-01-19,93.8641,94.101,92.4903,92.4998,17155600.0
2023-01-20,92.5756,93.8167,92.1966,93.7883,12816500.0
2023-01-23,94.082,95.3232,93.6841,94.8116,11113600.0
2023-01-24,94.281,95.7211,93.7883,95.4369,11341200.0
2023-01-25,94.3947,95.1621,93.6083,94.9063,11728300.0
2023-01-26,95.579,95.579,94.2431,95.4274,14985500.0
2023-01-27,95.219,96.2801,95.1432,95.8254,14187300.0
2023-01-30,95.2285,96.157,94.8116,94.8874,10057900.0
2023-01-31,95.1716,96.5265,94.8305,96.498,10367500.0
2023-02-01,96.1096,97.9003,95.6738,97.1992,16673700.0
2023-02-02,97.5592,98.5256,96.9528,97.9571,13459800.0
2023-02-03,97.3223,98.2508,97.1897,97.4455,13567600.0
2023-02-06,96.9718,97.5781,96.8202,97.2086,10260900.0
2023-02-07,96.9244,97.7676,95.9296,97.5118,10946100.0
2023-02-08,97.0097,97.4266,96.6402,96.9623,7429700.0
2023-02-09,97.436,97.6634,95.8254,96.0906,8882400.0
2023-02-10,95.8727,96.8486,95.7685,96.7728,7710500.0
2023-02-13,96.9623,97.7108,96.7918,97.6539,5781400.0
2023-02-14,97.3129,97.834,96.3844,97.3886,7722200.0
2023-02-15,96.8486,98.0234,96.6591,97.995,6005600.0
2023-02-16,96.7349,97.7203,96.5644,96.9813,8838600.0
2023-02-17,96.9149,97.6729,96.5359,97.616,8779000.0
2023-02-21,96.8865,97.1897,95.2853,95.3801,9805000.0
2023-02-22,95.4653,95.9296,94.7452,95.1432,8867100.0
2023-02-23,95.6264,96.1664,94.5747,95.5885,8995600.0
2023-02-24,94.6031,95.1906,94.1768,95.039,9288400.0
2023-02-27,96.1854,96.6117,95.6643,95.8822,8677600.0
2023-02-28,95.759,96.2612,95.5695,95.6643,10854200.0
2023-03-01,95.579,96.5454,95.4085,96.0433,10365100.0
2023-03-02,95.4653,97.3602,95.4653,97.1707,10570200.0
2023-03-03,97.5592,98.3835,97.0097,98.2224,12097400.0
2023-03-06,98.2887,98.7056,97.9003,98.0424,9715000.0
2023-03-07,98.0518,98.194,96.7065,96.7823,11034200.0
2023-03-08,96.8581,97.2465,96.3085,97.0097,11508800.0
2023-03-09,97.5592,97.8719,95.4369,95.579,11018100.0
2023-03-10,95.4274,95.9106,93.5041,93.7978,27405100.0
2023-03-13,92.8409,94.1389,92.4619,93.2672,28616500.0
2023-03-14,94.461,95.2095,93.1535,94.2526,15383900.0
2023-03-15,92.5377,92.6798,90.4817,91.9313,34251600.0
2023-03-16,91.3344,93.3904,91.0786,93.1156,24105200.0
2023-03-17,92.7082,92.8693,91.1544,91.5902,23170200.0
2023-03-20,92.0041,93.0315,92.0041,92.8032,14476200.0
2023-03-21,93.8877,94.2683,93.393,93.8782,11495200.0
2023-03-22,93.8497,94.3158,92.0421,92.0802,14178400.0
2023-03-23,92.2229,93.374,91.243,91.8138,15857500.0
2023-03-24,91.1288,92.2609,90.558,92.1944,15993200.0
2023-03-27,92.9364,93.2789,92.3561,92.9649,7668400.0
2023-03-28,92.7842,93.8116,92.7842,93.4406,9909000.0
2023-03-29,94.2873,94.8486,94.1065,94.801,9387900.0
2023-03-30,95.2672,95.4574,94.6963,95.0008,8160100.0
2023-03-31,95.5621,96.3136,95.3623,96.2566,12006400.0
2023-04-03,96.0473,96.8178,95.7333,96.4278,11174100.0
2023-04-04,96.4849,96.4849,93.9163,94.2683,18801900.0
2023-04-05,93.7831,94.2017,92.7556,93.041,16606700.0
2023-04-06,93.0696,93.393,92.6034,93.0125,10886000.0
2023-04-10,92.651,93.8782,92.651,93.8592,10568900.0
2023-04-11,94.1351,94.8581,94.059,94.4205,9753200.0
2023-04-12,94.9342,95.2957,94.4776,94.7344,11277200.0
2023-04-13,94.7725,95.2672,93.7641,95.0864,12289300.0
2023-04-14,94.763,95.4955,94.411,94.9723,9255000.0
2023-04-17,95.2101,95.7524,95.0769,95.7238,8007100.0
2023-04-18,96.19,96.7513,95.8285,96.1805,9924700.0
2023-04-19,95.838,96.2661,95.6762,96.1043,7734400.0
2023-04-20,95.5431,96.3041,95.5431,95.9331,9265100.0
2023-04-21,96.1044,96.2471,95.3433,95.7143,10668600.0
2023-04-24,95.7143,96.2756,95.5621,95.9426,6942000.0
2023-04-25,95.3718,95.4099,94.1065,94.1731,12306900.0
2023-04-26,93.5643,93.8116,92.2038,92.3941,16058800.0
2023-04-27,92.67,94.3349,92.5273,94.2207,14421500.0
2023-04-28,94.1065,95.2862,94.1065,95.134,10714800.0
2023-05-01,95.1435,96.19,95.134,95.6477,8551100.0
2023-05-02,95.3052,95.4765,93.5738,94.6488,12240400.0
2023-05-03,94.9627,95.6192,94.2207,94.2873,13371600.0
2023-05-04,94.1922,94.3919,92.7461,93.2598,15150000.0
2023-05-05,94.1161,94.9532,94.0019,94.6678,9231300.0
2023-05-08,95.0388,95.2006,93.9829,94.3253,7610200.0
2023-05-09,94.097,94.6773,93.9068,94.5346,8068100.0
2023-05-10,95.134,95.2481,93.1171,94.1922,12580500.0
2023-05-11,93.6975,93.8211,93.0981,93.6214,11573800.0
2023-05-12,94.0304,94.3253,92.9935,93.6879,8552400.0
2023-05-15,93.6499,94.468,93.3169,94.1446,8433600.0
2023-05-16,93.6974,93.7926,92.8698,92.8698,9416200.0
2023-05-17,93.4501,94.7725,93.4025,94.468,12387400.0
2023-05-18,94.3158,95.3052,94.0495,95.153,10813000.0
2023-05-19,95.8855,95.9807,94.4395,94.9247,10028200.0
2023-05-22,94.9627,95.4955,94.1351,94.9057,9038600.0
2023-05-23,94.4871,94.7534,93.6023,93.7641,11744600.0
2023-05-24,93.4881,93.5167,92.4226,92.5558,11654900.0
2023-05-25,92.6225,93.0886,92.0326,92.8603,14259300.0
2023-05-26,93.1362,93.9163,93.022,93.5548,10790500.0
2023-05-30,93.6879,93.9163,92.9459,93.4121,9828300.0
2023-05-31,93.0505,93.1837,91.8328,92.1373,13021500.0
2023-06-01,92.3561,93.5262,92.0421,93.3169,12573600.0
2023-06-02,94.2968,96.3136,94.2397,96.0282,21451300.0
2023-06-05,96.228,96.228,95.2386,95.3623,9655500.0
2023-06-06,95.134,96.1139,95.0484,95.9617,10509400.0
2023-06-07,96.0187,97.5694,95.6858,97.5028,13384300.0
2023-06-08,97.3316,97.9024,96.8749,97.6741,10074600.0
2023-06-09,97.6931,97.7597,96.7798,97.4172,9870800.0
2023-06-12,97.5123,98.2829,97.1508,98.1117,9905000.0
2023-06-13,98.2924,99.3389,98.1688,99.2533,14474000.0
2023-06-14,99.5292,99.767,98.5588,98.9869,14953600.0
2023-06-15,98.9489,100.6803,98.8918,100.4805,12776600.0
2023-06-16,100.7944,101.4128,100.1666,100.3188,14448400.0
2023-06-20,99.6788,99.9654,99.1821,99.5738,9527500.0
2023-06-21,99.058,100.4143,98.8479,100.1278,12206200.0
2023-06-22,99.7457,99.8603,99.2299,99.4018,11641800.0
2023-06-23,98.5422,99.0293,98.2939,98.6473,11246200.0
2023-06-26,98.6091,99.6597,98.4849,99.4687,7639200.0
2023-06-27,99.6788,100.7773,99.5069,100.6626,8210200.0
2023-06-28,100.6913,100.8632,100.3188,100.6626,7866600.0
2023-06-29,100.548,101.6655,100.4716,101.6369,10236000.0
2023-06-30,102.2577,102.7926,101.8183,102.5061,11431400.0
2023-07-03,102.1145,102.7257,101.6942,102.5252,6786800.0
2023-07-05,101.8948,102.315,101.6369,101.9712,9504700.0
2023-07-06,101.1689,101.5223,100.6149,101.2071,11209500.0
2023-07-07,100.911,102.4106,100.8823,101.4363,9359300.0
2023-07-10,101.465,102.8786,101.4554,102.8786,11765400.0
2023-07-11,103.1173,104.2444,103.0887,104.0916,10283200.0
2023-07-12,104.9321,104.9512,103.7955,103.9101,13492900.0
2023-07-13,104.0056,104.2826,103.614,104.0438,8964900.0
2023-07-14,103.9674,104.0056,103.2129,103.7382,9288100.0
2023-07-17,103.5567,104.4737,103.3179,104.1298,6517700.0
2023-07-18,104.1776,105.0658,104.1298,104.7124,8098000.0
2023-07-19,104.4641,104.9703,104.0438,104.6647,8563500.0
2023-07-20,104.8366,105.4001,104.4641,105.1327,10643900.0
2023-07-21,105.0181,105.2473,104.6169,104.636,8993400.0
2023-07-24,104.5978,105.2187,104.531,104.8748,6754800.0
2023-07-25,103.9292,104.8271,103.7191,104.7411,8768400.0
2023-07-26,105.104,105.5816,104.9417,105.4765,10555200.0
2023-07-27,105.5148,105.5148,104.3017,104.5692,11837800.0
2023-07-28,105.4001,105.4192,104.8175,105.2187,7466600.0
2023-07-31,105.3524,105.6294,105.0659,105.467,6587200.0
2023-08-01,105.2951,106.1356,105.1231,105.7822,9003600.0
2023-08-02,105.1805,105.6389,104.4928,104.6742,9905900.0
2023-08-03,104.2922,104.5405,103.8528,104.0152,7991700.0
2023-08-04,104.4164,104.4928,103.2224,103.3848,10631100.0
2023-08-07,103.7764,104.7984,103.7286,104.6551,8462600.0
2023-08-08,104.0152,104.3781,103.3084,104.1776,7669100.0
2023-08-09,104.1871,104.5883,103.7287,104.1203,7881500.0
2023-08-10,104.2635,105.0181,103.6045,103.8337,7259200.0
2023-08-11,103.614,104.2731,103.5567,104.0056,5720300.0
2023-08-14,103.9292,104.1011,103.6331,104.0438,6113000.0
2023-08-15,103.3657,103.4803,102.6016,102.7162,6911700.0
2023-08-16,102.5252,103.3466,102.0571,102.1431,10281000.0
2023-08-17,102.5061,102.678,101.2548,101.2835,10867800.0
2023-08-18,100.6913,101.7993,100.6244,101.4745,10763900.0
2023-08-21,101.4554,101.6751,100.634,101.3503,6464700.0
2023-08-22,101.6655,101.9139,100.8728,101.1115,8152300.0
2023-08-23,101.1115,102.2673,101.1115,102.1526,7643300.0
2023-08-24,101.761,102.487,100.8728,100.911,9483700.0
2023-08-25,101.4363,102.1145,100.5862,101.761,13142500.0
2023-08-28,102.2577,102.9359,102.2195,102.592,7673700.0
2023-08-29,102.5156,103.4325,102.21,103.3752,9326500.0
2023-08-30,103.4994,104.1871,103.423,103.8433,7849600.0
2023-08-31,104.0152,104.254,103.3561,103.3752,5593400.0
2023-09-01,104.0916,104.2444,103.4898,103.9197,7034200.0
2023-09-05,103.7382,103.7668,102.1336,102.1718,8452200.0
2023-09-06,101.8757,102.4965,101.1593,101.7324,8586600.0
2023-09-07,101.3503,101.8375,100.7677,101.3981,7561200.0
2023-09-08,101.4363,101.5605,100.6817,100.8919,6828700.0
2023-09-11,101.1402,101.3408,100.3665,100.9205,6308000.0
2023-09-12,100.4048,101.1211,100.2997,100.5576,8099500.0
2023-09-13,100.4238,100.7486,99.4305,99.889,10646100.0
2023-09-14,100.5003,100.8919,100.2806,100.8728,10123900.0
2023-09-15,100.4907,100.911,100.0036,100.2901,11446100.0
2023-09-18,100.2863,100.9768,100.0753,100.4014,6446700.0
2023-09-19,100.152,100.3151,99.2601,99.9794,7360600.0
2023-09-20,100.5548,101.0152,99.5286,99.5862,8286700.0
2023-09-21,99.2218,99.2601,97.9175,97.9558,8931200.0
2023-09-22,97.7736,98.2435,97.5722,97.6202,10971200.0
2023-09-25,97.1982,98.1476,97.1694,98.1093,7355500.0
2023-09-26,97.4763,97.7832,96.4981,96.6132,11490500.0
2023-09-27,97.1982,97.6394,96.5653,97.3325,12676700.0
2023-09-28,97.2653,98.4258,97.1407,97.7449,9804800.0
2023-09-29,98.3395,98.4258,96.9009,97.227,11041900.0
2023-10-02,96.9488,97.2174,95.8364,96.2775,11079200.0
2023-10-03,95.9419,96.6515,95.213,95.6062,12055500.0
2023-10-04,95.5774,96.0857,94.8582,95.9131,11394500.0
2023-10-05,95.7788,96.0282,94.9541,95.3473,10336400.0
2023-10-06,94.9828,97.2078,94.6472,96.6515,13842700.0
2023-10-09,97.0256,98.2819,96.8434,98.1668,11059700.0
2023-10-10,98.56,99.3464,98.1668,98.7614,9658200.0
2023-10-11,99.0204,99.404,98.5792,99.356,7806500.0
2023-10-12,99.6629,99.6629,97.7065,98.4545,8102200.0
2023-10-13,98.56,98.9245,97.1503,97.5818,9598000.0
2023-10-16,98.4641,99.1642,98.0901,98.6176,8344100.0
2023-10-17,98.1764,99.567,98.1381,98.9245,10707200.0
2023-10-18,98.2723,98.3203,96.3734,96.5365,13582700.0
2023-10-19,96.7283,97.2941,95.4432,95.6446,12535100.0
2023-10-20,95.7501,95.9419,94.6184,94.6568,13641000.0
2023-10-23,94.5129,95.5391,94.1677,94.2156,12076800.0
2023-10-24,95.4144,95.5774,94.4937,94.9253,9324300.0
2023-10-25,94.7814,94.8677,93.6689,93.7073,10996000.0
2023-10-26,93.7649,94.4266,93.2566,93.3141,15387400.0
2023-10-27,93.3621,93.5155,92.1825,92.4893,13062000.0
2023-10-30,93.1031,93.9567,92.7483,93.6402,11242700.0
2023-10-31,93.4292,94.4362,93.2853,94.3307,10540200.0
2023-11-01,94.4266,94.8294,93.784,94.6376,14715300.0
2023-11-02,95.6829,96.6803,95.472,96.5844,10739800.0
2023-11-03,97.4667,97.9654,97.39,97.438,10001200.0
2023-11-06,97.5147,97.5626,96.7187,97.179,6899400.0
2023-11-07,96.5173,97.0927,96.2871,96.9393,7244500.0
2023-11-08,97.1502,97.4667,96.7666,97.1598,7494200.0
2023-11-09,97.7736,97.9367,96.7666,96.9488,12232900.0
2023-11-10,97.4859,98.4545,97.1407,98.349,9576200.0
2023-11-13,98.1189,98.6559,97.9462,98.4353,6598000.0
2023-11-14,99.6341,100.8138,99.6341,100.411,12873000.0
2023-11-15,100.6891,101.3892,100.5452,100.6219,8516300.0
2023-11-16,100.7275,101.1974,100.2384,100.6412,8611100.0
2023-11-17,101.1494,101.322,100.8329,101.2837,8034400.0
2023-11-20,101.1782,101.8591,100.7562,101.5906,7338700.0
2023-11-21,101.4276,101.7057,101.0919,101.5139,7676500.0
2023-11-22,101.4851,102.0509,101.2837,101.7344,9059700.0
2023-11-24,101.7728,102.1756,101.7249,101.9838,4439200.0
2023-11-27,101.6577,101.744,101.2549,101.4084,9157900.0
2023-11-28,101.5522,102.0221,101.0247,101.1686,7976000.0
2023-11-29,101.7344,102.0605,101.3508,101.5522,9101400.0
2023-11-30,101.744,102.7222,101.4275,102.6647,14101600.0
2023-12-01,102.7606,104.3526,102.6839,104.2855,13279800.0
2023-12-04,103.4703,104.506,103.4703,104.4581,11010900.0
2023-12-05,104.0169,104.18,103.4799,103.6142,10056300.0
2023-12-06,104.0841,104.6978,103.9114,104.0745,8336300.0
2023-12-07,104.3047,104.4773,103.8731,104.1704,8457600.0
2023-12-08,104.2087,105.0047,104.1704,104.4964,7150000.0
2023-12-11,104.765,105.6185,104.7074,105.4939,9380200.0
2023-12-12,105.6473,106.194,105.3021,105.9734,6524600.0
2023-12-13,105.9734,107.3544,105.4171,107.153,12976800.0
2023-12-14,107.8914,108.7929,107.7476,108.534,15473800.0
2023-12-15,108.2751,108.7354,107.8627,108.3901,13800900.0
2023-12-18,108.6553,108.7325,108.2696,108.3853,6977200.0
2023-12-19,108.6939,109.34,108.6264,109.2242,5249400.0
2023-12-20,108.4432,109.34,107.3921,107.4596,8329600.0
2023-12-21,108.2214,108.6167,107.7296,108.5685,6962100.0
2023-12-22,108.7903,109.475,108.6553,109.0892,5500100.0
2023-12-26,109.176,110.121,109.0121,109.8607,5181600.0
2023-12-27,109.8414,110.2849,109.6582,110.0246,5893900.0
2023-12-28,109.8992,110.285,109.7546,110.0535,8240700.0
2023-12-29,109.9089,110.3139,109.4557,109.9185,7936300.0
2024-01-02,109.1857,109.8703,108.4721,108.8096,8558700.0
2024-01-03,108.2117,108.4046,107.1221,107.1896,18631200.0
2024-01-04,107.3825,108.231,107.2571,107.3246,10715900.0
2024-01-05,107.2475,107.9417,107.0642,107.45,7888100.0
2024-01-08,107.1607,108.1539,106.6882,108.1539,10855900.0
2024-01-09,107.421,107.9417,107.0257,107.8164,8452000.0
2024-01-10,107.8357,108.501,107.7392,108.366,9109100.0
2024-01-11,108.3949,108.5492,107.2282,108.1153,9081700.0
2024-01-12,108.4817,108.7228,107.6814,108.1057,6631000.0
2024-01-16,107.5657,107.6525,106.6593,107.016,10834200.0
2024-01-17,106.2543,106.9775,106.0228,106.2928,7604700.0
2024-01-18,106.6882,107.9032,106.5532,107.7296,9060600.0
2024-01-19,107.9803,108.7132,107.1317,108.4335,10355700.0
2024-01-22,108.8096,109.5521,108.8096,109.2724,9912900.0
2024-01-23,109.3014,109.6582,108.7132,109.1857,10275200.0
2024-01-24,109.6292,109.6485,108.4528,108.5107,9638600.0
2024-01-25,109.0507,109.5714,108.771,109.5521,9898900.0
2024-01-26,109.6678,110.0342,109.07,109.3785,7031100.0
2024-01-29,109.2725,110.1017,109.1278,110.0921,5849900.0
2024-01-30,109.311,110.2849,109.311,110.1307,8300000.0
2024-01-31,110.0535,110.256,108.8385,108.8578,14462300.0
2024-02-01,109.5425,110.7382,108.9446,110.7092,13946100.0
2024-02-02,110.4778,111.9339,110.0535,111.4517,12830200.0
2024-02-05,111.0082,111.2396,110.2175,110.8442,9536700.0
2024-02-06,110.9792,111.8953,110.7189,111.8375,8722800.0
2024-02-07,112.2135,112.9174,112.1653,112.5799,7557100.0
2024-02-08,112.8499,112.9174,112.1364,112.5992,8532300.0
2024-02-09,112.7535,112.7824,112.146,112.7728,10106000.0
2024-02-12,112.7053,113.2453,112.5992,112.9367,8383200.0
2024-02-13,111.9628,111.9917,110.9792,111.7796,14054200.0
2024-02-14,112.6378,113.6985,112.5124,113.6503,11889500.0
2024-02-15,113.7853,114.5664,113.6214,114.4989,11644100.0
2024-02-16,114.2385,114.6146,113.6889,113.8142,8740900.0
2024-02-20,113.4189,113.8239,113.1874,113.4575,7392100.0
2024-02-21,113.4767,113.9589,113.1585,113.9107,8873000.0
2024-02-22,114.576,115.5306,114.4989,115.3185,10604300.0
2024-02-23,115.5789,116.1767,115.4824,115.926,8757400.0
2024-02-26,115.9164,116.1767,115.6271,115.7524,7951300.0
2024-02-27,116.0031,116.0417,115.4439,115.926,6275500.0
2024-02-28,115.8103,116.6203,115.7139,116.3214,8324000.0
2024-02-29,116.6781,116.9385,116.1092,116.6781,9662100.0
2024-03-01,116.6396,117.2471,116.3021,117.1796,10782400.0
2024-03-04,117.1796,117.9413,117.1796,117.6038,11886600.0
2024-03-05,117.3435,117.6617,116.1478,116.6396,11999000.0
2024-03-06,117.1024,117.9028,116.9771,117.2471,8644800.0
2024-03-07,117.9992,118.3463,117.7099,118.1921,7936800.0
2024-03-08,118.4717,119.0889,117.6039,117.9317,10157100.0
2024-03-11,117.5653,117.816,116.5046,117.3242,9179300.0
2024-03-12,117.3146,117.9606,116.7746,117.8449,9125300.0
2024-03-13,117.6617,118.4331,117.6617,118.1631,8009300.0
2024-03-14,118.3464,118.4717,116.8903,117.6617,9684800.0
2024-03-15,117.1892,118.1535,117.1313,117.681,10739900.0
2024-03-18,118.1027,118.3735,117.7545,117.8899,7178800.0
2024-03-19,117.9383,118.9152,117.8706,118.9055,8842400.0
2024-03-20,118.7508,120.5112,118.625,120.3371,10400900.0
2024-03-21,120.8981,121.817,120.7047,121.5268,9965100.0
2024-03-22,121.875,121.9718,121.0819,121.1109,6771100.0
2024-03-25,121.0819,121.1689,120.25,120.3274,7658200.0
2024-03-26,120.3274,120.6466,119.8438,119.8922,7292700.0
2024-03-27,120.666,121.8267,120.5983,121.817,7162900.0
2024-03-28,121.9718,122.1555,121.6042,121.8363,7287000.0
2024-04-01,121.9621,122.0298,120.8207,120.8981,6905300.0
2024-04-02,120.4145,120.8111,120.0856,120.3371,11049400.0
2024-04-03,120.25,121.2947,120.25,120.9561,7589900.0
2024-04-04,121.7493,122.2523,119.5343,119.8922,10659800.0
2024-04-05,120.2791,121.8751,120.221,121.5559,10718600.0
2024-04-08,121.73,121.9331,121.256,121.3431,6096100.0
2024-04-09,121.5075,121.8364,119.6794,121.0625,9042200.0
2024-04-10,119.5633,120.3951,119.1474,120.0276,14119500.0
2024-04-11,120.0856,120.6563,119.1667,120.163,8228700.0
2024-04-12,119.4085,119.8341,118.3736,118.8765,11604300.0
2024-04-15,120.5015,120.6756,117.6675,118.0253,10374500.0
2024-04-16,117.9867,118.3155,117.1548,117.7545,11046200.0
2024-04-17,118.4122,118.4413,116.4197,117.1451,11084200.0
2024-04-18,117.7061,118.1898,116.5648,116.7389,9195800.0
2024-04-19,116.9904,117.6384,116.2359,116.5261,10832100.0
2024-04-22,117.2322,118.1898,116.6808,117.4063,10484900.0
2024-04-23,118.2381,119.2054,118.064,119.041,9870000.0
2024-04-24,118.9346,119.1474,117.1064,118.093,11063800.0
2024-04-25,117.4353,118.7314,116.6518,118.4509,10321200.0
2024-04-26,118.1511,119.0023,118.1317,118.6444,6958100.0
2024-04-29,118.8862,119.5439,118.8475,119.4375,6339800.0
2024-04-30,119.2634,119.4375,117.4933,117.5417,15475900.0
2024-05-01,117.3579,118.8282,116.9614,117.2515,15569500.0
2024-05-02,117.8125,118.1607,116.6131,117.9286,11999600.0
2024-05-03,119.041,119.1764,118.1994,118.7508,9068500.0
2024-05-06,119.5343,120.0469,119.4279,119.9502,7157300.0
2024-05-07,120.1727,120.6273,119.9695,120.2791,5244200.0
2024-05-08,119.5633,120.4435,119.5439,120.2791,5062500.0
2024-05-09,120.5112,121.4785,120.3758,121.4785,6682000.0
2024-05-10,122.0105,122.0878,121.3334,121.5655,6038500.0
2024-05-13,121.8364,121.9718,120.9852,121.0529,5946900.0
2024-05-14,121.285,121.4978,120.7627,121.0239,5105700.0
2024-05-15,121.6622,121.9041,121.4494,121.817,8404100.0
2024-05-16,121.6042,121.8363,121.0432,121.0916,7135900.0
2024-05-17,121.1883,121.3721,120.6273,121.227,5714100.0
2024-05-20,121.256,121.9041,121.1399,121.4591,4337600.0
2024-05-21,121.2366,121.256,120.753,121.0625,6010000.0
2024-05-22,120.8788,121.5172,120.5499,121.2076,7910500.0
2024-05-23,121.4978,121.5655,119.5536,119.7761,9078200.0
2024-05-24,120.2307,120.6466,119.7374,120.3855,7556800.0
2024-05-28,120.3371,120.3371,118.5187,118.9152,8525400.0
2024-05-29,117.9093,117.9963,117.1355,117.2322,16725400.0
2024-05-30,117.3869,118.1221,117.3579,118.035,7816300.0
2024-05-31,118.3155,119.5149,117.3579,119.4666,9703500.0
2024-06-03,119.8535,119.9018,116.913,118.006,15241000.0
2024-06-04,117.7642,118.2284,117.0484,117.7158,10061500.0
2024-06-05,118.1608,118.9249,117.4643,118.9055,8666000.0
2024-06-06,118.7701,119.0603,117.7352,118.1994,6523900.0
2024-06-07,117.8996,119.1087,117.5997,118.3252,7036200.0
2024-06-10,118.1511,118.8572,118.093,118.6927,6642600.0
2024-06-11,118.0544,118.1704,117.2322,118.0157,11217000.0
2024-06-12,119.1087,119.8341,118.6154,119.1377,11106700.0
2024-06-13,118.9732,119.041,117.3676,118.3735,8056100.0
2024-06-14,117.3579,117.3579,115.7426,117.1838,15315800.0
2024-06-17,116.7776,118.6734,116.5938,118.4799,12522100.0
2024-06-18,118.4509,119.128,118.2285,119.1183,8176500.0
2024-06-20,118.9829,119.5149,118.7218,119.1957,6350700.0
2024-06-21,119.1764,119.2441,117.9286,118.9442,8231000.0
2024-06-24,119.2655,120.5564,119.0034,119.4499,8650600.0
2024-06-25,119.3529,119.3529,117.8776,118.4308,11365300.0
2024-06-26,118.2755,118.2949,117.6446,118.1105,7350500.0
2024-06-27,118.227,118.4599,117.8096,118.2367,4804100.0
2024-06-28,118.5667,119.3432,117.7126,118.2852,9796400.0
2024-07-01,118.8384,119.0811,116.7517,117.0137,10008500.0
2024-07-02,116.839,117.6932,116.7517,117.6543,6789000.0
2024-07-03,117.7902,118.5084,117.5864,118.0814,5467700.0
2024-07-05,118.0523,118.0523,116.7129,117.6543,6367100.0
2024-07-08,117.9843,118.6152,117.4408,117.7999,7405600.0
2024-07-09,117.8581,118.0426,117.2564,117.2855,4617900.0
2024-07-10,117.4505,118.3725,117.2079,118.3337,6930900.0
2024-07-11,118.6443,120.2652,118.4696,119.8381,11113900.0
2024-07-12,120.5273,121.2358,120.2264,120.5273,10565200.0
2024-07-15,120.8864,121.9637,120.6243,121.3911,9680800.0
2024-07-16,121.7502,124.5358,121.7405,124.4193,15501400.0
2024-07-17,123.8758,124.1378,122.7984,122.8276,14511200.0
2024-07-18,122.8178,124.0505,121.692,121.8667,9267900.0
2024-07-19,122.1384,122.3908,120.9252,121.197,9955300.0
2024-07-22,121.7696,122.517,120.8184,122.4296,8334900.0
2024-07-23,121.8181,122.8664,121.7502,122.1967,9432900.0
2024-07-24,121.5949,121.8375,119.4499,119.5664,11370800.0
2024-07-25,119.7217,122.3908,119.4111,120.5273,14738900.0
2024-07-26,121.9055,123.4487,121.7017,122.5849,10620800.0
2024-07-29,122.9731,122.9731,121.9831,122.3714,8946500.0
2024-07-30,122.8955,123.5943,122.2355,122.7305,7811200.0
2024-07-31,124.1572,125.2734,123.5458,124.099,10947600.0
2024-08-01,123.7884,124.7784,121.0611,121.7987,17283200.0
2024-08-02,120.4787,120.6923,117.994,119.1199,16916300.0
2024-08-05,116.839,118.2561,115.6646,117.0526,20012000.0
2024-08-06,117.7417,120.139,117.2273,118.4599,13732600.0
2024-08-07,119.5761,120.5758,117.8193,117.8873,8307700.0
2024-08-08,118.7608,120.6923,118.7414,120.6049,7976800.0
2024-08-09,120.4496,120.867,119.382,120.6243,5891400.0
2024-08-12,120.634,120.8184,119.6246,120.0128,5733400.0
2024-08-13,120.5758,121.3717,119.712,121.2746,7808300.0
2024-08-14,121.2358,121.9831,121.1678,121.7696,5506400.0
2024-08-15,122.9246,123.7593,122.5849,123.4099,5717400.0
2024-08-16,123.2546,123.5846,122.6917,123.2352,5448600.0
2024-08-19,123.3419,124.0214,123.2061,123.9825,3482900.0
2024-08-20,123.9243,124.0893,123.274,123.6428,6443300.0
2024-08-21,123.934,124.6037,123.7884,124.3902,4989200.0
2024-08-22,124.6037,124.8852,123.8467,124.2349,6355600.0
2024-08-23,124.662,125.7684,124.4193,125.4772,5888000.0
2024-08-26,125.749,126.1761,125.0793,125.3414,6226600.0
2024-08-27,125.157,125.4869,124.7299,125.419,4000900.0
2024-08-28,125.4772,126.1275,124.7299,125.3608,4336300.0
2024-08-29,125.9431,127.3408,125.3025,126.244,8226000.0
2024-08-30,126.6905,127.7193,125.7781,127.5931,8347900.0
2024-09-03,126.9622,127.1661,124.2931,124.7687,9332600.0
2024-09-04,124.6911,125.652,124.4193,124.8949,7809700.0
2024-09-05,124.6328,124.7784,122.7499,123.439,8044500.0
2024-09-06,123.5943,124.497,121.9443,122.187,9567300.0
2024-09-09,123.2255,124.5552,123.1867,124.0602,7283100.0
2024-09-10,124.5455,124.5455,123.2352,124.2737,6270200.0
2024-09-11,123.9728,124.6522,121.4299,124.4969,7969700.0
2024-09-12,124.5261,125.4675,123.837,125.4578,7012600.0
2024-09-13,126.0014,127.2049,125.749,126.7293,7913800.0
2024-09-16,127.2825,128.1463,126.6128,127.3796,6400800.0
2024-09-17,127.6319,128.5346,127.3602,128.0784,7820700.0
2024-09-18,128.2822,129.7381,127.7775,127.9717,9191600.0
2024-09-19,130.0681,130.4175,129.0587,130.1749,8957800.0
2024-09-20,129.1655,129.5343,128.5443,129.2625,10907500.0
2024-09-23,129.7601,130.3346,129.2732,130.1301,8284000.0
2024-09-24,130.4904,131.1039,130.1886,131.0649,7507900.0
2024-09-25,131.4641,131.6004,130.3541,130.4514,4422400.0
2024-09-26,131.5128,131.9121,130.9383,131.1039,6620700.0
2024-09-27,131.5031,132.136,131.0844,131.2889,5859200.0
2024-09-30,131.2889,132.0094,130.5196,131.8828,5321200.0
2024-10-01,131.8147,132.5839,130.763,131.951,9398600.0
2024-10-02,131.7076,132.2139,131.1526,131.7076,5189700.0
2024-10-03,131.3278,131.7076,130.5489,131.0357,6361400.0
2024-10-04,132.0678,132.3502,130.7436,131.951,5797100.0
2024-10-07,131.2986,132.175,130.9773,131.6297,5737800.0
2024-10-08,132.136,132.3308,131.4155,131.9218,4980600.0
2024-10-09,131.9315,133.1877,131.7465,133.1,5064800.0
2024-10-10,132.5742,132.7884,131.9705,132.4184,5495600.0
2024-10-11,132.9053,134.8333,132.9053,134.7846,8764800.0
2024-10-14,134.7554,135.661,134.2296,135.5928,6817400.0
2024-10-15,135.7389,136.0992,134.4341,134.5509,7808900.0
2024-10-16,134.7651,135.8849,134.7067,135.5928,8207800.0
2024-10-17,135.6123,135.807,134.9599,135.2033,5065100.0
2024-10-18,135.5539,135.6707,134.7943,135.6123,4782100.0
2024-10-21,135.5928,135.7875,134.5898,135.1351,5216700.0
2024-10-22,134.5411,134.6482,132.8079,133.4992,8579700.0
2024-10-23,133.363,133.9277,132.4282,133.1098,8480700.0
2024-10-24,132.9053,132.9053,131.8147,132.1945,6720400.0
2024-10-25,132.7981,133.1584,131.5712,131.8439,6399300.0
2024-10-28,132.506,132.8176,132.1944,132.2334,7132200.0
2024-10-29,131.8342,132.5742,131.0552,132.0581,11192300.0
2024-10-30,131.4739,132.545,131.2499,131.8342,10469000.0
2024-10-31,130.7923,131.1331,129.9062,130.3151,16640000.0
2024-11-01,130.9772,131.6881,130.4612,130.4904,7482300.0
2024-11-04,130.6267,131.3376,129.9841,130.3443,6744400.0
2024-11-05,130.802,132.5547,130.4709,132.5255,7469400.0
2024-11-06,136.9755,137.959,135.5149,137.7155,17738800.0
2024-11-07,138.105,138.1634,136.7028,136.8878,10062400.0
2024-11-08,137.2871,138.7866,137.0242,138.3582,8270000.0
2024-11-11,139.1372,139.9454,139.108,139.4293,8237000.0
2024-11-12,139.7604,139.8967,137.6669,138.2316,7161100.0
2024-11-13,138.3777,139.3027,138.3387,138.5237,6033400.0
2024-11-14,138.3874,138.5724,136.0407,136.1868,9977100.0
2024-11-15,135.7096,136.5276,135.1059,135.4565,6628500.0
2024-11-18,135.437,135.8265,134.9404,135.2715,6414200.0
2024-11-19,134.434,135.5051,134.2003,135.1546,5554700.0
2024-11-20,135.476,135.622,134.3075,135.3007,6527600.0
2024-11-21,135.9531,137.4721,135.4272,136.995,9677300.0
2024-11-22,137.3553,138.9424,137.2287,138.9035,7924300.0
2024-11-25,139.6143,140.1499,139.1664,139.7701,7411700.0
2024-11-26,139.6046,140.1888,139.0787,139.9356,6524900.0
2024-11-27,140.3641,140.7146,139.3806,139.4196,5561100.0
2024-11-29,139.6338,140.4712,139.6338,140.2083,3091500.0
2024-12-02,140.1206,140.3251,138.9911,139.1761,6217500.0
2024-12-03,139.2248,139.4585,137.8421,138.2998,4528000.0
2024-12-04,138.3193,138.9132,137.9395,138.9035,5727700.0
2024-12-05,138.9035,139.0203,137.1897,137.2189,5233900.0
2024-12-06,137.6279,137.9395,136.6444,136.8684,5432800.0
2024-12-09,136.8976,137.0534,135.6025,135.6804,7434200.0
2024-12-10,135.5149,135.8557,134.5606,135.3494,7382800.0
2024-12-11,136.0505,136.2549,134.9793,135.0378,6168900.0
2024-12-12,135.1059,135.3006,134.103,134.1711,7081600.0
2024-12-13,134.3269,134.473,133.6842,133.8206,6709900.0
2024-12-16,133.9666,134.434,133.509,133.9374,6573400.0
2024-12-17,133.3629,133.6648,132.3989,132.7105,6861700.0
2024-12-18,132.8955,133.1974,128.874,128.9616,13428100.0
2024-12-19,129.5848,130.5294,128.7474,128.7961,12507400.0
2024-12-20,128.6695,131.2694,128.3482,130.3054,11849600.0
2024-12-23,130.1488,130.4718,129.1898,130.2761,8022300.0
2024-12-24,130.139,131.3525,129.8944,131.2938,2972900.0
2024-12-26,130.9904,131.7146,130.6577,131.3917,4749500.0
2024-12-27,130.6381,131.3917,129.6595,130.413,6060000.0
2024-12-30,128.994,129.7084,127.849,129.1017,8725500.0
2024-12-31,129.5029,129.6987,128.5537,128.9451,6009800.0
2025-01-02,129.8944,130.1097,127.9175,128.4949,7227600.0
2025-01-03,128.9451,130.1586,128.5243,129.8846,7676100.0
2025-01-06,130.55,130.9611,129.3659,129.6008,6899500.0
2025-01-07,129.8944,130.3152,129.0332,129.4736,6841200.0
2025-01-08,129.2289,130.1097,128.446,129.9825,8277600.0
2025-01-10,129.3072,129.4246,128.2503,128.5243,9997300.0
2025-01-13,127.8001,130.1097,127.6631,130.0314,8365400.0
2025-01-14,130.9513,131.7636,130.3641,131.5679,6746700.0
2025-01-15,133.5153,133.7208,132.155,132.3997,9184200.0
2025-01-16,132.7618,134.2004,132.615,134.0046,6556500.0
2025-01-17,134.8658,135.3062,134.2787,134.8071,6869200.0
2025-01-21,135.9913,137.5767,135.9913,137.5767,12177700.0
2025-01-22,138.0073,138.1541,137.195,137.2537,7206000.0
2025-01-23,138.1247,138.8685,137.5571,138.6434,7353400.0
2025-01-24,138.5749,138.6238,137.7822,138.0562,6457700.0
2025-01-27,135.9619,136.5295,135.5411,136.2066,10909300.0
2025-01-28,136.5295,136.647,134.905,135.3062,8900000.0
2025-01-29,135.3943,136.2555,134.768,134.8463,9100900.0
2025-01-30,134.6505,136.6078,134.6505,136.3534,8169600.0
2025-01-31,136.3142,136.7546,135.2377,135.3943,10144700.0
2025-02-03,133.026,135.0224,132.4388,134.0536,13906700.0
2025-02-04,134.1808,134.8071,133.7991,134.0927,7577200.0
2025-02-05,134.5625,134.7973,133.2511,134.1906,8179200.0
2025-02-06,134.4548,134.9344,133.8676,134.7973,7368300.0
2025-02-07,135.4139,135.5802,134.1221,134.3961,10408900.0
2025-02-10,135.2671,135.6487,134.6897,135.5998,5446400.0
2025-02-11,135.1496,135.7172,134.7582,135.6487,5787700.0
2025-02-12,133.711,135.2867,133.4957,134.8071,7694300.0
2025-02-13,134.7974,135.2965,134.3765,134.9442,8539100.0
2025-02-14,135.13,135.2964,134.4548,134.6114,5800000.0
2025-02-18,135.0714,135.9228,134.9343,135.6683,7226600.0
2025-02-19,135.3356,136.1087,135.1203,135.8053,9454100.0
2025-02-20,135.6488,135.6683,133.9459,134.9148,9306700.0
2025-02-21,135.0518,135.0518,131.4406,131.9593,14561200.0
2025-02-24,132.4682,132.7031,131.1862,131.3623,10876100.0
2025-02-25,131.3721,132.5073,130.6381,132.0376,9898500.0
2025-02-26,132.7128,133.4468,131.9397,132.1159,8330400.0
2025-02-27,132.4192,133.5153,131.4798,131.6559,9624600.0
2025-02-28,132.018,133.5447,131.3721,133.4175,9888000.0
2025-03-03,134.1906,134.6995,130.8143,131.5189,12683000.0
2025-03-04,130.0705,131.1372,127.9958,128.9549,15191300.0
2025-03-05,129.4148,131.5287,129.2778,130.9904,12117600.0
2025-03-06,129.6399,130.7458,128.9255,129.865,12029100.0
2025-03-07,129.131,131.7244,128.72,131.3819,17504500.0
2025-03-10,129.7084,131.2155,128.2992,129.3268,15123900.0
2025-03-11,129.0332,129.1995,126.6551,127.3401,13176800.0
2025-03-12,128.5047,128.6809,126.2343,127.3304,12728100.0
2025-03-13,127.027,127.6141,125.5199,126.0288,10596900.0
2025-03-14,127.2325,128.5732,126.704,128.3285,8920000.0
2025-03-17,128.1426,130.6968,128.0056,130.0999,6918300.0
2025-03-18,129.5518,129.7476,128.3286,129.0625,8051800.0
2025-03-19,129.4834,131.5189,129.3268,130.7752,8274900.0
2025-03-20,129.7378,131.0785,129.4931,130.1195,8078300.0
2025-03-21,128.994,129.5812,128.1817,129.4246,10036500.0
2025-03-24,130.9805,132.0505,130.6566,131.8248,8446800.0
2025-03-25,132.0898,132.4628,131.383,132.0211,5337100.0
2025-03-26,132.2272,132.8947,130.7547,131.1474,6899300.0
2025-03-27,131.1081,131.5499,129.8418,130.4504,8414000.0
2025-03-28,130.0185,130.3621,127.692,127.7607,10196800.0
2025-03-31,126.7693,129.4295,126.0625,128.6639,9650200.0
2025-04-01,128.3694,129.6651,127.2699,129.3903,8722200.0
2025-04-02,127.9178,131.0591,127.8687,130.6075,6398000.0
2025-04-03,126.2294,127.3288,123.4513,123.5397,15962200.0
2025-04-04,120.0058,120.4279,115.6276,115.7749,28516400.0
2025-04-07,112.5453,119.564,110.6802,115.235,42518300.0
2025-04-08,118.818,119.4364,112.5355,114.2828,21272000.0
2025-04-09,113.1146,125.2085,113.1146,124.433,36610700.0
2025-04-10,122.1752,122.6857,117.7087,121.223,26234000.0
2025-04-11,120.9481,124.0011,119.7505,123.363,13750300.0
2025-04-14,124.8551,125.4735,123.6084,124.6489,8060500.0
2025-04-15,124.4428,125.4637,123.844,124.0305,6230200.0
2025-04-16,123.4317,124.109,121.3702,122.3323,8043500.0
2025-04-17,122.4206,124.1679,122.3813,122.9998,7850400.0
2025-04-21,121.812,122.0672,118.9161,120.2414,9083500.0
2025-04-22,121.223,122.882,120.8598,122.3421,7493200.0
2025-04-23,125.6797,126.7595,123.5102,123.8734,9718300.0
2025-04-24,123.8244,126.8871,123.4513,126.6515,7145400.0
2025-04-25,126.3472,127.1227,125.7484,126.6417,5826900.0
2025-04-28,126.8576,127.908,125.8662,127.0638,6202200.0
2025-04-29,126.6809,128.1436,126.5729,127.8883,5040600.0
2025-04-30,127.0343,129.1743,125.503,128.8111,7532300.0
2025-05-01,129.3608,130.7155,128.8405,129.7829,9338700.0
2025-05-02,131.4321,132.6297,131.2456,132.1094,7227600.0
2025-05-05,131.3045,132.9634,131.2161,132.1781,4523400.0
2025-05-06,130.794,131.7658,130.5192,131.0198,5404100.0
2025-05-07,131.4125,132.2665,130.9707,131.6873,5304600.0
2025-05-08,132.7082,134.8286,132.4628,133.5034,7914800.0
2025-05-09,133.7684,134.0531,132.718,133.6113,4541200.0
2025-05-12,137.7342,137.7735,136.4286,137.7244,8321800.0
2025-05-13,138.1661,139.5699,138.0091,138.6864,9795200.0
2025-05-14,138.5981,138.8238,137.6262,138.0189,6517700.0
2025-05-15,138.4116,139.7662,138.2152,139.5503,5761900.0
2025-05-16,139.7662,141.1405,139.3049,141.1405,5384200.0
2025-05-19,139.776,141.7393,139.776,141.6215,5459200.0
2025-05-20,141.0522,141.8081,140.5614,141.1111,6825700.0
2025-05-21,140.3552,140.7577,138.5195,138.7257,9600200.0
2025-05-22,138.4704,139.5503,137.9502,138.6962,8993200.0
2025-05-23,137.1256,138.7453,137.0667,138.2447,8233100.0
2025-05-27,139.8742,140.7969,139.0987,140.6792,11862100.0
2025-05-28,140.8951,141.1503,139.7859,139.9822,9058300.0
2025-05-29,140.5613,140.6595,139.1183,140.1098,12106600.0
2025-05-30,139.9724,140.689,138.9613,140.1982,14254700.0
2025-06-02,140.0116,140.0803,138.2545,140.0214,12641300.0
2025-06-03,139.992,141.1896,139.9331,141.1013,10896800.0
2025-06-04,141.4448,141.916,141.17,141.1798,7975800.0
2025-06-05,141.6215,141.7001,140.5417,141.0816,13814300.0
2025-06-06,142.3381,142.8878,141.8179,142.2694,11289200.0
2025-06-09,142.6424,142.8486,141.8571,142.1418,9162800.0
2025-06-10,142.4167,142.4167,140.7773,141.5234,15625600.0
2025-06-11,141.651,142.0338,140.2178,141.5921,15837000.0
2025-06-12,140.4926,141.3368,140.3356,141.2191,13097400.0
2025-06-13,140.2178,141.278,139.6092,140.0313,14060500.0
2025-06-16,140.8657,141.8767,140.6988,140.9933,13711000.0
2025-06-17,140.473,140.9442,139.7368,139.9331,12654200.0
2025-06-18,140.0705,141.0227,139.511,139.5993,14008800.0
2025-06-20,140.4534,140.7871,139.2852,139.7564,13985200.0
2025-06-23,140.0144,141.7277,139.1085,141.6489,15902400.0
2025-06-24,142.407,143.0667,141.6095,142.8304,11518200.0
2025-06-25,142.9289,143.0077,141.255,141.5701,9751600.0
2025-06-26,142.1904,143.2735,141.8852,143.1061,9728300.0
2025-06-27,143.5196,145.164,143.1947,144.5338,13380900.0
2025-06-30,144.7997,145.4594,144.3271,145.2526,10914600.0
2025-07-01,144.8982,146.0797,144.652,145.7351,13189100.0
2025-07-02,145.5185,145.8828,145.036,145.8828,11061700.0
2025-07-03,146.3849,147.2415,146.2668,147.1234,4864900.0
2025-07-07,147.1037,147.5173,145.5973,146.6114,10687700.0
2025-07-08,146.6213,147.0151,145.8631,146.572,10845500.0
2025-07-09,147.5665,147.7339,146.6114,147.596,10173600.0
2025-07-10,147.7634,148.9351,147.7043,148.4231,12385600.0
2025-07-11,147.6847,148.2951,147.3203,147.8914,7065200.0
2025-07-14,147.8816,148.817,147.596,148.689,9069900.0
2025-07-15,149.1517,149.1517,147.5566,147.5763,10278700.0
2025-07-16,147.9899,148.2065,146.1092,148.0982,9998300.0
2025-07-17,148.6594,149.6441,148.492,149.4668,13374200.0
2025-07-18,149.9296,150.1364,148.4724,149.1321,10201800.0
2025-07-21,149.5948,149.7031,148.2853,148.3444,10089300.0
2025-07-22,147.8225,148.9942,147.4089,148.6988,15053900.0
2025-07-23,149.9395,151.4459,149.7031,151.3672,14747300.0
2025-07-24,151.2096,152.2139,150.6976,151.1112,11695600.0
2025-07-25,151.5739,152.6767,151.0029,152.6078,9376600.0
2025-07-28,152.6866,152.7653,151.7019,152.1352,9214700.0
2025-07-29,152.1746,152.2238,149.9001,150.4022,13546500.0
2025-07-30,150.1955,150.4908,148.9647,149.6638,13795300.0
2025-07-31,149.1813,150.7173,149.1813,149.6736,16520400.0
2025-08-01,147.6453,148.0391,145.8533,147.4385,19191700.0
2025-08-04,147.9505,148.9351,147.8127,148.7973,11355600.0
2025-08-05,148.5708,149.2699,147.4779,148.4921,12724800.0
2025-08-06,148.6299,148.9253,147.5074,148.6102,10736700.0
2025-08-07,149.4471,149.5062,147.4877,148.3936,11095100.0
2025-08-08,148.8268,149.457,148.1277,148.5117,9124700.0
2025-08-11,148.5315,148.6201,147.6748,148.0293,9643500.0
2025-08-12,148.6496,149.6244,148.364,149.5653,9518300.0
2025-08-13,149.9887,150.225,148.4231,150.1364,12786800.0
2025-08-14,149.1222,149.5653,148.5314,148.8071,9516400.0
2025-08-15,148.6594,148.9351,148.0194,148.1277,8796000.0
2025-08-18,148.1376,148.8662,147.9899,148.7087,7342100.0
2025-08-19,148.876,149.9591,148.433,149.0336,9035200.0
2025-08-20,148.876,149.2404,147.9603,148.8957,9549500.0
2025-08-21,148.6791,149.0631,148.108,148.364,7679600.0
2025-08-22,149.1714,151.8299,149.1222,150.7862,9298800.0
2025-08-25,150.5302,151.0324,149.2601,149.2798,6869000.0
2025-08-26,149.3388,150.9635,149.2798,150.8158,6927500.0
2025-08-27,150.7469,151.0422,150.5007,150.7961,5876400.0
2025-08-28,151.2884,151.3869,150.4908,151.0619,7166700.0
2025-08-29,150.8355,150.9536,149.0828,149.6736,8806100.0
2025-09-02,148.108,148.4034,147.3105,148.2459,9798600.0
2025-09-03,148.2065,148.305,146.8083,147.4976,12036200.0
2025-09-04,147.7733,149.1911,147.3794,149.1616,10148800.0
2025-09-05,149.4176,149.7425,147.1037,148.6102,16781000.0
2025-09-08,148.8071,149.2108,147.8028,148.945,11647200.0
2025-09-09,148.6791,148.689,147.0249,147.9406,12179400.0
2025-09-10,148.1868,149.5062,148.1573,149.0336,16515000.0
2025-09-11,149.1124,150.9143,148.8958,150.4515,17820600.0
2025-09-12,150.1364,150.4909,149.1616,149.2502,8907500.0
2025-09-15,149.5948,150.3333,149.3684,149.9395,9412900.0
2025-09-16,150.1659,150.3333,149.0139,149.4964,10336100.0
2025-09-17,149.5554,150.353,147.8422,148.817,12549500.0
2025-09-18,149.1813,150.7469,148.8662,150.4022,13071800.0
2025-09-19,150.8945,151.1013,149.5751,150.7665,8778300.0
2025-09-22,150.2821,151.5081,149.9756,151.2708,5688500.0
2025-09-23,151.6168,152.5165,150.7072,151.3103,8589300.0
2025-09-24,151.6366,151.9629,150.4996,150.5293,5938400.0
2025-09-25,150.025,150.0547,148.9177,149.5109,7145800.0
2025-09-26,150.3414,151.4784,150.3019,150.8555,6958900.0
2025-09-29,152.0321,152.1804,150.8061,151.3202,7177600.0
2025-09-30,151.1422,152.6352,151.1126,152.4869,8211200.0
2025-10-01,151.7454,152.3682,151.3795,152.0618,8753400.0
2025-10-02,152.2199,153.0504,151.5476,152.4572,8495400.0
2025-10-03,152.6649,153.6536,152.2002,152.6649,7430000.0
2025-10-06,153.1592,153.6832,152.4276,153.3767,6861000.0
2025-10-07,153.6041,154.0095,152.1606,152.5067,11204100.0
2025-10-08,152.8922,154.0589,152.2199,153.8315,9686000.0
2025-10-09,153.9897,154.1776,151.34,151.5575,9751200.0
2025-10-10,151.9629,152.4572,148.1959,148.2058,24285300.0
2025-10-13,149.2934,150.3216,148.9869,149.7482,11014200.0
2025-10-14,148.3838,152.1903,148.2849,151.5081,11015600.0
2025-10-15,152.0518,152.9021,149.5504,150.8753,10338300.0
2025-10-16,151.3202,151.5773,149.1352,149.8866,13796400.0
2025-10-17,149.7284,150.6281,149.2835,150.0151,10806300.0
2025-10-20,150.816,152.1112,150.7566,151.7849,8192600.0
2025-10-21,152.0815,153.8908,151.9826,153.1295,11589400.0
2025-10-22,153.4657,153.703,150.6874,151.1422,13612300.0
2025-10-23,151.4685,153.2581,151.4685,153.0307,8035200.0
2025-10-24,154.2369,154.2764,153.09,153.1592,7502400.0
2025-10-27,154.2072,154.2863,153.3372,154.0292,5828900.0
2025-10-28,154.138,154.5236,152.912,152.9318,9022200.0
2025-10-29,153.0504,154.5038,152.6055,153.3273,16439600.0
2025-10-30,152.744,155.2157,152.566,152.9417,11840000.0
2025-10-31,152.7538,153.8711,152.5462,153.3075,10414800.0
2025-11-03,153.2976,153.2976,151.518,152.655,9797400.0
2025-11-04,151.0335,151.2708,150.0942,150.8852,13391600.0
2025-11-05,150.4897,152.299,150.3117,151.4685,11121900.0
2025-11-06,151.5179,152.0321,150.4897,150.8654,11735400.0
2025-11-07,150.3118,151.8146,149.4318,151.5971,13518600.0
2025-11-10,152.2595,152.8824,150.8061,152.4572,10900400.0
2025-11-11,152.4671,152.9417,151.6168,152.4968,8652400.0
2025-11-12,152.7736,153.7821,152.5462,152.6451,9583300.0
2025-11-13,152.5759,153.0801,149.9657,150.2821,15475400.0
2025-11-14,149.4417,151.1521,149.0857,150.292,13433100.0
2025-11-17,150.292,150.5688,148.1861,148.8188,15294100.0
2025-11-18,148.1663,149.0561,147.4149,148.1564,19820200.0
2025-11-19,148.3047,149.155,147.9092,148.6507,12575500.0
2025-11-20,150.6281,150.994,146.0505,146.1592,27790800.0
2025-11-21,146.8018,148.5914,145.477,147.9389,20982900.0
2025-11-24,148.1267,148.9078,147.2468,148.3047,12658900.0
2025-11-25,148.6606,150.46,147.6225,150.203,13636100.0
2025-11-26,150.3118,151.8344,150.1832,151.0731,10206200.0
2025-11-28,151.3301,152.1211,151.0434,151.953,3507600.0
2025-12-01,150.816,151.2807,149.6592,149.7284,10704600.0
2025-12-02,150.5194,151.4784,149.9756,151.0335,9712300.0
2025-12-03,151.2115,152.5067,150.8259,152.4671,9128800.0
2025-12-04,152.5462,153.7129,152.3682,153.2581,9249400.0
2025-12-05,153.2778,153.5745,152.3682,152.8329,8228800.0
2025-12-08,153.0208,153.2581,152.2793,152.6451,6721600.0
2025-12-09,152.2595,153.2679,151.4586,151.5278,7375100.0
2025-12-10,152.3386,154.9487,152.1013,154.2962,13463300.0
2025-12-11,154.138,156.0956,153.9996,155.9473,9999300.0
2025-12-12,156.4318,156.6691,154.4939,154.9685,12062900.0
2025-12-15,155.799,155.9572,154.84,155.2157,10889500.0
2025-12-16,155.0773,155.5123,153.6536,154.2962,10277500.0
2025-12-17,154.0095,154.6818,151.6366,151.7948,11612500.0
2025-12-18,153.1394,154.0194,152.3188,152.7835,10021200.0
2025-12-19,152.9417,154.3555,152.8428,154.0985,6957800.0
2025-12-22,154.8346,155.9358,154.4774,155.8068,5369000.0
2025-12-23,155.7771,156.1243,155.4397,155.7473,5044600.0
2025-12-24,155.7473,156.4418,155.5588,156.2533,2238500.0
2025-12-26,156.1144,156.1739,155.5489,155.9656,4155300.0
2025-12-29,155.6679,156.3227,155.2909,155.6283,4455400.0
2025-12-30,155.6481,155.8267,155.152,155.1818,3810500.0
2025-12-31,155.2513,155.3207,153.8326,153.8921,3691800.0
2026-01-02,154.3881,156.7592,153.7532,156.7295,10122900.0
2026-01-05,157.0469,159.299,157.0469,158.5847,16194200.0
2026-01-06,158.1779,160.8764,157.92,160.7375,12757200.0
2026-01-07,161.2038,161.3129,157.6124,157.7116,12333000.0
2026-01-08,158.7533,160.0827,158.4954,158.9021,11555400.0
2026-01-09,159.3585,160.9359,159.3585,160.6482,9439600.0
2026-01-12,160.3506,161.9577,160.0926,161.8784,7420500.0
2026-01-13,162.5828,163.2375,162.1264,162.7117,9580400.0
2026-01-14,162.4836,162.9994,161.5212,162.9697,10727100.0
2026-01-15,163.7633,164.7356,163.684,164.4677,9197400.0
2026-01-16,165.0828,165.8765,164.805,165.5789,13483100.0
2026-01-20,163.4558,164.3983,161.8883,162.2355,14435200.0
2026-01-21,163.0788,165.688,162.8705,165.0432,14068600.0
2026-01-22,165.2416,165.688,163.8824,164.19,9937200.0
2026-01-23,164.1899,164.5074,162.4141,162.9201,11673600.0
2026-01-26,162.9201,163.3665,162.553,163.0788,8231500.0
2026-01-27,163.3566,164.0709,162.4141,163.7534,9439300.0
2026-01-28,163.1185,163.9717,162.2256,162.8407,10144900.0
2026-01-29,163.9419,165.5888,162.7514,164.5471,16332500.0
2026-01-30,163.3566,164.9935,162.4339,164.1304,11612500.0
2026-02-02,163.9122,166.2932,163.7534,166.2039,11466600.0
2026-02-03,166.2039,168.4559,165.5987,167.6027,16444000.0
2026-02-04,168.6345,169.4182,166.5213,168.0491,21338400.0
2026-02-05,166.9182,167.9797,166.1245,167.0372,18699300.0
2026-02-06,168.5452,172.0175,168.4658,171.8091,11992100.0
2026-02-09,171.4421,172.7516,171.2734,172.325,9472200.0
2026-02-10,172.335,173.4659,172.0572,172.5334,8820200.0
2026-02-11,174.0314,175.3509,172.702,173.456,12551900.0
2026-02-12,174.3886,176.3529,171.0849,171.3826,18157000.0
2026-02-13,171.7298,173.9223,171.2734,172.7913,13617900.0
2026-02-17,172.5433,174.5771,172.0274,173.6941,13810800.0
2026-02-18,173.9917,174.6068,172.9997,173.6544,10623800.0
2026-02-19,173.6743,175.5394,173.3667,174.9441,13431100.0
2026-02-20,174.7358,176.8093,174.2199,175.8271,13104100.0
2026-02-23,175.0136,175.5195,172.9699,173.4461,10566600.0
2026-02-24,173.1981,175.8172,172.9897,175.5791,9756500.0
2026-02-25,176.1545,176.3529,173.0592,174.21,11757700.0
2026-02-26,174.7457,175.5691,172.5334,175.3013,13764500.0
2026-02-27,173.9818,175.8271,173.6445,175.7378,9692600.0
2026-03-02,175.1029,177.8906,174.2695,177.4839,21918000.0
2026-03-03,174.6267,174.7953,171.3032,174.0513,20481300.0
2026-03-04,174.9342,175.5294,173.3072,174.5771,13604000.0
2026-03-05,173.4262,173.8528,168.8627,170.698,21308200.0
2026-03-06,168.4162,169.3091,166.9281,168.5948,22680300.0
2026-03-09,166.809,170.0432,164.8546,169.5869,19492500.0
2026-03-10,169.319,171.0155,168.4758,168.6742,16791100.0
2026-03-11,168.3865,168.9718,167.0372,168.1484,14287600.0
2026-03-12,166.6503,166.7892,163.8526,163.932,15925600.0
2026-03-13,164.9737,165.4995,162.4339,163.3467,15836200.0
2026-03-16,164.8546,165.817,164.0312,164.7455,11091300.0
2026-03-17,165.8963,166.2336,163.7435,165.182,12772600.0
2026-03-18,164.8546,165.8467,163.7534,163.8725,11872400.0
2026-03-19,162.1661,163.684,160.9657,162.7614,17989900.0
2026-03-20,162.7216,163.3467,159.041,160.3902,19199200.0
2026-03-23,163.2585,165.3278,162.184,162.2139,18508400.0
2026-03-24,160.5425,163.7161,160.3136,163.159,14110200.0
2026-03-25,165.0095,165.4671,163.4774,164.2534,12205600.0
2026-03-26,162.8904,163.7659,160.2639,160.443,15416400.0
2026-03-27,159.7665,160.4629,158.0354,158.3836,13923700.0
2026-03-30,159.7267,159.9157,155.2796,155.8069,17459600.0
2026-03-31,157.8862,161.408,157.2395,160.9006,15855900.0
2026-04-01,162.6516,164.9199,162.4327,163.5868,17035300.0
2026-04-02,160.8907,164.8901,160.3136,162.9302,11097200.0
2026-04-06,162.7013,163.7957,161.9353,163.7659,7105500.0
2026-04-07,162.8108,163.8355,161.9651,163.4375,10068200.0
2026-04-08,168.7303,170.1828,168.2428,169.566,12808600.0
2026-04-09,169.0088,172.272,168.9292,171.307,8180000.0
2026-04-10,171.6055,171.8144,170.332,170.6404,5169700.0
2026-04-13,170.1132,171.894,169.7351,171.8442,6814100.0
2026-04-14,172.2422,173.1475,171.1478,172.461,5490700.0
2026-04-15,172.2223,172.2621,169.2078,170.3022,13548300.0
2026-04-16,170.3718,171.1777,168.6507,169.4565,8629200.0
2026-04-17,171.3567,174.2319,171.2573,172.6202,9529000.0
2026-04-20,172.2422,173.0878,171.6751,173.0082,5734900.0
2026-04-21,172.6401,173.7942,170.0534,170.5608,8752700.0
2026-04-22,172.4212,173.0281,169.4565,170.1629,10595400.0
2026-04-23,170.9488,173.8936,170.72,173.1774,14418800.0
2026-04-24,173.0779,173.2868,171.0782,171.5856,7665200.0
2026-04-27,171.6253,172.6202,170.6404,171.6253,6689500.0
2026-04-28,170.7996,170.9787,168.6706,170.1032,9000000.0
2026-04-29,170.3718,170.8294,168.3622,169.0586,9059900.0
2026-04-30,170.6106,173.9235,170.2624,173.6847,12012100.0
2026-05-01,174.3314,174.5304,172.0531,172.073,6800700.0
2026-05-04,171.6154,172.3218,169.7848,170.1032,7618500.0
2026-05-05,171.2672,172.1725,170.3221,171.5259,6189400.0
2026-05-06,174.3811,176.4306,173.3564,175.963,10461300.0
2026-05-07,176.5301,176.8086,172.5406,173.1077,10627700.0
2026-05-08,174.2518,174.421,172.2024,172.3118,5883800.0
2026-05-11,172.3516,174.6498,171.9935,174.1424,6277200.0
2026-05-12,173.5355,173.8936,171.2572,173.4559,7468700.0
2026-05-13,173.3465,173.7146,171.6353,172.7296,6070600.0
2026-05-14,173.2768,173.834,171.9536,173.6151,7364000.0
2026-05-15,171.9139,171.9139,170.0534,170.521,7826300.0
2026-05-18,170.6802,170.6902,168.6308,169.8744,8696000.0
2026-05-19,168.7601,169.3073,167.2479,167.8747,7503400.0
2026-05-20,168.3622,170.6006,167.5066,169.8545,10524700.0
2026-05-21,168.9392,170.4216,168.0438,169.6555,8535000.0
2026-05-22,170.8692,171.9935,169.5461,170.8891,6910500.0
2026-05-26,172.3019,173.8837,171.9835,173.4062,6797700.0
2026-05-27,173.6449,173.9633,172.5804,173.4062,7413200.0
2026-05-28,172.6003,173.8141,171.1777,172.9087,8669000.0
2026-05-29,172.6799,172.9883,171.4861,172.2422,7054700.0
2026-06-01,170.7101,171.9736,169.5162,171.5159,8235000.0
2026-06-02,172.0531,173.6051,171.4861,173.2967,8663800.0
2026-06-03,172.8391,175.1969,172.66,173.1575,6900600.0
2026-06-04,174.0329,175.575,173.3863,175.2566,6670100.0
2026-06-05,174.7094,175.4655,172.5904,173.2868,8893400.0
2026-06-08,174.023,174.4309,172.3815,172.7396,5372100.0
2026-06-09,173.4758,175.6844,170.8493,174.6995,9457400.0
2026-06-10,173.6748,173.6847,168.581,168.79,13851900.0
2026-06-11,170.4017,174.7791,170.1131,174.2518,11046100.0
2026-06-12,175.1174,175.7043,173.7345,175.2765,6961600.0
2026-06-15,177.8831,179.057,177.5946,177.7637,7522100.0
2026-06-16,178.6591,180.1713,178.3905,178.9277,8978400.0
2026-06-17,179.0471,181.395,178.2114,178.679,11053200.0
2026-06-18,181.5641,181.982,179.5246,179.9823,8059200.0
2026-06-22,180.2954,181.7914,180.2057,181.3127,6669200.0
2026-06-23,178.6798,179.5275,176.7549,177.6725,8927400.0
2026-06-24,178.59,181.4025,177.862,179.727,7088600.0
2026-06-25,181.7515,185.5912,181.572,183.6265,7867600.0
2026-06-26,182.1505,182.5793,180.4251,180.7143,8856200.0
2026-06-29,181.0235,183.0879,180.8639,182.2701,7860500.0
2026-06-30,182.8286,184.9529,182.2103,184.7335,6530900.0
2026-07-01,183.8758,185.1524,182.2302,182.8685,8112800.0
2026-07-02,184.2149,184.9828,181.4224,183.4171,6530800.0
2026-07-06,184.2049,185.9502,184.2049,185.0626,6701800.0
2026-07-07,184.0453,184.4243,180.1758,181.8911,7721500.0
2026-07-08,180.2755,181.4025,178.6,179.9364,7333300.0
2026-07-09,181.941,182.2601,180.2456,180.6245,5381900.0
2026-07-10,180.6644,182.0906,179.6771,181.4324,5315600.0
2026-07-13,181.0334,181.6917,179.3181,179.8865,5384700.0
2026-07-14,181.183,182.0208,179.3779,179.9663,6672800.0
2026-07-15,180.2954,180.5348,177.3035,179.5774,7491300.0
2026-07-16,178.3108,180.076,178.0714,179.6671,6093200.0
2026-07-17,177.7822,180.9736,177.124,178.9291,8061700.0
2026-07-20,180.1259,180.7841,177.114,177.6426,6044600.0
2026-07-21,179.0288,179.4577,177.2835,178.1811,4836000.0
2026-07-22,177.7223,179.3579,177.6625,178.3706,4350100.0
2026-07-23,178.61,182.4895,178.61,181.4523,8556000.0
2026-07-24,181.4324,183.4071,181.2529,182.1704,5507700.0
2026-07-27,183.1278,183.9257,180.3553,182.7089,6193700.0
2026-07-28,182.1405,182.4596,180.9537,182.0009,5707200.0
2026-07-29,180.5148,180.9537,175.8773,176.1865,9505200.0
2026-07-30,178.4504,178.6199,175.4884,177.9118,7367000.0
2026-07-31,180.0162,180.4351,177.4132,179.358,7206200.0
2026-08-03,179.9763,182.8585,179.6173,182.6691,8814000.0
2026-08-04,185.1424,186.3691,182.7887,185.9004,10498000.0
2026-08-05,186.0799,187.6856,185.4915,185.8505,5641100.0
2026-08-06,186.1996,186.9575,184.0055,184.2648,5520400.0
2026-08-07,184.9529,185.3718,183.4968,184.6836,6170200.0
2026-08-10,185.4316,185.4316,183.8758,184.1052,3438400.0
2026-08-11,184.5839,186.7581,184.534,185.2022,4893700.0
2026-08-12,186.6683,186.9077,184.6537,185.3818,4052000.0
2026-08-13,185.9801,186.1696,184.2448,185.292,4942500.0
2026-08-14,185.681,186.3791,185.1025,186.0101,3590300.0
2026-08-17,185.8904,186.8877,185.6809,185.8206,5363000.0
2026-08-18,184.7136,185.0826,183.0181,183.078,4646800.0
2026-08-19,183.7462,184.1251,181.2329,181.4623,8312100.0
2026-08-20,180.5248,181.5421,179.0687,179.2881,6497700.0
2026-08-21,180.465,180.7542,179.3081,179.7669,5470900.0
2026-08-24,179.6073,179.8167,177.8819,178.5202,5242400.0
2026-08-25,180.2755,180.475,177.6825,177.9218,6564300.0
2026-08-26,178.4205,180.4151,178.4205,179.8566,8142000.0
2026-08-27,179.9863,180.0062,177.7024,178.3207,5464700.0
2026-08-28,178.959,179.0388,176.1765,176.6652,8234400.0
2026-08-31,175.618,175.7875,174.2616,174.6606,7362100.0
2026-09-01,173.8727,174.9698,171.6886,172.267,9138900.0
2026-09-02,172.8754,172.8754,171.16,172.3169,10830300.0
2026-09-03,173.2942,174.0921,171.5589,174.0921,8340600.0
2026-09-04,173.8727,175.3088,173.6333,174.8002,5841600.0
2026-09-08,174.6706,175.239,173.8029,173.9525,6225400.0
2026-09-09,173.0649,173.6932,171.2498,171.3295,6411800.0
2026-09-10,170.3721,171.2198,169.5443,170.0928,7830400.0
2026-09-11,171.9878,172.4565,171.4093,171.908,5577100.0
2026-09-14,168.2179,169.6839,167.8888,169.4745,7359400.0
2026-09-15,170.0131,170.5716,167.9686,168.3974,8890100.0
2026-09-16,169.1554,170.2225,167.0411,168.2578,8909600.0
2026-09-17,171.0503,171.0503,168.2079,168.557,5851100.0
2026-09-18,168.547,169.4645,168.0284,169.295,8562500.0
2026-09-21,170.36,170.69,168.56,169.98,8548900.0
2026-09-22,170.68,170.71,169.13,170.27,7206400.0
2026-09-23,169.71,171.13,169.58,170.1,8006400.0
2026-09-24,168.75,170.05,168.25,168.83,8598900.0
2026-09-25,169.53,171.03,169.03,170.43,7292700.0
2026-09-28,169.36,169.94,167.94,168.78,7822800.0
2026-09-29,169.12,170.48,168.25,169.13,6599900.0
2026-09-30,169.57,169.79,167.96,168.14,3273889.0
